epoch,step,train_discriminator_loss,train_generator_loss
0,49,0.9992700815200806,1.0000693798065186
0,99,0.9972038269042969,1.0000689029693604
