epoch,step,train_discriminator_loss,train_generator_loss,validation_discriminator_loss,validation_generator_loss
0,49,0.19185277819633484,2.5290184020996094,,
0,99,0.06363183259963989,1.633120059967041,,
0,149,0.039538659155368805,1.3622430562973022,,
0,199,0.05333983898162842,0.6420406103134155,,
0,249,0.02914602868258953,1.138277292251587,,
0,299,0.08709576725959778,1.1586823463439941,,
0,349,0.012244291603565216,1.0183141231536865,,
0,399,0.06165236234664917,1.4706902503967285,,
0,449,0.08957917988300323,0.5842628479003906,,
0,459,,,0.37700191140174866,0.3366844654083252
1,499,0.03972788155078888,0.7110426425933838,,
1,549,0.12589827179908752,2.071180820465088,,
1,599,0.023368779569864273,1.4409027099609375,,
1,649,0.05446692928671837,1.381338357925415,,
1,699,0.06484920531511307,0.84103924036026,,
1,749,0.05899479240179062,1.2631093263626099,,
1,799,0.0734657496213913,0.7491412162780762,,
1,849,0.019679512828588486,0.9457612037658691,,
1,899,0.04136309400200844,1.323472499847412,,
1,919,,,0.3131307363510132,0.390663206577301
2,949,0.0750383511185646,1.225475549697876,,
2,999,0.03622553497552872,1.2993334531784058,,
2,1049,0.06140022352337837,1.0491342544555664,,
2,1099,0.05832390487194061,0.8683819770812988,,
2,1149,0.04330983757972717,1.339221477508545,,
2,1199,0.04566133767366409,1.0645725727081299,,
2,1249,0.06963222473859787,1.0095179080963135,,
2,1299,0.0843004435300827,1.5716103315353394,,
2,1349,0.05102378875017166,1.003353238105774,,
2,1379,,,0.30191898345947266,0.4253116250038147
3,1399,0.03418785706162453,1.5419669151306152,,
3,1449,0.10511720180511475,1.0753862857818604,,
3,1499,0.16841955482959747,0.70246422290802,,
3,1549,0.06591817736625671,0.9971423745155334,,
3,1599,0.07565626502037048,0.9443001747131348,,
3,1649,0.1889726221561432,2.3071465492248535,,
3,1699,0.1603429913520813,0.7282085418701172,,
3,1749,0.21695491671562195,1.1039459705352783,,
3,1799,0.07915905863046646,0.9012868404388428,,
3,1839,,,0.38905057311058044,0.9493656754493713
4,1849,0.08498638868331909,1.002751111984253,,
4,1899,0.09139586240053177,1.3450214862823486,,
4,1949,0.06554991006851196,1.2190747261047363,,
4,1999,0.13255524635314941,1.1223790645599365,,
4,2049,0.2225414663553238,0.5750598311424255,,
4,2099,0.07499083131551743,1.622549057006836,,
4,2149,0.07810714840888977,1.155836582183838,,
4,2199,0.0890766829252243,1.5446536540985107,,
4,2249,0.10907930135726929,1.7261338233947754,,
4,2299,0.1715087592601776,1.283978819847107,,
4,2299,,,0.34726542234420776,0.5399897694587708
5,2349,0.1489376425743103,0.9965767860412598,,
5,2399,0.20293916761875153,1.5108985900878906,,
5,2449,0.14060264825820923,1.3522073030471802,,
5,2499,0.12523730099201202,0.9093282222747803,,
5,2549,0.13037844002246857,0.8640733957290649,,
5,2599,0.1712910234928131,0.716134786605835,,
5,2649,0.07575380802154541,1.1709834337234497,,
5,2699,0.1206245943903923,0.6587041616439819,,
5,2749,0.07931628823280334,1.2169444561004639,,
5,2759,,,0.35173681378364563,0.5817259550094604
6,2799,0.11054500937461853,1.308156967163086,,
6,2849,0.13029351830482483,1.2428356409072876,,
6,2899,0.331302672624588,0.6562992334365845,,
6,2949,0.24565865099430084,1.5242587327957153,,
6,2999,0.11542724072933197,1.1420234441757202,,
6,3049,0.13528388738632202,1.051997184753418,,
6,3099,0.12068246304988861,0.7819298505783081,,
6,3149,0.18004916608333588,1.5017861127853394,,
6,3199,0.0901399701833725,0.8458735942840576,,
6,3219,,,0.3450208008289337,0.8001407980918884
7,3249,0.13852009177207947,0.8714185357093811,,
7,3299,0.09729847311973572,0.9230197072029114,,
7,3349,0.08727165311574936,1.8254826068878174,,
7,3399,0.08790639042854309,1.1505413055419922,,
7,3449,0.092190682888031,0.9541611671447754,,
7,3499,0.060142286121845245,1.3192228078842163,,
7,3549,0.08098560571670532,1.4830455780029297,,
7,3599,0.1969265341758728,0.7359874844551086,,
7,3649,0.14370223879814148,1.547563076019287,,
7,3679,,,0.3137924075126648,0.6130356192588806
8,3699,0.09988589584827423,0.9127570390701294,,
8,3749,0.06844030320644379,1.76968252658844,,
8,3799,0.04449347406625748,0.854619026184082,,
8,3849,0.0804232507944107,1.2367148399353027,,
8,3899,0.1735765039920807,0.8788090944290161,,
8,3949,0.22790636122226715,1.7704694271087646,,
8,3999,0.16767743229866028,0.9649650454521179,,
8,4049,0.1487906128168106,0.613528847694397,,
8,4099,0.050416115671396255,0.9931343793869019,,
8,4139,,,0.35775449872016907,0.6672630310058594
9,4149,0.1996285319328308,0.4900984466075897,,
9,4199,0.17518024146556854,1.5368582010269165,,
9,4249,0.04375431686639786,1.869492530822754,,
9,4299,0.0761798769235611,1.696730136871338,,
9,4349,0.08893704414367676,0.961316704750061,,
9,4399,0.26351284980773926,1.1354601383209229,,
9,4449,0.02940286695957184,1.0834026336669922,,
9,4499,0.050876080989837646,1.424225926399231,,
9,4549,0.06943575292825699,0.6351920366287231,,
9,4599,0.06693359464406967,1.4336799383163452,,
9,4599,,,0.31945839524269104,0.4771127998828888
10,4649,0.05884257331490517,0.9017555713653564,,
10,4699,0.047471143305301666,1.3788425922393799,,
10,4749,0.1363297402858734,0.7467764019966125,,
10,4799,0.09271380305290222,1.0098297595977783,,
10,4849,0.15773622691631317,0.4961726665496826,,
10,4899,0.037466153502464294,1.3700740337371826,,
10,4949,0.19259414076805115,0.6691231727600098,,
10,4999,0.08490025997161865,1.0853166580200195,,
10,5049,0.031845010817050934,0.8631758093833923,,
10,5059,,,0.316814124584198,0.5627443194389343
11,5099,0.036891497671604156,1.104851484298706,,
11,5149,0.027245542034506798,1.2941539287567139,,
11,5199,0.10474635660648346,1.0239887237548828,,
11,5249,0.10233013331890106,1.3277461528778076,,
11,5299,0.027585946023464203,1.002229928970337,,
11,5349,0.0915093719959259,1.4115605354309082,,
11,5399,0.061279889196157455,0.5541669726371765,,
11,5449,0.07170221209526062,0.7920918464660645,,
11,5499,0.09873518347740173,1.7669000625610352,,
11,5519,,,0.31992587447166443,0.5182704329490662
12,5549,0.11768774688243866,0.6577373147010803,,
12,5599,0.021014869213104248,1.236547589302063,,
12,5649,0.05282837152481079,0.8390204906463623,,
12,5699,0.03362588956952095,0.7003285884857178,,
12,5749,0.02703288197517395,1.1196670532226562,,
12,5799,0.038726478815078735,1.1602928638458252,,
12,5849,0.06373457610607147,0.865654706954956,,
12,5899,0.06829390674829483,1.742917776107788,,
12,5949,0.02097560279071331,1.3394360542297363,,
12,5979,,,0.3333609104156494,0.4176143705844879
13,5999,0.059412382543087006,1.16693115234375,,
13,6049,0.05145828798413277,0.8168916702270508,,
13,6099,0.03965612128376961,1.1823081970214844,,
13,6149,0.0459720678627491,0.8625712990760803,,
13,6199,0.048483941704034805,1.1903032064437866,,
13,6249,0.06685052067041397,1.120192289352417,,
13,6299,0.07181477546691895,1.573785424232483,,
13,6349,0.06582970172166824,1.2291322946548462,,
13,6399,0.040838561952114105,1.3462631702423096,,
13,6439,,,0.3455718457698822,0.43415361642837524
14,6449,0.03304100036621094,1.381385326385498,,
14,6499,0.055672504007816315,0.7244118452072144,,
14,6549,0.05147203803062439,0.9242233037948608,,
14,6599,0.1079833135008812,0.7087271809577942,,
14,6649,0.08752250671386719,0.7517117857933044,,
14,6699,0.08413343131542206,1.2167174816131592,,
14,6749,0.029745133593678474,1.0854268074035645,,
14,6799,0.023959726095199585,1.0869767665863037,,
14,6849,0.03330482542514801,1.1717307567596436,,
14,6899,0.04548511654138565,1.2446290254592896,,
14,6899,,,0.35603511333465576,0.4902423918247223
15,6949,0.09780409932136536,0.8133285045623779,,
15,6999,0.10430236160755157,0.7684128284454346,,
15,7049,0.12471262365579605,0.76078200340271,,
15,7099,0.04574546217918396,0.9201453328132629,,
15,7149,0.07535872608423233,1.0062015056610107,,
15,7199,0.1791744977235794,0.4455746114253998,,
15,7249,0.04220225661993027,1.15091872215271,,
15,7299,0.07246117293834686,0.883094310760498,,
15,7349,0.11287406831979752,0.4553086757659912,,
15,7359,,,0.3615443706512451,0.4537849724292755
16,7399,0.05926113948225975,1.254122018814087,,
16,7449,0.03986334055662155,1.5331521034240723,,
16,7499,0.07951966673135757,1.2937647104263306,,
16,7549,0.03670540079474449,1.231361985206604,,
16,7599,0.09027257561683655,0.7542521357536316,,
16,7649,0.035477958619594574,0.9793527126312256,,
16,7699,0.02580094337463379,1.184242606163025,,
16,7749,0.07666965574026108,0.8392345905303955,,
16,7799,0.012883629649877548,1.4796547889709473,,
16,7819,,,0.3073938488960266,0.43245917558670044
17,7849,0.07463525980710983,0.9827715158462524,,
17,7899,0.0777013823390007,1.1144297122955322,,
17,7949,0.029453065246343613,1.4331588745117188,,
17,7999,0.07801464200019836,0.9232460260391235,,
17,8049,0.08473105728626251,0.914115846157074,,
17,8099,0.03204577788710594,1.6235129833221436,,
17,8149,0.11285391449928284,0.7184656858444214,,
17,8199,0.06778737902641296,0.9373990893363953,,
17,8249,0.06836013495922089,1.5003247261047363,,
17,8279,,,0.3375891447067261,0.42142942547798157
18,8299,0.02590753883123398,0.9734156131744385,,
18,8349,0.052174899727106094,1.6337125301361084,,
18,8399,0.18957987427711487,0.5820341110229492,,
18,8449,0.09844211488962173,0.8249454498291016,,
18,8499,0.0728030651807785,0.8510405421257019,,
18,8549,0.0214393213391304,1.1038243770599365,,
18,8599,0.05137479677796364,1.4944146871566772,,
18,8649,0.043472934514284134,1.037463903427124,,
18,8699,0.021636001765727997,1.0325655937194824,,
18,8739,,,0.344466894865036,0.44157665967941284
19,8749,0.07526422291994095,0.9302735328674316,,
19,8799,0.027238406240940094,1.3018099069595337,,
19,8849,0.23833204805850983,1.1104648113250732,,
19,8899,0.08102908730506897,0.742519199848175,,
19,8949,0.05331633239984512,1.5690035820007324,,
19,8999,0.06971763074398041,0.7076222896575928,,
19,9049,0.08108797669410706,0.7936979532241821,,
19,9099,0.06600548326969147,1.251561164855957,,
19,9149,0.05409826338291168,1.142688274383545,,
19,9199,0.04427925497293472,0.8945251107215881,,
19,9199,,,0.3013063967227936,0.5140048265457153
20,9249,0.14389915764331818,0.6494503021240234,,
20,9299,0.021583912894129753,1.0448260307312012,,
20,9349,0.07438266277313232,1.14726984500885,,
20,9399,0.10294098407030106,0.7123908400535583,,
20,9449,0.017563752830028534,1.3996632099151611,,
20,9499,0.10607799142599106,1.0025445222854614,,
20,9549,0.042500950396060944,1.3725684881210327,,
20,9599,0.09232197701931,1.0370116233825684,,
20,9649,0.08333384990692139,1.2169817686080933,,
20,9659,,,0.30290722846984863,0.42759257555007935
21,9699,0.0939498096704483,0.5235860347747803,,
21,9749,0.03473511338233948,1.065851092338562,,
21,9799,0.13795822858810425,1.4124383926391602,,
21,9849,0.0601319819688797,1.384427785873413,,
21,9899,0.029229098930954933,1.2490299940109253,,
21,9949,0.06963139772415161,1.121687650680542,,
21,9999,0.054785698652267456,1.060088872909546,,
21,10049,0.04387395828962326,1.1024370193481445,,
21,10099,0.13299588859081268,0.607434868812561,,
21,10119,,,0.3259187936782837,0.5370917916297913
22,10149,0.029913678765296936,1.1073931455612183,,
22,10199,0.07633888721466064,0.8769280314445496,,
22,10249,0.19960792362689972,1.571936845779419,,
22,10299,0.03174833208322525,1.1136152744293213,,
22,10349,0.03480866923928261,0.705629825592041,,
22,10399,0.029482297599315643,1.5374364852905273,,
22,10449,0.02628084272146225,1.721649169921875,,
22,10499,0.054588720202445984,1.0763742923736572,,
22,10549,0.06045529991388321,1.0067400932312012,,
22,10579,,,0.3007619082927704,0.49758845567703247
23,10599,0.10449010133743286,0.873711347579956,,
23,10649,0.04054111987352371,1.2346010208129883,,
23,10699,0.0764455795288086,0.8042728304862976,,
23,10749,0.08921870589256287,1.3310174942016602,,
23,10799,0.0198915246874094,0.6852120161056519,,
23,10849,0.02673712559044361,0.7209980487823486,,
23,10899,0.01962217688560486,0.9210408926010132,,
23,10949,0.02233150042593479,1.6344645023345947,,
23,10999,0.15178774297237396,1.0748250484466553,,
23,11039,,,0.33237424492836,0.3506290316581726
24,11049,0.11534834653139114,1.1172304153442383,,
24,11099,0.08464191854000092,0.8018204569816589,,
24,11149,0.05737616866827011,0.6810868978500366,,
24,11199,0.09300096333026886,0.7546741962432861,,
24,11249,0.09013434499502182,0.5891985893249512,,
24,11299,0.09775100648403168,0.7113699316978455,,
24,11349,0.0516745001077652,0.7634842991828918,,
24,11399,0.038826942443847656,0.963909387588501,,
24,11449,0.15374454855918884,0.38379156589508057,,
24,11499,0.03383588790893555,0.7818275690078735,,
24,11499,,,0.3430495262145996,0.3815174996852875
25,11549,0.0838208720088005,1.0824472904205322,,
25,11599,0.10089252144098282,1.0329891443252563,,
25,11649,0.03591715916991234,0.7393278479576111,,
25,11699,0.05782352760434151,1.2877599000930786,,
25,11749,0.01606990396976471,1.0864121913909912,,
25,11799,0.050009749829769135,1.1612600088119507,,
25,11849,0.1278989017009735,0.7340447902679443,,
25,11899,0.01612180843949318,1.1866947412490845,,
25,11949,0.07841867953538895,0.9892592430114746,,
25,11959,,,0.3291110396385193,0.43955564498901367
26,11999,0.03549516946077347,1.1602799892425537,,
26,12049,0.02160545065999031,1.2020784616470337,,
26,12099,0.045669350773096085,1.148333191871643,,
26,12149,0.09682133793830872,1.222874402999878,,
26,12199,0.09606874734163284,0.516975998878479,,
26,12249,0.02997100166976452,1.0357038974761963,,
26,12299,0.05004723742604256,0.8731237053871155,,
26,12349,0.032391682267189026,1.382856845855713,,
26,12399,0.024707870557904243,1.1640739440917969,,
26,12419,,,0.3252060115337372,0.4471977651119232
27,12449,0.08012130111455917,1.2670395374298096,,
27,12499,0.1616765707731247,0.7782007455825806,,
27,12549,0.038886308670043945,0.880630373954773,,
27,12599,0.1492861807346344,1.458617091178894,,
27,12649,0.309089720249176,1.6563260555267334,,
27,12699,0.1275579035282135,0.958500862121582,,
27,12749,0.03655833750963211,1.2739111185073853,,
27,12799,0.12445823848247528,1.3319368362426758,,
27,12849,0.102412149310112,0.5792328715324402,,
27,12879,,,0.34087178111076355,0.4763927459716797
28,12899,0.03089061751961708,1.1759862899780273,,
28,12949,0.024064935743808746,1.0991307497024536,,
28,12999,0.16838911175727844,0.4794394373893738,,
28,13049,0.024729976430535316,1.1860660314559937,,
28,13099,0.08465328812599182,1.5047669410705566,,
28,13149,0.08870431780815125,0.6823781728744507,,
28,13199,0.024570804089307785,0.7279983758926392,,
28,13249,0.03440702706575394,1.22971773147583,,
28,13299,0.1888914406299591,1.1014320850372314,,
28,13339,,,0.30354198813438416,0.5268793702125549
29,13349,0.022318346425890923,1.1623387336730957,,
29,13399,0.036936283111572266,1.2195870876312256,,
29,13449,0.06759192049503326,1.8271605968475342,,
29,13499,0.0900663360953331,1.4249930381774902,,
29,13549,0.013635953888297081,1.0554969310760498,,
29,13599,0.043790511786937714,0.7804361581802368,,
29,13649,0.03384172543883324,0.8870525360107422,,
29,13699,0.07520934194326401,0.9493077397346497,,
29,13749,0.04228813201189041,0.8860005140304565,,
29,13799,0.07385902106761932,1.394031047821045,,
29,13799,,,0.3522806763648987,0.40831974148750305
30,13849,0.07425789535045624,1.2096935510635376,,
30,13899,0.07633036375045776,0.9564075469970703,,
30,13949,0.1435498297214508,0.9077996015548706,,
30,13999,0.06226467341184616,0.8139747977256775,,
30,14049,0.06428928673267365,1.0069456100463867,,
30,14099,0.07434162497520447,0.9463242292404175,,
30,14149,0.3243555426597595,0.2801702618598938,,
30,14199,0.01553826592862606,1.1939263343811035,,
30,14249,0.05391613394021988,1.3830897808074951,,
30,14259,,,0.3512207269668579,0.37588992714881897
31,14299,0.04796252027153969,1.0681008100509644,,
31,14349,0.032791443169116974,0.9305026531219482,,
31,14399,0.03247392922639847,1.1559351682662964,,
31,14449,0.07510003447532654,1.5385535955429077,,
31,14499,0.06340035051107407,0.9129069447517395,,
31,14549,0.041099291294813156,1.3836028575897217,,
31,14599,0.03578583896160126,0.8809908628463745,,
31,14649,0.04387993365526199,1.184383749961853,,
31,14699,0.013471079990267754,0.9027562141418457,,
31,14719,,,0.3109853267669678,0.45692136883735657
32,14749,0.07925985753536224,1.2419558763504028,,
32,14799,0.1345324069261551,0.6554716229438782,,
32,14849,0.03497499227523804,1.2092292308807373,,
32,14899,0.04039829969406128,1.1728365421295166,,
32,14949,0.053425658494234085,1.497326374053955,,
32,14999,0.07564735412597656,0.7081571817398071,,
32,15049,0.04786974936723709,0.6032534837722778,,
32,15099,0.03314421325922012,0.9393817186355591,,
32,15149,0.03496105223894119,1.028696060180664,,
32,15179,,,0.34002581238746643,0.39064016938209534
33,15199,0.028303230181336403,1.079473614692688,,
33,15249,0.0477498397231102,1.175262212753296,,
33,15299,0.03834041208028793,0.568352222442627,,
33,15349,0.17361438274383545,0.35338038206100464,,
33,15399,0.045909736305475235,1.1797351837158203,,
33,15449,0.09641984850168228,1.201582908630371,,
33,15499,0.02682363986968994,0.8364949226379395,,
33,15549,0.026612266898155212,0.667838454246521,,
33,15599,0.18039727210998535,0.8957104682922363,,
33,15639,,,0.34108489751815796,0.3851509690284729
34,15649,0.08530505001544952,0.8779104948043823,,
34,15699,0.02728855237364769,0.9443531036376953,,
34,15749,0.09552288055419922,0.8439890146255493,,
34,15799,0.10126340389251709,0.4931548237800598,,
34,15849,0.02426367998123169,1.021221399307251,,
34,15899,0.013065115548670292,1.2863680124282837,,
34,15949,0.022939668968319893,0.9745492935180664,,
34,15999,0.0801369771361351,1.1054625511169434,,
34,16049,0.025918394327163696,1.1304988861083984,,
34,16099,0.12287261337041855,1.3965882062911987,,
34,16099,,,0.30270281434059143,0.4679521322250366
35,16149,0.02197556383907795,0.9656735062599182,,
35,16199,0.06699025630950928,0.8377395272254944,,
35,16249,0.03754838556051254,1.1214838027954102,,
35,16299,0.023931924253702164,1.3096327781677246,,
35,16349,0.10274223983287811,0.8204389810562134,,
35,16399,0.06529100239276886,1.2153313159942627,,
35,16449,0.09128646552562714,0.9046540260314941,,
35,16499,0.0676037073135376,1.1537060737609863,,
35,16549,0.026508066803216934,1.1107715368270874,,
35,16559,,,0.34423336386680603,0.3781333565711975
36,16599,0.033935148268938065,0.8389653563499451,,
36,16649,0.03546154871582985,0.9093265533447266,,
36,16699,0.08743620663881302,1.2692333459854126,,
36,16749,0.08988460153341293,0.9394331574440002,,
36,16799,0.014722025953233242,0.9763835072517395,,
36,16849,0.027929458767175674,1.0648059844970703,,
36,16899,0.023969188332557678,1.0903862714767456,,
36,16949,0.0230916365981102,1.161557912826538,,
36,16999,0.03562909737229347,1.3381943702697754,,
36,17019,,,0.34959667921066284,0.4183919429779053
37,17049,0.023624440655112267,0.8963130712509155,,
37,17099,0.08131364732980728,1.519731879234314,,
37,17149,0.03446728736162186,1.0032556056976318,,
37,17199,0.13424856960773468,1.3314087390899658,,
37,17249,0.04135758429765701,0.8010959625244141,,
37,17299,0.05131568759679794,0.7218174934387207,,
37,17349,0.03935264050960541,0.901652455329895,,
37,17399,0.05130624398589134,1.1295560598373413,,
37,17449,0.09717302024364471,0.8986467719078064,,
37,17479,,,0.3536819815635681,0.4425586462020874
38,17499,0.07477755844593048,1.5266191959381104,,
38,17549,0.03765694051980972,1.032374620437622,,
38,17599,0.037121422588825226,1.1744400262832642,,
38,17649,0.036224741488695145,1.19548499584198,,
38,17699,0.016481194645166397,0.8460248708724976,,
38,17749,0.06520213186740875,0.921576976776123,,
38,17799,0.03207845985889435,0.6692792177200317,,
38,17849,0.0854402482509613,0.7502265572547913,,
38,17899,0.024257607758045197,0.7232341766357422,,
38,17939,,,0.3460841476917267,0.3448251187801361
39,17949,0.3376127779483795,1.8530089855194092,,
39,17999,0.08300480246543884,0.9307739734649658,,
39,18049,0.022781137377023697,1.838977575302124,,
39,18099,0.18402114510536194,0.6176581978797913,,
39,18149,0.017305318266153336,1.1814384460449219,,
39,18199,0.015269171446561813,1.4111053943634033,,
39,18249,0.024019017815589905,1.1847825050354004,,
39,18299,0.03180661052465439,0.7095787525177002,,
39,18349,0.05998628959059715,1.3389880657196045,,
39,18399,0.0139690600335598,0.9396902918815613,,
39,18399,,,0.3180161416530609,0.41232791543006897
40,18449,0.07311844080686569,0.8619591593742371,,
40,18499,0.013997231610119343,1.1522345542907715,,
40,18549,0.03212475776672363,1.5227985382080078,,
40,18599,0.02099316194653511,1.1786538362503052,,
40,18649,0.029766693711280823,0.9805720448493958,,
40,18699,0.025258580222725868,1.1455485820770264,,
40,18749,0.279608815908432,1.010836124420166,,
40,18799,0.0360553003847599,1.1493414640426636,,
40,18849,0.17992374300956726,1.2284538745880127,,
40,18859,,,0.34176769852638245,0.3967819809913635
41,18899,0.012008573859930038,1.8586556911468506,,
41,18949,0.12871098518371582,0.39110031723976135,,
41,18999,0.15299886465072632,1.2789509296417236,,
41,19049,0.06731915473937988,0.7253000140190125,,
41,19099,0.09760965406894684,0.9093856811523438,,
41,19149,0.05610004439949989,0.7334267497062683,,
41,19199,0.11726431548595428,0.683639645576477,,
41,19249,0.048710182309150696,0.9080955982208252,,
41,19299,0.03643932566046715,0.9476218223571777,,
41,19319,,,0.3775462508201599,0.27608323097229004
42,19349,0.05176936462521553,1.0447123050689697,,
42,19399,0.07584308087825775,1.062868595123291,,
42,19449,0.03446704521775246,1.1121540069580078,,
42,19499,0.10054709017276764,1.3822147846221924,,
42,19549,0.032211996614933014,0.8798401355743408,,
42,19599,0.08935987204313278,0.7438805103302002,,
42,19649,0.1556439846754074,0.7580059170722961,,
42,19699,0.015991374850273132,1.1885610818862915,,
42,19749,0.09525071829557419,1.6477404832839966,,
42,19779,,,0.30657249689102173,0.4158766567707062
43,19799,0.016864072531461716,1.4025914669036865,,
43,19849,0.03650038316845894,1.2873058319091797,,
43,19899,0.0687256008386612,0.8382843732833862,,
43,19949,0.014730218797922134,0.8470200300216675,,
43,19999,0.06104159727692604,1.1359366178512573,,
43,20049,0.03792228549718857,1.5030937194824219,,
43,20099,0.036050137132406235,1.0459697246551514,,
43,20149,0.07505462318658829,0.5204496383666992,,
43,20199,0.10293986648321152,1.2774503231048584,,
43,20239,,,0.36763784289360046,0.42522522807121277
44,20249,0.027987074106931686,0.9113595485687256,,
44,20299,0.03545329347252846,0.86748206615448,,
44,20349,0.061105646193027496,1.004898190498352,,
44,20399,0.047242388129234314,0.9495203495025635,,
44,20449,0.04702980816364288,1.229642391204834,,
44,20499,0.06165210157632828,1.114467740058899,,
44,20549,0.05482061207294464,1.0406055450439453,,
44,20599,0.078386589884758,0.6348222494125366,,
44,20649,0.03157905489206314,0.8138185739517212,,
44,20699,0.02085787057876587,1.0050302743911743,,
44,20699,,,0.35346710681915283,0.4002106785774231
45,20749,0.008767628110945225,1.196856141090393,,
45,20799,0.09381760656833649,1.043769121170044,,
45,20849,0.03983147814869881,0.8902966976165771,,
45,20899,0.027136411517858505,0.8998121023178101,,
45,20949,0.17302916944026947,0.5047906637191772,,
45,20999,0.0488840714097023,1.175903558731079,,
45,21049,0.06695710122585297,1.5277012586593628,,
45,21099,0.11161859333515167,0.7553139328956604,,
45,21149,0.037641268223524094,1.3264193534851074,,
45,21159,,,0.3368630111217499,0.3340303301811218
46,21199,0.07457785308361053,0.8029676675796509,,
46,21249,0.037285856902599335,0.7867329120635986,,
46,21299,0.0457717664539814,0.6381809711456299,,
46,21349,0.10352209210395813,0.5534908175468445,,
46,21399,0.04991040751338005,1.036400318145752,,
46,21449,0.0369245782494545,0.7982010245323181,,
46,21499,0.06530012935400009,0.9302066564559937,,
46,21549,0.04694630205631256,1.0502698421478271,,
46,21599,0.01738981530070305,1.1547842025756836,,
46,21619,,,0.3684779107570648,0.3011940121650696
47,21649,0.03141745552420616,1.0979254245758057,,
47,21699,0.05945878103375435,0.6977249383926392,,
47,21749,0.0829186663031578,0.8011365532875061,,
47,21799,0.011722978204488754,1.1545097827911377,,
47,21849,0.03775937855243683,1.156355619430542,,
47,21899,0.04933761805295944,0.8559228181838989,,
47,21949,0.1369987577199936,1.0330495834350586,,
47,21999,0.0143943652510643,1.1290096044540405,,
47,22049,0.03887833654880524,1.4818099737167358,,
47,22079,,,0.3900938034057617,0.3248893916606903
48,22099,0.027618087828159332,0.756841242313385,,
48,22149,0.0856604129076004,0.7629151344299316,,
48,22199,0.17776291072368622,1.1571614742279053,,
48,22249,0.044993992894887924,0.9118090867996216,,
48,22299,0.023036081343889236,1.3630682229995728,,
48,22349,0.032876867800951004,0.9788695573806763,,
48,22399,0.0336095429956913,0.8918524384498596,,
48,22449,0.13664744794368744,1.1914784908294678,,
48,22499,0.015263212844729424,1.0809569358825684,,
48,22539,,,0.34009090065956116,0.46609702706336975
49,22549,0.09929628670215607,0.9271263480186462,,
49,22599,0.020711665973067284,1.0386537313461304,,
49,22649,0.03554985299706459,1.578108787536621,,
49,22699,0.044960979372262955,0.85560542345047,,
49,22749,0.045800480991601944,0.8741586208343506,,
49,22799,0.10113708674907684,1.1644841432571411,,
49,22849,0.12172035872936249,0.5340696573257446,,
49,22899,0.07579302787780762,0.8645319938659668,,
49,22949,0.03305916488170624,1.1213186979293823,,
49,22999,0.02401759847998619,1.1351834535598755,,
49,22999,,,0.33038243651390076,0.4725063145160675
50,23049,0.01963311992585659,1.2430201768875122,,
50,23099,0.03238938748836517,1.8530149459838867,,
50,23149,0.10713887214660645,0.8428054451942444,,
50,23199,0.029089506715536118,1.3700854778289795,,
50,23249,0.03795909881591797,0.9658079743385315,,
50,23299,0.33758142590522766,1.1728060245513916,,
50,23349,0.042493727058172226,0.9474853277206421,,
50,23399,0.028381265699863434,1.1077485084533691,,
50,23449,0.06719426065683365,1.46129310131073,,
50,23459,,,0.3600085377693176,0.2916051149368286
51,23499,0.10258796811103821,0.4774400293827057,,
51,23549,0.019924312829971313,1.0969083309173584,,
51,23599,0.08604609966278076,0.5733715891838074,,
51,23649,0.16613340377807617,0.8454198837280273,,
51,23699,0.07537906616926193,1.3717821836471558,,
51,23749,0.020851217210292816,1.044977068901062,,
51,23799,0.0390513613820076,0.8971341848373413,,
51,23849,0.048222530633211136,0.9007409811019897,,
51,23899,0.013618786819279194,1.2330973148345947,,
51,23919,,,0.3335030674934387,0.36691462993621826
52,23949,0.0340992733836174,0.8317090272903442,,
52,23999,0.04347347095608711,1.5974681377410889,,
52,24049,0.07010279595851898,1.2566877603530884,,
52,24099,0.06189781427383423,0.7854392528533936,,
52,24149,0.015850985422730446,1.2828683853149414,,
52,24199,0.026202064007520676,1.166017770767212,,
52,24249,0.13109993934631348,1.2838201522827148,,
52,24299,0.03993602097034454,0.7899404168128967,,
52,24349,0.01962365210056305,1.0693790912628174,,
52,24379,,,0.344841867685318,0.3621659278869629
53,24399,0.01904156431555748,0.9293661117553711,,
53,24449,0.016052521765232086,1.38388991355896,,
53,24499,0.143164724111557,1.4764963388442993,,
53,24549,0.04365023598074913,1.115774154663086,,
53,24599,0.04560790956020355,0.7077935934066772,,
53,24649,0.015550956130027771,0.8746277093887329,,
53,24699,0.016978511586785316,1.235379695892334,,
53,24749,0.04335407912731171,1.2798690795898438,,
53,24799,0.15419602394104004,0.5219275951385498,,
53,24839,,,0.33380547165870667,0.41817018389701843
54,24849,0.029441433027386665,1.5257174968719482,,
54,24899,0.10024797916412354,0.827081024646759,,
54,24949,0.06949126720428467,1.0184231996536255,,
54,24999,0.02870510146021843,1.0627140998840332,,
54,25049,0.06258261203765869,0.6441293954849243,,
54,25099,0.014545228332281113,0.8548625707626343,,
54,25149,0.024994153529405594,0.802984893321991,,
54,25199,0.06683626025915146,0.548937976360321,,
54,25249,0.04809774085879326,1.067558765411377,,
54,25299,0.01622106321156025,0.6212869882583618,,
54,25299,,,0.3524229824542999,0.3418649733066559
55,25349,0.019120018929243088,1.3246967792510986,,
55,25399,0.02598142996430397,1.0668489933013916,,
55,25449,0.016586339101195335,1.2355566024780273,,
55,25499,0.03322341665625572,1.0755269527435303,,
55,25549,0.012108678929507732,0.9571535587310791,,
55,25599,0.047399744391441345,1.1810868978500366,,
55,25649,0.023192379623651505,1.2249956130981445,,
55,25699,0.07604485750198364,0.7215487360954285,,
55,25749,0.0636400505900383,0.756079912185669,,
55,25759,,,0.3459233045578003,0.36307498812675476
56,25799,0.04395085573196411,0.8715654015541077,,
56,25849,0.045733798295259476,0.9112094044685364,,
56,25899,0.023092912510037422,1.0991778373718262,,
56,25949,0.041591040790081024,1.0754972696304321,,
56,25999,0.07459496706724167,0.710023045539856,,
56,26049,0.16205346584320068,1.1046664714813232,,
56,26099,0.03561694175004959,0.9363820552825928,,
56,26149,0.01929042488336563,0.568679928779602,,
56,26199,0.08561702072620392,1.2974807024002075,,
56,26219,,,0.3611965775489807,0.3616940677165985
57,26249,0.014403404667973518,0.6478427648544312,,
57,26299,0.02072131261229515,0.8146064281463623,,
57,26349,0.08699901401996613,0.819279670715332,,
57,26399,0.02378174290060997,1.2687760591506958,,
57,26449,0.09479652345180511,0.7488408088684082,,
57,26499,0.03826209157705307,0.5198454856872559,,
57,26549,0.03971751779317856,0.9229507446289062,,
57,26599,0.0496339350938797,0.5713842511177063,,
57,26649,0.014162121340632439,1.0154060125350952,,
57,26679,,,0.3629602789878845,0.34156981110572815
58,26699,0.042486973106861115,0.9680134057998657,,
58,26749,0.07429847121238708,0.9742146134376526,,
58,26799,0.06820815801620483,1.0260412693023682,,
58,26849,0.03836184740066528,1.699611783027649,,
58,26899,0.13702736794948578,0.6137853860855103,,
58,26949,0.035274654626846313,1.1467289924621582,,
58,26999,0.054965078830718994,0.9087609648704529,,
58,27049,0.07563118636608124,0.7526322603225708,,
58,27099,0.02313043177127838,0.881675124168396,,
58,27139,,,0.34955915808677673,0.3991014361381531
59,27149,0.019797945395112038,1.342806339263916,,
59,27199,0.018369264900684357,1.2895212173461914,,
59,27249,0.044685155153274536,1.2541518211364746,,
59,27299,0.032852038741111755,2.0103585720062256,,
59,27349,0.06769319623708725,0.5051820278167725,,
59,27399,0.07594786584377289,0.8237335085868835,,
59,27449,0.028463097289204597,1.9178274869918823,,
59,27499,0.018145781010389328,1.5770068168640137,,
59,27549,0.021650392562150955,1.167536973953247,,
59,27599,0.056824199855327606,1.2662328481674194,,
59,27599,,,0.3433365523815155,0.3444722294807434
60,27649,0.023827992379665375,1.0906492471694946,,
60,27699,0.08119673281908035,0.6857872009277344,,
60,27749,0.026788795366883278,1.2147216796875,,
60,27799,0.042350880801677704,0.7239095568656921,,
60,27849,0.061929985880851746,0.6818858981132507,,
60,27899,0.0739382728934288,1.665757656097412,,
60,27949,0.03900662437081337,0.6173670291900635,,
60,27999,0.05268418416380882,0.6737204790115356,,
60,28049,0.051671795547008514,0.7143976092338562,,
60,28059,,,0.34954527020454407,0.3481711447238922
61,28099,0.01599782332777977,1.297993779182434,,
61,28149,0.015987960621714592,1.1668472290039062,,
61,28199,0.0238645039498806,0.7538570761680603,,
61,28249,0.08363122493028641,0.3902648985385895,,
61,28299,0.06338033825159073,1.4797780513763428,,
61,28349,0.03840715438127518,0.5910969972610474,,
61,28399,0.026599552482366562,1.1749860048294067,,
61,28449,0.04073406010866165,1.0164275169372559,,
61,28499,0.07336078584194183,0.5501076579093933,,
61,28519,,,0.3368126451969147,0.4526251256465912
62,28549,0.09698573499917984,1.092464804649353,,
62,28599,0.01364133507013321,1.1507623195648193,,
62,28649,0.047239772975444794,1.2640831470489502,,
62,28699,0.07415401190519333,1.080994725227356,,
62,28749,0.03443826735019684,0.6780115962028503,,
62,28799,0.043924447149038315,0.8220909833908081,,
62,28849,0.025868911296129227,0.802420437335968,,
62,28899,0.016614997759461403,1.0798746347427368,,
62,28949,0.15233150124549866,1.5187785625457764,,
62,28979,,,0.33702176809310913,0.37705400586128235
63,28999,0.09541984647512436,0.7377943992614746,,
63,29049,0.019359733909368515,1.375058650970459,,
63,29099,0.016570907086133957,1.217688798904419,,
63,29149,0.02734517678618431,1.0496883392333984,,
63,29199,0.023414429277181625,1.4131519794464111,,
63,29249,0.08915296196937561,1.0595577955245972,,
63,29299,0.016077684238553047,0.886081337928772,,
63,29349,0.10690511018037796,0.8355569839477539,,
63,29399,0.015339219942688942,0.903423011302948,,
63,29439,,,0.3642435669898987,0.3620271682739258
64,29449,0.03464799374341965,1.468337059020996,,
64,29499,0.0636921226978302,1.162783145904541,,
64,29549,0.041321102529764175,0.893939197063446,,
64,29599,0.011529333889484406,1.0515636205673218,,
64,29649,0.09116636216640472,1.2347753047943115,,
64,29699,0.04808402061462402,1.2338898181915283,,
64,29749,0.036547113209962845,1.0626052618026733,,
64,29799,0.045296940952539444,0.9130967855453491,,
64,29849,0.0628674253821373,0.7372036576271057,,
64,29899,0.12941032648086548,1.4784642457962036,,
64,29899,,,0.36662769317626953,0.30993106961250305
65,29949,0.026908181607723236,0.7691928744316101,,
65,29999,0.11936096847057343,1.3584245443344116,,
65,30049,0.014631747268140316,0.7326601147651672,,
65,30099,0.170163094997406,1.1488001346588135,,
65,30149,0.03812399134039879,0.8007574081420898,,
65,30199,0.04579488933086395,1.1490468978881836,,
65,30249,0.051188427954912186,1.3814899921417236,,
65,30299,0.03254929184913635,0.8701717853546143,,
65,30349,0.062234751880168915,0.8729813098907471,,
65,30359,,,0.3398299217224121,0.43550410866737366
66,30399,0.023169981315732002,1.2337253093719482,,
66,30449,0.044373393058776855,0.7398954629898071,,
66,30499,0.053331635892391205,0.7931959629058838,,
66,30549,0.061657339334487915,0.9282736778259277,,
66,30599,0.015491357073187828,1.1088823080062866,,
66,30649,0.028021806851029396,0.9342933893203735,,
66,30699,0.05475689470767975,1.338857650756836,,
66,30749,0.16128620505332947,0.6063715219497681,,
66,30799,0.01866627298295498,1.262758731842041,,
66,30819,,,0.34073853492736816,0.38038474321365356
67,30849,0.026475992053747177,0.90959233045578,,
67,30899,0.017629992216825485,0.6883754730224609,,
67,30949,0.07293550670146942,1.1463663578033447,,
67,30999,0.07169953733682632,1.2635879516601562,,
67,31049,0.023341059684753418,1.1532469987869263,,
67,31099,0.015798419713974,1.1853562593460083,,
67,31149,0.038278866559267044,1.2349369525909424,,
67,31199,0.08231990039348602,0.9274514317512512,,
67,31249,0.03249655291438103,1.1107678413391113,,
67,31279,,,0.3391995131969452,0.441252738237381
68,31299,0.06122323498129845,1.0596182346343994,,
68,31349,0.027546046301722527,1.0279978513717651,,
68,31399,0.171208918094635,0.6159944534301758,,
68,31449,0.07791867107152939,0.8823695778846741,,
68,31499,0.043258652091026306,0.8623659014701843,,
68,31549,0.02390914596617222,0.8417456746101379,,
68,31599,0.06497111916542053,1.0444988012313843,,
68,31649,0.047525279223918915,1.1165597438812256,,
68,31699,0.06154322996735573,0.7429649233818054,,
68,31739,,,0.3399271070957184,0.39864522218704224
69,31749,0.021877575665712357,1.065447211265564,,
69,31799,0.4758796691894531,1.942294955253601,,
69,31849,0.009547075256705284,1.3674372434616089,,
69,31899,0.020401179790496826,0.9510757923126221,,
69,31949,0.015611497685313225,1.175479769706726,,
69,31999,0.03699991852045059,1.2099995613098145,,
69,32049,0.036984413862228394,1.3072090148925781,,
69,32099,0.20327606797218323,0.6684880256652832,,
69,32149,0.020012471824884415,0.9233373403549194,,
69,32199,0.03915791213512421,0.929975152015686,,
69,32199,,,0.32506370544433594,0.3846359848976135
70,32249,0.008018561638891697,1.006091833114624,,
70,32299,0.059551794081926346,0.9453573822975159,,
70,32349,0.04620862752199173,1.0126372575759888,,
70,32399,0.02164504863321781,0.9802085161209106,,
70,32449,0.022587504237890244,0.8186940550804138,,
70,32499,0.13138018548488617,1.292472004890442,,
70,32549,0.023334376513957977,0.9036609530448914,,
70,32599,0.03755867853760719,0.9773960113525391,,
70,32649,0.09789002686738968,1.0903626680374146,,
70,32659,,,0.3391665518283844,0.372321754693985
71,32699,0.04971091449260712,0.9486854672431946,,
71,32749,0.038094185292720795,0.7980840802192688,,
71,32799,0.046753205358982086,1.1067726612091064,,
71,32849,0.0134356040507555,1.227514624595642,,
71,32899,0.038358043879270554,1.11780846118927,,
71,32949,0.0384008027613163,0.5738457441329956,,
71,32999,0.019310100004076958,1.1391398906707764,,
71,33049,0.14022493362426758,0.5040735006332397,,
71,33099,0.08870302140712738,0.6865239143371582,,
71,33119,,,0.3755166530609131,0.2717905640602112
72,33149,0.03308611363172531,1.082937479019165,,
72,33199,0.016687728464603424,1.089307427406311,,
72,33249,0.060976751148700714,1.4341416358947754,,
72,33299,0.05472712963819504,0.8296878337860107,,
72,33349,0.015319708734750748,0.9220817685127258,,
72,33399,0.04486754164099693,1.0132312774658203,,
72,33449,0.015467262826859951,0.8575542569160461,,
72,33499,0.02267051860690117,1.0986078977584839,,
72,33549,0.09645028412342072,0.5205740332603455,,
72,33579,,,0.34832409024238586,0.39438048005104065
73,33599,0.0170527845621109,1.053794264793396,,
73,33649,0.09039942175149918,0.8541347980499268,,
73,33699,0.018060196191072464,0.7888802289962769,,
73,33749,0.02406102418899536,1.2559380531311035,,
73,33799,0.021391000598669052,1.3681271076202393,,
73,33849,0.057742804288864136,1.495922565460205,,
73,33899,0.028679130598902702,0.7572847604751587,,
73,33949,0.07435651868581772,1.2523539066314697,,
73,33999,0.02203875035047531,1.4853460788726807,,
73,34039,,,0.35711973905563354,0.3491569757461548
74,34049,0.016352951526641846,0.7137612104415894,,
74,34099,0.09892284870147705,0.641452431678772,,
74,34149,0.029783964157104492,0.8812720775604248,,
74,34199,0.014246121048927307,1.8808200359344482,,
74,34249,0.022442521527409554,1.7231167554855347,,
74,34299,0.012926626019179821,0.7690608501434326,,
74,34349,0.08486180752515793,0.5145300626754761,,
74,34399,0.02309611812233925,1.1868524551391602,,
74,34449,0.05012868344783783,0.6771865487098694,,
74,34499,0.02567209117114544,1.2411249876022339,,
74,34499,,,0.33383631706237793,0.42383167147636414
75,34549,0.04297320544719696,0.9420471787452698,,
75,34599,0.03823594003915787,1.208396077156067,,
75,34649,0.024524152278900146,0.8625234365463257,,
75,34699,0.281700998544693,0.24768267571926117,,
75,34749,0.05125729739665985,0.5609629154205322,,
75,34799,0.03193448856472969,1.4338173866271973,,
75,34849,0.05925951898097992,1.5379770994186401,,
75,34899,0.05605717748403549,0.8991765379905701,,
75,34949,0.017540806904435158,1.305036187171936,,
75,34959,,,0.3846975862979889,0.34211739897727966
76,34999,0.008400553837418556,1.1489901542663574,,
76,35049,0.03343164175748825,1.235245704650879,,
76,35099,0.03665972501039505,0.5847345590591431,,
76,35149,0.047760382294654846,1.4889895915985107,,
76,35199,0.04373391345143318,0.9548285007476807,,
76,35249,0.10352251678705215,1.2714338302612305,,
76,35299,0.06381869316101074,1.2251981496810913,,
76,35349,0.07508166134357452,0.5643585920333862,,
76,35399,0.11375604569911957,0.8360414505004883,,
76,35419,,,0.3583352565765381,0.34915095567703247
77,35449,0.09742496907711029,1.0248658657073975,,
77,35499,0.025721881538629532,0.9387691020965576,,
77,35549,0.059493787586688995,1.277178406715393,,
77,35599,0.0669974759221077,0.8406327366828918,,
77,35649,0.031651683151721954,0.9432623386383057,,
77,35699,0.032045647501945496,1.1790664196014404,,
77,35749,0.0830017477273941,0.6629005670547485,,
77,35799,0.04560995101928711,1.5452158451080322,,
77,35849,0.029317371547222137,0.9378717541694641,,
77,35879,,,0.39204907417297363,0.34124621748924255
78,35899,0.0175327155739069,1.0188980102539062,,
78,35949,0.08217506110668182,2.1728079319000244,,
78,35999,0.03070870228111744,1.0973620414733887,,
78,36049,0.07677139341831207,0.5499060153961182,,
78,36099,0.11892715096473694,0.8552824258804321,,
78,36149,0.02529032528400421,0.8698782920837402,,
78,36199,0.0263945572078228,1.1493761539459229,,
78,36249,0.013384494930505753,0.8792033195495605,,
78,36299,0.014512581750750542,1.1430672407150269,,
78,36339,,,0.3839046061038971,0.2877340018749237
79,36349,0.015257297083735466,0.9036357402801514,,
79,36399,0.025284629315137863,1.5382168292999268,,
79,36449,0.040054336190223694,1.2229670286178589,,
79,36499,0.1921379715204239,1.1766364574432373,,
79,36549,0.0231307540088892,1.3847689628601074,,
79,36599,0.026520583778619766,1.061598300933838,,
79,36649,0.021286312490701675,1.2429826259613037,,
79,36699,0.027471929788589478,0.9302055239677429,,
79,36749,0.02449941448867321,1.0556509494781494,,
79,36799,0.3365502655506134,0.9002170562744141,,
79,36799,,,0.3861435353755951,0.24871760606765747
80,36849,0.0508800633251667,0.9002625942230225,,
80,36899,0.010209628380835056,0.8149590492248535,,
80,36949,0.016019094735383987,1.2352550029754639,,
80,36999,0.03813762962818146,0.9524438381195068,,
80,37049,0.0361529216170311,1.046021580696106,,
80,37099,0.016724780201911926,1.8648180961608887,,
80,37149,0.01771857962012291,0.9520891904830933,,
80,37199,0.04004058986902237,1.1406066417694092,,
80,37249,0.027280963957309723,0.9072126746177673,,
80,37259,,,0.35320591926574707,0.31288763880729675
81,37299,0.048723623156547546,0.7458935976028442,,
81,37349,0.02237062156200409,0.9770472645759583,,
81,37399,0.023686546832323074,0.9672814607620239,,
81,37449,0.01887267269194126,0.9410433769226074,,
81,37499,0.014661946333944798,1.1695024967193604,,
81,37549,0.05967327952384949,0.7248197793960571,,
81,37599,0.055740825831890106,1.1735039949417114,,
81,37649,0.0259089395403862,0.8457599878311157,,
81,37699,0.042627833783626556,0.8197367191314697,,
81,37719,,,0.32898470759391785,0.37778663635253906
82,37749,0.03773900493979454,0.8734222650527954,,
82,37799,0.055348951369524,1.1406095027923584,,
82,37849,0.011073747649788857,0.9102461338043213,,
82,37899,0.026849735528230667,1.224284052848816,,
82,37949,0.048789430409669876,0.8531213402748108,,
82,37999,0.04326748847961426,0.8670870065689087,,
82,38049,0.02129930816590786,1.1286377906799316,,
82,38099,0.018330110237002373,1.2446658611297607,,
82,38149,0.11820922046899796,1.5240126848220825,,
82,38179,,,0.3523872494697571,0.3810741901397705
83,38199,0.011381377466022968,1.3685365915298462,,
83,38249,0.0817025676369667,1.1352908611297607,,
83,38299,0.057768963277339935,0.5976731181144714,,
83,38349,0.018710289150476456,1.1207702159881592,,
83,38399,0.016673602163791656,0.7331877946853638,,
83,38449,0.014494836330413818,1.165083885192871,,
83,38499,0.08800306171178818,0.6552989482879639,,
83,38549,0.0787622481584549,0.6253591775894165,,
83,38599,0.02929847314953804,1.0394058227539062,,
83,38639,,,0.36712339520454407,0.3319074809551239
84,38649,0.03744612634181976,0.8834226131439209,,
84,38699,0.029255874454975128,1.0820157527923584,,
84,38749,0.09390126913785934,1.2123005390167236,,
84,38799,0.03811691701412201,0.8731600046157837,,
84,38849,0.04091203212738037,0.9830679893493652,,
84,38899,0.0833662673830986,2.198624610900879,,
84,38949,0.047118160873651505,0.8583411574363708,,
84,38999,0.024326134473085403,0.8917433023452759,,
84,39049,0.04949384182691574,0.8319729566574097,,
84,39099,0.049036942422389984,1.105025291442871,,
84,39099,,,0.30570870637893677,0.3773561120033264
85,39149,0.022450536489486694,1.2070822715759277,,
85,39199,0.10829082131385803,0.8911450505256653,,
85,39249,0.02002507448196411,1.2726271152496338,,
85,39299,0.018330292776226997,0.9284729361534119,,
85,39349,0.03525519371032715,1.2638282775878906,,
85,39399,0.18070046603679657,0.5071146488189697,,
85,39449,0.033737704157829285,0.813636302947998,,
85,39499,0.07008127123117447,0.6214017868041992,,
85,39549,0.014001774601638317,0.8689112663269043,,
85,39559,,,0.3446038067340851,0.30913063883781433
86,39599,0.09381894022226334,1.1921786069869995,,
86,39649,0.052523817867040634,0.8597487807273865,,
86,39699,0.04898827522993088,1.127077579498291,,
86,39749,0.22161786258220673,0.4864249527454376,,
86,39799,0.10669734328985214,0.9964319467544556,,
86,39849,0.015086604282259941,1.3439369201660156,,
86,39899,0.0704629048705101,0.9030733108520508,,
86,39949,0.017453430220484734,0.8148369193077087,,
86,39999,0.04673772305250168,1.2541481256484985,,
86,40019,,,0.3674963116645813,0.31376373767852783
87,40049,0.014301820658147335,1.3981845378875732,,
87,40099,0.021203020587563515,0.8934210538864136,,
87,40149,0.012333327904343605,0.8095320463180542,,
87,40199,0.04400346428155899,0.34560999274253845,,
87,40249,0.16337813436985016,1.7330517768859863,,
87,40299,0.06751063466072083,1.3004720211029053,,
87,40349,0.12821955978870392,1.148012638092041,,
87,40399,0.1600305140018463,1.309645414352417,,
87,40449,0.02222503535449505,0.5215417146682739,,
87,40479,,,0.37269508838653564,0.33785203099250793
88,40499,0.028059866279363632,1.0439544916152954,,
88,40549,0.007469191215932369,0.9921491146087646,,
88,40599,0.06350993365049362,1.0306949615478516,,
88,40649,0.03606346622109413,1.2691686153411865,,
88,40699,0.056513212621212006,1.0386837720870972,,
88,40749,0.09689655154943466,0.9671865105628967,,
88,40799,0.07994161546230316,0.6771288514137268,,
88,40849,0.0362628772854805,0.9227718114852905,,
88,40899,0.06314912438392639,1.0086749792099,,
88,40939,,,0.35793447494506836,0.37672528624534607
89,40949,0.057086169719696045,0.910271406173706,,
89,40999,0.02375165931880474,0.7995104789733887,,
89,41049,0.21218425035476685,1.9114267826080322,,
89,41099,0.05346650257706642,1.139758825302124,,
89,41149,0.08389134705066681,1.2619690895080566,,
89,41199,0.01624210923910141,1.2850227355957031,,
89,41249,0.018617114052176476,1.1039973497390747,,
89,41299,0.21862438321113586,0.2994406223297119,,
89,41349,0.13519445061683655,0.5149435997009277,,
89,41399,0.014066552743315697,1.1041028499603271,,
89,41399,,,0.3382778465747833,0.41184401512145996
90,41449,0.02224976196885109,1.2265781164169312,,
90,41499,0.02071896567940712,0.8048050403594971,,
90,41549,0.03266976773738861,1.3259109258651733,,
90,41599,0.02029483951628208,1.0206565856933594,,
90,41649,0.022582540288567543,1.2566481828689575,,
90,41699,0.017030278220772743,1.1025769710540771,,
90,41749,0.028247646987438202,0.8800727128982544,,
90,41799,0.08353588730096817,0.628609299659729,,
90,41849,0.02323487587273121,0.8670496940612793,,
90,41859,,,0.3581598699092865,0.3153306543827057
91,41899,0.03372102975845337,0.8029086589813232,,
91,41949,0.02519412338733673,0.8682386875152588,,
91,41999,0.01601705141365528,0.6517976522445679,,
91,42049,0.1723513901233673,0.9878203868865967,,
91,42099,0.015273373574018478,1.3509503602981567,,
91,42149,0.025875061750411987,0.8790948390960693,,
91,42199,0.06898914277553558,0.7381594181060791,,
91,42249,0.022876277565956116,0.9178303480148315,,
91,42299,0.06563962250947952,0.5808065533638,,
91,42319,,,0.3690982460975647,0.3106081783771515
92,42349,0.044420383870601654,0.8267236948013306,,
92,42399,0.027996499091386795,0.8885089159011841,,
92,42449,0.031333666294813156,0.7478837966918945,,
92,42499,0.07285472005605698,1.0535829067230225,,
92,42549,0.01817372441291809,0.7887229919433594,,
92,42599,0.017803281545639038,1.2603893280029297,,
92,42649,0.0217128973454237,1.0760501623153687,,
92,42699,0.060401689261198044,0.685784637928009,,
92,42749,0.020011311396956444,0.9962282776832581,,
92,42779,,,0.3596900701522827,0.27543166279792786
93,42799,0.024600885808467865,1.2225046157836914,,
93,42849,0.07842689752578735,0.8711980581283569,,
93,42899,0.020107565447688103,0.6897216439247131,,
93,42949,0.039099834859371185,0.8339239358901978,,
93,42999,0.018978167325258255,1.0153542757034302,,
93,43049,0.012573322281241417,0.6981146335601807,,
93,43099,0.08961373567581177,1.2246816158294678,,
93,43149,0.05378967896103859,0.8520936369895935,,
93,43199,0.05878262594342232,0.6322054862976074,,
93,43239,,,0.38281577825546265,0.28573155403137207
94,43249,0.01165254320949316,1.2858052253723145,,
94,43299,0.0491231232881546,1.9593342542648315,,
94,43349,0.031090661883354187,0.9232134819030762,,
94,43399,0.024353984743356705,1.111991286277771,,
94,43449,0.19453619420528412,1.708181619644165,,
94,43499,0.015443128533661366,0.7090126276016235,,
94,43549,0.01023209560662508,1.0432116985321045,,
94,43599,0.08355607092380524,0.9851251840591431,,
94,43649,0.13395020365715027,0.8034946918487549,,
94,43699,0.021252945065498352,1.44064462184906,,
94,43699,,,0.349109023809433,0.37767258286476135
95,43749,0.015526250936090946,0.7523977756500244,,
95,43799,0.04437146335840225,0.9390324354171753,,
95,43849,0.06525158137083054,1.4415562152862549,,
95,43899,0.045154836028814316,1.2241835594177246,,
95,43949,0.01357356272637844,1.0219135284423828,,
95,43999,0.02689601667225361,1.3226101398468018,,
95,44049,0.02595243602991104,1.3500339984893799,,
95,44099,0.025521274656057358,1.3199546337127686,,
95,44149,0.03170795738697052,0.84084552526474,,
95,44159,,,0.3722870349884033,0.2583395540714264
96,44199,0.375465452671051,0.192137211561203,,
96,44249,0.02927650883793831,0.703004002571106,,
96,44299,0.024302659556269646,1.2669001817703247,,
96,44349,0.01614612713456154,0.5541081428527832,,
96,44399,0.048708364367485046,1.1019376516342163,,
96,44449,0.03793333098292351,1.050985336303711,,
96,44499,0.047023601830005646,0.9586985111236572,,
96,44549,0.07092224061489105,0.9961594343185425,,
96,44599,0.05632393807172775,0.8597247004508972,,
96,44619,,,0.36796385049819946,0.3316698372364044
97,44649,0.11548026651144028,1.348888635635376,,
97,44699,0.07603089511394501,0.6071297526359558,,
97,44749,0.02972150221467018,0.8390316963195801,,
97,44799,0.07050308585166931,0.7343713045120239,,
97,44849,0.012125181034207344,0.8254830837249756,,
97,44899,0.008516443893313408,0.8389337062835693,,
97,44949,0.04414932429790497,0.8207087516784668,,
97,44999,0.0273793563246727,1.026671290397644,,
97,45049,0.14796209335327148,0.8273776769638062,,
97,45079,,,0.34774595499038696,0.34686708450317383
98,45099,0.010535061359405518,1.6953580379486084,,
98,45149,0.05490650236606598,1.2993278503417969,,
98,45199,0.03552604094147682,1.3840800523757935,,
98,45249,0.03898497670888901,0.9037457704544067,,
98,45299,0.05465523526072502,0.8222020268440247,,
98,45349,0.026597844436764717,1.2752752304077148,,
98,45399,0.12946179509162903,0.6274362802505493,,
98,45449,0.01600521057844162,1.085728645324707,,
98,45499,0.192743718624115,0.7171036601066589,,
98,45539,,,0.34707507491111755,0.38189825415611267
99,45549,0.07127645611763,0.6104938983917236,,
99,45599,0.17758828401565552,0.814190685749054,,
99,45649,0.0495125912129879,1.0163612365722656,,
99,45699,0.014539031311869621,0.9245293140411377,,
99,45749,0.11688204854726791,1.1697399616241455,,
99,45799,0.08191567659378052,0.5414854288101196,,
99,45849,0.03248517960309982,1.011452555656433,,
99,45899,0.02665892243385315,2.081286907196045,,
99,45949,0.048988912254571915,1.023943543434143,,
99,45999,0.07787076383829117,0.9716839790344238,,
99,45999,,,0.3712380826473236,0.3540458083152771
100,46049,0.014269077219069004,0.686320960521698,,
100,46099,0.01563780941069126,1.2444767951965332,,
100,46149,0.17600654065608978,1.5516982078552246,,
100,46199,0.018431903794407845,1.1862895488739014,,
100,46249,0.04181043058633804,0.8516600131988525,,
100,46299,0.06777644157409668,1.0841261148452759,,
100,46349,0.01733049377799034,0.8618385791778564,,
100,46399,0.05536908656358719,0.6399809122085571,,
100,46449,0.04174284636974335,1.1961371898651123,,
100,46459,,,0.3535270690917969,0.32939472794532776
101,46499,0.026801802217960358,0.8573741912841797,,
101,46549,0.03534995764493942,0.997032642364502,,
101,46599,0.023314936086535454,1.007598876953125,,
101,46649,0.039708517491817474,1.5327322483062744,,
101,46699,0.028107520192861557,0.9861100316047668,,
101,46749,0.016294220462441444,1.0452407598495483,,
101,46799,0.060738082975149155,0.9953612089157104,,
101,46849,0.05963323637843132,1.056803584098816,,
101,46899,0.045905690640211105,1.1370117664337158,,
101,46919,,,0.3731294274330139,0.3072552978992462
102,46949,0.010471157729625702,0.9604740738868713,,
102,46999,0.03856062889099121,1.1780568361282349,,
102,47049,0.029318595305085182,1.0874671936035156,,
102,47099,0.03335675597190857,1.017317295074463,,
102,47149,0.033791400492191315,0.8423424363136292,,
102,47199,0.0337582528591156,0.9571368098258972,,
102,47249,0.03606514260172844,1.0199860334396362,,
102,47299,0.07110802084207535,1.2607659101486206,,
102,47349,0.026549216359853745,1.070610523223877,,
102,47379,,,0.35753947496414185,0.3120131492614746
103,47399,0.048488300293684006,0.842045783996582,,
103,47449,0.05693035572767258,1.249982476234436,,
103,47499,0.05452609807252884,1.16166090965271,,
103,47549,0.023999635130167007,0.8112114667892456,,
103,47599,0.10182585567235947,0.640910804271698,,
103,47649,0.06718678772449493,0.6023563742637634,,
103,47699,0.1148863211274147,1.255874752998352,,
103,47749,0.08923910558223724,0.4443747103214264,,
103,47799,0.04821416735649109,0.8687273263931274,,
103,47839,,,0.35975146293640137,0.38692981004714966
104,47849,0.02358332835137844,1.1682116985321045,,
104,47899,0.012920555658638477,1.3752930164337158,,
104,47949,0.012172020971775055,0.7641618251800537,,
104,47999,0.0557435117661953,0.9561454057693481,,
104,48049,0.00903591513633728,1.33101224899292,,
104,48099,0.06676582247018814,0.9284079074859619,,
104,48149,0.015172936953604221,1.4629497528076172,,
104,48199,0.08997146040201187,0.9705625176429749,,
104,48249,0.007458346430212259,0.8595041036605835,,
104,48299,0.059331461787223816,1.131199836730957,,
104,48299,,,0.3613167703151703,0.4481276571750641
105,48349,0.12609454989433289,1.2002618312835693,,
105,48399,0.012414971366524696,0.7196826338768005,,
105,48449,0.01274266466498375,1.1250065565109253,,
105,48499,0.10609979927539825,0.7002823352813721,,
105,48549,0.06806568801403046,1.2071638107299805,,
105,48599,0.01392250508069992,1.1880686283111572,,
105,48649,0.04010244831442833,0.7261087894439697,,
105,48699,0.032941266894340515,1.005200743675232,,
105,48749,0.02183758094906807,1.1138843297958374,,
105,48759,,,0.3594440817832947,0.41315940022468567
106,48799,0.04635296389460564,0.681088387966156,,
106,48849,0.01551430020481348,0.8274310231208801,,
106,48899,0.008757542818784714,0.8494646549224854,,
106,48949,0.08999566733837128,0.5619485378265381,,
106,48999,0.006423215847462416,1.1437005996704102,,
106,49049,0.03565987944602966,0.8185925483703613,,
106,49099,0.013524476438760757,1.2209548950195312,,
106,49149,0.06394149363040924,1.154466152191162,,
106,49199,0.08154427260160446,0.919730544090271,,
106,49219,,,0.3798029124736786,0.36653974652290344
107,49249,0.020832132548093796,0.7861264944076538,,
107,49299,0.03386949002742767,0.8991596698760986,,
107,49349,0.03342755138874054,0.856288731098175,,
107,49399,0.06829366087913513,0.9897375106811523,,
107,49449,0.022783927619457245,1.1162025928497314,,
107,49499,0.033065252006053925,1.0360980033874512,,
107,49549,0.06552816182374954,0.788172721862793,,
107,49599,0.03108268603682518,0.9078494310379028,,
107,49649,0.031798042356967926,0.8578037619590759,,
107,49679,,,0.3471851050853729,0.32017675042152405
108,49699,0.03974878787994385,0.8113398551940918,,
108,49749,0.010005498304963112,1.173915147781372,,
108,49799,0.018390899524092674,0.8826049566268921,,
108,49849,0.02565830945968628,1.0639110803604126,,
108,49899,0.04631635174155235,0.9668227434158325,,
108,49949,0.019015077501535416,1.5812067985534668,,
108,49999,0.04790186136960983,1.3541998863220215,,
108,50049,0.06639515608549118,0.9108369946479797,,
108,50099,0.009085048921406269,1.0440459251403809,,
108,50139,,,0.3225589692592621,0.4060623347759247
109,50149,0.013009930029511452,0.9387817978858948,,
109,50199,0.037782035768032074,0.9611717462539673,,
109,50249,0.02255561202764511,1.059149980545044,,
109,50299,0.051366448402404785,1.2441655397415161,,
109,50349,0.04138835519552231,1.1669244766235352,,
109,50399,0.06382781267166138,0.916491687297821,,
109,50449,0.022619687020778656,0.8882004022598267,,
109,50499,0.04257805645465851,0.8734216094017029,,
109,50549,0.029389889910817146,0.9490746259689331,,
109,50599,0.024579552933573723,1.1124184131622314,,
109,50599,,,0.35968297719955444,0.39108192920684814
110,50649,0.011727831326425076,0.6112040281295776,,
110,50699,0.1761149764060974,0.67620849609375,,
110,50749,0.04726684093475342,1.1373976469039917,,
110,50799,0.0766046941280365,0.9663926959037781,,
110,50849,0.04985345900058746,1.1720107793807983,,
110,50899,0.06808632612228394,0.6703906059265137,,
110,50949,0.018017269670963287,0.8452865481376648,,
110,50999,0.017321418970823288,1.0844104290008545,,
110,51049,0.03560150787234306,0.8082603216171265,,
110,51059,,,0.35568663477897644,0.325716108083725
111,51099,0.010465811938047409,1.2755625247955322,,
111,51149,0.06939970701932907,1.1150093078613281,,
111,51199,0.1277354657649994,1.640710473060608,,
111,51249,0.047695159912109375,0.5850564241409302,,
111,51299,0.025590941309928894,1.1112337112426758,,
111,51349,0.043750323355197906,0.8850998282432556,,
111,51399,0.06362351775169373,0.6518536806106567,,
111,51449,0.08556072413921356,1.4722888469696045,,
111,51499,0.04592844843864441,0.7949742674827576,,
111,51519,,,0.36566823720932007,0.3900100290775299
112,51549,0.061048828065395355,1.3050165176391602,,
112,51599,0.05603991448879242,0.9642511606216431,,
112,51649,0.02318643033504486,0.7671350836753845,,
112,51699,0.03266223147511482,1.177452564239502,,
112,51749,0.013106705620884895,0.9295636415481567,,
112,51799,0.03435710072517395,1.0984070301055908,,
112,51849,0.011883857659995556,0.9719846844673157,,
112,51899,0.021347124129533768,1.7058570384979248,,
112,51949,0.03964122012257576,0.9394349455833435,,
112,51979,,,0.36360102891921997,0.3871230483055115
113,51999,0.03730092570185661,1.1012030839920044,,
113,52049,0.0473647303879261,0.9993822574615479,,
113,52099,0.031151866540312767,1.2247352600097656,,
113,52149,0.017276937142014503,1.2975032329559326,,
113,52199,0.021240290254354477,1.318892478942871,,
113,52249,0.03295253589749336,1.0315301418304443,,
113,52299,0.01178388949483633,1.0808659791946411,,
113,52349,0.05035322532057762,0.8472616672515869,,
113,52399,0.05129747465252876,0.7340983748435974,,
113,52439,,,0.35689401626586914,0.3473702073097229
114,52449,0.019462719559669495,0.7884801030158997,,
114,52499,0.009800659492611885,1.049194574356079,,
114,52549,0.05506504327058792,1.4339027404785156,,
114,52599,0.06545161455869675,0.8185338973999023,,
114,52649,0.05214390903711319,0.9124142527580261,,
114,52699,0.04621114209294319,0.9501523375511169,,
114,52749,0.03643180429935455,0.9557644724845886,,
114,52799,0.030483298003673553,1.2480579614639282,,
114,52849,0.06709518283605576,1.2271065711975098,,
114,52899,0.00930795632302761,1.0372726917266846,,
114,52899,,,0.3842308223247528,0.33255118131637573
115,52949,0.030688513070344925,0.9128482937812805,,
115,52999,0.024638481438159943,0.988383412361145,,
115,53049,0.05422225221991539,0.8403991460800171,,
115,53099,0.019931038841605186,0.8986343741416931,,
115,53149,0.030743371695280075,0.8691036105155945,,
115,53199,0.08809810131788254,0.8317523002624512,,
115,53249,0.025581207126379013,0.9721736907958984,,
115,53299,0.015670310705900192,0.8203812837600708,,
115,53349,0.027202051132917404,0.7556034326553345,,
115,53359,,,0.3280123770236969,0.3995727002620697
116,53399,0.04734644293785095,1.069629430770874,,
116,53449,0.03386024385690689,0.9345558881759644,,
116,53499,0.011394457891583443,1.154599666595459,,
116,53549,0.0440182201564312,1.3131732940673828,,
116,53599,0.08527575433254242,1.4790043830871582,,
116,53649,0.1484510898590088,0.7319047451019287,,
116,53699,0.022786248475313187,1.200507640838623,,
116,53749,0.05447946861386299,0.7781562805175781,,
116,53799,0.02002941444516182,0.9666094779968262,,
116,53819,,,0.3658677935600281,0.34562787413597107
117,53849,0.028181586414575577,0.955464780330658,,
117,53899,0.10846680402755737,0.8370680809020996,,
117,53949,0.019952213391661644,1.018078088760376,,
117,53999,0.024468133226037025,1.1294710636138916,,
117,54049,0.0071779824793338776,0.9705021977424622,,
117,54099,0.02619793266057968,1.0104936361312866,,
117,54149,0.011935762129724026,1.1944299936294556,,
117,54199,0.014325710013508797,1.324710488319397,,
117,54249,0.05424381420016289,1.0482301712036133,,
117,54279,,,0.37825003266334534,0.2469770908355713
118,54299,0.10616368800401688,0.9825595617294312,,
118,54349,0.030904578045010567,0.6874768733978271,,
118,54399,0.1020788699388504,0.5705072283744812,,
118,54449,0.019248247146606445,0.8997198939323425,,
118,54499,0.023005817085504532,0.9158954620361328,,
118,54549,0.09118208289146423,0.5046072006225586,,
118,54599,0.010602395050227642,1.6565310955047607,,
118,54649,0.029161345213651657,0.9096252918243408,,
118,54699,0.018263913691043854,0.9729537963867188,,
118,54739,,,0.3879978060722351,0.3050268292427063
119,54749,0.21517138183116913,1.2958974838256836,,
119,54799,0.01162304263561964,1.382522702217102,,
119,54849,0.10285279154777527,1.5901994705200195,,
119,54899,0.011736953631043434,1.199389100074768,,
119,54949,0.03417040780186653,0.8573570251464844,,
119,54999,0.15228134393692017,0.6896948218345642,,
119,55049,0.012406863272190094,0.8787398934364319,,
119,55099,0.06308204680681229,0.743350088596344,,
119,55149,0.04824112355709076,0.7652343511581421,,
119,55199,0.04667985811829567,0.9510878324508667,,
119,55199,,,0.38617202639579773,0.2678642272949219
120,55249,0.05569208413362503,1.180640459060669,,
120,55299,0.017757922410964966,1.1722807884216309,,
120,55349,0.08406419306993484,0.6307716369628906,,
120,55399,0.015053232200443745,0.788200855255127,,
120,55449,0.07393031567335129,0.8231023550033569,,
120,55499,0.05722375959157944,0.47056543827056885,,
120,55549,0.01739627681672573,0.9250214099884033,,
120,55599,0.019358087331056595,0.9970355033874512,,
120,55649,0.013369526714086533,1.4423333406448364,,
120,55659,,,0.4154980182647705,0.22534780204296112
121,55699,0.06287313997745514,0.9153259992599487,,
121,55749,0.031696222722530365,1.008469820022583,,
121,55799,0.05366997793316841,1.0119907855987549,,
121,55849,0.01779833622276783,0.8891146183013916,,
121,55899,0.4950452446937561,1.1406997442245483,,
121,55949,0.023341607302427292,0.9049690365791321,,
121,55999,0.06456513702869415,0.8979712128639221,,
121,56049,0.04867679625749588,0.5942188501358032,,
121,56099,0.07260674238204956,0.5007927417755127,,
121,56119,,,0.3777431547641754,0.2988056540489197
122,56149,0.015026607550680637,1.0131666660308838,,
122,56199,0.059589385986328125,1.226771593093872,,
122,56249,0.017772294580936432,1.1408073902130127,,
122,56299,0.03110618330538273,0.6627931594848633,,
122,56349,0.018150150775909424,1.097535252571106,,
122,56399,0.07001283019781113,0.9306487441062927,,
122,56449,0.022172851487994194,0.9852882623672485,,
122,56499,0.02353123389184475,1.229591965675354,,
122,56549,0.09238380193710327,1.2514569759368896,,
122,56579,,,0.3235997259616852,0.34971562027931213
123,56599,0.14337582886219025,1.1893959045410156,,
123,56649,0.05467979609966278,0.8816912174224854,,
123,56699,0.01303047500550747,0.6642194986343384,,
123,56749,0.054608918726444244,0.7863121032714844,,
123,56799,0.0669964924454689,1.0425057411193848,,
123,56849,0.035469889640808105,0.9474456310272217,,
123,56899,0.10315994173288345,0.5361233949661255,,
123,56949,0.040229432284832,0.911510169506073,,
123,56999,0.01766299270093441,0.8981886506080627,,
123,57039,,,0.35799092054367065,0.4130428731441498
124,57049,0.06000775098800659,1.8351573944091797,,
124,57099,0.04888954386115074,0.7397292852401733,,
124,57149,0.0154644176363945,1.0412381887435913,,
124,57199,0.06302472203969955,1.28707754611969,,
124,57249,0.03933326154947281,0.7587318420410156,,
124,57299,0.06545580178499222,0.7070457935333252,,
124,57349,0.10031668841838837,0.5832196474075317,,
124,57399,0.044104233384132385,1.0860515832901,,
124,57449,0.04901636764407158,0.7894437313079834,,
124,57499,0.02202238328754902,0.713284969329834,,
124,57499,,,0.3786700665950775,0.2835766673088074
125,57549,0.0235658660531044,0.6739464998245239,,
125,57599,0.05213969200849533,1.2582868337631226,,
125,57649,0.041044339537620544,0.8276539444923401,,
125,57699,0.027064479887485504,1.282236099243164,,
125,57749,0.04287826642394066,0.6620798110961914,,
125,57799,0.1710047721862793,0.6518803238868713,,
125,57849,0.07206876575946808,0.7368271350860596,,
125,57899,0.012975320219993591,0.9632788896560669,,
125,57949,0.010787200182676315,0.971286952495575,,
125,57959,,,0.3848031759262085,0.3176334798336029
126,57999,0.05122125893831253,0.8125914931297302,,
126,58049,0.02494695596396923,0.762131929397583,,
126,58099,0.026780707761645317,1.511291742324829,,
126,58149,0.007517119869589806,1.0711407661437988,,
126,58199,0.012739947065711021,0.9584792256355286,,
126,58249,0.023682795464992523,1.0065765380859375,,
126,58299,0.027083367109298706,1.4524823427200317,,
126,58349,0.029156362637877464,0.8253514766693115,,
126,58399,0.023923203349113464,0.7805657982826233,,
126,58419,,,0.2736937403678894,0.34112608432769775
127,58449,0.10284104943275452,0.7534226179122925,,
127,58499,0.05161961168050766,0.9094486236572266,,
127,58549,0.022706981748342514,0.7612543702125549,,
127,58599,0.06087557598948479,0.9724098443984985,,
127,58649,0.019096173346042633,0.8894944190979004,,
127,58699,0.009135196916759014,1.066436767578125,,
127,58749,0.0234991442412138,1.1849191188812256,,
127,58799,0.027811866253614426,0.974658191204071,,
127,58849,0.018458794802427292,0.8970412015914917,,
127,58879,,,0.38846921920776367,0.3490636944770813
128,58899,0.03131958842277527,1.0011942386627197,,
128,58949,0.042404238134622574,1.385114312171936,,
128,58999,0.020977217704057693,1.3849557638168335,,
128,59049,0.01636798307299614,1.0612163543701172,,
128,59099,0.1652357429265976,1.183345079421997,,
128,59149,0.060087915509939194,0.9239981174468994,,
128,59199,0.042094916105270386,0.7803281545639038,,
128,59249,0.06521721184253693,0.5713993310928345,,
128,59299,0.009801501408219337,0.9493446350097656,,
128,59339,,,0.3871116638183594,0.2830539047718048
129,59349,0.03379201143980026,0.9213871955871582,,
129,59399,0.014690985903143883,0.9942161440849304,,
129,59449,0.027527732774615288,0.8313043117523193,,
129,59499,0.014167409390211105,0.9272356033325195,,
129,59549,0.0213951226323843,0.8435196876525879,,
129,59599,0.056724682450294495,0.7886921763420105,,
129,59649,0.22454330325126648,0.33266404271125793,,
129,59699,0.026437239721417427,0.820160984992981,,
129,59749,0.04322057217359543,0.9738654494285583,,
129,59799,0.011618994176387787,0.7908328175544739,,
129,59799,,,0.3650619089603424,0.3080613315105438
130,59849,0.22107788920402527,0.6485113501548767,,
130,59899,0.027709657326340675,1.2351850271224976,,
130,59949,0.015170182101428509,1.4062690734863281,,
130,59999,0.02183762565255165,0.9259128570556641,,
130,60049,0.026778461411595345,0.9737754464149475,,
130,60099,0.01950666308403015,0.894220232963562,,
130,60149,0.011038942262530327,0.7903152108192444,,
130,60199,0.015774747356772423,0.9127247929573059,,
130,60249,0.06355353444814682,0.715881884098053,,
130,60259,,,0.38889649510383606,0.24005429446697235
131,60299,0.016116462647914886,0.9130510091781616,,
131,60349,0.037120986729860306,0.7748602628707886,,
131,60399,0.0440622940659523,0.9890278577804565,,
131,60449,0.058618079870939255,1.0001720190048218,,
131,60499,0.040868110954761505,0.9223102331161499,,
131,60549,0.03141549974679947,1.1911815404891968,,
131,60599,0.017621951177716255,1.4983210563659668,,
131,60649,0.027999836951494217,1.1101338863372803,,
131,60699,0.014719640836119652,0.9169211983680725,,
131,60719,,,0.29788830876350403,0.30679288506507874
132,60749,0.016670679673552513,1.5652656555175781,,
132,60799,0.02407422661781311,1.1906981468200684,,
132,60849,0.06282401084899902,1.2215783596038818,,
132,60899,0.04454633593559265,0.9903680086135864,,
132,60949,0.13234253227710724,1.1990389823913574,,
132,60999,0.11227820813655853,0.3775753080844879,,
132,61049,0.012567399069666862,0.7875744104385376,,
132,61099,0.09504356980323792,0.8904551267623901,,
132,61149,0.025059685111045837,0.9975215196609497,,
132,61179,,,0.4012303054332733,0.27013930678367615
133,61199,0.023410312831401825,1.700973391532898,,
133,61249,0.025509526953101158,1.0190844535827637,,
133,61299,0.01628457009792328,1.1526670455932617,,
133,61349,0.028125759214162827,0.8189619779586792,,
133,61399,0.023441683501005173,1.4016096591949463,,
133,61449,0.021212156862020493,0.8402160406112671,,
133,61499,0.03366520255804062,0.886536717414856,,
133,61549,0.04635421931743622,1.0947644710540771,,
133,61599,0.025875922292470932,0.8522768020629883,,
133,61639,,,0.34982022643089294,0.32913869619369507
134,61649,0.042088691145181656,0.7019389867782593,,
134,61699,0.14405882358551025,1.0994197130203247,,
134,61749,0.050919387489557266,0.923423171043396,,
134,61799,0.052737921476364136,1.139768123626709,,
134,61849,0.022643420845270157,0.6984524726867676,,
134,61899,0.06973955780267715,1.1711938381195068,,
134,61949,0.05357923358678818,0.9630721807479858,,
134,61999,0.03283499553799629,0.7181848287582397,,
134,62049,0.01589062809944153,0.949242115020752,,
134,62099,0.053788959980010986,0.7855775356292725,,
134,62099,,,0.35572314262390137,0.31031498312950134
135,62149,0.05328534543514252,0.5196694731712341,,
135,62199,0.022060668095946312,0.7951439023017883,,
135,62249,0.014384621754288673,1.186067819595337,,
135,62299,0.01880042999982834,1.2583224773406982,,
135,62349,0.011386573314666748,1.2513461112976074,,
135,62399,0.009082685224711895,1.3490915298461914,,
135,62449,0.03590075671672821,1.2561345100402832,,
135,62499,0.027646131813526154,0.8855510950088501,,
135,62549,0.010942365974187851,1.2914021015167236,,
135,62559,,,0.352780818939209,0.34002628922462463
136,62599,0.03387102857232094,1.0530216693878174,,
136,62649,0.009960667230188847,1.1549888849258423,,
136,62699,0.01833321712911129,1.007481336593628,,
136,62749,0.03825988247990608,1.0272202491760254,,
136,62799,0.021872282028198242,1.4346249103546143,,
136,62849,0.030778706073760986,1.1379475593566895,,
136,62899,0.14045913517475128,0.9596310257911682,,
136,62949,0.007472374942153692,1.0384809970855713,,
136,62999,0.022647462785243988,0.9515045285224915,,
136,63019,,,0.3607770502567291,0.3250475823879242
137,63049,0.023014264181256294,1.0450526475906372,,
137,63099,0.02335253544151783,0.8352677822113037,,
137,63149,0.029855497181415558,0.801081657409668,,
137,63199,0.012686518020927906,1.1894443035125732,,
137,63249,0.09462298452854156,0.601493239402771,,
137,63299,0.02151346020400524,1.2149553298950195,,
137,63349,0.009850209578871727,0.9297530651092529,,
137,63399,0.01896108128130436,1.0316441059112549,,
137,63449,0.04013079032301903,1.1830337047576904,,
137,63479,,,0.41536450386047363,0.22267206013202667
138,63499,0.01063550729304552,1.028918743133545,,
138,63549,0.010256098583340645,1.112022042274475,,
138,63599,0.01397700421512127,0.8139410614967346,,
138,63649,0.030724063515663147,0.9709728956222534,,
138,63699,0.02704867720603943,1.4398560523986816,,
138,63749,0.022627025842666626,0.7180085182189941,,
138,63799,0.02632344700396061,1.2141908407211304,,
138,63849,0.019833747297525406,1.14210844039917,,
138,63899,0.05136023461818695,0.5537939071655273,,
138,63939,,,0.38491949439048767,0.2931773066520691
139,63949,0.03507675975561142,0.916570782661438,,
139,63999,0.013192336075007915,1.3067150115966797,,
139,64049,0.01741819642484188,1.1093043088912964,,
139,64099,0.09438742697238922,0.6091368198394775,,
139,64149,0.017854534089565277,1.1131250858306885,,
139,64199,0.04385281354188919,0.7728530168533325,,
139,64249,0.028828606009483337,0.8874640464782715,,
139,64299,0.052922993898391724,1.2535209655761719,,
139,64349,0.07194975763559341,1.626984715461731,,
139,64399,0.018499290570616722,1.3905580043792725,,
139,64399,,,0.3719741404056549,0.30529481172561646
140,64449,0.1012672632932663,1.5755598545074463,,
140,64499,0.031654126942157745,0.9350959062576294,,
140,64549,0.038700297474861145,1.2653406858444214,,
140,64599,0.020102258771657944,0.7669485807418823,,
140,64649,0.06995576620101929,1.2628388404846191,,
140,64699,0.02605152502655983,0.6507258415222168,,
140,64749,0.036940302699804306,0.9835922718048096,,
140,64799,0.07845700532197952,0.7947719097137451,,
140,64849,0.03685788810253143,0.9293602705001831,,
140,64859,,,0.3768387734889984,0.2882927358150482
141,64899,0.019084036350250244,1.1305115222930908,,
141,64949,0.030609041452407837,1.1217846870422363,,
141,64999,0.032213468104600906,0.8889367580413818,,
141,65049,0.010349348187446594,0.8166719079017639,,
141,65099,0.014814823865890503,0.8927093744277954,,
141,65149,0.02523084357380867,0.838722288608551,,
141,65199,0.0780821144580841,1.0113627910614014,,
141,65249,0.025773562490940094,1.1139006614685059,,
141,65299,0.051861196756362915,0.9251088500022888,,
141,65319,,,0.37687036395072937,0.29105624556541443
142,65349,0.01148776151239872,1.1336250305175781,,
142,65399,0.007214275188744068,0.9877448081970215,,
142,65449,0.032356590032577515,1.0675383806228638,,
142,65499,0.09701620787382126,1.2920492887496948,,
142,65549,0.04727275297045708,0.6578126549720764,,
142,65599,0.10048706084489822,1.0194475650787354,,
142,65649,0.05101637542247772,0.8693295121192932,,
142,65699,0.028639299795031548,0.9204490184783936,,
142,65749,0.049061618745326996,0.9640840888023376,,
142,65779,,,0.36575132608413696,0.33948206901550293
143,65799,0.053378112614154816,0.7377239465713501,,
143,65849,0.03252683952450752,0.6465254426002502,,
143,65899,0.14020511507987976,0.9561648368835449,,
143,65949,0.03312232345342636,0.684019923210144,,
143,65999,0.026043422520160675,0.8860815167427063,,
143,66049,0.017795873805880547,0.9914297461509705,,
143,66099,0.03665618598461151,1.323127031326294,,
143,66149,0.018435915932059288,1.095462441444397,,
143,66199,0.013013732619583607,1.0533863306045532,,
143,66239,,,0.3566194772720337,0.36353200674057007
144,66249,0.015112575143575668,0.8798930048942566,,
144,66299,0.025895921513438225,0.6827935576438904,,
144,66349,0.07886312901973724,0.7030316591262817,,
144,66399,0.07775469124317169,0.927245020866394,,
144,66449,0.07221870124340057,0.9479820728302002,,
144,66499,0.04189126938581467,1.1271476745605469,,
144,66549,0.02120940573513508,1.2926790714263916,,
144,66599,0.1239289715886116,1.0176913738250732,,
144,66649,0.010649817064404488,0.9888257384300232,,
144,66699,0.016234546899795532,1.0183075666427612,,
144,66699,,,0.3889041543006897,0.28070905804634094
145,66749,0.08261604607105255,1.2687171697616577,,
145,66799,0.008167414925992489,1.0122973918914795,,
145,66849,0.01062033325433731,1.0326299667358398,,
145,66899,0.02271866984665394,1.1780164241790771,,
145,66949,0.01186621654778719,0.9129431247711182,,
145,66999,0.04114098101854324,1.4077939987182617,,
145,67049,0.034754447638988495,0.7399882674217224,,
145,67099,0.028585180640220642,0.9335525035858154,,
145,67149,0.03390974923968315,0.7605345845222473,,
145,67159,,,0.3847579061985016,0.2938259243965149
146,67199,0.07274047285318375,0.8719335794448853,,
146,67249,0.08722696453332901,1.0909161567687988,,
146,67299,0.030652053654193878,1.1125226020812988,,
146,67349,0.013736722059547901,0.6425270438194275,,
146,67399,0.016080068424344063,1.058394193649292,,
146,67449,0.0348283052444458,0.6556167602539062,,
146,67499,0.04800485074520111,1.1314655542373657,,
146,67549,0.055137962102890015,0.7114484906196594,,
146,67599,0.008738583885133266,0.9487196207046509,,
146,67619,,,0.36314648389816284,0.3723961114883423
147,67649,0.008329185657203197,1.039291501045227,,
147,67699,0.016207676380872726,0.8366590142250061,,
147,67749,0.037622902542352676,0.8619145750999451,,
147,67799,0.037216078490018845,1.0485162734985352,,
147,67849,0.012988460250198841,1.083345890045166,,
147,67899,0.06635991483926773,0.9160947799682617,,
147,67949,0.027377966791391373,0.7508019208908081,,
147,67999,0.06543097645044327,0.8975464701652527,,
147,68049,0.0673547238111496,0.8295449018478394,,
147,68079,,,0.3862113654613495,0.28525036573410034
148,68099,0.024823365733027458,1.0317907333374023,,
148,68149,0.008767101913690567,1.318113923072815,,
148,68199,0.054927557706832886,1.1146268844604492,,
148,68249,0.025062449276447296,0.8306772112846375,,
148,68299,0.013351175002753735,0.7807727456092834,,
148,68349,0.013601090759038925,1.1128168106079102,,
148,68399,0.06237993761897087,0.9570513367652893,,
148,68449,0.017160164192318916,1.0604678392410278,,
148,68499,0.014025576412677765,1.1061420440673828,,
148,68539,,,0.34300050139427185,0.3565236032009125
149,68549,0.1097579225897789,1.3147038221359253,,
149,68599,0.016081828624010086,1.2237424850463867,,
149,68649,0.11195021867752075,1.3017756938934326,,
149,68699,0.023093242198228836,1.023640751838684,,
149,68749,0.01710999570786953,1.050710916519165,,
149,68799,0.020628616213798523,1.2348754405975342,,
149,68849,0.0165080726146698,0.8887653350830078,,
149,68899,0.009379908442497253,1.0182311534881592,,
149,68949,0.08324549347162247,0.80403071641922,,
149,68999,0.010066832415759563,0.7083605527877808,,
149,68999,,,0.3716719150543213,0.3178611695766449
150,69049,0.008751459419727325,1.1109941005706787,,
150,69099,0.022999357432127,1.0201880931854248,,
150,69149,0.04273698478937149,1.0378525257110596,,
150,69199,0.015439906157553196,0.7379992008209229,,
150,69249,0.15863145887851715,0.8134404420852661,,
150,69299,0.07159609347581863,0.6789841651916504,,
150,69349,0.02072322927415371,0.7100292444229126,,
150,69399,0.0530291423201561,1.1914674043655396,,
150,69449,0.014339798130095005,0.9379689693450928,,
150,69459,,,0.3485846519470215,0.372447669506073
151,69499,0.07441429048776627,0.5899530649185181,,
151,69549,0.0121070621535182,1.0679101943969727,,
151,69599,0.15536877512931824,0.6571264266967773,,
151,69649,0.009844189509749413,1.2734557390213013,,
151,69699,0.07201800495386124,0.7780824899673462,,
151,69749,0.023162953555583954,0.828609824180603,,
151,69799,0.015675166621804237,0.7103263735771179,,
151,69849,0.021829577162861824,1.0103964805603027,,
151,69899,0.03359631448984146,0.9719663262367249,,
151,69919,,,0.3816857635974884,0.28485673666000366
152,69949,0.02283620275557041,0.923831582069397,,
152,69999,0.0976976528763771,1.5233417749404907,,
152,70049,0.028176361694931984,0.7116963863372803,,
152,70099,0.04271186888217926,0.8772232532501221,,
152,70149,0.055411066859960556,1.0900452136993408,,
152,70199,0.01743445172905922,1.1353524923324585,,
152,70249,0.1427115648984909,0.7659635543823242,,
152,70299,0.030572645366191864,0.893657386302948,,
152,70349,0.025381609797477722,0.805545449256897,,
152,70379,,,0.38123950362205505,0.32294386625289917
153,70399,0.010016669519245625,1.0324044227600098,,
153,70449,0.02742394059896469,0.981524646282196,,
153,70499,0.01671011932194233,0.967388391494751,,
153,70549,0.020624442026019096,1.0899808406829834,,
153,70599,0.05180744081735611,0.9766708612442017,,
153,70649,0.024399828165769577,0.8890343904495239,,
153,70699,0.013360637240111828,1.0285724401474,,
153,70749,0.010343164205551147,1.3264641761779785,,
153,70799,0.05221450328826904,0.7987844944000244,,
153,70839,,,0.3665357232093811,0.257005900144577
154,70849,0.014631778933107853,1.311852216720581,,
154,70899,0.009524041786789894,1.3292346000671387,,
154,70949,0.05001144856214523,0.9507404565811157,,
154,70999,0.04434168338775635,0.8608097434043884,,
154,71049,0.10823608934879303,0.8122026324272156,,
154,71099,0.05350498855113983,1.2923544645309448,,
154,71149,0.022445080801844597,0.7498583793640137,,
154,71199,0.07774405181407928,0.6770901679992676,,
154,71249,0.0210115909576416,1.2055402994155884,,
154,71299,0.006167666055262089,0.840678870677948,,
154,71299,,,0.38863101601600647,0.26698094606399536
155,71349,0.12660515308380127,1.0169018507003784,,
155,71399,0.02352186292409897,0.8558605909347534,,
155,71449,0.06958657503128052,1.1865501403808594,,
155,71499,0.07821813970804214,0.8062765002250671,,
155,71549,0.021984374150633812,1.7157559394836426,,
155,71599,0.033841170370578766,1.2037570476531982,,
155,71649,0.013297365978360176,1.1284370422363281,,
155,71699,0.02990865707397461,1.0746355056762695,,
155,71749,0.04769578203558922,0.6704475283622742,,
155,71759,,,0.35180291533470154,0.40259280800819397
156,71799,0.017987478524446487,1.3915835618972778,,
156,71849,0.06202395260334015,0.6799608469009399,,
156,71899,0.03821444511413574,1.0558369159698486,,
156,71949,0.028859784826636314,1.1380069255828857,,
156,71999,0.0794626921415329,0.6148909330368042,,
156,72049,0.08587104082107544,1.3322633504867554,,
156,72099,0.007664577104151249,0.9665098190307617,,
156,72149,0.00577824842184782,0.8663834929466248,,
156,72199,0.018229592591524124,1.1139824390411377,,
156,72219,,,0.34914472699165344,0.346865177154541
157,72249,0.027739040553569794,0.9107948541641235,,
157,72299,0.042063526809215546,1.4882383346557617,,
157,72349,0.01976701058447361,0.7797555923461914,,
157,72399,0.018886512145400047,0.9762253761291504,,
157,72449,0.04516717046499252,0.83619624376297,,
157,72499,0.010655914433300495,0.8972481489181519,,
157,72549,0.06875906884670258,1.3030798435211182,,
157,72599,0.030471496284008026,1.009954571723938,,
157,72649,0.01290527731180191,0.9896742105484009,,
157,72679,,,0.36155620217323303,0.3601350784301758
158,72699,0.0165424607694149,1.1901534795761108,,
158,72749,0.02380736730992794,1.2143833637237549,,
158,72799,0.024717891588807106,0.7066664695739746,,
158,72849,0.015281963162124157,0.7616501450538635,,
158,72899,0.010091209784150124,1.0387016534805298,,
158,72949,0.012680377811193466,1.3615764379501343,,
158,72999,0.011702047660946846,1.0964055061340332,,
158,73049,0.057434048503637314,0.6355513334274292,,
158,73099,0.040122367441654205,0.923581600189209,,
158,73139,,,0.3774717450141907,0.3514762818813324
159,73149,0.03165290132164955,1.0800800323486328,,
159,73199,0.04000087454915047,0.8909591436386108,,
159,73249,0.04239202290773392,0.6973976492881775,,
159,73299,0.04482425004243851,0.8874533772468567,,
159,73349,0.04230186343193054,0.8763449788093567,,
159,73399,0.029746398329734802,1.153304934501648,,
159,73449,0.021422995254397392,1.086121678352356,,
159,73499,0.03101104125380516,1.1441221237182617,,
159,73549,0.023037970066070557,0.961933970451355,,
159,73599,0.12054698914289474,0.6622311472892761,,
159,73599,,,0.36654484272003174,0.29295819997787476
160,73649,0.04764975979924202,0.8093163967132568,,
160,73699,0.14233964681625366,1.2393091917037964,,
160,73749,0.13280166685581207,1.1198608875274658,,
160,73799,0.05803968012332916,0.7796292304992676,,
160,73849,0.015154827386140823,1.1646862030029297,,
160,73899,0.03538866341114044,1.1034120321273804,,
160,73949,0.15727464854717255,0.6739935874938965,,
160,73999,0.0543910413980484,1.09489905834198,,
160,74049,0.04594724625349045,0.8986877202987671,,
160,74059,,,0.3859511911869049,0.27990421652793884
161,74099,0.010684600099921227,1.1706401109695435,,
161,74149,0.013002081774175167,1.1414780616760254,,
161,74199,0.007378689479082823,0.9848978519439697,,
161,74249,0.012760882265865803,1.0539900064468384,,
161,74299,0.06309888511896133,0.8639810085296631,,
161,74349,0.019806332886219025,0.7147129774093628,,
161,74399,0.016298450529575348,0.691937267780304,,
161,74449,0.03405051678419113,1.1181432008743286,,
161,74499,0.018054887652397156,1.0342068672180176,,
161,74519,,,0.3550149202346802,0.273972749710083
162,74549,0.012849436141550541,0.8439379930496216,,
162,74599,0.060959592461586,0.6603217720985413,,
162,74649,0.0464535690844059,1.3630895614624023,,
162,74699,0.020524753257632256,1.1111210584640503,,
162,74749,0.061714038252830505,1.139338493347168,,
162,74799,0.022143369540572166,1.0197231769561768,,
162,74849,0.1474199742078781,0.7876890897750854,,
162,74899,0.016658442094922066,0.9706593751907349,,
162,74949,0.029364939779043198,1.0115809440612793,,
162,74979,,,0.3724437355995178,0.3401215374469757
163,74999,0.02413015067577362,0.7717219591140747,,
163,75049,0.04227200150489807,0.8923314213752747,,
163,75099,0.027017300948500633,1.2802999019622803,,
163,75149,0.03890293091535568,1.487904667854309,,
163,75199,0.016285086050629616,0.9336161017417908,,
163,75249,0.02906058169901371,1.4791364669799805,,
163,75299,0.016821376979351044,1.6709513664245605,,
163,75349,0.10949186235666275,0.7503104209899902,,
163,75399,0.017124034464359283,1.006213903427124,,
163,75439,,,0.35740524530410767,0.2991020977497101
164,75449,0.10516489297151566,1.2368084192276,,
164,75499,0.009053822606801987,0.49922624230384827,,
164,75549,0.03680199384689331,0.7805247902870178,,
164,75599,0.10235019028186798,1.1297955513000488,,
164,75649,0.030192844569683075,1.3489789962768555,,
164,75699,0.022133270278573036,1.0558747053146362,,
164,75749,0.11769720911979675,1.4827619791030884,,
164,75799,0.03555954247713089,0.9383813738822937,,
164,75849,0.012947361916303635,0.8379878997802734,,
164,75899,0.012649605050683022,1.2010209560394287,,
164,75899,,,0.31519386172294617,0.34426864981651306
165,75949,0.021278446540236473,1.2858867645263672,,
165,75999,0.048935405910015106,0.6515201330184937,,
165,76049,0.02890751324594021,0.704617977142334,,
165,76099,0.01551475003361702,0.7351770401000977,,
165,76149,0.09697110205888748,0.7339662909507751,,
165,76199,0.008528687991201878,1.1409666538238525,,
165,76249,0.012525012716650963,0.9855169057846069,,
165,76299,0.013260360807180405,1.276785135269165,,
165,76349,0.045133888721466064,1.0336971282958984,,
165,76359,,,0.3608665466308594,0.3074687719345093
166,76399,0.03941943123936653,1.1566336154937744,,
166,76449,0.04910952225327492,0.8642851710319519,,
166,76499,0.025412604212760925,0.9486075639724731,,
166,76549,0.04984200745820999,1.248421549797058,,
166,76599,0.257473886013031,0.892141580581665,,
166,76649,0.0250900536775589,0.9917222857475281,,
166,76699,0.012942432425916195,0.5915879607200623,,
166,76749,0.019739840179681778,0.9373807907104492,,
166,76799,0.08961120247840881,1.2860300540924072,,
166,76819,,,0.3561478853225708,0.32724085450172424
167,76849,0.031270675361156464,0.8215279579162598,,
167,76899,0.03575072064995766,0.9155913591384888,,
167,76949,0.0773003101348877,1.2116163969039917,,
167,76999,0.02939387783408165,0.9835610389709473,,
167,77049,0.07405292987823486,0.8102770447731018,,
167,77099,0.022588154301047325,1.0210121870040894,,
167,77149,0.024426162242889404,1.3396333456039429,,
167,77199,0.014985140413045883,1.2884169816970825,,
167,77249,0.03719310089945793,1.192274570465088,,
167,77279,,,0.2851043939590454,0.350837767124176
168,77299,0.03431953489780426,1.1941417455673218,,
168,77349,0.007898745127022266,0.8914898633956909,,
168,77399,0.008415316231548786,1.146683692932129,,
168,77449,0.026503214612603188,0.9890298843383789,,
168,77499,0.02495257370173931,0.8760647773742676,,
168,77549,0.023686498403549194,1.0946755409240723,,
168,77599,0.04670947045087814,0.5278449058532715,,
168,77649,0.05807851254940033,1.2466590404510498,,
168,77699,0.009086353704333305,1.050799012184143,,
168,77739,,,0.38753023743629456,0.28300395607948303
169,77749,0.020967893302440643,1.1511832475662231,,
169,77799,0.012697516940534115,0.7988830804824829,,
169,77849,0.09745585173368454,0.6482782363891602,,
169,77899,0.03948080167174339,1.0453224182128906,,
169,77949,0.0184308011084795,1.3629326820373535,,
169,77999,0.08176122605800629,1.0863922834396362,,
169,78049,0.05216296762228012,0.7838122844696045,,
169,78099,0.034689728170633316,1.3265149593353271,,
169,78149,0.0354425348341465,1.183214545249939,,
169,78199,0.10809563100337982,1.145606279373169,,
169,78199,,,0.38073328137397766,0.3750976324081421
170,78249,0.013296915218234062,0.970024585723877,,
170,78299,0.02512672170996666,0.9234805107116699,,
170,78349,0.01762613281607628,1.251617670059204,,
170,78399,0.019503887742757797,1.190644383430481,,
170,78449,0.03048577532172203,1.1469111442565918,,
170,78499,0.03669102117419243,1.0994248390197754,,
170,78549,0.018303094431757927,1.086333155632019,,
170,78599,0.02285941317677498,1.175605297088623,,
170,78649,0.062448650598526,0.7923564910888672,,
170,78659,,,0.37100768089294434,0.3531813323497772
171,78699,0.028569940477609634,1.356837511062622,,
171,78749,0.029310446232557297,0.8065833449363708,,
171,78799,0.022225338965654373,0.7548879384994507,,
171,78849,0.009280985221266747,1.142706036567688,,
171,78899,0.01304141990840435,0.9243342876434326,,
171,78949,0.02398984506726265,0.8391458988189697,,
171,78999,0.019891545176506042,1.1011316776275635,,
171,79049,0.011136658489704132,0.9235200881958008,,
171,79099,0.03270185738801956,0.8797221779823303,,
171,79119,,,0.36740726232528687,0.3645811378955841
172,79149,0.026257535442709923,1.1504004001617432,,
172,79199,0.009759833104908466,0.8385679721832275,,
172,79249,0.06874790787696838,1.556044101715088,,
172,79299,0.04462047666311264,1.0052465200424194,,
172,79349,0.020787976682186127,0.7497787475585938,,
172,79399,0.05186662822961807,0.4744461178779602,,
172,79449,0.025024523958563805,1.439981460571289,,
172,79499,0.020112989470362663,1.0637540817260742,,
172,79549,0.061508309096097946,0.7787826061248779,,
172,79579,,,0.38914814591407776,0.2964506447315216
173,79599,0.08006554841995239,1.7904694080352783,,
173,79649,0.012579099275171757,0.8555098176002502,,
173,79699,0.15132156014442444,2.0989160537719727,,
173,79749,0.008356962352991104,1.0678119659423828,,
173,79799,0.008881773799657822,1.3514518737792969,,
173,79849,0.009014353156089783,1.2652392387390137,,
173,79899,0.024080540984869003,1.206514835357666,,
173,79949,0.011758260428905487,1.1293370723724365,,
173,79999,0.03187812119722366,0.7246814966201782,,
173,80039,,,0.3419650197029114,0.3140419125556946
174,80049,0.010729276575148106,1.1289520263671875,,
174,80099,0.04897937923669815,0.7842101454734802,,
174,80149,0.030613187700510025,0.9259196519851685,,
174,80199,0.10307600349187851,0.8258166313171387,,
174,80249,0.09044218063354492,1.4260907173156738,,
174,80299,0.03651241958141327,1.3502483367919922,,
174,80349,0.01969893090426922,0.9192487001419067,,
174,80399,0.005984935909509659,1.2402222156524658,,
174,80449,0.06784544140100479,0.7978647947311401,,
174,80499,0.007977459579706192,0.9350973963737488,,
174,80499,,,0.3642308712005615,0.35950878262519836
175,80549,0.009225530549883842,0.8230045437812805,,
175,80599,0.010991521179676056,0.8789409399032593,,
175,80649,0.02812538668513298,0.7083426713943481,,
175,80699,0.04924418032169342,1.048224925994873,,
175,80749,0.050111398100852966,1.2004891633987427,,
175,80799,0.02765825390815735,0.7977592945098877,,
175,80849,0.02714850939810276,0.8629578351974487,,
175,80899,0.017966456711292267,1.2292664051055908,,
175,80949,0.02655950002372265,0.926359236240387,,
175,80959,,,0.3608982264995575,0.3436790406703949
176,80999,0.027186669409275055,0.8340191841125488,,
176,81049,0.014703556895256042,0.7747972011566162,,
176,81099,0.04070895165205002,0.7858587503433228,,
176,81149,0.10384704172611237,1.3381803035736084,,
176,81199,0.03141232952475548,1.2505837678909302,,
176,81249,0.024674085900187492,1.0035070180892944,,
176,81299,0.043735165148973465,0.8640058040618896,,
176,81349,0.046799831092357635,0.9756301045417786,,
176,81399,0.03165280818939209,1.1457479000091553,,
176,81419,,,0.3764325976371765,0.3511308431625366
177,81449,0.05969339236617088,1.176653504371643,,
177,81499,0.006848419085144997,0.8491948843002319,,
177,81549,0.012623518705368042,1.0241317749023438,,
177,81599,0.06113969534635544,0.6820478439331055,,
177,81649,0.008904416114091873,0.8138842582702637,,
177,81699,0.03427581116557121,0.5580015182495117,,
177,81749,0.024375349283218384,0.9286007881164551,,
177,81799,0.029315821826457977,1.075923204421997,,
177,81849,0.06639900803565979,0.8364768624305725,,
177,81879,,,0.36743736267089844,0.33659178018569946
178,81899,0.01792573370039463,1.379089117050171,,
178,81949,0.015346324071288109,1.1291835308074951,,
178,81999,0.03344446048140526,0.7599679827690125,,
178,82049,0.024846021085977554,1.0216950178146362,,
178,82099,0.08521363139152527,0.6862550973892212,,
178,82149,0.007148662582039833,0.9863573908805847,,
178,82199,0.01981195993721485,1.4627256393432617,,
178,82249,0.03331707417964935,1.124100923538208,,
178,82299,0.027602998539805412,0.9802567958831787,,
178,82339,,,0.3754957616329193,0.26624253392219543
179,82349,0.038012824952602386,0.6834015250205994,,
179,82399,0.025917857885360718,1.5291836261749268,,
179,82449,0.02447851002216339,0.7457658648490906,,
179,82499,0.008425615727901459,1.0839695930480957,,
179,82549,0.00848306342959404,0.983091413974762,,
179,82599,0.05335542559623718,1.1848270893096924,,
179,82649,0.06759004294872284,0.6547518968582153,,
179,82699,0.03481355309486389,1.1235108375549316,,
179,82749,0.05931835621595383,1.1987673044204712,,
179,82799,0.055173859000205994,0.6244244575500488,,
179,82799,,,0.4017414152622223,0.23183093965053558
180,82849,0.05032592639327049,1.5505905151367188,,
180,82899,0.12381352484226227,1.3877873420715332,,
180,82949,0.06848445534706116,1.2944055795669556,,
180,82999,0.01099354587495327,1.171938419342041,,
180,83049,0.04465757682919502,0.8086415529251099,,
180,83099,0.1133459284901619,1.0341368913650513,,
180,83149,0.010690143331885338,0.9172447919845581,,
180,83199,0.02062075398862362,1.0295082330703735,,
180,83249,0.014908156357705593,1.100576639175415,,
180,83259,,,0.36786219477653503,0.27659687399864197
181,83299,0.04911583662033081,1.2844221591949463,,
181,83349,0.01377142034471035,0.8371769189834595,,
181,83399,0.023632898926734924,1.2246992588043213,,
181,83449,0.04096239060163498,1.0939184427261353,,
181,83499,0.11993715167045593,1.208182454109192,,
181,83549,0.010102282278239727,0.9644531607627869,,
181,83599,0.008323108777403831,1.3724490404129028,,
181,83649,0.04608851298689842,0.6760562658309937,,
181,83699,0.021558884531259537,1.1951497793197632,,
181,83719,,,0.37849220633506775,0.28590455651283264
182,83749,0.02754988521337509,0.8436884880065918,,
182,83799,0.008799934759736061,0.9489598274230957,,
182,83849,0.0064386362209916115,0.8813967108726501,,
182,83899,0.024695662781596184,1.0791171789169312,,
182,83949,0.07916384190320969,1.4043850898742676,,
182,83999,0.010524582117795944,1.0478222370147705,,
182,84049,0.015611451119184494,1.0341986417770386,,
182,84099,0.021258555352687836,1.0535203218460083,,
182,84149,0.008615070022642612,0.8650164604187012,,
182,84179,,,0.38722869753837585,0.25343775749206543
183,84199,0.026905028149485588,0.8400689363479614,,
183,84249,0.038518026471138,0.7951456308364868,,
183,84299,0.009813357144594193,0.8297140598297119,,
183,84349,0.02523769997060299,0.9357452392578125,,
183,84399,0.02728665992617607,0.9167685508728027,,
183,84449,0.046658094972372055,1.0626815557479858,,
183,84499,0.017596744000911713,1.176496148109436,,
183,84549,0.04359595477581024,1.4544264078140259,,
183,84599,0.05446730554103851,1.1855120658874512,,
183,84639,,,0.3597935140132904,0.2803698480129242
184,84649,0.07687447965145111,0.8096245527267456,,
184,84699,0.056787583976984024,1.1696391105651855,,
184,84749,0.018199250102043152,1.3995637893676758,,
184,84799,0.041211869567632675,1.2213021516799927,,
184,84849,0.013983934186398983,1.1433930397033691,,
184,84899,0.023455580696463585,0.976323127746582,,
184,84949,0.029353631660342216,1.0404794216156006,,
184,84999,0.036452144384384155,1.3496451377868652,,
184,85049,0.006293813232332468,0.7979391813278198,,
184,85099,0.031009964644908905,1.2205100059509277,,
184,85099,,,0.39460787177085876,0.228485569357872
185,85149,0.02548127807676792,1.007584810256958,,
185,85199,0.014306880533695221,1.0381603240966797,,
185,85249,0.03557995706796646,0.9715597033500671,,
185,85299,0.023587128147482872,0.9039448499679565,,
185,85349,0.017581922933459282,0.8069353699684143,,
185,85399,0.05048405006527901,0.8897413611412048,,
185,85449,0.027612309902906418,0.7994496822357178,,
185,85499,0.015951642766594887,0.9811545610427856,,
185,85549,0.06105080246925354,0.9381229877471924,,
185,85559,,,0.34920063614845276,0.32339534163475037
186,85599,0.01591154932975769,1.0751900672912598,,
186,85649,0.035717837512493134,0.9351768493652344,,
186,85699,0.03306922689080238,1.1596872806549072,,
186,85749,0.17615798115730286,1.0365276336669922,,
186,85799,0.00736964913085103,0.959358274936676,,
186,85849,0.006666008848696947,1.2652573585510254,,
186,85899,0.05605946108698845,1.0331510305404663,,
186,85949,0.020610744133591652,1.2485243082046509,,
186,85999,0.0166679248213768,1.0041558742523193,,
186,86019,,,0.36938172578811646,0.3099730312824249
187,86049,0.0336415134370327,1.0216038227081299,,
187,86099,0.015263430774211884,0.7187938690185547,,
187,86149,0.027099406346678734,0.9748513698577881,,
187,86199,0.048854175955057144,0.7388546466827393,,
187,86249,0.007720295339822769,0.9756580591201782,,
187,86299,0.0236961767077446,0.9545661211013794,,
187,86349,0.02109464630484581,0.8095382452011108,,
187,86399,0.015813643112778664,0.6898975372314453,,
187,86449,0.10590757429599762,1.1077536344528198,,
187,86479,,,0.3702069818973541,0.3165801465511322
188,86499,0.0325341522693634,0.845628023147583,,
188,86549,0.1026398167014122,1.5056229829788208,,
188,86599,0.007891827262938023,1.1957905292510986,,
188,86649,0.10696521401405334,0.7313425540924072,,
188,86699,0.018590189516544342,1.2214444875717163,,
188,86749,0.06664667278528214,1.0880776643753052,,
188,86799,0.026224739849567413,0.7887281775474548,,
188,86849,0.01692337542772293,0.8567478656768799,,
188,86899,0.05963646620512009,1.207895040512085,,
188,86939,,,0.3465892970561981,0.29909828305244446
189,86949,0.02347377873957157,0.8738640546798706,,
189,86999,0.027300558984279633,1.3204041719436646,,
189,87049,0.04484773054718971,0.8771830201148987,,
189,87099,0.013124770484864712,0.9935662150382996,,
189,87149,0.04442514479160309,0.813076376914978,,
189,87199,0.007232895586639643,1.1626882553100586,,
189,87249,0.03371315076947212,0.6735168695449829,,
189,87299,0.024052781984210014,0.9095901250839233,,
189,87349,0.0455528162419796,0.6289896965026855,,
189,87399,0.05106564983725548,2.050081729888916,,
189,87399,,,0.405689001083374,0.29247748851776123
190,87449,0.020823661237955093,0.8225472569465637,,
190,87499,0.010221956297755241,1.3880956172943115,,
190,87549,0.06021750345826149,0.8379921913146973,,
190,87599,0.017567764967679977,1.1250019073486328,,
190,87649,0.00850384309887886,1.0003814697265625,,
190,87699,0.019029423594474792,0.6798654794692993,,
190,87749,0.005937579087913036,1.4959499835968018,,
190,87799,0.1312587410211563,0.8600362539291382,,
190,87849,0.04012669250369072,0.8841549158096313,,
190,87859,,,0.3844037652015686,0.3346669673919678
191,87899,0.06682565808296204,1.2260839939117432,,
191,87949,0.047503188252449036,1.2425072193145752,,
191,87999,0.02888762578368187,0.9757908582687378,,
191,88049,0.0077547794207930565,1.092462420463562,,
191,88099,0.03925906866788864,0.7334519624710083,,
191,88149,0.04800601303577423,1.0487143993377686,,
191,88199,0.00754111772403121,1.5847514867782593,,
191,88249,0.008299851790070534,1.0461475849151611,,
191,88299,0.02883955091238022,1.2691566944122314,,
191,88319,,,0.3875984251499176,0.2979678511619568
192,88349,0.03987643122673035,1.114123821258545,,
192,88399,0.021809261292219162,1.1591016054153442,,
192,88449,0.02396063506603241,0.8564387559890747,,
192,88499,0.018697300925850868,1.3222382068634033,,
192,88549,0.025347236543893814,0.7974610328674316,,
192,88599,0.012016991153359413,0.9638752937316895,,
192,88649,0.016825126484036446,0.7797611951828003,,
192,88699,0.018625883385539055,1.1354435682296753,,
192,88749,0.016170520335435867,0.9235957264900208,,
192,88779,,,0.3813829720020294,0.29389819502830505
193,88799,0.09242911636829376,1.1766815185546875,,
193,88849,0.010626841336488724,0.6935065984725952,,
193,88899,0.029370801523327827,0.7527713775634766,,
193,88949,0.07263088971376419,1.266621470451355,,
193,88999,0.028831467032432556,0.7053802013397217,,
193,89049,0.034329380840063095,0.9896926879882812,,
193,89099,0.1142495721578598,1.3166217803955078,,
193,89149,0.0126265250146389,1.040719985961914,,
193,89199,0.045939914882183075,0.7644685506820679,,
193,89239,,,0.26153692603111267,0.43308499455451965
194,89249,0.03903390094637871,0.918062150478363,,
194,89299,0.008035967126488686,0.8863023519515991,,
194,89349,0.006592290010303259,1.1658023595809937,,
194,89399,0.0060891443863511086,0.740334689617157,,
194,89449,0.02232447825372219,0.9251236915588379,,
194,89499,0.017258059233427048,0.5412001609802246,,
194,89549,0.010497394017875195,1.4471527338027954,,
194,89599,0.010120691731572151,1.0163999795913696,,
194,89649,0.018284287303686142,0.8573158979415894,,
194,89699,0.06472158432006836,1.3216184377670288,,
194,89699,,,0.35890355706214905,0.36113497614860535
195,89749,0.024037975817918777,0.8189870715141296,,
195,89799,0.027086332440376282,0.9519751667976379,,
195,89849,0.033669523894786835,0.8328405022621155,,
195,89899,0.017322108149528503,0.9085878133773804,,
195,89949,0.032597869634628296,1.0351049900054932,,
195,89999,0.007365575060248375,1.1326892375946045,,
195,90049,0.007133708335459232,0.9834715127944946,,
195,90099,0.02168361097574234,0.7249549627304077,,
195,90149,0.025467827916145325,0.8754002451896667,,
195,90159,,,0.38342660665512085,0.2676262855529785
196,90199,0.016621220856904984,0.8716802597045898,,
196,90249,0.06645243614912033,0.815484881401062,,
196,90299,0.014138061553239822,0.935714602470398,,
196,90349,0.033755067735910416,1.0721440315246582,,
196,90399,0.018251517787575722,1.0067888498306274,,
196,90449,0.01585680991411209,0.9776102304458618,,
196,90499,0.05175597965717316,0.8681960105895996,,
196,90549,0.017662368714809418,1.1064579486846924,,
196,90599,0.021599270403385162,1.5197160243988037,,
196,90619,,,0.37861156463623047,0.26556071639060974
197,90649,0.010820263996720314,0.9843145608901978,,
197,90699,0.038068294525146484,1.3931142091751099,,
197,90749,0.049989644438028336,0.7012178897857666,,
197,90799,0.05428621917963028,0.997769832611084,,
197,90849,0.03291546553373337,0.6488538980484009,,
197,90899,0.008823138661682606,1.2571001052856445,,
197,90949,0.0071214656345546246,0.6870691776275635,,
197,90999,0.031192850321531296,1.132106065750122,,
197,91049,0.012996871024370193,0.9988341331481934,,
197,91079,,,0.3721354007720947,0.28498464822769165
198,91099,0.033587612211704254,0.9893937706947327,,
198,91149,0.016620421782135963,1.0009005069732666,,
198,91199,0.023008311167359352,1.168672800064087,,
198,91249,0.013505671173334122,1.81610906124115,,
198,91299,0.006958216894418001,0.9613438844680786,,
198,91349,0.009949354454874992,1.0768039226531982,,
198,91399,0.014547999948263168,1.0253547430038452,,
198,91449,0.04986429214477539,1.0163023471832275,,
198,91499,0.028360415250062943,1.0374778509140015,,
198,91539,,,0.3892529308795929,0.2388075888156891
199,91549,0.007542533800005913,0.9319165945053101,,
199,91599,0.04787057265639305,0.6442297101020813,,
199,91649,0.005944239906966686,1.210672378540039,,
199,91699,0.01158403605222702,1.1191705465316772,,
199,91749,0.024044986814260483,1.2260429859161377,,
199,91799,0.017119688913226128,1.1345854997634888,,
199,91849,0.05062057822942734,1.3153388500213623,,
199,91899,0.01594754494726658,1.4042490720748901,,
199,91949,0.013672550208866596,0.9752514362335205,,
199,91999,0.006417031865566969,1.3200865983963013,,
199,91999,,,0.36854037642478943,0.3518297076225281
200,92049,0.11075492948293686,1.2462202310562134,,
200,92099,0.03236100822687149,0.8028867244720459,,
200,92149,0.034111276268959045,1.278570294380188,,
200,92199,0.015888746827840805,0.9013006687164307,,
200,92249,0.009758627973496914,0.9295521378517151,,
200,92299,0.02455775812268257,0.905292272567749,,
200,92349,0.07672430574893951,0.3901512026786804,,
200,92399,0.01738094724714756,0.8977601528167725,,
200,92449,0.026241682469844818,0.8238832354545593,,
200,92459,,,0.37806078791618347,0.32233336567878723
201,92499,0.17843389511108398,0.8548818230628967,,
201,92549,0.018806906417012215,1.0802276134490967,,
201,92599,0.015604764223098755,1.0525875091552734,,
201,92649,0.012792780995368958,1.1656854152679443,,
201,92699,0.03103073686361313,0.8570009469985962,,
201,92749,0.007356695830821991,1.0332138538360596,,
201,92799,0.04191306233406067,0.6721223592758179,,
201,92849,0.023306909948587418,1.124891996383667,,
201,92899,0.026665497571229935,0.6983731389045715,,
201,92919,,,0.3748263120651245,0.2898288667201996
202,92949,0.026170413941144943,0.9893727898597717,,
202,92999,0.0066371941938996315,0.9568594694137573,,
202,93049,0.04293639585375786,0.8810796737670898,,
202,93099,0.023318545892834663,0.8847627639770508,,
202,93149,0.012594811618328094,0.9098321199417114,,
202,93199,0.027199964970350266,0.8163020610809326,,
202,93249,0.04530990123748779,0.7568943500518799,,
202,93299,0.010136447846889496,0.8319745063781738,,
202,93349,0.0369032584130764,0.8348975777626038,,
202,93379,,,0.41573846340179443,0.2425438016653061
203,93399,0.022185757756233215,0.9050548076629639,,
203,93449,0.011870813556015491,1.2952728271484375,,
203,93499,0.04408489540219307,1.199039340019226,,
203,93549,0.025493662804365158,1.5019391775131226,,
203,93599,0.0562889538705349,0.6049723625183105,,
203,93649,0.03424229100346565,0.6127373576164246,,
203,93699,0.008078336715698242,0.9100430607795715,,
203,93749,0.025882449001073837,1.1262975931167603,,
203,93799,0.025015994906425476,0.90290367603302,,
203,93839,,,0.3890371024608612,0.3210562467575073
204,93849,0.09081639349460602,1.2741678953170776,,
204,93899,0.011037981137633324,0.945286750793457,,
204,93949,0.03649076074361801,1.1330393552780151,,
204,93999,0.11700153350830078,0.7272138595581055,,
204,94049,0.11372534930706024,1.2824018001556396,,
204,94099,0.1176672950387001,1.0223109722137451,,
204,94149,0.01267930306494236,1.2070027589797974,,
204,94199,0.03390594571828842,1.1279804706573486,,
204,94249,0.01904406026005745,1.0809475183486938,,
204,94299,0.04907791689038277,1.1162196397781372,,
204,94299,,,0.34106162190437317,0.3291558623313904
205,94349,0.013920853845775127,0.8077981472015381,,
205,94399,0.012190493755042553,0.9956135749816895,,
205,94449,0.05815846472978592,1.599632978439331,,
205,94499,0.06366510689258575,0.9022578001022339,,
205,94549,0.014912677928805351,1.0244640111923218,,
205,94599,0.0309439767152071,0.7773204445838928,,
205,94649,0.04497944563627243,0.655392587184906,,
205,94699,0.015674304217100143,0.8042045831680298,,
205,94749,0.14629922807216644,0.6309773921966553,,
205,94759,,,0.38155215978622437,0.27087974548339844
206,94799,0.08113071322441101,0.6217542886734009,,
206,94849,0.04122823849320412,0.9391635656356812,,
206,94899,0.008211376145482063,1.392106294631958,,
206,94949,0.024777818471193314,0.6223093867301941,,
206,94999,0.010358416475355625,1.363327145576477,,
206,95049,0.11126960068941116,0.5839359164237976,,
206,95099,0.17410704493522644,0.8769060969352722,,
206,95149,0.051065996289253235,0.8476982116699219,,
206,95199,0.013209132477641106,0.8388005495071411,,
206,95219,,,0.39434725046157837,0.2575768828392029
207,95249,0.033864330500364304,0.8515813946723938,,
207,95299,0.022356033325195312,0.9010346531867981,,
207,95349,0.016707023605704308,1.029863953590393,,
207,95399,0.024767402559518814,0.8967396020889282,,
207,95449,0.03663763776421547,0.9204083681106567,,
207,95499,0.0216169822961092,0.7924168109893799,,
207,95549,0.019494064152240753,0.8432174921035767,,
207,95599,0.011859342455863953,1.0555198192596436,,
207,95649,0.061149924993515015,0.6031389236450195,,
207,95679,,,0.3846985697746277,0.30604681372642517
208,95699,0.04246363043785095,0.6687066555023193,,
208,95749,0.08932220935821533,0.6526427865028381,,
208,95799,0.00591345876455307,1.0924265384674072,,
208,95849,0.049471937119960785,0.5849844217300415,,
208,95899,0.06604767590761185,0.7683069705963135,,
208,95949,0.014596076682209969,0.8812149167060852,,
208,95999,0.043563902378082275,1.1168591976165771,,
208,96049,0.11127519607543945,0.8894169330596924,,
208,96099,0.17735634744167328,0.5024558901786804,,
208,96139,,,0.27673256397247314,0.39344796538352966
209,96149,0.05572432652115822,1.0145809650421143,,
209,96199,0.01562321837991476,1.4266672134399414,,
209,96249,0.01175092812627554,1.166220784187317,,
209,96299,0.044988878071308136,0.6770522594451904,,
209,96349,0.08730245381593704,0.8248039484024048,,
209,96399,0.09892182052135468,0.8063485622406006,,
209,96449,0.015077090822160244,0.9548263549804688,,
209,96499,0.20527981221675873,0.58870530128479,,
209,96549,0.026568539440631866,1.1304960250854492,,
209,96599,0.014269204810261726,1.2183653116226196,,
209,96599,,,0.3884492516517639,0.2938842177391052
210,96649,0.10529420524835587,1.2275104522705078,,
210,96699,0.0545000284910202,1.3611719608306885,,
210,96749,0.04956967756152153,0.7853212356567383,,
210,96799,0.0713629424571991,0.38533878326416016,,
210,96849,0.012395162135362625,0.6889309883117676,,
210,96899,0.032475098967552185,0.8964147567749023,,
210,96949,0.016383793205022812,1.4586381912231445,,
210,96999,0.10201898217201233,0.9036775231361389,,
210,97049,0.020144294947385788,1.3228150606155396,,
210,97059,,,0.3813631534576416,0.2748226523399353
211,97099,0.024232763797044754,1.0196094512939453,,
211,97149,0.01723776012659073,1.0271180868148804,,
211,97199,0.015885381028056145,0.7781615853309631,,
211,97249,0.04362472519278526,0.8515075445175171,,
211,97299,0.022161263972520828,0.9823347330093384,,
211,97349,0.11908714473247528,0.6424249410629272,,
211,97399,0.03231856971979141,1.0997662544250488,,
211,97449,0.09651629626750946,0.6166393160820007,,
211,97499,0.05863911658525467,1.151656150817871,,
211,97519,,,0.3730276823043823,0.3045271635055542
212,97549,0.06913433969020844,1.1126067638397217,,
212,97599,0.010162325575947762,1.2354086637496948,,
212,97649,0.0344306081533432,0.7562686204910278,,
212,97699,0.04584195092320442,1.0931541919708252,,
212,97749,0.01985006406903267,0.7396166920661926,,
212,97799,0.004668531008064747,1.07304847240448,,
212,97849,0.048619046807289124,1.0435532331466675,,
212,97899,0.026596220210194588,0.8331508636474609,,
212,97949,0.044411659240722656,1.066070318222046,,
212,97979,,,0.3838806450366974,0.34907928109169006
213,97999,0.04593362659215927,0.900742769241333,,
213,98049,0.08251577615737915,1.1389766931533813,,
213,98099,0.07147356867790222,0.8962596654891968,,
213,98149,0.02409600093960762,0.7154120206832886,,
213,98199,0.009673741646111012,1.0060343742370605,,
213,98249,0.02351868897676468,1.17781400680542,,
213,98299,0.03443411737680435,0.8858351707458496,,
213,98349,0.02970898523926735,0.905251681804657,,
213,98399,0.017354488372802734,0.9833939075469971,,
213,98439,,,0.3700284957885742,0.3420617878437042
214,98449,0.036710117012262344,0.9536831378936768,,
214,98499,0.01695648953318596,1.0092219114303589,,
214,98549,0.020970944315195084,0.9738672971725464,,
214,98599,0.08313560485839844,0.7608933448791504,,
214,98649,0.04164577275514603,1.300561547279358,,
214,98699,0.03581366688013077,1.33636474609375,,
214,98749,0.03142403066158295,0.8210055828094482,,
214,98799,0.014442993327975273,1.1334834098815918,,
214,98849,0.07466650754213333,1.1786037683486938,,
214,98899,0.006299341097474098,1.127804160118103,,
214,98899,,,0.3685652017593384,0.28197649121284485
215,98949,0.008208265528082848,1.2274575233459473,,
215,98999,0.005858628079295158,1.0923413038253784,,
215,99049,0.010901661589741707,1.199815273284912,,
215,99099,0.016863182187080383,1.1477570533752441,,
215,99149,0.03412925451993942,0.7989683151245117,,
215,99199,0.007993310689926147,1.168482780456543,,
215,99249,0.006736263632774353,0.8949534893035889,,
215,99299,0.050086602568626404,1.0505493879318237,,
215,99349,0.02050190046429634,0.8899208903312683,,
215,99359,,,0.36919113993644714,0.35232624411582947
216,99399,0.039480119943618774,0.9875689744949341,,
216,99449,0.02006092108786106,1.112363576889038,,
216,99499,0.010418837890028954,0.7265478372573853,,
216,99549,0.08706453442573547,0.8659853935241699,,
216,99599,0.014548221603035927,0.7003077864646912,,
216,99649,0.03649011626839638,0.9219483137130737,,
216,99699,0.023500271141529083,1.0859321355819702,,
216,99749,0.03750104084610939,0.985010027885437,,
216,99799,0.014417453669011593,1.5281152725219727,,
216,99819,,,0.3850216269493103,0.29957136511802673
217,99849,0.012629544362425804,1.0438010692596436,,
217,99899,0.014570296742022038,0.7097476124763489,,
217,99949,0.009194545447826385,0.9684097170829773,,
217,99999,0.021468041464686394,0.972619354724884,,
217,100049,0.013953885063529015,0.8251508474349976,,
217,100099,0.012757736258208752,0.880570650100708,,
217,100149,0.10567522048950195,0.9138654470443726,,
217,100199,0.022063862532377243,1.0702508687973022,,
217,100249,0.00717106694355607,1.3468196392059326,,
217,100279,,,0.39114418625831604,0.32778099179267883
218,100299,0.0651727020740509,0.7887300252914429,,
218,100349,0.012123514898121357,0.8628343343734741,,
218,100399,0.030608268454670906,1.1005444526672363,,
218,100449,0.010433590039610863,1.0482151508331299,,
218,100499,0.02047893777489662,1.1113145351409912,,
218,100549,0.04909399896860123,0.9370559453964233,,
218,100599,0.04483412206172943,0.8067750930786133,,
218,100649,0.03576866537332535,1.2996001243591309,,
218,100699,0.0150209441781044,1.1492044925689697,,
218,100739,,,0.4085860252380371,0.2249910831451416
219,100749,0.05038171634078026,0.6287416219711304,,
219,100799,0.020378470420837402,0.9024182558059692,,
219,100849,0.03893837705254555,0.919044017791748,,
219,100899,0.014324203133583069,0.8305243253707886,,
219,100949,0.01309418398886919,0.7869267463684082,,
219,100999,0.013511110097169876,0.9989454746246338,,
219,101049,0.020589735358953476,1.0310587882995605,,
219,101099,0.019199823960661888,1.3010845184326172,,
219,101149,0.005329170264303684,1.101175308227539,,
219,101199,0.10458634048700333,1.077125072479248,,
219,101199,,,0.3609808087348938,0.32313987612724304
220,101249,0.012795872986316681,1.109925627708435,,
220,101299,0.017700137570500374,0.896549642086029,,
220,101349,0.027110105380415916,1.4051378965377808,,
220,101399,0.05528673529624939,0.6946951746940613,,
220,101449,0.015934891998767853,1.2942394018173218,,
220,101499,0.019787393510341644,0.6295555830001831,,
220,101549,0.02830873802304268,0.7469390630722046,,
220,101599,0.032982341945171356,0.9638732075691223,,
220,101649,0.0332445353269577,0.8997889757156372,,
220,101659,,,0.39597761631011963,0.25823551416397095
221,101699,0.02430959790945053,1.28171968460083,,
221,101749,0.007847530767321587,1.2734196186065674,,
221,101799,0.007735126186162233,1.1748886108398438,,
221,101849,0.06569032371044159,0.7865220904350281,,
221,101899,0.02660129964351654,0.9228106141090393,,
221,101949,0.05332806333899498,0.9909173846244812,,
221,101999,0.018052006140351295,0.9573459625244141,,
221,102049,0.05934643745422363,1.0318108797073364,,
221,102099,0.013700734823942184,1.1273155212402344,,
221,102119,,,0.36546245217323303,0.3198922276496887
222,102149,0.01595371961593628,0.9446942806243896,,
222,102199,0.0734657347202301,0.9076799750328064,,
222,102249,0.008521178737282753,0.7593841552734375,,
222,102299,0.02728787250816822,0.921919584274292,,
222,102349,0.019160661846399307,0.6874126195907593,,
222,102399,0.01698318123817444,0.7079871892929077,,
222,102449,0.023850485682487488,0.9545987844467163,,
222,102499,0.009579884819686413,1.0418469905853271,,
222,102549,0.01959187723696232,0.9781675934791565,,
222,102579,,,0.38013437390327454,0.32125145196914673
223,102599,0.033697109669446945,0.9518245458602905,,
223,102649,0.008980688638985157,0.7576106786727905,,
223,102699,0.024157602339982986,1.0737972259521484,,
223,102749,0.2180713266134262,0.9203110933303833,,
223,102799,0.006827975623309612,0.709672212600708,,
223,102849,0.013139924965798855,0.7248872518539429,,
223,102899,0.012193223461508751,1.1271470785140991,,
223,102949,0.026819774881005287,0.9912073612213135,,
223,102999,0.02184385433793068,1.0549014806747437,,
223,103039,,,0.39588937163352966,0.26858535408973694
224,103049,0.006966836284846067,0.8840932846069336,,
224,103099,0.025309575721621513,1.2414672374725342,,
224,103149,0.008291034027934074,1.3306715488433838,,
224,103199,0.036970872431993484,1.0802626609802246,,
224,103249,0.007895458489656448,0.9356627464294434,,
224,103299,0.024475332349538803,1.0022965669631958,,
224,103349,0.025238346308469772,0.8862580060958862,,
224,103399,0.012166459113359451,0.8097149729728699,,
224,103449,0.009166885167360306,0.9117954969406128,,
224,103499,0.0317104235291481,0.8023094534873962,,
224,103499,,,0.3671247363090515,0.31669092178344727
225,103549,0.007558260578662157,0.907148540019989,,
225,103599,0.062236856669187546,1.0802332162857056,,
225,103649,0.015335217118263245,1.0020966529846191,,
225,103699,0.024577483534812927,1.0132312774658203,,
225,103749,0.005484785884618759,1.0322060585021973,,
225,103799,0.07437439262866974,0.5909244418144226,,
225,103849,0.01747211627662182,1.0876522064208984,,
225,103899,0.012379626743495464,0.8707203269004822,,
225,103949,0.0467415377497673,0.6590366959571838,,
225,103959,,,0.41469424962997437,0.23608644306659698
226,103999,0.07276001572608948,0.752852201461792,,
226,104049,0.020555729046463966,1.2146563529968262,,
226,104099,0.03638570010662079,0.7313308715820312,,
226,104149,0.0355832576751709,0.8883934617042542,,
226,104199,0.0972648561000824,0.5441678762435913,,
226,104249,0.1808437705039978,0.3973921537399292,,
226,104299,0.044629260897636414,0.7608808875083923,,
226,104349,0.07793746888637543,1.1908650398254395,,
226,104399,0.011057193391025066,0.9609529972076416,,
226,104419,,,0.40351223945617676,0.2599972188472748
227,104449,0.023021185770630836,1.011446237564087,,
227,104499,0.08419208973646164,0.9540530443191528,,
227,104549,0.016907457262277603,1.1033964157104492,,
227,104599,0.055070921778678894,1.0909647941589355,,
227,104649,0.01841164566576481,0.8877544403076172,,
227,104699,0.029352298006415367,1.2047924995422363,,
227,104749,0.04396122694015503,0.7775752544403076,,
227,104799,0.03494436293840408,1.0424290895462036,,
227,104849,0.011037318035960197,1.1288788318634033,,
227,104879,,,0.3990020155906677,0.22762931883335114
228,104899,0.023189393803477287,1.0337721109390259,,
228,104949,0.014934364706277847,0.9494110345840454,,
228,104999,0.028149589896202087,0.6418508291244507,,
228,105049,0.0060484753921628,1.1742608547210693,,
228,105099,0.019435878843069077,0.6224664449691772,,
228,105149,0.05765105411410332,1.7577520608901978,,
228,105199,0.016150817275047302,1.0210998058319092,,
228,105249,0.008509507402777672,1.066390037536621,,
228,105299,0.008725501596927643,0.949903130531311,,
228,105339,,,0.3713564872741699,0.30151045322418213
229,105349,0.04244235157966614,1.3621771335601807,,
229,105399,0.0606607049703598,0.37453776597976685,,
229,105449,0.03574962168931961,0.7944492697715759,,
229,105499,0.009183499962091446,1.0038851499557495,,
229,105549,0.039868876338005066,0.8444770574569702,,
229,105599,0.05040371045470238,1.1785820722579956,,
229,105649,0.05850781500339508,0.6465098857879639,,
229,105699,0.020395604893565178,1.242334008216858,,
229,105749,0.022682499140501022,1.128390908241272,,
229,105799,0.05124717950820923,0.917233407497406,,
229,105799,,,0.3495917320251465,0.2998881936073303
230,105849,0.036515288054943085,0.7837814688682556,,
230,105899,0.04957935959100723,0.800891637802124,,
230,105949,0.10288605093955994,0.6387137174606323,,
230,105999,0.021957769989967346,1.0339834690093994,,
230,106049,0.017276659607887268,0.7370538711547852,,
230,106099,0.012046567164361477,0.5807139277458191,,
230,106149,0.021259505301713943,1.0797648429870605,,
230,106199,0.016843058168888092,0.779163658618927,,
230,106249,0.03128425031900406,1.1315174102783203,,
230,106259,,,0.3829546570777893,0.2856348156929016
231,106299,0.11943445354700089,0.7265540361404419,,
231,106349,0.030813634395599365,0.9854891896247864,,
231,106399,0.024300262331962585,1.653572916984558,,
231,106449,0.01501850038766861,0.7376918792724609,,
231,106499,0.04677926003932953,0.8101009130477905,,
231,106549,0.0169552993029356,1.0920097827911377,,
231,106599,0.02855028212070465,0.7721792459487915,,
231,106649,0.05581577122211456,0.9305551052093506,,
231,106699,0.09180084615945816,0.6850953102111816,,
231,106719,,,0.3751888871192932,0.3295607268810272
232,106749,0.008872849866747856,1.0983824729919434,,
232,106799,0.04218251630663872,1.0289288759231567,,
232,106849,0.0953763797879219,0.46068811416625977,,
232,106899,0.034709103405475616,0.7451735138893127,,
232,106949,0.018265603110194206,0.92525714635849,,
232,106999,0.028526976704597473,1.1161396503448486,,
232,107049,0.028132490813732147,0.948857307434082,,
232,107099,0.020109452307224274,0.8832454085350037,,
232,107149,0.04043920710682869,1.2417781352996826,,
232,107179,,,0.3951341211795807,0.2561594545841217
233,107199,0.01523844338953495,1.0601427555084229,,
233,107249,0.020971238613128662,0.70565265417099,,
233,107299,0.13679486513137817,1.4558793306350708,,
233,107349,0.009181603789329529,0.9830115437507629,,
233,107399,0.02012677490711212,1.1568418741226196,,
233,107449,0.045504745095968246,0.6424527168273926,,
233,107499,0.0320616140961647,1.212277889251709,,
233,107549,0.05182496830821037,0.9282552003860474,,
233,107599,0.006925324443727732,0.9209206700325012,,
233,107639,,,0.38067004084587097,0.26766782999038696
234,107649,0.05559771880507469,0.7421412467956543,,
234,107699,0.0241122767329216,0.6043522357940674,,
234,107749,0.006413077004253864,0.9580850601196289,,
234,107799,0.017221320420503616,1.0094170570373535,,
234,107849,0.09086937457323074,0.5585417151451111,,
234,107899,0.014670213684439659,0.8056564927101135,,
234,107949,0.0055280099622905254,1.1317929029464722,,
234,107999,0.031143978238105774,0.8560456037521362,,
234,108049,0.007661609910428524,0.9908257126808167,,
234,108099,0.01015474833548069,0.8074982166290283,,
234,108099,,,0.4142759144306183,0.2475447952747345
235,108149,0.0516817532479763,1.1519137620925903,,
235,108199,0.013273813761770725,1.211031436920166,,
235,108249,0.02725023403763771,1.2571136951446533,,
235,108299,0.01938161626458168,0.8247077465057373,,
235,108349,0.035862356424331665,1.1718838214874268,,
235,108399,0.03133046627044678,0.8141690492630005,,
235,108449,0.02678701840341091,0.9518459439277649,,
235,108499,0.007088335696607828,1.0427294969558716,,
235,108549,0.019569722935557365,1.1428802013397217,,
235,108559,,,0.39226996898651123,0.24658077955245972
236,108599,0.005639202892780304,1.4639904499053955,,
236,108649,0.07781585305929184,0.7248819470405579,,
236,108699,0.02585706114768982,0.9882467985153198,,
236,108749,0.017910446971654892,1.0770351886749268,,
236,108799,0.039111651480197906,0.7648003101348877,,
236,108849,0.043660543859004974,0.6302857398986816,,
236,108899,0.006917295046150684,0.938536524772644,,
236,108949,0.01611858233809471,0.7697834968566895,,
236,108999,0.03014816902577877,0.9557210206985474,,
236,109019,,,0.38822460174560547,0.26705583930015564
237,109049,0.007579087279736996,1.0326721668243408,,
237,109099,0.009698349051177502,1.1684141159057617,,
237,109149,0.007309743668884039,1.1403748989105225,,
237,109199,0.04002245143055916,1.1664048433303833,,
237,109249,0.011005906388163567,0.8299825191497803,,
237,109299,0.014293518848717213,1.1144728660583496,,
237,109349,0.02128077670931816,1.0118584632873535,,
237,109399,0.011376732029020786,1.0626227855682373,,
237,109449,0.01773189939558506,0.8604456186294556,,
237,109479,,,0.2748427391052246,0.35436177253723145
238,109499,0.05320911481976509,1.2287063598632812,,
238,109549,0.07898076623678207,0.8867880702018738,,
238,109599,0.07220042496919632,0.6522390246391296,,
238,109649,0.01163148507475853,1.0953433513641357,,
238,109699,0.027514174580574036,0.7200021743774414,,
238,109749,0.008647761307656765,1.1056503057479858,,
238,109799,0.00755506195127964,1.4722816944122314,,
238,109849,0.03806205093860626,0.89516282081604,,
238,109899,0.10117610543966293,0.4591497778892517,,
238,109939,,,0.3760540783405304,0.3224030137062073
239,109949,0.012933130376040936,1.103920578956604,,
239,109999,0.012032274156808853,0.9156542420387268,,
239,110049,0.020117055624723434,0.8561255931854248,,
239,110099,0.04275750368833542,0.901701033115387,,
239,110149,0.11287739872932434,1.1985894441604614,,
239,110199,0.03831586241722107,1.059852123260498,,
239,110249,0.01517702266573906,0.9757194519042969,,
239,110299,0.0102355582639575,1.0413380861282349,,
239,110349,0.02257596328854561,0.7479937076568604,,
239,110399,0.009339355863630772,0.8105367422103882,,
239,110399,,,0.37355032563209534,0.28938189148902893
240,110449,0.02019691839814186,0.7989287972450256,,
240,110499,0.01974136382341385,0.8373501300811768,,
240,110549,0.013464738614857197,0.9228991270065308,,
240,110599,0.10637842118740082,0.5989841222763062,,
240,110649,0.005934590008109808,0.8257631063461304,,
240,110699,0.0088505232706666,0.8412759304046631,,
240,110749,0.00869799591600895,1.015882968902588,,
240,110799,0.007963458076119423,1.0188509225845337,,
240,110849,0.008973520249128342,1.38055419921875,,
240,110859,,,0.4039795398712158,0.2761119306087494
241,110899,0.0052446345798671246,0.9567861557006836,,
241,110949,0.02967269904911518,1.020430326461792,,
241,110999,0.04411796107888222,1.6785812377929688,,
241,111049,0.007463496644049883,0.8945538401603699,,
241,111099,0.02953443117439747,0.9710277318954468,,
241,111149,0.024752410128712654,1.614383339881897,,
241,111199,0.017540041357278824,0.9029430150985718,,
241,111249,0.010841647163033485,1.1412774324417114,,
241,111299,0.014698260463774204,1.044114589691162,,
241,111319,,,0.39975211024284363,0.23510552942752838
242,111349,0.02821400761604309,1.1153287887573242,,
242,111399,0.012285398319363594,1.1868573427200317,,
242,111449,0.04276350140571594,0.6400575041770935,,
242,111499,0.017998896539211273,0.9635680913925171,,
242,111549,0.024375850334763527,0.6537702083587646,,
242,111599,0.04481735825538635,0.43192529678344727,,
242,111649,0.018833639100193977,1.185516119003296,,
242,111699,0.01078755035996437,1.0083473920822144,,
242,111749,0.08523836731910706,0.8804104924201965,,
242,111779,,,0.4180997610092163,0.20458155870437622
243,111799,0.02348753809928894,0.8584136962890625,,
243,111849,0.04007663577795029,0.993009090423584,,
243,111899,0.017479926347732544,1.1325390338897705,,
243,111949,0.008221948519349098,1.3557193279266357,,
243,111999,0.009754050523042679,1.0542454719543457,,
243,112049,0.018154632300138474,1.1665148735046387,,
243,112099,0.015763795003294945,0.9447132349014282,,
243,112149,0.03231090307235718,1.016804575920105,,
243,112199,0.015546539798378944,0.9715339541435242,,
243,112239,,,0.376514732837677,0.2588109076023102
244,112249,0.01587773486971855,0.9747976064682007,,
244,112299,0.006944932509213686,0.9372798204421997,,
244,112349,0.014774173498153687,0.9324514269828796,,
244,112399,0.11739320307970047,0.48872867226600647,,
244,112449,0.02030344307422638,1.12532639503479,,
244,112499,0.008579177781939507,1.1169157028198242,,
244,112549,0.013895579613745213,1.126021146774292,,
244,112599,0.025366321206092834,0.9493927955627441,,
244,112649,0.012396750971674919,1.1770002841949463,,
244,112699,0.036038197576999664,0.730130672454834,,
244,112699,,,0.39372241497039795,0.25515463948249817
245,112749,0.03387008607387543,0.9599258303642273,,
245,112799,0.010901778005063534,0.77745121717453,,
245,112849,0.01985418237745762,0.82053542137146,,
245,112899,0.012886123731732368,1.2066020965576172,,
245,112949,0.008263438008725643,1.010185718536377,,
245,112999,0.0220049899071455,1.2818429470062256,,
245,113049,0.028682701289653778,0.9600139856338501,,
245,113099,0.03026176244020462,1.043199062347412,,
245,113149,0.007809603586792946,1.2255001068115234,,
245,113159,,,0.3837117850780487,0.23126663267612457
246,113199,0.019551711156964302,1.1101202964782715,,
246,113249,0.016526347026228905,1.0805202722549438,,
246,113299,0.02679501846432686,0.9895444512367249,,
246,113349,0.017991475760936737,1.2454687356948853,,
246,113399,0.020632809028029442,0.8692077398300171,,
246,113449,0.011365394107997417,1.1406692266464233,,
246,113499,0.014331422746181488,1.6413443088531494,,
246,113549,0.01639878749847412,1.269257664680481,,
246,113599,0.02383756823837757,0.8643646240234375,,
246,113619,,,0.37429261207580566,0.30954229831695557
247,113649,0.04917150363326073,0.9237779378890991,,
247,113699,0.042681142687797546,0.9956039786338806,,
247,113749,0.07536021620035172,1.0491588115692139,,
247,113799,0.005548012442886829,0.9425489902496338,,
247,113849,0.026640724390745163,1.5916192531585693,,
247,113899,0.03519827499985695,1.068584680557251,,
247,113949,0.007677315268665552,0.9773201942443848,,
247,113999,0.0362231507897377,1.0911228656768799,,
247,114049,0.004434754606336355,1.2424439191818237,,
247,114079,,,0.3902202546596527,0.2579977512359619
248,114099,0.015097226947546005,0.8295304775238037,,
248,114149,0.007380297407507896,1.0134247541427612,,
248,114199,0.030539916828274727,0.9680183529853821,,
248,114249,0.006239883601665497,0.8542359471321106,,
248,114299,0.01006939448416233,0.8283884525299072,,
248,114349,0.01251373253762722,0.9339288473129272,,
248,114399,0.02776678092777729,1.0460665225982666,,
248,114449,0.011044112034142017,0.9490982294082642,,
248,114499,0.018545236438512802,1.0264394283294678,,
248,114539,,,0.40696242451667786,0.2285469025373459
249,114549,0.014918060041964054,1.372584342956543,,
249,114599,0.015057803131639957,0.7674391269683838,,
249,114649,0.015402669087052345,0.8352471590042114,,
249,114699,0.011252596974372864,1.2288166284561157,,
249,114749,0.04655464366078377,1.057965636253357,,
249,114799,0.01002490520477295,0.9579430222511292,,
249,114849,0.00836864486336708,1.0333302021026611,,
249,114899,0.007132844999432564,0.9433229565620422,,
249,114949,0.010900209657847881,0.8854985237121582,,
249,114999,0.00666387751698494,1.1981621980667114,,
249,114999,,,0.3697614073753357,0.30666279792785645
250,115049,0.04760392755270004,1.1032800674438477,,
250,115099,0.03919760882854462,0.7989364266395569,,
250,115149,0.10322512686252594,1.3017923831939697,,
250,115199,0.0354604609310627,0.7969365119934082,,
250,115249,0.02937522903084755,1.0837297439575195,,
250,115299,0.04911379516124725,0.971045732498169,,
250,115349,0.005909182596951723,0.8341923952102661,,
250,115399,0.14161862432956696,0.8313236236572266,,
250,115449,0.010621956549584866,0.9238746166229248,,
250,115459,,,0.3853783905506134,0.2791842818260193
251,115499,0.028668805956840515,1.3905003070831299,,
251,115549,0.044003263115882874,1.0137070417404175,,
251,115599,0.03552258014678955,0.9089450240135193,,
251,115649,0.029973352327942848,1.150429606437683,,
251,115699,0.0038065463304519653,1.0350525379180908,,
251,115749,0.013804175890982151,0.9629641175270081,,
251,115799,0.03522055596113205,1.252261996269226,,
251,115849,0.02952042780816555,1.083579421043396,,
251,115899,0.049680016934871674,0.8702863454818726,,
251,115919,,,0.38251250982284546,0.31325528025627136
252,115949,0.021935157477855682,0.995606005191803,,
252,115999,0.12976127862930298,1.224271297454834,,
252,116049,0.026059703901410103,1.0274388790130615,,
252,116099,0.03856823220849037,0.773650050163269,,
252,116149,0.013480903580784798,1.2392691373825073,,
252,116199,0.027597486972808838,1.1683931350708008,,
252,116249,0.014924608170986176,1.08942711353302,,
252,116299,0.0047938888892531395,0.9620774984359741,,
252,116349,0.020862819626927376,1.0265579223632812,,
252,116379,,,0.3823893368244171,0.2744472324848175
253,116399,0.010611293837428093,1.0197606086730957,,
253,116449,0.04459798336029053,0.9840445518493652,,
253,116499,0.03585483878850937,0.9843055009841919,,
253,116549,0.013521733693778515,1.4436378479003906,,
253,116599,0.038976702839136124,1.1948153972625732,,
253,116649,0.022616209462285042,1.045287847518921,,
253,116699,0.025170231238007545,1.1980416774749756,,
253,116749,0.04580589756369591,0.6110416650772095,,
253,116799,0.013687142170965672,0.7646594047546387,,
253,116839,,,0.3684100806713104,0.3479119837284088
254,116849,0.029914144426584244,0.9470667839050293,,
254,116899,0.027415407821536064,1.2606191635131836,,
254,116949,0.02448587864637375,0.77410888671875,,
254,116999,0.0045834798365831375,0.9456106424331665,,
254,117049,0.013460184447467327,1.1729706525802612,,
254,117099,0.018155759200453758,1.321626901626587,,
254,117149,0.00773134920746088,1.15065336227417,,
254,117199,0.005023207049816847,0.8503313660621643,,
254,117249,0.011366171762347221,1.0503146648406982,,
254,117299,0.0161663219332695,1.0704456567764282,,
254,117299,,,0.35683542490005493,0.36297476291656494
255,117349,0.0197717547416687,1.170375943183899,,
255,117399,0.016823217272758484,0.990829348564148,,
255,117449,0.040647413581609726,0.7561370134353638,,
255,117499,0.017978273332118988,0.6175197958946228,,
255,117549,0.01513505820184946,0.86520916223526,,
255,117599,0.062406063079833984,0.8535177707672119,,
255,117649,0.1627436727285385,1.2727229595184326,,
255,117699,0.027331363409757614,0.871057391166687,,
255,117749,0.011552889831364155,1.1365407705307007,,
255,117759,,,0.3988639712333679,0.24544154107570648
256,117799,0.033643994480371475,0.7824403047561646,,
256,117849,0.011500850319862366,0.8710340857505798,,
256,117899,0.009382346644997597,1.307119369506836,,
256,117949,0.005165692884474993,0.8397821187973022,,
256,117999,0.006107137072831392,0.9603166580200195,,
256,118049,0.023057717829942703,0.804663896560669,,
256,118099,0.03801509737968445,0.7634772658348083,,
256,118149,0.003536769188940525,1.005282998085022,,
256,118199,0.032167237251996994,1.2219338417053223,,
256,118219,,,0.40314140915870667,0.21691660583019257
257,118249,0.008201682940125465,0.886054515838623,,
257,118299,0.052766021341085434,1.2222771644592285,,
257,118349,0.021450992673635483,1.2742547988891602,,
257,118399,0.020904313772916794,1.2079319953918457,,
257,118449,0.004895797930657864,1.4487273693084717,,
257,118499,0.013993566855788231,1.0935795307159424,,
257,118549,0.038017380982637405,0.5691072940826416,,
257,118599,0.11387700587511063,0.9531552791595459,,
257,118649,0.017910530790686607,0.8231626749038696,,
257,118679,,,0.3891221284866333,0.29145440459251404
258,118699,0.019565224647521973,0.9776307344436646,,
258,118749,0.033340439200401306,0.9260559678077698,,
258,118799,0.019444569945335388,1.3977984189987183,,
258,118849,0.04955184459686279,0.7159475088119507,,
258,118899,0.017463453114032745,0.8579667806625366,,
258,118949,0.03900781646370888,1.0154374837875366,,
258,118999,0.012720835395157337,1.0760188102722168,,
258,119049,0.012750526890158653,0.8878489136695862,,
258,119099,0.017234038561582565,0.803138017654419,,
258,119139,,,0.37681394815444946,0.27794793248176575
259,119149,0.015688356012105942,0.7269774675369263,,
259,119199,0.004674995318055153,1.313904047012329,,
259,119249,0.025689277797937393,1.1652474403381348,,
259,119299,0.021090613678097725,0.876693069934845,,
259,119349,0.031417425721883774,0.7579237222671509,,
259,119399,0.007900645956397057,0.919704794883728,,
259,119449,0.00856457557529211,0.7496695518493652,,
259,119499,0.016570482403039932,1.133156418800354,,
259,119549,0.006950645241886377,1.017930269241333,,
259,119599,0.009618615731596947,1.0245511531829834,,
259,119599,,,0.40470072627067566,0.20898039638996124
260,119649,0.030095025897026062,1.1671011447906494,,
260,119699,0.01331731304526329,0.7972203493118286,,
260,119749,0.03420655056834221,0.7622905969619751,,
260,119799,0.013725155033171177,1.2934331893920898,,
260,119849,0.012313956394791603,0.7035691738128662,,
260,119899,0.008120923303067684,1.1122667789459229,,
260,119949,0.06656690686941147,0.8635091781616211,,
260,119999,0.016711659729480743,0.967087984085083,,
260,120049,0.010322429239749908,0.8345634937286377,,
260,120059,,,0.35349127650260925,0.3092544972896576
261,120099,0.009809420444071293,0.8827496767044067,,
261,120149,0.007333126850426197,0.8454416990280151,,
261,120199,0.021309571340680122,1.1885244846343994,,
261,120249,0.07793548703193665,0.5729031562805176,,
261,120299,0.019691063091158867,0.8079231977462769,,
261,120349,0.018149927258491516,0.8975914716720581,,
261,120399,0.027709506452083588,0.9748711585998535,,
261,120449,0.012126332148909569,1.0494486093521118,,
261,120499,0.04155496507883072,0.8816428184509277,,
261,120519,,,0.375402569770813,0.2692609429359436
262,120549,0.006358890328556299,0.9866746068000793,,
262,120599,0.007304700091481209,0.8739703893661499,,
262,120649,0.034815266728401184,1.1931977272033691,,
262,120699,0.0675133541226387,0.5699055790901184,,
262,120749,0.028017785400152206,1.06271231174469,,
262,120799,0.01797502487897873,0.7403513193130493,,
262,120849,0.021529240533709526,1.0348689556121826,,
262,120899,0.018706658855080605,0.9900168776512146,,
262,120949,0.01431942917406559,1.0127277374267578,,
262,120979,,,0.41138601303100586,0.21724237501621246
263,120999,0.014107385650277138,0.758643388748169,,
263,121049,0.03793218359351158,1.0313246250152588,,
263,121099,0.00727867241948843,0.8598467111587524,,
263,121149,0.03879159688949585,0.7686188220977783,,
263,121199,0.0305694118142128,1.0082497596740723,,
263,121249,0.020482106134295464,0.821826696395874,,
263,121299,0.005075411405414343,1.1368918418884277,,
263,121349,0.025728601962327957,0.9446691274642944,,
263,121399,0.05397184565663338,0.6724886894226074,,
263,121439,,,0.3685145378112793,0.34110742807388306
264,121449,0.014650009572505951,1.4394384622573853,,
264,121499,0.12139107286930084,1.3131264448165894,,
264,121549,0.009874815121293068,0.9556844234466553,,
264,121599,0.010215701535344124,1.2293778657913208,,
264,121649,0.004356979392468929,1.1154301166534424,,
264,121699,0.06769968569278717,1.0019747018814087,,
264,121749,0.008907411247491837,0.8226670622825623,,
264,121799,0.009622426703572273,1.008305311203003,,
264,121849,0.03332318365573883,0.8283466100692749,,
264,121899,0.07005327194929123,1.192133903503418,,
264,121899,,,0.37448444962501526,0.34260186553001404
265,121949,0.04116956517100334,1.1390414237976074,,
265,121999,0.07644955068826675,0.6794029474258423,,
265,122049,0.015386159531772137,0.8912627696990967,,
265,122099,0.07865708321332932,0.9250954389572144,,
265,122149,0.008223174139857292,1.0490739345550537,,
265,122199,0.010432510636746883,0.9397977590560913,,
265,122249,0.03352387994527817,0.7865822315216064,,
265,122299,0.0143668744713068,0.9654945135116577,,
265,122349,0.053430840373039246,0.7911093235015869,,
265,122359,,,0.39466118812561035,0.31836986541748047
266,122399,0.01240992546081543,1.0040537118911743,,
266,122449,0.03884010761976242,1.2692404985427856,,
266,122499,0.009399127215147018,1.2104592323303223,,
266,122549,0.023981399834156036,0.9681525230407715,,
266,122599,0.031751327216625214,0.8039988279342651,,
266,122649,0.04467545822262764,0.9597455263137817,,
266,122699,0.028652865439653397,0.8194572925567627,,
266,122749,0.013491887599229813,0.808752179145813,,
266,122799,0.024721387773752213,1.3807740211486816,,
266,122819,,,0.40848565101623535,0.21764874458312988
267,122849,0.024218441918492317,0.9226452708244324,,
267,122899,0.02795417234301567,0.7258095741271973,,
267,122949,0.028164077550172806,0.8777798414230347,,
267,122999,0.023500951007008553,1.0518509149551392,,
267,123049,0.005457742139697075,0.9205583930015564,,
267,123099,0.02925846166908741,0.8945772647857666,,
267,123149,0.006698918528854847,0.7209993600845337,,
267,123199,0.007920916192233562,1.0224449634552002,,
267,123249,0.01593523845076561,1.691910982131958,,
267,123279,,,0.3946915566921234,0.3465198576450348
268,123299,0.008905593305826187,1.1136140823364258,,
268,123349,0.00960860587656498,0.9607111215591431,,
268,123399,0.06026747077703476,1.2835547924041748,,
268,123449,0.026891402900218964,0.91847163438797,,
268,123499,0.024971112608909607,1.1627601385116577,,
268,123549,0.01839071698486805,0.8773680925369263,,
268,123599,0.006903687492012978,0.9437286853790283,,
268,123649,0.009889553301036358,1.2599140405654907,,
268,123699,0.005430887453258038,1.3274986743927002,,
268,123739,,,0.38342756032943726,0.29661816358566284
269,123749,0.007508568465709686,1.1423866748809814,,
269,123799,0.010192740708589554,1.0746785402297974,,
269,123849,0.00989864394068718,0.9706020355224609,,
269,123899,0.009293830022215843,1.3173240423202515,,
269,123949,0.10981245338916779,0.5115460157394409,,
269,123999,0.07974731922149658,1.3685364723205566,,
269,124049,0.011567803099751472,1.1070877313613892,,
269,124099,0.02821178361773491,0.9724730253219604,,
269,124149,0.01377304457128048,1.175655722618103,,
269,124199,0.009249466471374035,0.9617501497268677,,
269,124199,,,0.38504087924957275,0.2334141731262207
270,124249,0.07472790032625198,0.9583070874214172,,
270,124299,0.019793540239334106,1.0596271753311157,,
270,124349,0.030329057946801186,1.0304244756698608,,
270,124399,0.05290113389492035,1.0783272981643677,,
270,124449,0.015859480947256088,0.9369259476661682,,
270,124499,0.017487283796072006,1.516270637512207,,
270,124549,0.008347821421921253,1.1662814617156982,,
270,124599,0.005097642540931702,1.0470713376998901,,
270,124649,0.013408548198640347,1.3258771896362305,,
270,124659,,,0.37862420082092285,0.33000826835632324
271,124699,0.011640261858701706,0.8095064759254456,,
271,124749,0.021325502544641495,1.0559592247009277,,
271,124799,0.009426387958228588,0.8813304901123047,,
271,124849,0.006196050904691219,1.0155320167541504,,
271,124899,0.024030447006225586,1.2176880836486816,,
271,124949,0.018559351563453674,0.8597124218940735,,
271,124999,0.007723486050963402,0.9229345917701721,,
271,125049,0.012117186561226845,0.8477318286895752,,
271,125099,0.009498881176114082,1.3529045581817627,,
271,125119,,,0.341091513633728,0.2843236029148102
272,125149,0.014281108975410461,0.8950327634811401,,
272,125199,0.0263405479490757,0.9154915809631348,,
272,125249,0.017449576407670975,1.1620460748672485,,
272,125299,0.013355065137147903,0.8234515190124512,,
272,125349,0.030872933566570282,0.6911638975143433,,
272,125399,0.02087390050292015,1.4220813512802124,,
272,125449,0.02131025679409504,0.7693270444869995,,
272,125499,0.0055448757484555244,0.8269314169883728,,
272,125549,0.0038283495232462883,0.783446192741394,,
272,125579,,,0.3891078233718872,0.2579498887062073
273,125599,0.008566330187022686,0.8153268098831177,,
273,125649,0.016344692558050156,0.8496377468109131,,
273,125699,0.019423648715019226,1.1087205410003662,,
273,125749,0.008349564857780933,1.094773530960083,,
273,125799,0.010596041567623615,0.8832754492759705,,
273,125849,0.03705799952149391,1.5290546417236328,,
273,125899,0.026254931464791298,0.8328209519386292,,
273,125949,0.023461543023586273,0.878325879573822,,
273,125999,0.018378304317593575,1.2499663829803467,,
273,126039,,,0.3611149191856384,0.3419465720653534
274,126049,0.009288518689572811,1.0956544876098633,,
274,126099,0.033196501433849335,1.126996397972107,,
274,126149,0.03109223023056984,0.9050723910331726,,
274,126199,0.011233935132622719,0.9381275177001953,,
274,126249,0.008251521736383438,1.1412628889083862,,
274,126299,0.028091788291931152,1.0592899322509766,,
274,126349,0.010313747450709343,0.9405305981636047,,
274,126399,0.056343354284763336,0.9273422956466675,,
274,126449,0.01937837153673172,1.1061108112335205,,
274,126499,0.006986507214605808,0.9866217374801636,,
274,126499,,,0.39444512128829956,0.2648760974407196
275,126549,0.005554712377488613,0.6520612835884094,,
275,126599,0.05479271709918976,1.2365714311599731,,
275,126649,0.020338434725999832,0.8894623517990112,,
275,126699,0.010564884170889854,0.8985952138900757,,
275,126749,0.07175353169441223,0.993062436580658,,
275,126799,0.1052502989768982,1.0728846788406372,,
275,126849,0.021227354183793068,0.9841591119766235,,
275,126899,0.006209260318428278,1.05324125289917,,
275,126949,0.014886454679071903,0.9767274260520935,,
275,126959,,,0.40210312604904175,0.23985110223293304
276,126999,0.017615901306271553,0.9719671010971069,,
276,127049,0.017369266599416733,1.0623366832733154,,
276,127099,0.06601089984178543,0.7956436276435852,,
276,127149,0.017305094748735428,1.1281898021697998,,
276,127199,0.01381177082657814,1.0168817043304443,,
276,127249,0.00914037600159645,0.913676917552948,,
276,127299,0.03194074332714081,0.649002730846405,,
276,127349,0.1676320880651474,0.8748380541801453,,
276,127399,0.035784248262643814,0.9057976007461548,,
276,127419,,,0.41513732075691223,0.21758559346199036
277,127449,0.0258276779204607,0.9791678190231323,,
277,127499,0.007382300682365894,1.2477065324783325,,
277,127549,0.020916404202580452,1.0103291273117065,,
277,127599,0.015163376927375793,1.4177138805389404,,
277,127649,0.01435612142086029,0.9624155759811401,,
277,127699,0.012067722156643867,1.2446372509002686,,
277,127749,0.008822022937238216,1.1879949569702148,,
277,127799,0.0153111657127738,1.0785850286483765,,
277,127849,0.009929904714226723,1.0128681659698486,,
277,127879,,,0.3623880445957184,0.3572744131088257
278,127899,0.015956711024045944,0.8163037300109863,,
278,127949,0.037662480026483536,1.0655524730682373,,
278,127999,0.00952746532857418,1.3098702430725098,,
278,128049,0.015135614201426506,0.9932045340538025,,
278,128099,0.011770989745855331,1.1423747539520264,,
278,128149,0.009273417294025421,1.1423561573028564,,
278,128199,0.038753584027290344,1.131325602531433,,
278,128249,0.026250556111335754,0.8227890133857727,,
278,128299,0.0325603149831295,0.971572995185852,,
278,128339,,,0.3904772400856018,0.28360193967819214
279,128349,0.019459832459688187,0.9888007044792175,,
279,128399,0.06034461036324501,0.5131838321685791,,
279,128449,0.05009282007813454,0.7895802855491638,,
279,128499,0.01957293227314949,0.8661152124404907,,
279,128549,0.02801966480910778,0.9255635738372803,,
279,128599,0.006620173808187246,1.0139789581298828,,
279,128649,0.20899267494678497,0.7485986948013306,,
279,128699,0.13071203231811523,1.3834795951843262,,
279,128749,0.0509028397500515,0.7418104410171509,,
279,128799,0.11613483726978302,0.9297885298728943,,
279,128799,,,0.37548133730888367,0.2710685431957245
280,128849,0.0040107606910169125,0.7916755676269531,,
280,128899,0.008328214287757874,1.0277036428451538,,
280,128949,0.027533121407032013,0.8519856333732605,,
280,128999,0.007201031781733036,1.02535080909729,,
280,129049,0.014243194833397865,1.0550868511199951,,
280,129099,0.009410995058715343,0.988554060459137,,
280,129149,0.008648513816297054,1.0299346446990967,,
280,129199,0.02264513447880745,0.6888372302055359,,
280,129249,0.013172886334359646,1.019106388092041,,
280,129259,,,0.3796309530735016,0.2871682047843933
281,129299,0.024164211004972458,1.0947649478912354,,
281,129349,0.01660696417093277,0.994737446308136,,
281,129399,0.06917847692966461,1.4863522052764893,,
281,129449,0.016608234494924545,0.790439248085022,,
281,129499,0.06773363798856735,1.2066822052001953,,
281,129549,0.009246228262782097,1.1394253969192505,,
281,129599,0.0158814899623394,1.0695874691009521,,
281,129649,0.012852081097662449,0.9201540946960449,,
281,129699,0.0642344057559967,1.2701961994171143,,
281,129719,,,0.3898589015007019,0.24165667593479156
282,129749,0.010009229183197021,1.2543621063232422,,
282,129799,0.004183014389127493,0.8178669810295105,,
282,129849,0.005358481779694557,1.0481253862380981,,
282,129899,0.025422699749469757,0.7977365255355835,,
282,129949,0.018545256927609444,1.5859951972961426,,
282,129999,0.009140539914369583,0.9143054485321045,,
282,130049,0.01015942357480526,1.0910453796386719,,
282,130099,0.007511779200285673,0.8931334614753723,,
282,130149,0.009676420129835606,1.0488576889038086,,
282,130179,,,0.36262068152427673,0.2973267734050751
283,130199,0.02366544120013714,1.1176519393920898,,
283,130249,0.008208433166146278,0.7968084812164307,,
283,130299,0.02837391383945942,1.3216652870178223,,
283,130349,0.007248671725392342,1.0352588891983032,,
283,130399,0.005821096710860729,1.0584478378295898,,
283,130449,0.01446529384702444,0.8139270544052124,,
283,130499,0.005485641770064831,1.2566709518432617,,
283,130549,0.009349525906145573,0.8745777606964111,,
283,130599,0.006176232360303402,1.033322811126709,,
283,130639,,,0.4005131125450134,0.2570421099662781
284,130649,0.015531524084508419,1.1648508310317993,,
284,130699,0.027088649570941925,1.0217971801757812,,
284,130749,0.021600153297185898,0.9236068725585938,,
284,130799,0.009041890501976013,1.2475934028625488,,
284,130849,0.056426361203193665,0.6218592524528503,,
284,130899,0.04832141846418381,0.6265793442726135,,
284,130949,0.04118947684764862,1.1175596714019775,,
284,130999,0.016068903729319572,0.9956467747688293,,
284,131049,0.015270992182195187,1.3482069969177246,,
284,131099,0.05447312444448471,0.9517231583595276,,
284,131099,,,0.44669127464294434,0.1660975068807602
285,131149,0.009096898138523102,0.8906848430633545,,
285,131199,0.0080850999802351,1.1002165079116821,,
285,131249,0.017738835886120796,1.055001139640808,,
285,131299,0.02054961398243904,0.7441737651824951,,
285,131349,0.014807060360908508,0.8747997283935547,,
285,131399,0.009995924308896065,1.2082557678222656,,
285,131449,0.01057412475347519,1.1769390106201172,,
285,131499,0.01245732419192791,0.961531400680542,,
285,131549,0.020464161410927773,0.9058917760848999,,
285,131559,,,0.41226938366889954,0.22491778433322906
286,131599,0.06485339999198914,0.5742067098617554,,
286,131649,0.02401784434914589,0.8908055424690247,,
286,131699,0.0035116765648126602,0.9614312648773193,,
286,131749,0.005634949076920748,0.9440524578094482,,
286,131799,0.0037273631896823645,0.9889692068099976,,
286,131849,0.05055351182818413,1.314794898033142,,
286,131899,0.010606521740555763,1.2190338373184204,,
286,131949,0.02868940681219101,1.426957368850708,,
286,131999,0.02006659284234047,0.5487524271011353,,
286,132019,,,0.42188963294029236,0.20719507336616516
287,132049,0.02446085587143898,1.1679518222808838,,
287,132099,0.01113135740160942,1.1895759105682373,,
287,132149,0.010780603624880314,1.0765272378921509,,
287,132199,0.06725843250751495,0.945799708366394,,
287,132249,0.004596629645675421,0.9074609279632568,,
287,132299,0.008899983949959278,1.0060700178146362,,
287,132349,0.03681639954447746,0.8984241485595703,,
287,132399,0.015345025807619095,0.7052335143089294,,
287,132449,0.0026192462537437677,0.9357408285140991,,
287,132479,,,0.40751317143440247,0.2552703022956848
288,132499,0.0972151979804039,0.9202485084533691,,
288,132549,0.017108295112848282,0.628889262676239,,
288,132599,0.03446085751056671,0.877875030040741,,
288,132649,0.012963658198714256,0.889257550239563,,
288,132699,0.029040604829788208,0.9121568202972412,,
288,132749,0.09382980316877365,0.8500069379806519,,
288,132799,0.004558906890451908,1.7106926441192627,,
288,132849,0.027395399287343025,0.8034796714782715,,
288,132899,0.01906120963394642,1.057310938835144,,
288,132939,,,0.3704955279827118,0.27393537759780884
289,132949,0.047299012541770935,0.9742092490196228,,
289,132999,0.013383785262703896,0.8608314990997314,,
289,133049,0.006188475526869297,1.0300649404525757,,
289,133099,0.038207340985536575,0.6079651117324829,,
289,133149,0.0039497120305895805,1.1947524547576904,,
289,133199,0.004161548800766468,1.1401269435882568,,
289,133249,0.015431818552315235,1.0788240432739258,,
289,133299,0.01804838702082634,0.8988003730773926,,
289,133349,0.0134953074157238,1.0356686115264893,,
289,133399,0.02381192147731781,1.2846531867980957,,
289,133399,,,0.4050293266773224,0.22538451850414276
290,133449,0.01634056121110916,0.9194833040237427,,
290,133499,0.008925918489694595,1.173574447631836,,
290,133549,0.046098966151475906,0.7356977462768555,,
290,133599,0.0097171226516366,1.1560258865356445,,
290,133649,0.01692780666053295,1.0787231922149658,,
290,133699,0.02687697298824787,0.8610731363296509,,
290,133749,0.03704670071601868,1.084205150604248,,
290,133799,0.035612959414720535,1.002289056777954,,
290,133849,0.025709737092256546,0.852983295917511,,
290,133859,,,0.3781873881816864,0.303048312664032
291,133899,0.021098986268043518,0.6736371517181396,,
291,133949,0.010160892270505428,0.9667133092880249,,
291,133999,0.02781863883137703,0.9097230434417725,,
291,134049,0.031353909522295,0.8539637327194214,,
291,134099,0.024647505953907967,0.8500180244445801,,
291,134149,0.034958794713020325,0.9781169891357422,,
291,134199,0.0069755855947732925,0.8360602855682373,,
291,134249,0.01139310747385025,0.6999004483222961,,
291,134299,0.044326089322566986,0.6072454452514648,,
291,134319,,,0.36522823572158813,0.3357509672641754
292,134349,0.02941274270415306,0.9055654406547546,,
292,134399,0.05319613963365555,1.0309090614318848,,
292,134449,0.07321866601705551,0.7934229969978333,,
292,134499,0.005123117472976446,1.0477651357650757,,
292,134549,0.004437262192368507,1.0565189123153687,,
292,134599,0.01593755930662155,0.7938520312309265,,
292,134649,0.0031103426590561867,1.2285561561584473,,
292,134699,0.009503335691988468,1.0616644620895386,,
292,134749,0.05618863180279732,0.8693591952323914,,
292,134779,,,0.36623960733413696,0.34808340668678284
293,134799,0.0071613239124417305,0.9277853965759277,,
293,134849,0.03306570649147034,1.179413080215454,,
293,134899,0.05082269012928009,0.7063043117523193,,
293,134949,0.00650698971003294,1.1357038021087646,,
293,134999,0.008129936642944813,0.8874498605728149,,
293,135049,0.0554405152797699,1.357460856437683,,
293,135099,0.02070007473230362,1.14227294921875,,
293,135149,0.04833636432886124,0.9127535820007324,,
293,135199,0.010792067274451256,1.0042600631713867,,
293,135239,,,0.3990333676338196,0.250596284866333
294,135249,0.028031978756189346,0.944098711013794,,
294,135299,0.014553647488355637,1.0966591835021973,,
294,135349,0.02882695384323597,0.7008711099624634,,
294,135399,0.012273432686924934,1.1034181118011475,,
294,135449,0.014200164005160332,0.8604496121406555,,
294,135499,0.05520547553896904,1.1972712278366089,,
294,135549,0.008846476674079895,1.407989501953125,,
294,135599,0.010734476149082184,1.1517655849456787,,
294,135649,0.018248338252305984,1.009455680847168,,
294,135699,0.009133927524089813,1.1302350759506226,,
294,135699,,,0.3909130394458771,0.23351219296455383
295,135749,0.013860613107681274,0.7808176875114441,,
295,135799,0.006805762182921171,1.090233564376831,,
295,135849,0.028034579008817673,1.0381619930267334,,
295,135899,0.021359391510486603,0.830419659614563,,
295,135949,0.006364922970533371,1.0093975067138672,,
295,135999,0.005780823528766632,1.0566400289535522,,
295,136049,0.011174201965332031,0.9510454535484314,,
295,136099,0.01870732754468918,1.327262282371521,,
295,136149,0.06870057433843613,1.0728614330291748,,
295,136159,,,0.3603297173976898,0.3111039400100708
296,136199,0.015161070041358471,1.1334694623947144,,
296,136249,0.010319739580154419,1.16733717918396,,
296,136299,0.031874820590019226,0.9911738038063049,,
296,136349,0.014874403364956379,0.8078078031539917,,
296,136399,0.025015737861394882,0.8109418153762817,,
296,136449,0.016540098935365677,1.2665431499481201,,
296,136499,0.008954566903412342,1.0475270748138428,,
296,136549,0.0221538208425045,1.0259056091308594,,
296,136599,0.01864483952522278,1.1033521890640259,,
296,136619,,,0.3790363669395447,0.21929606795310974
297,136649,0.011445052921772003,1.2049553394317627,,
297,136699,0.007013559341430664,1.0485618114471436,,
297,136749,0.01680918224155903,0.9642072916030884,,
297,136799,0.007938235998153687,0.7395569682121277,,
297,136849,0.026697782799601555,0.9166940450668335,,
297,136899,0.014866188168525696,1.0945556163787842,,
297,136949,0.0316116064786911,0.8377455472946167,,
297,136999,0.032177627086639404,1.1466437578201294,,
297,137049,0.018904540687799454,1.00050687789917,,
297,137079,,,0.3749854564666748,0.31464752554893494
298,137099,0.0065265800803899765,1.177712082862854,,
298,137149,0.013791698962450027,1.1262685060501099,,
298,137199,0.03808330371975899,1.0392253398895264,,
298,137249,0.008190927095711231,1.0803344249725342,,
298,137299,0.014765007421374321,0.9912807941436768,,
298,137349,0.010897424072027206,0.7495659589767456,,
298,137399,0.019964229315519333,1.1484206914901733,,
298,137449,0.027125515043735504,0.7837164402008057,,
298,137499,0.007936669513583183,0.9292159676551819,,
298,137539,,,0.3741888403892517,0.2874802350997925
299,137549,0.007807608228176832,0.8302807807922363,,
299,137599,0.025738520547747612,1.2642546892166138,,
299,137649,0.008744237944483757,1.2897446155548096,,
299,137699,0.019452402368187904,1.2213876247406006,,
299,137749,0.0056859031319618225,1.0046920776367188,,
299,137799,0.01398443803191185,0.7504689693450928,,
299,137849,0.023388797417283058,1.005605936050415,,
299,137899,0.012646009214222431,0.9182686805725098,,
299,137949,0.025668274611234665,1.1868938207626343,,
299,137999,0.0067747184075415134,1.4818358421325684,,
299,137999,,,0.37986060976982117,0.28997674584388733
