epoch,step,train_discriminator_loss,train_generator_loss,validation_discriminator_accuracy,validation_discriminator_loss,validation_generator_loss
0,49,1.3631737232208252,0.6958212852478027,,,
0,99,1.3436906337738037,0.7010509967803955,,,
0,149,1.3355470895767212,0.7067533135414124,,,
0,199,1.3063994646072388,0.7330753207206726,,,
0,249,1.3089792728424072,0.7301415205001831,,,
0,299,1.324172854423523,0.716833233833313,,,
0,349,1.2939726114273071,0.7454258799552917,,,
0,399,1.3031413555145264,0.7540298700332642,,,
0,449,1.3090183734893799,0.7365356087684631,,,
0,459,,,0.7849666983824929,1.3170040845870972,0.7280115485191345
1,499,1.3314845561981201,0.718995213508606,,,
1,549,1.324479341506958,0.7236738204956055,,,
1,599,1.3092634677886963,0.7180594205856323,,,
1,649,1.2934575080871582,0.7460532188415527,,,
1,699,1.2918635606765747,0.7520794868469238,,,
1,749,1.3168797492980957,0.7279345989227295,,,
1,799,1.307311773300171,0.7366076707839966,,,
1,849,1.32416570186615,0.7124565839767456,,,
1,899,1.3303396701812744,0.7110284566879272,,,
1,919,,,0.9227266548865026,1.299248456954956,0.7316661477088928
2,949,1.3478693962097168,0.6938629150390625,,,
2,999,1.3098477125167847,0.7247046828269958,,,
2,1049,1.3255183696746826,0.7135226726531982,,,
2,1099,1.3660255670547485,0.7001115083694458,,,
2,1149,1.315484642982483,0.7387922406196594,,,
2,1199,1.3106369972229004,0.721102774143219,,,
2,1249,1.2727512121200562,0.754841685295105,,,
2,1299,1.2359280586242676,0.829150915145874,,,
2,1349,1.26426362991333,0.799105167388916,,,
2,1379,,,0.6423814054641838,1.3339868783950806,0.7456978559494019
3,1399,1.3193788528442383,0.7406748533248901,,,
3,1449,1.2764322757720947,0.8156921863555908,,,
3,1499,1.2079106569290161,0.8168575167655945,,,
3,1549,1.2385425567626953,0.8443344831466675,,,
3,1599,1.2971501350402832,0.7415000200271606,,,
3,1649,1.1431318521499634,0.8939717411994934,,,
3,1699,1.1747870445251465,0.838459849357605,,,
3,1749,1.2108831405639648,0.8222373127937317,,,
3,1799,1.303607702255249,0.7189546227455139,,,
3,1839,,,0.8447736849259209,1.3016782999038696,0.7595801949501038
4,1849,1.2907664775848389,0.7200913429260254,,,
4,1899,1.2019902467727661,0.8011355400085449,,,
4,1949,1.1603879928588867,0.8589280843734741,,,
4,1999,1.2298686504364014,0.8268121480941772,,,
4,2049,1.166786789894104,0.888418436050415,,,
4,2099,1.3015012741088867,0.7213972806930542,,,
4,2149,1.1365966796875,0.9115307331085205,,,
4,2199,1.251368522644043,0.7715857625007629,,,
4,2249,1.2413690090179443,0.7584645748138428,,,
4,2299,1.0373942852020264,0.9586069583892822,,,
4,2299,,,0.5774092700829142,1.3327521085739136,0.7410870790481567
5,2349,1.3806461095809937,0.7983177900314331,,,
5,2399,1.102569341659546,1.020924687385559,,,
5,2449,1.1873157024383545,0.8107938766479492,,,
5,2499,1.2901877164840698,0.6997845768928528,,,
5,2549,1.2776148319244385,0.8666292428970337,,,
5,2599,1.331795334815979,0.796532392501831,,,
5,2649,1.1721924543380737,0.849168062210083,,,
5,2699,0.9927476644515991,1.103848934173584,,,
5,2749,1.217836856842041,0.824004054069519,,,
5,2759,,,0.725499524262607,1.2813589572906494,0.8998295068740845
6,2799,0.9619463682174683,1.0957539081573486,,,
6,2849,1.0372605323791504,1.040209174156189,,,
6,2899,1.1536287069320679,0.9146120548248291,,,
6,2949,1.1283016204833984,0.8791007399559021,,,
6,2999,1.0747497081756592,1.178720474243164,,,
6,3049,1.1376465559005737,0.8947935104370117,,,
6,3099,0.9557679891586304,1.1453536748886108,,,
6,3149,0.9300791025161743,1.113864779472351,,,
6,3199,1.2797677516937256,0.9064542651176453,,,
6,3219,,,0.5976620905260296,1.3162400722503662,0.7840688228607178
7,3249,1.2084730863571167,1.027318000793457,,,
7,3299,1.1428842544555664,0.8552433848381042,,,
7,3349,1.201392412185669,1.0425117015838623,,,
7,3399,1.024606466293335,1.0654792785644531,,,
7,3449,1.0319936275482178,1.0580320358276367,,,
7,3499,1.335928201675415,0.7826588153839111,,,
7,3549,1.0930848121643066,0.9452358484268188,,,
7,3599,1.30899178981781,0.9042051434516907,,,
7,3649,1.0624898672103882,1.2896292209625244,,,
7,3679,,,0.85789044447465,1.2806928157806396,0.7975661158561707
8,3699,1.1442952156066895,0.8482342958450317,,,
8,3749,1.1774957180023193,0.7633904218673706,,,
8,3799,1.2856367826461792,0.8257215023040771,,,
8,3849,1.1237472295761108,1.027127742767334,,,
8,3899,1.2277123928070068,0.9252626895904541,,,
8,3949,1.2796833515167236,0.8639052510261536,,,
8,3999,1.283513069152832,1.0398554801940918,,,
8,4049,1.2401070594787598,0.869717538356781,,,
8,4099,1.2582874298095703,0.8119385838508606,,,
8,4139,,,0.6143128992795976,1.3186421394348145,0.8961099982261658
9,4149,1.355316162109375,0.8124101758003235,,,
9,4199,1.2291820049285889,0.9932127594947815,,,
9,4249,1.3753950595855713,0.7877691984176636,,,
9,4299,1.405113697052002,0.8435069918632507,,,
9,4349,1.2730785608291626,0.8076550960540771,,,
9,4399,1.4191259145736694,0.7405208349227905,,,
9,4449,1.3622090816497803,0.7084774971008301,,,
9,4499,1.255983591079712,0.9201299548149109,,,
9,4549,1.318055510520935,0.7790522575378418,,,
9,4599,1.2781771421432495,0.7804641723632812,,,
9,4599,,,0.3952698110642925,1.4468470811843872,0.6621347069740295
10,4649,1.2908670902252197,0.851443886756897,,,
10,4699,1.4165558815002441,0.7729328870773315,,,
10,4749,1.3063851594924927,0.7762492895126343,,,
10,4799,1.3411617279052734,0.7804700136184692,,,
10,4849,1.3124768733978271,0.8180902600288391,,,
10,4899,1.3534525632858276,0.7389544248580933,,,
10,4949,1.2620079517364502,0.8453742265701294,,,
10,4999,1.3440372943878174,0.8713420033454895,,,
10,5049,1.2232749462127686,0.8674781322479248,,,
10,5059,,,0.5601467989669703,1.39126455783844,0.7333505749702454
11,5099,1.3155567646026611,0.7798073291778564,,,
11,5149,1.2750434875488281,0.837073802947998,,,
11,5199,1.2850220203399658,0.7959005832672119,,,
11,5249,1.28301203250885,0.913838267326355,,,
11,5299,1.2607848644256592,0.8479312062263489,,,
11,5349,1.287717580795288,0.8564376831054688,,,
11,5399,1.321782112121582,0.7703988552093506,,,
11,5449,1.3375098705291748,0.8062823414802551,,,
11,5499,1.277961015701294,0.864064633846283,,,
11,5519,,,0.6618186760907979,1.3140901327133179,0.7739899158477783
12,5549,1.208026647567749,0.9330517649650574,,,
12,5599,1.2679654359817505,0.8477233648300171,,,
12,5649,1.2513736486434937,0.8675358295440674,,,
12,5699,1.3081183433532715,0.8272363543510437,,,
12,5749,1.2074828147888184,0.8635180592536926,,,
12,5799,1.2375614643096924,0.9327749013900757,,,
12,5849,1.1788289546966553,0.9928582906723022,,,
12,5899,1.168571949005127,1.1678591966629028,,,
12,5949,1.2402992248535156,0.9248164296150208,,,
12,5979,,,0.5704770966426532,1.3750238418579102,0.755673348903656
13,5999,1.2880477905273438,0.8597350120544434,,,
13,6049,1.2395013570785522,0.9729412794113159,,,
13,6099,1.2693142890930176,0.8525161147117615,,,
13,6149,1.2904741764068604,0.9057211875915527,,,
13,6199,1.1678342819213867,1.1079034805297852,,,
13,6249,1.3256926536560059,0.8499131202697754,,,
13,6299,1.218406081199646,0.9473510980606079,,,
13,6349,1.2282872200012207,0.9338828325271606,,,
13,6399,1.2843035459518433,0.8147108554840088,,,
13,6439,,,0.6790131847220334,1.291524052619934,0.7543104290962219
14,6449,1.10762357711792,1.1505231857299805,,,
14,6499,1.283877968788147,0.8275498747825623,,,
14,6549,1.4034953117370605,0.7126087546348572,,,
14,6599,1.193689227104187,1.014323115348816,,,
14,6649,1.314826488494873,0.8120322227478027,,,
14,6699,1.1649234294891357,0.940435528755188,,,
14,6749,1.1811249256134033,0.9590972661972046,,,
14,6799,1.2892441749572754,0.7835577726364136,,,
14,6849,1.335022211074829,0.775054395198822,,,
14,6899,1.0995126962661743,1.1771430969238281,,,
14,6899,,,0.7139459018621721,1.2229984998703003,0.8924939036369324
15,6949,1.2750365734100342,0.8826942443847656,,,
15,6999,1.214810848236084,0.9632872939109802,,,
15,7049,1.2091867923736572,0.8776413202285767,,,
15,7099,1.3405174016952515,0.7772261500358582,,,
15,7149,1.314497470855713,0.8287036418914795,,,
15,7199,1.3483186960220337,0.7137327194213867,,,
15,7249,1.3119511604309082,0.823582649230957,,,
15,7299,1.3192635774612427,0.7870586514472961,,,
15,7349,1.3275747299194336,0.7161714434623718,,,
15,7359,,,0.666304200081555,1.312730312347412,0.7617255449295044
16,7399,1.2241995334625244,0.9613374471664429,,,
16,7449,1.357612133026123,0.7568047046661377,,,
16,7499,1.2823833227157593,0.8406571745872498,,,
16,7549,1.3447937965393066,0.7954477071762085,,,
16,7599,1.3246681690216064,0.8022962808609009,,,
16,7649,1.265085220336914,0.9424159526824951,,,
16,7699,1.227705478668213,0.8583341836929321,,,
16,7749,1.2065370082855225,0.9367948770523071,,,
16,7799,1.1615140438079834,0.9062650203704834,,,
16,7819,,,0.6924697566943048,1.2334601879119873,0.8653578162193298
17,7849,1.1451466083526611,0.9766222834587097,,,
17,7899,1.292876124382019,0.7351406812667847,,,
17,7949,1.2982115745544434,0.8755045533180237,,,
17,7999,1.346975326538086,0.9044334888458252,,,
17,8049,1.2197988033294678,0.8167957067489624,,,
17,8099,1.222373127937317,0.9155937433242798,,,
17,8149,1.2539963722229004,0.7985615730285645,,,
17,8199,1.1597630977630615,0.9028964638710022,,,
17,8249,1.2576391696929932,0.7336978316307068,,,
17,8279,,,0.640886230800598,1.2737261056900024,0.8601385354995728
18,8299,1.1984500885009766,0.8225959539413452,,,
18,8349,1.2866971492767334,0.8123177289962769,,,
18,8399,1.2897040843963623,0.8776202201843262,,,
18,8449,1.2993597984313965,0.8086933493614197,,,
18,8499,1.2149250507354736,0.8050629496574402,,,
18,8549,1.2260513305664062,0.8827354907989502,,,
18,8599,1.2578141689300537,0.8916696906089783,,,
18,8649,1.3097435235977173,0.739628255367279,,,
18,8699,1.3951654434204102,0.7570912837982178,,,
18,8739,,,0.594331928775316,1.3442457914352417,0.7746624946594238
19,8749,1.1231975555419922,1.1455059051513672,,,
19,8799,1.337030291557312,0.7756959199905396,,,
19,8849,1.2950698137283325,0.8723821640014648,,,
19,8899,1.1362428665161133,0.9121213555335999,,,
19,8949,1.1353527307510376,1.014610767364502,,,
19,8999,1.3189914226531982,0.8811436891555786,,,
19,9049,1.1218007802963257,0.8850452899932861,,,
19,9099,1.2903242111206055,0.9898707866668701,,,
19,9149,1.1720608472824097,0.9359496831893921,,,
19,9199,1.1522976160049438,0.9598740935325623,,,
19,9199,,,0.5733315210004077,1.3985545635223389,0.7776598930358887
20,9249,1.4486901760101318,0.7061015367507935,,,
20,9299,1.124900221824646,1.0039852857589722,,,
20,9349,1.2695075273513794,0.8440350294113159,,,
20,9399,1.2488114833831787,0.7292430400848389,,,
20,9449,1.2280230522155762,0.788068413734436,,,
20,9499,1.2753080129623413,0.8386714458465576,,,
20,9549,1.0952054262161255,1.0695174932479858,,,
20,9599,1.2089906930923462,1.1270941495895386,,,
20,9649,1.1524548530578613,1.0942391157150269,,,
20,9659,,,0.6754791355171945,1.296371579170227,0.761554479598999
21,9699,1.3280353546142578,0.9292710423469543,,,
21,9749,1.017453670501709,1.0576361417770386,,,
21,9799,0.9653029441833496,1.0062505006790161,,,
21,9849,0.9816611409187317,1.1592704057693481,,,
21,9899,1.2055518627166748,0.9934819936752319,,,
21,9949,1.3738718032836914,0.6958917379379272,,,
21,9999,1.2502813339233398,0.7610294818878174,,,
21,10049,1.2205946445465088,0.8710872530937195,,,
21,10099,1.3935688734054565,0.882013201713562,,,
21,10119,,,0.5329618050835938,1.371140480041504,0.6981222033500671
22,10149,1.206637978553772,0.9152860045433044,,,
22,10199,1.278918743133545,0.8070911169052124,,,
22,10249,1.3641160726547241,0.7573027014732361,,,
22,10299,1.1179444789886475,0.9394639730453491,,,
22,10349,1.1516938209533691,0.8818776607513428,,,
22,10399,1.2434096336364746,0.8444992303848267,,,
22,10449,1.1066513061523438,1.0144248008728027,,,
22,10499,1.3593801259994507,0.7717162370681763,,,
22,10549,1.2124911546707153,0.7790038585662842,,,
22,10579,,,0.5287481310316705,1.4049792289733887,0.7235797047615051
23,10599,1.0620077848434448,0.9984604716300964,,,
23,10649,1.348879098892212,0.6973708271980286,,,
23,10699,1.0547350645065308,0.8804711103439331,,,
23,10749,1.1831873655319214,1.079177737236023,,,
23,10799,1.2908523082733154,0.8838139772415161,,,
23,10849,1.2847862243652344,0.9343994855880737,,,
23,10899,1.2244799137115479,0.7325890064239502,,,
23,10949,1.2065722942352295,0.7616857886314392,,,
23,10999,1.105432391166687,0.9484257698059082,,,
23,11039,,,0.5161071088759005,1.3893619775772095,0.7625992894172668
24,11049,1.3441181182861328,0.7264373898506165,,,
24,11099,1.1573421955108643,0.8426451683044434,,,
24,11149,1.3020669221878052,0.8469650745391846,,,
24,11199,1.0120584964752197,0.9779267311096191,,,
24,11249,1.0883984565734863,0.940276026725769,,,
24,11299,1.1715285778045654,0.9337018728256226,,,
24,11349,1.1357260942459106,1.0755181312561035,,,
24,11399,1.3736603260040283,0.7878821492195129,,,
24,11449,1.1628530025482178,1.0700244903564453,,,
24,11499,1.1866984367370605,0.7309613227844238,,,
24,11499,,,0.47655294277558785,1.4249992370605469,0.6324586272239685
25,11549,1.2699329853057861,0.6842217445373535,,,
25,11599,1.3229681253433228,0.8669933080673218,,,
25,11649,1.0193370580673218,0.8117201924324036,,,
25,11699,1.0503876209259033,1.068834662437439,,,
25,11749,1.1669690608978271,0.8182735443115234,,,
25,11799,1.1970794200897217,0.888529896736145,,,
25,11849,1.2429474592208862,0.8814430236816406,,,
25,11899,1.0168323516845703,1.0748907327651978,,,
25,11949,1.2913057804107666,1.2315995693206787,,,
25,11959,,,0.6133614244936795,1.3323795795440674,0.7140109539031982
26,11999,0.9977168440818787,1.0857646465301514,,,
26,12049,0.9190990924835205,1.0274879932403564,,,
26,12099,1.1952180862426758,0.7522039413452148,,,
26,12149,0.9517649412155151,1.1043275594711304,,,
26,12199,0.937544584274292,1.204413890838623,,,
26,12249,1.069583773612976,0.8412532806396484,,,
26,12299,1.1331313848495483,0.8110769987106323,,,
26,12349,1.149024248123169,0.8335832357406616,,,
26,12399,1.0901206731796265,0.8518960475921631,,,
26,12419,,,0.6817996465950795,1.2764480113983154,0.7942302823066711
27,12449,1.220037817955017,1.0792056322097778,,,
27,12499,0.8583149909973145,1.1668457984924316,,,
27,12549,1.14078688621521,0.9147204160690308,,,
27,12599,1.0929532051086426,1.296001672744751,,,
27,12649,1.1310755014419556,0.990390419960022,,,
27,12699,1.040649652481079,1.2140560150146484,,,
27,12749,1.3437135219573975,0.8460417985916138,,,
27,12799,1.2028963565826416,0.7679599523544312,,,
27,12849,1.2007306814193726,0.8670439720153809,,,
27,12879,,,0.5338453173848036,1.3796324729919434,0.6936559677124023
28,12899,1.1576191186904907,0.9155707359313965,,,
28,12949,1.256932020187378,0.911260724067688,,,
28,12999,1.1956459283828735,0.9091429710388184,,,
28,13049,1.2039525508880615,1.0495173931121826,,,
28,13099,1.261730432510376,0.8441219329833984,,,
28,13149,1.2095074653625488,1.0399608612060547,,,
28,13199,1.1682484149932861,0.8335661292076111,,,
28,13249,1.0246425867080688,0.7924025058746338,,,
28,13299,1.1364436149597168,0.8907108306884766,,,
28,13339,,,0.5992252276743237,1.3263418674468994,0.8390419483184814
29,13349,1.0293729305267334,1.0233235359191895,,,
29,13399,1.017594575881958,0.8813536167144775,,,
29,13449,1.2568151950836182,1.0494763851165771,,,
29,13499,1.1494619846343994,1.0361257791519165,,,
29,13549,1.2394402027130127,0.9295802712440491,,,
29,13599,1.2016143798828125,0.7630180716514587,,,
29,13649,0.9383570551872253,1.1839046478271484,,,
29,13699,1.0491775274276733,0.9602413177490234,,,
29,13749,1.3873200416564941,0.9101002812385559,,,
29,13799,0.8472647666931152,1.0434304475784302,,,
29,13799,,,0.5795840695935843,1.2201899290084839,0.8834791779518127
30,13849,0.9447917938232422,1.0014808177947998,,,
30,13899,1.305696725845337,0.6507436633110046,,,
30,13949,1.03996741771698,1.0425883531570435,,,
30,13999,1.231673240661621,0.9454103112220764,,,
30,14049,1.1109187602996826,0.9672068953514099,,,
30,14099,1.1131511926651,0.8452299237251282,,,
30,14149,1.1041662693023682,1.199570655822754,,,
30,14199,1.1171414852142334,0.9052651524543762,,,
30,14249,1.1523189544677734,0.8932129740715027,,,
30,14259,,,0.4963300258257442,1.4269423484802246,0.6321830749511719
31,14299,1.1559100151062012,0.7615078687667847,,,
31,14349,1.0802512168884277,0.8557778596878052,,,
31,14399,1.416630506515503,1.0437097549438477,,,
31,14449,1.1056510210037231,1.1839122772216797,,,
31,14499,1.0108489990234375,0.9466607570648193,,,
31,14549,1.059732437133789,1.0633587837219238,,,
31,14599,0.9933991432189941,1.021012544631958,,,
31,14649,0.9735056161880493,1.2753617763519287,,,
31,14699,0.9690948128700256,1.0084211826324463,,,
31,14719,,,0.6287209460377872,1.2822062969207764,0.7611141204833984
32,14749,1.101365566253662,0.7979286909103394,,,
32,14799,1.0866361856460571,0.9276869297027588,,,
32,14849,1.1171056032180786,1.0379852056503296,,,
32,14899,0.9653423428535461,1.4782984256744385,,,
32,14949,1.1280691623687744,0.8652557134628296,,,
32,14999,1.0940064191818237,1.1170415878295898,,,
32,15049,1.204695224761963,0.9657185077667236,,,
32,15099,0.9568672776222229,1.0280749797821045,,,
32,15149,1.0795180797576904,1.0199147462844849,,,
32,15179,,,0.6425173304336006,1.283486008644104,0.754953920841217
33,15199,0.8186136484146118,1.062585473060608,,,
33,15249,1.0884373188018799,0.8061481714248657,,,
33,15299,0.9521403312683105,0.9044548273086548,,,
33,15349,1.0736329555511475,1.1097147464752197,,,
33,15399,1.0595625638961792,1.091524600982666,,,
33,15449,1.2457249164581299,0.998076319694519,,,
33,15499,1.3596668243408203,1.0249799489974976,,,
33,15549,1.0515793561935425,0.9262621402740479,,,
33,15599,1.1231107711791992,0.9640809297561646,,,
33,15639,,,0.6041185265733315,1.3447495698928833,0.7968910336494446
34,15649,1.3066107034683228,0.9238948225975037,,,
34,15699,1.2816028594970703,0.6045017242431641,,,
34,15749,1.0646620988845825,1.0225350856781006,,,
34,15799,0.8697311878204346,0.9148006439208984,,,
34,15849,1.1030876636505127,1.0660927295684814,,,
34,15899,0.7728649973869324,1.1064774990081787,,,
34,15949,1.0143123865127563,0.9315704107284546,,,
34,15999,0.8624587059020996,1.1917997598648071,,,
34,16049,1.2202343940734863,1.0346031188964844,,,
34,16099,1.0689345598220825,1.1174834966659546,,,
34,16099,,,0.6499252412668207,1.2882651090621948,0.7504553198814392
35,16149,1.0192904472351074,1.0234949588775635,,,
35,16199,1.1243770122528076,0.8555180430412292,,,
35,16249,1.0626356601715088,0.9559968113899231,,,
35,16299,1.114024043083191,0.8914663791656494,,,
35,16349,1.1584436893463135,0.8984478712081909,,,
35,16399,1.4079965353012085,0.8381438851356506,,,
35,16449,1.2517075538635254,1.0028480291366577,,,
35,16499,0.9255195260047913,1.0196385383605957,,,
35,16549,1.1777775287628174,0.6124787926673889,,,
35,16559,,,0.6355851569933397,1.281298041343689,0.8180662393569946
36,16599,0.9020518064498901,1.0784907341003418,,,
36,16649,0.9145454168319702,0.9405685067176819,,,
36,16699,1.2708534002304077,0.7066677808761597,,,
36,16749,1.1832773685455322,0.9163526892662048,,,
36,16799,0.9123460054397583,0.9764359593391418,,,
36,16849,1.0946459770202637,0.9570502042770386,,,
36,16899,0.9771692752838135,0.921324610710144,,,
36,16949,1.048467993736267,1.0058045387268066,,,
36,16999,1.0565801858901978,0.8427188396453857,,,
36,17019,,,0.7079652032078293,1.2517063617706299,0.7959173917770386
37,17049,1.0593757629394531,0.7904462814331055,,,
37,17099,0.9051126837730408,1.3322129249572754,,,
37,17149,1.1711641550064087,1.1235768795013428,,,
37,17199,1.0009875297546387,1.1925685405731201,,,
37,17249,0.9245020151138306,1.0465974807739258,,,
37,17299,0.9684861898422241,0.9765700101852417,,,
37,17349,0.963270902633667,1.1064871549606323,,,
37,17399,1.0977649688720703,0.9232393503189087,,,
37,17449,1.0106651782989502,0.8220045566558838,,,
37,17479,,,0.5440396900910698,1.3334583044052124,0.6636053323745728
38,17499,1.0036362409591675,0.8010410070419312,,,
38,17549,0.875462532043457,0.9207249879837036,,,
38,17599,1.2067351341247559,0.8697564601898193,,,
38,17649,1.2379660606384277,1.0275148153305054,,,
38,17699,0.9617747068405151,1.4622008800506592,,,
38,17749,1.1234848499298096,0.8910409212112427,,,
38,17799,1.0695419311523438,1.0016632080078125,,,
38,17849,1.1586511135101318,0.9350399971008301,,,
38,17899,1.1444180011749268,1.1450525522232056,,,
38,17939,,,0.6700421367405193,1.2606315612792969,0.9315343499183655
39,17949,0.9179487824440002,0.987677812576294,,,
39,17999,1.0464726686477661,1.0391170978546143,,,
39,18049,1.0163832902908325,1.043721079826355,,,
39,18099,1.0642979145050049,0.939625084400177,,,
39,18149,1.211361050605774,0.7692058086395264,,,
39,18199,0.8775426149368286,0.9245138168334961,,,
39,18249,1.0386998653411865,1.0247758626937866,,,
39,18299,0.9681690335273743,1.0858027935028076,,,
39,18349,1.095794677734375,0.7413895726203918,,,
39,18399,1.1792323589324951,1.0903291702270508,,,
39,18399,,,0.5699333967649858,1.3247021436691284,0.7432029843330383
40,18449,0.7886945009231567,0.9107602834701538,,,
40,18499,0.8627600073814392,1.114651083946228,,,
40,18549,0.813654899597168,1.0602848529815674,,,
40,18599,0.8036376237869263,1.2908905744552612,,,
40,18649,0.7704185247421265,0.9565763473510742,,,
40,18699,1.2087008953094482,0.5802493095397949,,,
40,18749,1.2614572048187256,1.1016132831573486,,,
40,18799,1.1876963376998901,0.7398166656494141,,,
40,18849,1.023923635482788,1.081385612487793,,,
40,18859,,,0.5861764306103031,1.2881629467010498,0.6646759510040283
41,18899,1.042138695716858,1.165772557258606,,,
41,18949,1.1188206672668457,0.7969363927841187,,,
41,18999,0.9786439538002014,1.3688971996307373,,,
41,19049,0.9278994798660278,1.260697603225708,,,
41,19099,0.7049075365066528,1.1077783107757568,,,
41,19149,0.9495973587036133,1.162261724472046,,,
41,19199,0.8635344505310059,1.5075268745422363,,,
41,19249,0.9441820979118347,1.2135562896728516,,,
41,19299,0.9814854860305786,0.875502347946167,,,
41,19319,,,0.6060894386298763,1.3237848281860352,0.7679001092910767
42,19349,0.9937194585800171,0.9366216063499451,,,
42,19399,1.384909987449646,0.7373237609863281,,,
42,19449,1.074030876159668,0.8568128943443298,,,
42,19499,1.1359723806381226,0.9770625829696655,,,
42,19549,1.0250487327575684,1.2871990203857422,,,
42,19599,0.844162106513977,1.0805363655090332,,,
42,19649,1.210256576538086,1.253732681274414,,,
42,19699,1.0379149913787842,1.2115890979766846,,,
42,19749,1.1640620231628418,0.7662261128425598,,,
42,19779,,,0.6185945358162295,1.3486319780349731,0.7362837195396423
43,19799,1.117348074913025,0.8998922109603882,,,
43,19849,0.8328958749771118,1.0685206651687622,,,
43,19899,1.0046838521957397,1.1052515506744385,,,
43,19949,0.9377369284629822,1.1736299991607666,,,
43,19999,1.1864738464355469,0.9169963598251343,,,
43,20049,1.073752760887146,1.2031439542770386,,,
43,20099,0.9447383880615234,1.1601896286010742,,,
43,20149,0.8242899179458618,0.9629008769989014,,,
43,20199,0.9550660848617554,0.8990100622177124,,,
43,20239,,,0.5980698654342803,1.3386781215667725,0.7723909020423889
44,20249,1.0268452167510986,0.8746002912521362,,,
44,20299,0.8941762447357178,1.1858570575714111,,,
44,20349,1.3549559116363525,1.0076251029968262,,,
44,20399,1.0611392259597778,0.8744105100631714,,,
44,20449,1.4321939945220947,0.8259267807006836,,,
44,20499,0.9389493465423584,1.0394302606582642,,,
44,20549,1.014017105102539,1.0535571575164795,,,
44,20599,1.0262305736541748,1.030212163925171,,,
44,20649,1.0649969577789307,1.014608383178711,,,
44,20699,0.931614875793457,1.2194843292236328,,,
44,20699,,,0.5406415658556477,1.3856687545776367,0.6881728768348694
45,20749,1.2542669773101807,0.9773125648498535,,,
45,20799,1.320432424545288,1.3000237941741943,,,
45,20849,1.157423973083496,0.945626974105835,,,
45,20899,1.0354628562927246,0.8870518207550049,,,
45,20949,1.2363526821136475,0.6817805767059326,,,
45,20999,0.8654400110244751,1.08169686794281,,,
45,21049,1.222215175628662,0.9955767393112183,,,
45,21099,0.8562013506889343,1.4723865985870361,,,
45,21149,1.0434775352478027,0.862575888633728,,,
45,21159,,,0.7178877259752616,1.2442357540130615,0.7721793055534363
46,21199,1.3494610786437988,0.7886037826538086,,,
46,21249,0.9500019550323486,1.3116827011108398,,,
46,21299,0.9195649027824402,0.828856348991394,,,
46,21349,1.1871087551116943,0.8902696967124939,,,
46,21399,1.1157203912734985,0.7933969497680664,,,
46,21449,1.1450825929641724,0.8808340430259705,,,
46,21499,1.0826632976531982,0.7341296672821045,,,
46,21549,1.2063140869140625,0.7833641767501831,,,
46,21599,0.9022549390792847,0.8597103357315063,,,
46,21619,,,0.5914095419328531,1.3234565258026123,0.6718923449516296
47,21649,1.1116514205932617,0.917194128036499,,,
47,21699,1.0389022827148438,1.1464648246765137,,,
47,21749,0.996626615524292,1.0692296028137207,,,
47,21799,1.212224006652832,1.0297410488128662,,,
47,21849,1.1150795221328735,1.0577964782714844,,,
47,21899,0.8572404384613037,1.2448813915252686,,,
47,21949,1.0108263492584229,1.1828131675720215,,,
47,21999,0.8044294118881226,1.2007322311401367,,,
47,22049,0.7930946946144104,0.8538984060287476,,,
47,22079,,,0.5311947804811744,1.2960845232009888,0.6733414530754089
48,22099,1.0017493963241577,1.0536986589431763,,,
48,22149,0.7941735982894897,1.0544662475585938,,,
48,22199,0.7273194789886475,1.0008612871170044,,,
48,22249,0.879636287689209,1.087963581085205,,,
48,22299,0.987533450126648,1.1378376483917236,,,
48,22349,1.1179428100585938,0.756197988986969,,,
48,22399,1.1632182598114014,0.6511856913566589,,,
48,22449,1.362536907196045,0.7052785158157349,,,
48,22499,1.2777931690216064,0.7997956275939941,,,
48,22539,,,0.6247791219246975,1.2928435802459717,0.7362304329872131
49,22549,1.0887624025344849,1.0438286066055298,,,
49,22599,1.0664608478546143,0.9704983234405518,,,
49,22649,1.1610559225082397,0.7354243993759155,,,
49,22699,1.1879165172576904,0.8473002910614014,,,
49,22749,1.1310237646102905,1.0581185817718506,,,
49,22799,1.016556978225708,0.8793497085571289,,,
49,22849,1.3271653652191162,0.8199312686920166,,,
49,22899,1.1644726991653442,0.9093319177627563,,,
49,22949,1.1760996580123901,0.7143670916557312,,,
49,22999,1.2712453603744507,0.9204462170600891,,,
49,22999,,,0.5670110099225227,1.3915125131607056,0.7352810502052307
50,23049,1.1364951133728027,0.8382073640823364,,,
50,23099,1.1048803329467773,1.1311204433441162,,,
50,23149,1.1711195707321167,0.781220555305481,,,
50,23199,1.1612192392349243,1.110335111618042,,,
50,23249,1.0026798248291016,1.003480315208435,,,
50,23299,1.2617762088775635,0.9031212329864502,,,
50,23349,1.083543300628662,0.8608094453811646,,,
50,23399,1.036020040512085,0.7688455581665039,,,
50,23449,1.0447638034820557,0.8722984790802002,,,
50,23459,,,0.6299442707625391,1.2756584882736206,0.8233873844146729
51,23499,0.8512115478515625,1.1024930477142334,,,
51,23549,1.032633662223816,0.8978701829910278,,,
51,23599,0.9970575571060181,1.0294573307037354,,,
51,23649,1.0559754371643066,0.7851397395133972,,,
51,23699,1.2603458166122437,0.7684496641159058,,,
51,23749,0.9882145524024963,1.0531363487243652,,,
51,23799,1.171022653579712,0.7643452882766724,,,
51,23849,0.9841883778572083,1.0520055294036865,,,
51,23899,0.9872912764549255,1.115631341934204,,,
51,23919,,,0.531602555389425,1.3246533870697021,0.6491631269454956
52,23949,0.9768003225326538,1.120988368988037,,,
52,23999,1.3322031497955322,0.8525716066360474,,,
52,24049,0.9686622023582458,0.9494361877441406,,,
52,24099,0.9411815404891968,1.0383827686309814,,,
52,24149,1.2433316707611084,0.8211624026298523,,,
52,24199,0.7795394062995911,1.0497162342071533,,,
52,24249,0.858762264251709,1.1321115493774414,,,
52,24299,0.6698398590087891,1.1426537036895752,,,
52,24349,0.8571484684944153,1.2095558643341064,,,
52,24379,,,0.6720810112817724,1.2249709367752075,0.7680358290672302
53,24399,1.123988389968872,1.134629487991333,,,
53,24449,0.8669113516807556,0.8696146607398987,,,
53,24499,1.0043466091156006,0.958694577217102,,,
53,24549,0.9345226287841797,0.9717453718185425,,,
53,24599,0.886239767074585,0.9651812314987183,,,
53,24649,1.1295936107635498,0.9651312828063965,,,
53,24699,1.0312002897262573,0.7716445922851562,,,
53,24749,0.9871492385864258,1.026777982711792,,,
53,24799,1.1115405559539795,0.905617356300354,,,
53,24839,,,0.577069457659372,1.2905839681625366,0.7063891887664795
54,24849,0.8815349340438843,1.325656771659851,,,
54,24899,1.1834588050842285,0.7362930774688721,,,
54,24949,1.0209665298461914,0.972103476524353,,,
54,24999,0.8212564587593079,0.9959536194801331,,,
54,25049,0.8693317174911499,0.9585355520248413,,,
54,25099,0.93976229429245,0.9087453484535217,,,
54,25149,1.3185993432998657,0.8521108627319336,,,
54,25199,1.1401584148406982,1.0024898052215576,,,
54,25249,1.0160396099090576,0.8481500744819641,,,
54,25299,0.7532291412353516,1.0148425102233887,,,
54,25299,,,0.31779257849666986,1.4237232208251953,0.6554102301597595
55,25349,0.992167592048645,1.139954686164856,,,
55,25399,0.7852866649627686,1.3356575965881348,,,
55,25449,1.1504559516906738,1.2529507875442505,,,
55,25499,0.9779868125915527,0.9054259061813354,,,
55,25549,0.9876226782798767,1.162986397743225,,,
55,25599,0.989276647567749,1.3592517375946045,,,
55,25649,0.9287809729576111,1.3863438367843628,,,
55,25699,1.2606642246246338,1.2464213371276855,,,
55,25749,1.1564861536026,1.0529911518096924,,,
55,25759,,,0.4234742422182955,1.4580389261245728,0.5771249532699585
56,25799,0.645085334777832,1.1580328941345215,,,
56,25849,1.2554497718811035,1.0633472204208374,,,
56,25899,1.047263503074646,1.2189829349517822,,,
56,25949,1.108112096786499,0.8124727606773376,,,
56,25999,1.2607557773590088,0.9289735555648804,,,
56,26049,1.0018186569213867,1.0170081853866577,,,
56,26099,0.6911929845809937,1.705028772354126,,,
56,26149,0.9544910192489624,0.9312906265258789,,,
56,26199,0.7489486932754517,1.2323529720306396,,,
56,26219,,,0.42850346608672013,1.4474585056304932,0.6845400333404541
57,26249,0.752882719039917,1.171911597251892,,,
57,26299,1.0564919710159302,0.9692705273628235,,,
57,26349,1.2429344654083252,0.8693618774414062,,,
57,26399,1.0189969539642334,0.7864000797271729,,,
57,26449,1.0847837924957275,0.7373704314231873,,,
57,26499,1.0949292182922363,0.9834599494934082,,,
57,26549,1.0618317127227783,1.1423394680023193,,,
57,26599,0.9677708148956299,1.2414798736572266,,,
57,26649,1.3758409023284912,0.9218643307685852,,,
57,26679,,,0.45351366045942637,1.462235450744629,0.6000099778175354
58,26699,0.9729019403457642,1.115394115447998,,,
58,26749,1.0378199815750122,1.0182275772094727,,,
58,26799,1.2437689304351807,1.3083703517913818,,,
58,26849,1.2859858274459839,0.8473515510559082,,,
58,26899,0.8507903218269348,1.2422611713409424,,,
58,26949,1.2999324798583984,0.9958509206771851,,,
58,26999,1.0949242115020752,0.8031700253486633,,,
58,27049,1.0138821601867676,0.8258250951766968,,,
58,27099,1.102723240852356,0.9755959510803223,,,
58,27139,,,0.4820579040369716,1.3951873779296875,0.61842942237854
59,27149,1.4044607877731323,0.9443609714508057,,,
59,27199,0.8529636263847351,1.1977207660675049,,,
59,27249,0.9703384637832642,0.949887752532959,,,
59,27299,0.8723483085632324,1.0965311527252197,,,
59,27349,0.8330336809158325,0.8473609685897827,,,
59,27399,1.284668207168579,1.1796133518218994,,,
59,27449,0.8526188135147095,0.9742043614387512,,,
59,27499,1.202984094619751,1.0194478034973145,,,
59,27549,0.9939682483673096,0.6653616428375244,,,
59,27599,0.9680301547050476,1.3926419019699097,,,
59,27599,,,0.41742558107924427,1.3004796504974365,0.9049891233444214
60,27649,0.7635002136230469,1.032834768295288,,,
60,27699,0.7481235265731812,1.1681103706359863,,,
60,27749,1.2023899555206299,1.1408604383468628,,,
60,27799,0.7910438776016235,1.1749670505523682,,,
60,27849,0.7318935990333557,1.0000803470611572,,,
60,27899,1.258190631866455,0.8725345730781555,,,
60,27949,1.002013921737671,1.1742477416992188,,,
60,27999,0.9045366048812866,0.9271448850631714,,,
60,28049,0.8922251462936401,1.046378493309021,,,
60,28059,,,0.6966834307462281,1.1738709211349487,0.820827305316925
61,28099,1.1853693723678589,1.220880389213562,,,
61,28149,0.946593165397644,1.053354024887085,,,
61,28199,0.7770928144454956,1.1965699195861816,,,
61,28249,0.9096207022666931,0.8646479249000549,,,
61,28299,1.0205636024475098,0.768244206905365,,,
61,28349,0.8966693878173828,1.1066200733184814,,,
61,28399,1.0698528289794922,0.8992853760719299,,,
61,28449,0.9245616793632507,1.3397374153137207,,,
61,28499,0.8840945363044739,1.4546971321105957,,,
61,28519,,,0.639187168682887,1.313400149345398,0.7041243314743042
62,28549,0.857026219367981,1.120866060256958,,,
62,28599,1.1195135116577148,1.327425241470337,,,
62,28649,0.6653680801391602,1.42185378074646,,,
62,28699,0.9620561599731445,0.9711781740188599,,,
62,28749,0.9412841796875,0.9665201902389526,,,
62,28799,0.8919225931167603,1.4253106117248535,,,
62,28849,0.9782261848449707,1.268423318862915,,,
62,28899,0.8460580706596375,0.9685284495353699,,,
62,28949,0.8999186158180237,1.283815622329712,,,
62,28979,,,0.5971863531330706,1.2976264953613281,0.6973704695701599
63,28999,1.6217776536941528,0.9359512329101562,,,
63,29049,1.0331538915634155,0.850110650062561,,,
63,29099,0.8725234270095825,1.0543930530548096,,,
63,29149,0.7573351263999939,1.3882474899291992,,,
63,29199,0.9675220251083374,0.8260378241539001,,,
63,29249,1.0140295028686523,0.8289591073989868,,,
63,29299,1.010713815689087,1.1408113241195679,,,
63,29349,1.1273088455200195,1.2979786396026611,,,
63,29399,0.9534711837768555,0.8511043787002563,,,
63,29439,,,0.45426124779121924,1.2908645868301392,0.7326852083206177
64,29449,0.9447031617164612,1.2203917503356934,,,
64,29499,0.8764225244522095,0.706722617149353,,,
64,29549,1.1366994380950928,1.356325626373291,,,
64,29599,0.9789133071899414,0.8705121874809265,,,
64,29649,1.0608177185058594,0.779970109462738,,,
64,29699,0.6834087371826172,1.309739589691162,,,
64,29749,1.3471481800079346,0.9947801232337952,,,
64,29799,1.062758207321167,1.054028034210205,,,
64,29849,1.2281928062438965,1.1404945850372314,,,
64,29899,1.025689959526062,0.8631588816642761,,,
64,29899,,,0.6091477504417562,1.3245929479599,0.7080931067466736
65,29949,0.8903411626815796,1.0902976989746094,,,
65,29999,0.8688656091690063,1.083793044090271,,,
65,30049,1.0545003414154053,0.9993367195129395,,,
65,30099,1.2228493690490723,0.8210729956626892,,,
65,30149,1.1506125926971436,1.0591760873794556,,,
65,30199,0.8529520630836487,1.4313347339630127,,,
65,30249,1.022733211517334,0.930671215057373,,,
65,30299,1.2544628381729126,0.8543736934661865,,,
65,30349,1.331101655960083,0.9508126974105835,,,
65,30359,,,0.6212450727198586,1.2430366277694702,0.7384749054908752
66,30399,1.030437707901001,0.8136049509048462,,,
66,30449,1.1014021635055542,0.9567826986312866,,,
66,30499,1.111561894416809,0.9788594245910645,,,
66,30549,1.0686018466949463,0.8246866464614868,,,
66,30599,1.2141427993774414,1.0641673803329468,,,
66,30649,1.2511076927185059,0.7270753979682922,,,
66,30699,0.914699912071228,1.0982842445373535,,,
66,30749,1.0330333709716797,1.007076382637024,,,
66,30799,0.9255324602127075,0.8984359502792358,,,
66,30819,,,0.7047709664265326,1.246711015701294,0.8193075060844421
67,30849,1.1114170551300049,1.091705083847046,,,
67,30899,0.8315728902816772,0.8566945195198059,,,
67,30949,0.7749319076538086,1.6022602319717407,,,
67,30999,1.1324849128723145,1.1006770133972168,,,
67,31049,0.9058218002319336,1.141631841659546,,,
67,31099,0.8218041658401489,1.063483715057373,,,
67,31149,0.9774055480957031,0.9843001961708069,,,
67,31199,0.9262810945510864,0.9136391878128052,,,
67,31249,1.2103161811828613,0.697167158126831,,,
67,31279,,,0.5409813782791899,1.3760091066360474,0.6758041381835938
68,31299,0.7576878070831299,0.9203426241874695,,,
68,31349,1.1267081499099731,0.9363949298858643,,,
68,31399,1.1250083446502686,0.8655067682266235,,,
68,31449,1.1731975078582764,0.7314791679382324,,,
68,31499,1.1093485355377197,0.9199970960617065,,,
68,31549,0.838768720626831,1.0893855094909668,,,
68,31599,1.1636483669281006,0.7856208086013794,,,
68,31649,1.2727370262145996,1.1766021251678467,,,
68,31699,0.6788207292556763,1.2658727169036865,,,
68,31739,,,0.3293462008971048,1.349952220916748,0.7400062084197998
69,31749,1.1126939058303833,0.8157161474227905,,,
69,31799,0.9203663468360901,0.985924482345581,,,
69,31849,1.0051872730255127,0.9089430570602417,,,
69,31899,1.0031025409698486,1.0691568851470947,,,
69,31949,1.0303752422332764,0.9000785946846008,,,
69,31999,0.944459080696106,1.2793928384780884,,,
69,32049,0.9052820801734924,0.9793965220451355,,,
69,32099,1.1377732753753662,0.9214823842048645,,,
69,32149,0.9532279968261719,0.9644438028335571,,,
69,32199,0.8246245384216309,0.917765200138092,,,
69,32199,,,0.5861764306103031,1.297256588935852,0.7044074535369873
70,32249,1.1498829126358032,1.0095534324645996,,,
70,32299,1.176679253578186,0.9730358123779297,,,
70,32349,0.6608486175537109,1.0975732803344727,,,
70,32399,0.6788533926010132,1.1091160774230957,,,
70,32449,0.9661425948143005,0.9586399793624878,,,
70,32499,0.9452818632125854,1.0310825109481812,,,
70,32549,1.1818206310272217,0.9709182381629944,,,
70,32599,0.9178203344345093,1.1483190059661865,,,
70,32649,0.8962215781211853,1.0444836616516113,,,
70,32659,,,0.621313035204567,1.3226898908615112,0.6548473834991455
71,32699,1.0218493938446045,0.7663192749023438,,,
71,32749,1.0975178480148315,0.9549363851547241,,,
71,32799,1.0254592895507812,1.040859341621399,,,
71,32849,0.975650429725647,0.8519314527511597,,,
71,32899,1.0302050113677979,1.2811793088912964,,,
71,32949,1.2304801940917969,1.0231521129608154,,,
71,32999,1.0488181114196777,0.9366639852523804,,,
71,33049,1.1575934886932373,0.9792752265930176,,,
71,33099,1.4648423194885254,0.9421108961105347,,,
71,33119,,,0.5447872774228626,1.3234502077102661,0.6420347690582275
72,33149,1.117146372795105,0.8187834620475769,,,
72,33199,0.7196536064147949,1.0931568145751953,,,
72,33249,1.0627415180206299,1.0633083581924438,,,
72,33299,1.0673847198486328,1.1392542123794556,,,
72,33349,1.087585210800171,1.0727038383483887,,,
72,33399,0.7425552606582642,1.5236117839813232,,,
72,33449,1.1133698225021362,0.8571577072143555,,,
72,33499,0.7911255359649658,0.9846882820129395,,,
72,33549,0.9291400909423828,1.1468477249145508,,,
72,33579,,,0.5539622128585021,1.3053112030029297,0.7637650370597839
73,33599,0.7681227326393127,1.0104187726974487,,,
73,33649,0.6226875185966492,1.1401007175445557,,,
73,33699,1.2368861436843872,1.1418509483337402,,,
73,33749,0.6552621126174927,1.373840570449829,,,
73,33799,1.0699762105941772,0.6818954944610596,,,
73,33849,0.7860526442527771,1.0265260934829712,,,
73,33899,0.9523023366928101,0.9032723903656006,,,
73,33949,0.9244095087051392,0.9187685251235962,,,
73,33999,0.753418505191803,1.196265697479248,,,
73,34039,,,0.6051379638439581,1.3912124633789062,0.7392926812171936
74,34049,1.4873279333114624,1.0051097869873047,,,
74,34099,1.0369846820831299,0.8714154958724976,,,
74,34149,0.9797548651695251,1.0340840816497803,,,
74,34199,0.85721755027771,1.0759830474853516,,,
74,34249,1.1724283695220947,0.9440574645996094,,,
74,34299,1.0130562782287598,1.1722924709320068,,,
74,34349,0.8409419059753418,1.1852279901504517,,,
74,34399,0.9677517414093018,0.8142496347427368,,,
74,34449,0.7516645193099976,0.9243857860565186,,,
74,34499,0.7622121572494507,1.1014167070388794,,,
74,34499,,,0.5477096642653255,1.3588194847106934,0.6101237535476685
75,34549,0.9455969929695129,0.9020827412605286,,,
75,34599,1.1955785751342773,0.7777193784713745,,,
75,34649,1.3533477783203125,1.6587119102478027,,,
75,34699,0.9959163665771484,1.0270819664001465,,,
75,34749,1.0081745386123657,1.0200779438018799,,,
75,34799,0.917822003364563,1.317348599433899,,,
75,34849,0.8039200305938721,0.9951539039611816,,,
75,34899,0.8531404733657837,1.045189380645752,,,
75,34949,0.7079750299453735,1.4274784326553345,,,
75,34959,,,0.49456300122332475,1.338719367980957,0.5870458483695984
76,34999,1.0156936645507812,1.2107837200164795,,,
76,35049,0.977127194404602,1.0197949409484863,,,
76,35099,0.8155277967453003,1.4095255136489868,,,
76,35149,0.8461097478866577,0.8324013948440552,,,
76,35199,1.014087438583374,0.8874058127403259,,,
76,35249,0.7799995541572571,1.3234353065490723,,,
76,35299,1.0795478820800781,1.2171542644500732,,,
76,35349,0.7756544351577759,0.8886251449584961,,,
76,35399,1.0591520071029663,1.0437575578689575,,,
76,35419,,,0.6404784558923474,1.2653759717941284,0.7507299184799194
77,35449,0.789258599281311,1.0732378959655762,,,
77,35499,1.1778268814086914,0.8986353874206543,,,
77,35549,0.9641839265823364,0.854297935962677,,,
77,35599,0.9501471519470215,0.998167097568512,,,
77,35649,1.2230989933013916,1.0051929950714111,,,
77,35699,0.7537832856178284,0.9642580151557922,,,
77,35749,0.8320921659469604,0.9329924583435059,,,
77,35799,0.8164955973625183,1.347546935081482,,,
77,35849,0.956638753414154,0.8307335376739502,,,
77,35879,,,0.5133206470028544,1.3741141557693481,0.5140777826309204
78,35899,0.9803156852722168,0.7413238883018494,,,
78,35949,0.8199338912963867,0.9487857222557068,,,
78,35999,0.7498111724853516,1.057794451713562,,,
78,36049,0.8817315101623535,1.4828050136566162,,,
78,36099,1.0905389785766602,1.6576099395751953,,,
78,36149,1.0334930419921875,0.6193705797195435,,,
78,36199,1.4730455875396729,1.314272403717041,,,
78,36249,0.9616060853004456,1.732100009918213,,,
78,36299,0.6667392253875732,1.1828827857971191,,,
78,36339,,,0.5187576457795297,1.3665642738342285,0.6993660926818848
79,36349,0.9118189215660095,1.022036075592041,,,
79,36399,0.6712796688079834,1.1665329933166504,,,
79,36449,0.9146804213523865,0.9017386436462402,,,
79,36499,0.8232446908950806,1.4025166034698486,,,
79,36549,0.6868460774421692,1.3430910110473633,,,
79,36599,1.0365418195724487,1.0151913166046143,,,
79,36649,1.0803264379501343,0.8791208267211914,,,
79,36699,0.8622857332229614,1.116447925567627,,,
79,36749,0.9122931957244873,0.8523956537246704,,,
79,36799,1.1626107692718506,1.0543876886367798,,,
79,36799,,,0.484436591001767,1.3715564012527466,0.6513216495513916
80,36849,0.9479632377624512,0.8109867572784424,,,
80,36899,0.7742795348167419,0.9529680013656616,,,
80,36949,0.8482776880264282,1.11175537109375,,,
80,36999,1.1681206226348877,0.9307308197021484,,,
80,37049,1.1609365940093994,0.7691928744316101,,,
80,37099,0.6156500577926636,1.1326065063476562,,,
80,37149,1.0411056280136108,1.0349922180175781,,,
80,37199,1.1424639225006104,0.9433431029319763,,,
80,37249,0.84302818775177,0.99517422914505,,,
80,37259,,,0.5704770966426532,1.3136588335037231,0.649078369140625
81,37299,1.0280345678329468,0.7890437841415405,,,
81,37349,1.1186630725860596,0.9752112627029419,,,
81,37399,0.7250532507896423,1.5140712261199951,,,
81,37449,1.1849231719970703,0.9068198800086975,,,
81,37499,0.8857414126396179,0.9433713555335999,,,
81,37549,0.8612688779830933,1.1565382480621338,,,
81,37599,1.3327056169509888,0.7439724802970886,,,
81,37649,0.9036388397216797,0.8546770811080933,,,
81,37699,0.8016712665557861,1.1631841659545898,,,
81,37719,,,0.5870599429115129,1.3169636726379395,0.6845427751541138
82,37749,0.8885593414306641,1.1014689207077026,,,
82,37799,0.7774840593338013,1.0196869373321533,,,
82,37849,1.2639845609664917,0.8134822845458984,,,
82,37899,1.155478835105896,0.9555268287658691,,,
82,37949,0.8607667088508606,1.0216498374938965,,,
82,37999,1.116824746131897,0.675014853477478,,,
82,38049,0.7929592728614807,0.9836695790290833,,,
82,38099,0.9082688689231873,1.3733835220336914,,,
82,38149,0.9423602819442749,0.976394772529602,,,
82,38179,,,0.7064700285442436,1.19080650806427,0.7959315776824951
83,38199,1.0939987897872925,0.7130942344665527,,,
83,38249,1.185890555381775,1.0082610845565796,,,
83,38299,1.0834273099899292,0.9687072038650513,,,
83,38349,0.8992443084716797,0.7574231624603271,,,
83,38399,0.9307067394256592,1.234072208404541,,,
83,38449,0.714008092880249,1.2773189544677734,,,
83,38499,0.9978323578834534,1.0383007526397705,,,
83,38549,0.7024134397506714,1.0280897617340088,,,
83,38599,0.5920264720916748,1.1051145792007446,,,
83,38639,,,0.7130623895609624,1.2035363912582397,0.6673052906990051
84,38649,0.8147799968719482,0.9107918739318848,,,
84,38699,0.902899444103241,0.9897283315658569,,,
84,38749,1.1408953666687012,0.7255759239196777,,,
84,38799,1.08015775680542,0.9352459907531738,,,
84,38849,1.0255894660949707,0.9939916133880615,,,
84,38899,1.4061579704284668,0.8873630166053772,,,
84,38949,0.8666664361953735,0.9549219608306885,,,
84,38999,0.9059110283851624,1.052800178527832,,,
84,39049,0.9340439438819885,0.8998680114746094,,,
84,39099,0.853453516960144,1.0858120918273926,,,
84,39099,,,0.6128177246160119,1.2766942977905273,0.7041628360748291
85,39149,0.9043647646903992,0.9188070297241211,,,
85,39199,0.9672601222991943,1.2255911827087402,,,
85,39249,1.131644368171692,1.1304194927215576,,,
85,39299,0.9990264773368835,0.98203045129776,,,
85,39349,0.7870685458183289,0.8551255464553833,,,
85,39399,0.8289625644683838,1.1670806407928467,,,
85,39449,0.9878358244895935,1.0411229133605957,,,
85,39499,1.151455044746399,0.9365197420120239,,,
85,39549,0.8778452277183533,1.033739447593689,,,
85,39559,,,0.6417697431018078,1.2640814781188965,0.7690091133117676
86,39599,0.8584486246109009,1.0852155685424805,,,
86,39649,0.8673734664916992,1.5531034469604492,,,
86,39699,1.0374431610107422,1.5228068828582764,,,
86,39749,0.9472066164016724,0.9090330600738525,,,
86,39799,0.9931994676589966,0.9171003699302673,,,
86,39849,0.9624719619750977,1.1321308612823486,,,
86,39899,1.2065865993499756,0.8419812321662903,,,
86,39949,1.219226598739624,0.7726132273674011,,,
86,39999,1.0653960704803467,0.9280861616134644,,,
86,40019,,,0.5461465271170314,1.353190541267395,0.6255105137825012
87,40049,1.2640587091445923,1.0226924419403076,,,
87,40099,0.9176265597343445,0.9035696983337402,,,
87,40149,0.8359042406082153,0.9399060010910034,,,
87,40199,1.224639654159546,1.0469152927398682,,,
87,40249,0.9109020233154297,1.0189590454101562,,,
87,40299,0.7942649126052856,0.7565031051635742,,,
87,40349,0.830254852771759,1.076669454574585,,,
87,40399,0.7349066138267517,1.0497101545333862,,,
87,40449,1.0030114650726318,1.072086215019226,,,
87,40479,,,0.5329618050835938,1.3515878915786743,0.6885524392127991
88,40499,0.9542570114135742,0.8371365666389465,,,
88,40549,0.8524048328399658,1.0422413349151611,,,
88,40599,1.1560378074645996,0.9330480098724365,,,
88,40649,0.8862962126731873,1.4385313987731934,,,
88,40699,0.8778798580169678,1.1997349262237549,,,
88,40749,1.0279622077941895,1.2248971462249756,,,
88,40799,1.0468757152557373,1.1657143831253052,,,
88,40849,0.6710960865020752,1.3532168865203857,,,
88,40899,1.04384446144104,1.100212574005127,,,
88,40939,,,0.49510670110099225,1.3679566383361816,0.6334550380706787
89,40949,0.8001769781112671,1.0348665714263916,,,
89,40999,0.8578068614006042,0.8123510479927063,,,
89,41049,0.9271788597106934,0.970792293548584,,,
89,41099,0.8507952690124512,0.7905311584472656,,,
89,41149,1.1746282577514648,1.0767351388931274,,,
89,41199,0.8825658559799194,1.2978551387786865,,,
89,41249,0.8170815110206604,1.2103312015533447,,,
89,41299,0.7593744993209839,1.2301011085510254,,,
89,41349,0.7877529859542847,1.0121984481811523,,,
89,41399,1.0618911981582642,1.4296728372573853,,,
89,41399,,,0.613905124371347,1.3123685121536255,0.8721111416816711
90,41449,0.7616101503372192,1.022325038909912,,,
90,41499,0.8892772793769836,1.3177121877670288,,,
90,41549,0.9963645935058594,0.8457896709442139,,,
90,41599,0.8837258815765381,1.0486962795257568,,,
90,41649,0.9019811749458313,1.0119022130966187,,,
90,41699,1.0573480129241943,0.6826208829879761,,,
90,41749,0.6935732364654541,1.5092105865478516,,,
90,41799,0.869314432144165,1.2286802530288696,,,
90,41849,0.9432687759399414,0.9607281684875488,,,
90,41859,,,0.5350686421095555,1.356191873550415,0.680545449256897
91,41899,1.1426904201507568,1.1975418329238892,,,
91,41949,0.7314672470092773,1.1390334367752075,,,
91,41999,0.9652777910232544,0.9041993618011475,,,
91,42049,0.9202657341957092,1.0733788013458252,,,
91,42099,1.0617396831512451,1.089284896850586,,,
91,42149,1.1584506034851074,1.0836873054504395,,,
91,42199,1.1905841827392578,0.8350306153297424,,,
91,42249,0.7492566704750061,1.140540361404419,,,
91,42299,1.0898728370666504,0.8800308108329773,,,
91,42319,,,0.39234742422182955,1.541126012802124,0.5461172461509705
92,42349,0.8662477731704712,1.0357632637023926,,,
92,42399,1.2295260429382324,0.8775020837783813,,,
92,42449,0.925326406955719,0.7880866527557373,,,
92,42499,1.075718879699707,0.7759021520614624,,,
92,42549,1.007239818572998,0.8916170597076416,,,
92,42599,0.791458010673523,1.4048254489898682,,,
92,42649,0.7032980918884277,0.971498966217041,,,
92,42699,1.049639105796814,1.039729118347168,,,
92,42749,1.05824875831604,0.6090070009231567,,,
92,42779,,,0.6115943998912601,1.2956392765045166,0.7371850609779358
93,42799,0.9591575860977173,1.4903032779693604,,,
93,42849,0.7763358354568481,1.1078059673309326,,,
93,42899,1.1274707317352295,1.0315742492675781,,,
93,42949,0.8823887705802917,1.065763235092163,,,
93,42999,0.9382792115211487,0.6654986143112183,,,
93,43049,0.7963289618492126,1.4497687816619873,,,
93,43099,0.7259919047355652,1.0493818521499634,,,
93,43149,1.0150885581970215,1.077250599861145,,,
93,43199,0.9008421897888184,1.0278263092041016,,,
93,43239,,,0.5010194372706266,1.3795222043991089,0.6198304891586304
94,43249,0.9252036809921265,0.6916664242744446,,,
94,43299,1.1897954940795898,0.8797793388366699,,,
94,43349,0.9946902990341187,0.7122243642807007,,,
94,43399,0.9750420451164246,0.9367456436157227,,,
94,43449,0.8178814649581909,1.186658501625061,,,
94,43499,0.9462062120437622,1.0103559494018555,,,
94,43549,1.212137222290039,0.7406890988349915,,,
94,43599,1.036208152770996,0.8207561373710632,,,
94,43649,1.045336127281189,0.8639780282974243,,,
94,43699,0.7863186597824097,1.0782225131988525,,,
94,43699,,,0.44766888677450045,1.4071649312973022,0.5715775489807129
95,43749,0.8534367680549622,1.0137019157409668,,,
95,43799,0.7311356067657471,1.062636137008667,,,
95,43849,0.7439892292022705,1.3919076919555664,,,
95,43899,0.9888516664505005,0.9405377507209778,,,
95,43949,1.2348151206970215,1.3118820190429688,,,
95,43999,1.036159873008728,1.0337176322937012,,,
95,44049,0.9837883710861206,0.9125586748123169,,,
95,44099,0.7337778806686401,0.9602956771850586,,,
95,44149,1.308029055595398,0.9888626337051392,,,
95,44159,,,0.41817316841103713,1.5103400945663452,0.5309116244316101
96,44199,0.9002996683120728,1.0058925151824951,,,
96,44249,0.9012492299079895,0.7723039388656616,,,
96,44299,1.0576962232589722,1.0292320251464844,,,
96,44349,0.8228341341018677,1.138173222541809,,,
96,44399,0.9356886148452759,0.8232846260070801,,,
96,44449,1.477370262145996,1.397148609161377,,,
96,44499,1.0841913223266602,0.8044627904891968,,,
96,44549,0.9420303702354431,0.9933276176452637,,,
96,44599,0.7627090215682983,1.3094006776809692,,,
96,44619,,,0.641022155770015,1.2407054901123047,0.761905312538147
97,44649,0.8995822072029114,0.8456774950027466,,,
97,44699,0.9769949316978455,0.8523826599121094,,,
97,44749,0.8609583377838135,1.2273762226104736,,,
97,44799,0.8379341959953308,0.814841628074646,,,
97,44849,1.0964648723602295,1.0542538166046143,,,
97,44899,1.2761914730072021,0.7794657945632935,,,
97,44949,1.1519603729248047,1.010648250579834,,,
97,44999,0.8372294306755066,1.1904563903808594,,,
97,45049,1.1302545070648193,0.8473314642906189,,,
97,45079,,,0.6970232431697703,1.324099063873291,0.7589412927627563
98,45099,0.8040241003036499,1.4890084266662598,,,
98,45149,1.2013823986053467,0.8780547976493835,,,
98,45199,1.196563959121704,1.065145492553711,,,
98,45249,0.9083839654922485,1.5446093082427979,,,
98,45299,1.2717347145080566,0.7173004746437073,,,
98,45349,1.086111307144165,0.9072632193565369,,,
98,45399,1.0863667726516724,0.8449609875679016,,,
98,45449,0.731164813041687,1.5032005310058594,,,
98,45499,1.0967425107955933,0.9821569919586182,,,
98,45539,,,0.4832132662770151,1.4078893661499023,0.5560683012008667
99,45549,0.9405369162559509,1.5143334865570068,,,
99,45599,0.8600510358810425,1.1695584058761597,,,
99,45649,0.9776852130889893,0.9182380437850952,,,
99,45699,1.2390034198760986,0.8487142324447632,,,
99,45749,1.0118823051452637,1.2023130655288696,,,
99,45799,1.133245825767517,0.979392409324646,,,
99,45849,0.7958114147186279,0.8877120018005371,,,
99,45899,0.8543516397476196,1.062955617904663,,,
99,45949,0.7622071504592896,1.0519165992736816,,,
99,45999,0.7467381954193115,1.435431957244873,,,
99,45999,,,0.6209732227810248,1.2861095666885376,0.7067670226097107
100,46049,0.9602079391479492,1.0168930292129517,,,
100,46099,0.7910884022712708,1.316491723060608,,,
100,46149,0.9670970439910889,0.8975619077682495,,,
100,46199,0.8694431781768799,1.2019565105438232,,,
100,46249,0.8640414476394653,1.09090256690979,,,
100,46299,0.7595387697219849,1.3686530590057373,,,
100,46349,0.8378678560256958,0.8955073356628418,,,
100,46399,0.8571599125862122,0.8184648752212524,,,
100,46449,0.8081045746803284,1.260520577430725,,,
100,46459,,,0.43115400299034934,1.435106873512268,0.6960662603378296
101,46499,1.2784278392791748,0.9754342436790466,,,
101,46549,1.0423047542572021,0.8027811050415039,,,
101,46599,0.8601293563842773,0.9924406409263611,,,
101,46649,1.3258521556854248,0.9888331890106201,,,
101,46699,1.2107048034667969,0.9079830050468445,,,
101,46749,0.6568021178245544,1.1263298988342285,,,
101,46799,1.019445776939392,0.9118921160697937,,,
101,46849,1.1543936729431152,0.7922229170799255,,,
101,46899,0.7762949466705322,1.2487540245056152,,,
101,46919,,,0.5,1.3530186414718628,0.5810475945472717
102,46949,1.0638259649276733,0.8777059316635132,,,
102,46999,1.0472184419631958,1.1241347789764404,,,
102,47049,1.0094609260559082,1.1795105934143066,,,
102,47099,1.2409262657165527,0.9858312606811523,,,
102,47149,0.9442535042762756,1.1124775409698486,,,
102,47199,1.2032915353775024,0.9591153860092163,,,
102,47249,1.2239625453948975,0.752655029296875,,,
102,47299,0.7920233607292175,1.1164711713790894,,,
102,47349,0.7916682958602905,0.9725551605224609,,,
102,47379,,,0.5653119478048118,1.316447377204895,0.6537343263626099
103,47399,1.1940827369689941,1.0795001983642578,,,
103,47449,1.1080615520477295,0.7647609114646912,,,
103,47499,0.7227789163589478,0.8970805406570435,,,
103,47549,0.7011591196060181,1.385753870010376,,,
103,47599,1.3735915422439575,1.0147663354873657,,,
103,47649,0.9648560285568237,1.0491244792938232,,,
103,47699,0.7785627841949463,0.9589574933052063,,,
103,47749,0.996364951133728,1.3347797393798828,,,
103,47799,0.8402096629142761,0.876438319683075,,,
103,47839,,,0.6411580807394318,1.3171123266220093,0.7445234656333923
104,47849,0.8499109745025635,1.0627745389938354,,,
104,47899,0.8403053283691406,0.9751042127609253,,,
104,47949,0.8208688497543335,1.0309661626815796,,,
104,47999,1.0701818466186523,0.8600058555603027,,,
104,48049,0.7904539108276367,1.0298435688018799,,,
104,48099,0.9592217206954956,1.1210837364196777,,,
104,48149,0.8006420135498047,1.1531343460083008,,,
104,48199,1.1032830476760864,1.2088623046875,,,
104,48249,1.0753672122955322,1.007251262664795,,,
104,48299,0.8644947409629822,1.2696510553359985,,,
104,48299,,,0.5214081826831589,1.3523503541946411,0.5596680045127869
105,48349,0.7993087768554688,0.9599018096923828,,,
105,48399,0.8882434368133545,1.0496973991394043,,,
105,48449,0.7393512725830078,0.9150182008743286,,,
105,48499,0.9414381980895996,1.1768683195114136,,,
105,48549,0.7153499126434326,1.3586176633834839,,,
105,48599,1.0575398206710815,1.3448641300201416,,,
105,48649,0.96257483959198,1.1686325073242188,,,
105,48699,0.6790874004364014,1.1840879917144775,,,
105,48749,0.9138475060462952,1.2495205402374268,,,
105,48759,,,0.8544923202392279,1.1478983163833618,0.9620458483695984
106,48799,0.9362503290176392,1.416172742843628,,,
106,48849,1.0112640857696533,1.5986573696136475,,,
106,48899,0.9862920045852661,1.0339763164520264,,,
106,48949,0.8240860104560852,0.665467381477356,,,
106,48999,0.7947291135787964,1.5024198293685913,,,
106,49049,0.7949968576431274,1.3623285293579102,,,
106,49099,0.8346617221832275,0.9963675141334534,,,
106,49149,1.0724648237228394,0.6770403385162354,,,
106,49199,0.8285089135169983,1.3289661407470703,,,
106,49219,,,0.6627701508767161,1.2934670448303223,0.8230128884315491
107,49249,0.8624663949012756,0.8754302263259888,,,
107,49299,1.0054421424865723,1.556498646736145,,,
107,49349,0.9181453585624695,1.1223974227905273,,,
107,49399,0.7010877132415771,0.9680761694908142,,,
107,49449,0.8520132899284363,1.1652021408081055,,,
107,49499,0.7661942839622498,0.9270081520080566,,,
107,49549,0.7985894680023193,1.1552371978759766,,,
107,49599,0.8066930770874023,1.6055936813354492,,,
107,49649,0.8896667957305908,1.073078989982605,,,
107,49679,,,0.6211771102351502,1.2755130529403687,0.9716401100158691
108,49699,0.8774622082710266,1.2399394512176514,,,
108,49749,0.7451819181442261,1.721951961517334,,,
108,49799,0.6238958835601807,1.0309245586395264,,,
108,49849,1.41680109500885,0.5507761836051941,,,
108,49899,0.678045392036438,0.9766523838043213,,,
108,49949,0.7408954501152039,1.3037139177322388,,,
108,49999,1.260199785232544,0.7891559600830078,,,
108,50049,0.974879264831543,1.0899243354797363,,,
108,50099,0.6951916217803955,1.3118488788604736,,,
108,50139,,,0.4132119070273209,1.4508973360061646,0.5684523582458496
109,50149,0.8843637704849243,1.1199700832366943,,,
109,50199,1.0811647176742554,0.7844537496566772,,,
109,50249,0.9877309799194336,0.9952987432479858,,,
109,50299,0.8891220092773438,1.174894094467163,,,
109,50349,0.9078623056411743,0.9101749658584595,,,
109,50399,0.8715830445289612,1.0382919311523438,,,
109,50449,0.8236171007156372,1.1051843166351318,,,
109,50499,0.8143069744110107,0.9589879512786865,,,
109,50549,0.8933999538421631,0.939700722694397,,,
109,50599,0.9265873432159424,0.7964829802513123,,,
109,50599,,,0.4853880657876852,1.4201911687850952,0.5241671204566956
110,50649,1.1018056869506836,0.881322979927063,,,
110,50699,0.8589057922363281,1.0876235961914062,,,
110,50749,0.7113101482391357,0.7683150768280029,,,
110,50799,0.7368926405906677,1.1624999046325684,,,
110,50849,0.8073676824569702,1.0800597667694092,,,
110,50899,1.031311273574829,0.8465492725372314,,,
110,50949,0.8490481972694397,1.5610092878341675,,,
110,50999,0.9156492352485657,1.4434890747070312,,,
110,51049,1.109310269355774,0.7928043007850647,,,
110,51059,,,0.5106701100992252,1.3710438013076782,0.5601104497909546
111,51099,0.8982918858528137,0.984039306640625,,,
111,51149,0.9559366106987,0.878728449344635,,,
111,51199,0.874001145362854,1.465352177619934,,,
111,51249,1.5599806308746338,0.8470331430435181,,,
111,51299,1.1168911457061768,0.8373323082923889,,,
111,51349,1.0077022314071655,0.9650217294692993,,,
111,51399,0.7134730219841003,1.488267183303833,,,
111,51449,0.930392861366272,0.9557186365127563,,,
111,51499,0.7885148525238037,0.957758903503418,,,
111,51519,,,0.4902813646866929,1.428105115890503,0.5239995718002319
112,51549,0.7115222215652466,1.0371975898742676,,,
112,51599,1.0224909782409668,1.073965311050415,,,
112,51649,0.9407845735549927,1.0564442873001099,,,
112,51699,0.8836696147918701,0.9328725337982178,,,
112,51749,0.9245004653930664,1.0235812664031982,,,
112,51799,0.876768946647644,0.9412997364997864,,,
112,51849,0.914496660232544,1.13462495803833,,,
112,51899,1.085296392440796,0.922371506690979,,,
112,51949,0.8422280550003052,1.1620597839355469,,,
112,51979,,,0.4988446377599565,1.3847390413284302,0.5443165302276611
113,51999,1.188096523284912,0.8869401216506958,,,
113,52049,0.9666315913200378,0.9626397490501404,,,
113,52099,0.9472105503082275,0.9558037519454956,,,
113,52149,1.0187894105911255,1.4042673110961914,,,
113,52199,0.9066891670227051,1.1455409526824951,,,
113,52249,0.8638139963150024,1.081793189048767,,,
113,52299,1.0519919395446777,0.8122690916061401,,,
113,52349,0.9472121000289917,1.1868565082550049,,,
113,52399,1.0599431991577148,1.0285885334014893,,,
113,52439,,,0.5878075302433057,1.3133007287979126,0.6437445878982544
114,52449,0.7760149240493774,0.9838542938232422,,,
114,52499,1.0278630256652832,1.7337913513183594,,,
114,52549,1.0460213422775269,0.8830081224441528,,,
114,52599,1.012429118156433,0.8828556537628174,,,
114,52649,1.2871038913726807,0.8455750942230225,,,
114,52699,0.9955428242683411,1.1711642742156982,,,
114,52749,0.8351393342018127,0.9215950965881348,,,
114,52799,1.0220775604248047,0.946252703666687,,,
114,52849,1.301882028579712,0.6879560947418213,,,
114,52899,0.9797671437263489,1.2025301456451416,,,
114,52899,,,0.4897376648090254,1.4251062870025635,0.6072507500648499
115,52949,0.7388759255409241,0.7199905514717102,,,
115,52999,1.0952566862106323,0.830122709274292,,,
115,53049,0.9644875526428223,0.8406280279159546,,,
115,53099,0.9201048612594604,1.156393051147461,,,
115,53149,1.4017527103424072,0.7451754808425903,,,
115,53199,0.9078395962715149,0.9808521270751953,,,
115,53249,0.9232453107833862,1.1853083372116089,,,
115,53299,1.1518869400024414,1.135066270828247,,,
115,53349,0.8153884410858154,0.9222127199172974,,,
115,53359,,,0.5095827103438901,1.3804848194122314,0.5492998957633972
116,53399,0.8551223874092102,1.724607229232788,,,
116,53449,1.0471515655517578,0.8971438407897949,,,
116,53499,0.9906704425811768,1.0289136171340942,,,
116,53549,1.0841395854949951,0.8475914001464844,,,
116,53599,1.1017436981201172,1.064637303352356,,,
116,53649,0.7322399616241455,1.3322103023529053,,,
116,53699,0.9929071664810181,0.7475743293762207,,,
116,53749,0.854295551776886,0.5537120699882507,,,
116,53799,0.8322778344154358,0.7696971297264099,,,
116,53819,,,0.5924969416881881,1.2647217512130737,0.7118629813194275
117,53849,1.2135629653930664,0.8368244171142578,,,
117,53899,0.985816240310669,1.0812064409255981,,,
117,53949,1.171414852142334,0.809711217880249,,,
117,53999,1.0576038360595703,0.8214322924613953,,,
117,54049,0.7547231316566467,1.225296974182129,,,
117,54099,0.7924022078514099,1.490598201751709,,,
117,54149,0.7184765934944153,1.4020044803619385,,,
117,54199,0.9508315324783325,0.8703168630599976,,,
117,54249,0.8177903294563293,0.8639081716537476,,,
117,54279,,,0.5805355443795025,1.3126939535140991,0.6576210260391235
118,54299,0.7977292537689209,1.0829821825027466,,,
118,54349,0.9196558594703674,1.268093228340149,,,
118,54399,0.8115847706794739,1.0177607536315918,,,
118,54449,0.9234779477119446,1.1978317499160767,,,
118,54499,0.8586453795433044,1.446291446685791,,,
118,54549,1.0703673362731934,1.2367411851882935,,,
118,54599,0.8475092649459839,0.9012774229049683,,,
118,54649,0.9028172492980957,1.0163260698318481,,,
118,54699,1.0268261432647705,0.9158305525779724,,,
118,54739,,,0.49809705042816366,1.3319027423858643,0.584758996963501
119,54749,0.91338050365448,0.84653639793396,,,
119,54799,1.4412134885787964,0.9611675143241882,,,
119,54849,1.0077128410339355,0.757904052734375,,,
119,54899,1.020369529724121,0.9361953735351562,,,
119,54949,0.9240649938583374,1.195385456085205,,,
119,54999,0.7684404850006104,0.8450870513916016,,,
119,55049,1.0107855796813965,0.8920340538024902,,,
119,55099,0.9520024657249451,0.8027573823928833,,,
119,55149,1.0354516506195068,0.9379882216453552,,,
119,55199,0.8557486534118652,1.1309587955474854,,,
119,55199,,,0.6160799238820172,1.2746154069900513,0.6669231653213501
120,55249,0.756591796875,1.108818769454956,,,
120,55299,0.8257009387016296,1.0024769306182861,,,
120,55349,0.7493121027946472,0.9105756282806396,,,
120,55399,1.0210309028625488,1.1676112413406372,,,
120,55449,0.9398038387298584,1.256098985671997,,,
120,55499,0.7851697206497192,1.091900110244751,,,
120,55549,0.7119590044021606,1.0706508159637451,,,
120,55599,0.7326300144195557,1.1593291759490967,,,
120,55649,0.9497065544128418,0.8321000933647156,,,
120,55659,,,0.4853880657876852,1.4098361730575562,0.5906143188476562
121,55699,0.7348836660385132,0.8632988929748535,,,
121,55749,0.9378573894500732,1.3809776306152344,,,
121,55799,0.7675538659095764,0.9785643815994263,,,
121,55849,0.8925025463104248,0.9374234676361084,,,
121,55899,0.8582670092582703,1.1924796104431152,,,
121,55949,1.317171335220337,0.7958353757858276,,,
121,55999,0.9855185151100159,1.0398621559143066,,,
121,56049,0.6149451732635498,0.8008437156677246,,,
121,56099,0.7260030508041382,1.200465202331543,,,
121,56119,,,0.5649041728965611,1.302034616470337,0.7587046027183533
122,56149,0.9255523085594177,0.9511198997497559,,,
122,56199,0.7430630922317505,1.311004877090454,,,
122,56249,0.8463028073310852,1.279293417930603,,,
122,56299,0.8168314695358276,0.9863949418067932,,,
122,56349,0.5643219947814941,1.6957274675369263,,,
122,56399,0.95989590883255,0.9409902095794678,,,
122,56449,0.8973788619041443,1.0835041999816895,,,
122,56499,0.981386125087738,0.9837583899497986,,,
122,56549,1.1923291683197021,0.777226984500885,,,
122,56579,,,0.5603506864210955,1.313616156578064,0.656216561794281
123,56599,0.805363118648529,0.779410183429718,,,
123,56649,0.8523044586181641,0.9393267631530762,,,
123,56699,0.7334660291671753,1.1198009252548218,,,
123,56749,0.7935553193092346,1.1273739337921143,,,
123,56799,0.647979199886322,1.0395457744598389,,,
123,56849,0.7751634120941162,1.4856085777282715,,,
123,56899,0.8779435157775879,1.2347605228424072,,,
123,56949,0.7070131897926331,1.4026143550872803,,,
123,56999,0.869493305683136,1.1695818901062012,,,
123,57039,,,0.576593720266413,1.2683753967285156,0.6117109656333923
124,57049,1.198265790939331,1.4222841262817383,,,
124,57099,1.0857977867126465,1.3027453422546387,,,
124,57149,0.824234127998352,1.0276318788528442,,,
124,57199,0.8783988952636719,0.9078187942504883,,,
124,57249,0.7692587375640869,1.0713798999786377,,,
124,57299,0.9339008331298828,0.9612553119659424,,,
124,57349,1.0578645467758179,0.9658626914024353,,,
124,57399,0.8138049840927124,1.2140026092529297,,,
124,57449,0.6439804434776306,0.9472815990447998,,,
124,57499,0.7387462854385376,1.2137748003005981,,,
124,57499,,,0.6400706809840968,1.3005532026290894,0.675195574760437
125,57549,1.5387870073318481,1.052725911140442,,,
125,57599,0.6655046939849854,1.3514158725738525,,,
125,57649,0.7924765348434448,1.0096638202667236,,,
125,57699,1.0180559158325195,1.189759373664856,,,
125,57749,0.9054548144340515,1.3928265571594238,,,
125,57799,0.6551386117935181,1.0109754800796509,,,
125,57849,0.8874117136001587,1.0763497352600098,,,
125,57899,0.7200002074241638,0.9302955865859985,,,
125,57949,0.5802100300788879,1.1628702878952026,,,
125,57959,,,0.577681120021748,1.310624361038208,0.609470784664154
126,57999,0.7538325786590576,1.0950340032577515,,,
126,58049,1.1838922500610352,0.9371733665466309,,,
126,58099,0.9517560005187988,0.7901688814163208,,,
126,58149,0.5969124436378479,1.1799464225769043,,,
126,58199,0.8913361430168152,0.7643948793411255,,,
126,58249,1.3871474266052246,1.0388391017913818,,,
126,58299,0.9079384803771973,1.4171943664550781,,,
126,58349,0.6055967807769775,1.2780578136444092,,,
126,58399,1.0664745569229126,0.7725532650947571,,,
126,58419,,,0.5634769607176838,1.3056001663208008,0.6719743013381958
127,58449,0.8276543021202087,1.3180646896362305,,,
127,58499,1.168093204498291,1.2631809711456299,,,
127,58549,0.6593015193939209,0.9223231077194214,,,
127,58599,1.029927134513855,1.1208553314208984,,,
127,58649,0.8349151611328125,0.7152312994003296,,,
127,58699,1.0576932430267334,1.2288748025894165,,,
127,58749,0.6509766578674316,1.5352976322174072,,,
127,58799,0.7639634013175964,1.4787335395812988,,,
127,58849,1.0459169149398804,1.0526700019836426,,,
127,58879,,,0.576593720266413,1.3283569812774658,0.6378293633460999
128,58899,1.0275853872299194,1.212619662284851,,,
128,58949,0.6484620571136475,1.1597955226898193,,,
128,58999,0.7490790486335754,0.9197298884391785,,,
128,59049,0.7782125473022461,0.9642924666404724,,,
128,59099,0.5024431943893433,1.3326592445373535,,,
128,59149,0.7452638149261475,1.2845185995101929,,,
128,59199,0.6640906929969788,1.3041815757751465,,,
128,59249,0.8254531621932983,1.2172935009002686,,,
128,59299,0.7831919193267822,0.937111496925354,,,
128,59339,,,0.6166236237596846,1.2905449867248535,0.7109944224357605
129,59349,0.6860003471374512,1.4823745489120483,,,
129,59399,0.9202562570571899,1.1439642906188965,,,
129,59449,0.7180602550506592,1.31795334815979,,,
129,59499,0.7872040867805481,1.2412009239196777,,,
129,59549,0.8141032457351685,1.2358856201171875,,,
129,59599,0.7964646816253662,1.209644079208374,,,
129,59649,1.002134084701538,1.4811210632324219,,,
129,59699,0.8891280293464661,0.9981423020362854,,,
129,59749,1.0986744165420532,0.882082462310791,,,
129,59799,1.04563570022583,0.8976617455482483,,,
129,59799,,,0.556884599700965,1.290380597114563,0.5874956846237183
130,59849,0.7996388673782349,1.1146657466888428,,,
130,59899,0.9552910327911377,1.1970863342285156,,,
130,59949,1.002461314201355,1.184995412826538,,,
130,59999,1.200551986694336,1.1052932739257812,,,
130,60049,0.9245744347572327,1.2582272291183472,,,
130,60099,1.1179463863372803,0.9693540334701538,,,
130,60149,0.8741309642791748,0.8305807113647461,,,
130,60199,0.817478358745575,1.0640311241149902,,,
130,60249,0.7947648763656616,1.4779677391052246,,,
130,60259,,,0.5352725295636809,1.362964391708374,0.5697969198226929
131,60299,1.0358357429504395,0.7909812331199646,,,
131,60349,0.85786372423172,0.9268684387207031,,,
131,60399,0.7797184586524963,1.245506763458252,,,
131,60449,1.0256280899047852,0.8865570425987244,,,
131,60499,0.6162299513816833,1.379300832748413,,,
131,60549,0.5776842832565308,1.3957412242889404,,,
131,60599,0.8584727048873901,0.9823693037033081,,,
131,60649,0.6991611123085022,1.3179361820220947,,,
131,60699,1.0021703243255615,0.9723557233810425,,,
131,60719,,,0.5754383580263694,1.2775441408157349,0.6407846808433533
132,60749,0.8565672636032104,0.8557994365692139,,,
132,60799,0.9177204370498657,1.3054072856903076,,,
132,60849,0.9529351592063904,0.8915406465530396,,,
132,60899,1.0894436836242676,0.9233049154281616,,,
132,60949,1.139648199081421,1.101445198059082,,,
132,60999,0.8927830457687378,0.9621853828430176,,,
132,61049,0.874578595161438,0.9258477687835693,,,
132,61099,1.2271575927734375,0.7571473121643066,,,
132,61149,0.8826438188552856,1.1716291904449463,,,
132,61179,,,0.5867201304879707,1.2949877977371216,0.6385902166366577
133,61199,0.9932135343551636,0.867017388343811,,,
133,61249,0.7256720662117004,0.9226715564727783,,,
133,61299,0.9862605929374695,0.8808891177177429,,,
133,61349,0.8008644580841064,1.0703439712524414,,,
133,61399,0.9832005500793457,0.7789754867553711,,,
133,61449,0.9063009023666382,0.8078756332397461,,,
133,61499,1.0245006084442139,1.1097431182861328,,,
133,61549,0.8103485107421875,1.2175889015197754,,,
133,61599,0.6982066631317139,1.3491748571395874,,,
133,61639,,,0.4981650129128721,1.4539544582366943,0.5331333875656128
134,61649,1.0560190677642822,1.6179560422897339,,,
134,61699,0.8385367393493652,1.5600972175598145,,,
134,61749,0.8305955529212952,0.8905050158500671,,,
134,61799,1.0971860885620117,2.104362726211548,,,
134,61849,0.8025346398353577,1.0052586793899536,,,
134,61899,0.8197722434997559,1.5891838073730469,,,
134,61949,0.7198663949966431,1.145094633102417,,,
134,61999,0.8033573031425476,0.9787691235542297,,,
134,62049,0.8299713134765625,1.0583813190460205,,,
134,62099,0.8587290048599243,0.7718572616577148,,,
134,62099,,,0.5001359249694168,1.3684223890304565,0.4949272572994232
135,62149,0.8928747177124023,0.8445067405700684,,,
135,62199,0.773432731628418,0.8188599348068237,,,
135,62249,0.980421245098114,1.1089975833892822,,,
135,62299,0.8729868531227112,1.0644116401672363,,,
135,62349,0.8006943464279175,0.9753566980361938,,,
135,62399,0.6279803514480591,1.1282117366790771,,,
135,62449,0.8902202248573303,1.1922276020050049,,,
135,62499,0.9732645750045776,1.4225666522979736,,,
135,62549,0.9170738458633423,1.2438578605651855,,,
135,62559,,,0.5578360744868832,1.2993508577346802,0.691375732421875
136,62599,0.7022526860237122,1.3190271854400635,,,
136,62649,0.9780874252319336,1.0504953861236572,,,
136,62699,0.6508912444114685,1.3071680068969727,,,
136,62749,0.6985737681388855,1.6749491691589355,,,
136,62799,0.8816699385643005,0.9363488554954529,,,
136,62849,0.6720730066299438,1.2910465002059937,,,
136,62899,0.7464175820350647,0.8620563745498657,,,
136,62949,0.8682712316513062,1.2038650512695312,,,
136,62999,0.8057112693786621,1.6339008808135986,,,
136,63019,,,0.6304200081554981,1.2216625213623047,0.694185197353363
137,63049,0.9212803840637207,0.8887931108474731,,,
137,63099,0.8157787322998047,0.8660911321640015,,,
137,63149,0.9666451215744019,1.183539867401123,,,
137,63199,0.7580437660217285,0.9678070545196533,,,
137,63249,1.0939326286315918,1.0085151195526123,,,
137,63299,0.6084479093551636,1.336754560470581,,,
137,63349,0.5876958966255188,1.0781489610671997,,,
137,63399,0.8076112866401672,0.9720574617385864,,,
137,63449,0.8076297640800476,1.467450737953186,,,
137,63479,,,0.6037107516650809,1.3372849225997925,0.6482030749320984
138,63499,0.7457520961761475,0.9361041784286499,,,
138,63549,0.636605978012085,1.340476393699646,,,
138,63599,1.0798232555389404,1.354083776473999,,,
138,63649,1.299468755722046,1.187533974647522,,,
138,63699,0.7530175447463989,1.1561596393585205,,,
138,63749,0.6561613082885742,1.3224555253982544,,,
138,63799,0.8688492178916931,0.8159475326538086,,,
138,63849,0.6099256277084351,1.4426703453063965,,,
138,63899,1.248742699623108,0.8722665905952454,,,
138,63939,,,0.6131575370395541,1.2887673377990723,0.6904413104057312
139,63949,1.2337911128997803,0.8888202905654907,,,
139,63999,0.9156637191772461,1.4299477338790894,,,
139,64049,0.5680651664733887,1.1237907409667969,,,
139,64099,0.7438004016876221,1.2408859729766846,,,
139,64149,1.1605093479156494,0.9388421177864075,,,
139,64199,0.9809668064117432,0.8841667771339417,,,
139,64249,1.1812407970428467,0.7168393731117249,,,
139,64299,0.7656236886978149,0.7939445972442627,,,
139,64349,0.8210350275039673,1.2701756954193115,,,
139,64399,0.8401917219161987,1.2625141143798828,,,
139,64399,,,0.46058175886910424,1.417566180229187,0.6847973465919495
140,64449,0.9819409847259521,0.700079083442688,,,
140,64499,1.0155624151229858,0.9418068528175354,,,
140,64549,0.7720760703086853,1.1989433765411377,,,
140,64599,0.8096819519996643,0.7662912011146545,,,
140,64649,0.8356144428253174,1.3589130640029907,,,
140,64699,0.7369892597198486,1.0388848781585693,,,
140,64749,0.7130463719367981,1.6830971240997314,,,
140,64799,0.8992049098014832,1.2079694271087646,,,
140,64849,0.7916793823242188,0.9591946005821228,,,
140,64859,,,0.5342530922930543,1.3099110126495361,0.610754668712616
141,64899,0.935508131980896,0.8694688677787781,,,
141,64949,1.0118846893310547,0.8730015158653259,,,
141,64999,0.8213868141174316,1.023482084274292,,,
141,65049,0.8758537769317627,0.9617669582366943,,,
141,65099,0.8384920358657837,1.436842441558838,,,
141,65149,0.8443260788917542,1.066741943359375,,,
141,65199,0.8167999386787415,0.8371074199676514,,,
141,65249,0.5662962198257446,1.2333638668060303,,,
141,65299,0.8296241164207458,1.1390544176101685,,,
141,65319,,,0.5615740111458475,1.3452608585357666,0.6657478213310242
142,65349,0.6981003284454346,1.1263827085494995,,,
142,65399,0.8104770183563232,0.9180086255073547,,,
142,65449,0.7337190508842468,1.20973539352417,,,
142,65499,0.9004477262496948,1.3175122737884521,,,
142,65549,0.9029518365859985,0.9282936453819275,,,
142,65599,1.1082704067230225,1.2304024696350098,,,
142,65649,0.7968406081199646,0.7871092557907104,,,
142,65699,0.9056892991065979,1.0679137706756592,,,
142,65749,1.063883900642395,1.4667820930480957,,,
142,65779,,,0.5615740111458475,1.314663290977478,0.5924549102783203
143,65799,0.8275486826896667,1.1967915296554565,,,
143,65849,0.8009764552116394,0.9007042646408081,,,
143,65899,0.7035722136497498,1.237201452255249,,,
143,65949,0.9770981073379517,1.032945156097412,,,
143,65999,0.9496500492095947,1.23447847366333,,,
143,66049,0.7891392707824707,1.1967438459396362,,,
143,66099,1.0463345050811768,1.1432900428771973,,,
143,66149,0.627138614654541,1.6617350578308105,,,
143,66199,0.6720672845840454,1.2005529403686523,,,
143,66239,,,0.5755742829957863,1.3017100095748901,0.6173530220985413
144,66249,0.9686123132705688,0.9197899103164673,,,
144,66299,0.6904133558273315,1.2041382789611816,,,
144,66349,0.8812900185585022,1.2897617816925049,,,
144,66399,0.5759317874908447,1.324286937713623,,,
144,66449,1.132603645324707,1.0113264322280884,,,
144,66499,0.8347060680389404,1.133216142654419,,,
144,66549,0.8227525353431702,1.0554745197296143,,,
144,66599,0.9938552379608154,1.4237678050994873,,,
144,66649,0.9551549553871155,1.134157657623291,,,
144,66699,0.8896291255950928,1.192499041557312,,,
144,66699,,,0.5534185129808346,1.313635230064392,0.6456429362297058
145,66749,0.8873820304870605,0.9061130285263062,,,
145,66799,0.9058493971824646,1.1198681592941284,,,
145,66849,0.7208333611488342,1.1333179473876953,,,
145,66899,1.347235918045044,0.6405571699142456,,,
145,66949,0.8401072025299072,1.0917143821716309,,,
145,66999,0.8774772882461548,0.8766356706619263,,,
145,67049,0.9190255403518677,1.2371819019317627,,,
145,67099,1.1953816413879395,0.9560954570770264,,,
145,67149,1.091004490852356,1.1540724039077759,,,
145,67159,,,0.4488922114992524,1.3210244178771973,0.6992545127868652
146,67199,0.8340780138969421,1.3829684257507324,,,
146,67249,1.0661996603012085,1.3510053157806396,,,
146,67299,0.7855322957038879,1.2408859729766846,,,
146,67349,0.8384070992469788,0.9874453544616699,,,
146,67399,0.9976120591163635,1.0743606090545654,,,
146,67449,0.6312283873558044,1.242491602897644,,,
146,67499,0.8981351852416992,0.8446100354194641,,,
146,67549,1.0305367708206177,1.8445993661880493,,,
146,67599,0.7392390966415405,0.9255284070968628,,,
146,67619,,,0.4869512029359793,1.4443304538726807,0.5039315223693848
147,67649,0.7503361701965332,0.9328970909118652,,,
147,67699,0.9221469163894653,1.0949243307113647,,,
147,67749,1.0059189796447754,1.3719003200531006,,,
147,67799,0.6379377841949463,1.0594383478164673,,,
147,67849,0.8786811232566833,1.3007659912109375,,,
147,67899,1.2981846332550049,1.0247622728347778,,,
147,67949,0.5701483488082886,1.8904218673706055,,,
147,67999,0.7375377416610718,1.6388500928878784,,,
147,68049,0.992591142654419,0.8409909605979919,,,
147,68079,,,0.49891260024466494,1.3797191381454468,0.569136381149292
148,68099,0.9911214113235474,1.0860453844070435,,,
148,68149,0.7485980987548828,1.4775159358978271,,,
148,68199,0.908951997756958,1.092443585395813,,,
148,68249,0.9401143193244934,1.3047336339950562,,,
148,68299,0.9510655403137207,1.064995288848877,,,
148,68349,0.899482786655426,1.2777323722839355,,,
148,68399,0.9956783056259155,1.0141491889953613,,,
148,68449,0.8666267991065979,1.396641492843628,,,
148,68499,0.7973456382751465,1.0673909187316895,,,
148,68539,,,0.5651760228353948,1.2827202081680298,0.6302633285522461
149,68549,0.8269236087799072,0.8691595792770386,,,
149,68599,1.0661571025848389,1.0151703357696533,,,
149,68649,1.1471046209335327,1.087357997894287,,,
149,68699,0.8853499889373779,1.0507149696350098,,,
149,68749,0.9598010182380676,0.7703806757926941,,,
149,68799,0.7332454919815063,1.0873297452926636,,,
149,68849,0.9385016560554504,0.9305933117866516,,,
149,68899,0.8858757615089417,0.832158088684082,,,
149,68949,0.5451920032501221,1.1224666833877563,,,
149,68999,0.6147953271865845,0.9210598468780518,,,
149,68999,,,0.6333423949979611,1.274293303489685,0.6884978413581848
150,69049,0.7356239557266235,0.9505196809768677,,,
150,69099,0.7054524421691895,1.2939436435699463,,,
150,69149,0.8712252378463745,0.8138347268104553,,,
150,69199,0.8352876305580139,1.017896294593811,,,
150,69249,0.9117533564567566,0.9401174187660217,,,
150,69299,1.4243383407592773,1.070540189743042,,,
150,69349,0.6851987242698669,2.13840913772583,,,
150,69399,1.1793529987335205,1.2339513301849365,,,
150,69449,0.9431718587875366,1.2159775495529175,,,
150,69459,,,0.5446513524534456,1.3361554145812988,0.5876502394676208
151,69499,0.8046329021453857,1.0914638042449951,,,
151,69549,0.9569461345672607,1.0453782081604004,,,
151,69599,0.8533234596252441,0.9150844812393188,,,
151,69649,0.957927942276001,0.8880356550216675,,,
151,69699,0.8731526136398315,1.2111682891845703,,,
151,69749,0.8370978832244873,0.8666757345199585,,,
151,69799,0.8203250169754028,1.0908244848251343,,,
151,69849,0.6693915724754333,1.2321527004241943,,,
151,69899,0.7266945242881775,1.3986454010009766,,,
151,69919,,,0.6176430610303113,1.2431551218032837,0.6518941521644592
152,69949,0.7876015901565552,0.9833787083625793,,,
152,69999,1.1401419639587402,1.0502569675445557,,,
152,70049,1.0523890256881714,0.9525250196456909,,,
152,70099,1.0028756856918335,1.0753467082977295,,,
152,70149,0.6313059329986572,1.4109930992126465,,,
152,70199,1.059906005859375,1.0197783708572388,,,
152,70249,0.8400655388832092,1.5602096319198608,,,
152,70299,0.6949292421340942,1.3668131828308105,,,
152,70349,1.1050198078155518,0.9289568662643433,,,
152,70379,,,0.6291966834307462,1.3143501281738281,0.8523654937744141
153,70399,0.731389045715332,1.1360979080200195,,,
153,70449,1.0841673612594604,0.9287258386611938,,,
153,70499,0.9499476552009583,0.9677654504776001,,,
153,70549,0.5866933465003967,1.128476619720459,,,
153,70599,0.9738048911094666,1.0369787216186523,,,
153,70649,0.9508465528488159,1.0523308515548706,,,
153,70699,0.7492077350616455,1.1354479789733887,,,
153,70749,0.6841835379600525,1.4516533613204956,,,
153,70799,0.709621012210846,1.3360812664031982,,,
153,70839,,,0.489058039961941,1.357161283493042,0.6121058464050293
154,70849,0.9903055429458618,1.0526450872421265,,,
154,70899,0.8722922801971436,1.543189525604248,,,
154,70949,0.9234739542007446,1.7620749473571777,,,
154,70999,0.681239902973175,1.470465064048767,,,
154,71049,0.8159071207046509,0.7149168252944946,,,
154,71099,0.7323859930038452,0.9917637705802917,,,
154,71149,0.8114460706710815,1.297959566116333,,,
154,71199,0.9856537580490112,1.1406311988830566,,,
154,71249,0.724391758441925,0.7329999208450317,,,
154,71299,0.8172669410705566,0.9333850741386414,,,
154,71299,,,0.4719314938154139,1.4009515047073364,0.5793015956878662
155,71349,0.4936758875846863,1.29718816280365,,,
155,71399,0.8900414705276489,1.31452214717865,,,
155,71449,0.9564406871795654,0.9916806221008301,,,
155,71499,0.9553375840187073,1.649623990058899,,,
155,71549,1.049973726272583,0.8123348951339722,,,
155,71599,0.6659631729125977,1.167990803718567,,,
155,71649,0.7172781229019165,1.328197956085205,,,
155,71699,0.7625051140785217,1.0786268711090088,,,
155,71749,0.7456716299057007,0.9597049951553345,,,
155,71759,,,0.5462144896017398,1.3610244989395142,0.5312182307243347
156,71799,0.7416504621505737,1.3019028902053833,,,
156,71849,1.0626980066299438,0.8316905498504639,,,
156,71899,1.0689011812210083,0.6144938468933105,,,
156,71949,0.8581192493438721,1.2927749156951904,,,
156,71999,0.8004848957061768,0.9968030452728271,,,
156,72049,0.8367929458618164,1.213624358177185,,,
156,72099,1.0800988674163818,2.015113353729248,,,
156,72149,0.8264566659927368,1.0470490455627441,,,
156,72199,0.5525056719779968,1.1763629913330078,,,
156,72219,,,0.6425852929183091,1.3167479038238525,0.757491409778595
157,72249,0.7197479605674744,1.2958747148513794,,,
157,72299,0.678591787815094,0.9358392953872681,,,
157,72349,0.9882161021232605,1.000726580619812,,,
157,72399,0.8361583352088928,0.7855417728424072,,,
157,72449,0.930027961730957,1.1197401285171509,,,
157,72499,1.0157849788665771,1.1217153072357178,,,
157,72549,0.9474196434020996,1.2822072505950928,,,
157,72599,0.8954852819442749,0.7115122675895691,,,
157,72649,0.7743162512779236,1.084036946296692,,,
157,72679,,,0.634565719722713,1.2535042762756348,0.7173028588294983
158,72699,0.9991756081581116,0.9623728394508362,,,
158,72749,0.9486396312713623,0.9897622466087341,,,
158,72799,0.9626846313476562,1.0780096054077148,,,
158,72849,0.8815754652023315,1.1183497905731201,,,
158,72899,1.042120337486267,1.2208740711212158,,,
158,72949,0.9132481217384338,1.2530288696289062,,,
158,72999,0.9461700916290283,1.0324174165725708,,,
158,73049,0.9335587620735168,0.6780726909637451,,,
158,73099,0.6149674654006958,1.387420415878296,,,
158,73139,,,0.48586380318064426,1.4413292407989502,0.5207793116569519
159,73149,0.6720437407493591,1.4853167533874512,,,
159,73199,0.7716866135597229,1.5750387907028198,,,
159,73249,0.8814955353736877,0.6843224763870239,,,
159,73299,0.794607400894165,1.0433706045150757,,,
159,73349,0.8180347681045532,0.9509783983230591,,,
159,73399,0.7078002095222473,1.4035403728485107,,,
159,73449,0.9048359990119934,0.9621365070343018,,,
159,73499,1.0059503316879272,1.183172345161438,,,
159,73549,0.8343755006790161,0.7835565805435181,,,
159,73599,0.6484558582305908,1.1624308824539185,,,
159,73599,,,0.6001767024602419,1.2929948568344116,0.6902105808258057
160,73649,0.8909057378768921,0.9755373001098633,,,
160,73699,0.8605538606643677,0.9178650379180908,,,
160,73749,0.665072500705719,1.0584831237792969,,,
160,73799,0.6563600897789001,1.0581450462341309,,,
160,73849,0.8779364228248596,0.9685533046722412,,,
160,73899,0.9442511796951294,1.0500264167785645,,,
160,73949,1.0110604763031006,1.160726547241211,,,
160,73999,1.2618221044540405,0.7147567272186279,,,
160,74049,1.0969948768615723,1.0749329328536987,,,
160,74059,,,0.531602555389425,1.3735324144363403,0.5531030297279358
161,74099,0.8190498352050781,1.7182241678237915,,,
161,74149,0.7562550902366638,1.0715389251708984,,,
161,74199,0.8691369295120239,1.1902313232421875,,,
161,74249,0.7944413423538208,1.3422385454177856,,,
161,74299,1.1176331043243408,0.8459416031837463,,,
161,74349,0.7823733687400818,1.3028490543365479,,,
161,74399,0.6859982013702393,1.1121127605438232,,,
161,74449,0.7187330722808838,1.0270156860351562,,,
161,74499,0.9876720309257507,1.5940971374511719,,,
161,74519,,,0.4704363191518282,1.4950135946273804,0.432751327753067
162,74549,0.9522799849510193,0.9526946544647217,,,
162,74599,0.8111060857772827,1.1952825784683228,,,
162,74649,0.5485458374023438,1.1435284614562988,,,
162,74699,0.7722732424736023,1.1558564901351929,,,
162,74749,0.7924641370773315,1.2025742530822754,,,
162,74799,0.9621763229370117,1.0164467096328735,,,
162,74849,0.6819778680801392,1.0833427906036377,,,
162,74899,1.172663927078247,1.0899347066879272,,,
162,74949,0.5910739898681641,1.4577395915985107,,,
162,74979,,,0.5301073807258393,1.3682893514633179,0.5675576329231262
163,74999,0.8216920495033264,0.8160523176193237,,,
163,75049,0.9038026332855225,1.3347450494766235,,,
163,75099,0.9296087622642517,1.046619176864624,,,
163,75149,0.7130237817764282,1.1116790771484375,,,
163,75199,1.3079122304916382,1.1830391883850098,,,
163,75249,1.0008461475372314,1.0172573328018188,,,
163,75299,0.5651500225067139,1.285921335220337,,,
163,75349,0.8325347900390625,1.535057544708252,,,
163,75399,0.6618492007255554,0.9314396381378174,,,
163,75439,,,0.4932037515291559,1.4098448753356934,0.5005112886428833
164,75449,0.7662219405174255,1.3772168159484863,,,
164,75499,0.6266931295394897,1.4191213846206665,,,
164,75549,1.003338098526001,1.0259895324707031,,,
164,75599,0.740372896194458,1.4290242195129395,,,
164,75649,0.9419398903846741,1.0284862518310547,,,
164,75699,0.8044998049736023,0.8630427122116089,,,
164,75749,0.8780827522277832,0.8696786165237427,,,
164,75799,0.7380692958831787,1.288210153579712,,,
164,75849,1.1864166259765625,0.5767565965652466,,,
164,75899,0.6103705167770386,1.5117356777191162,,,
164,75899,,,0.6849259208916678,1.213470458984375,0.7948240637779236
165,75949,0.9099912643432617,1.3135437965393066,,,
165,75999,0.7764126658439636,1.171102523803711,,,
165,76049,0.7548409700393677,1.2773607969284058,,,
165,76099,0.6999385952949524,1.1697381734848022,,,
165,76149,0.9501254558563232,0.9886419177055359,,,
165,76199,1.4990451335906982,1.4602266550064087,,,
165,76249,1.174184799194336,1.4572027921676636,,,
165,76299,1.1876376867294312,1.133479118347168,,,
165,76349,0.7369858026504517,1.0215728282928467,,,
165,76359,,,0.6166915862443931,1.289270281791687,0.77849942445755
166,76399,0.9263501763343811,1.0404930114746094,,,
166,76449,0.874460756778717,0.8337608575820923,,,
166,76499,0.5559163093566895,1.3017449378967285,,,
166,76549,0.7056132555007935,0.9194118976593018,,,
166,76599,0.6489738821983337,1.087912678718567,,,
166,76649,1.2253700494766235,0.9746960997581482,,,
166,76699,0.7503236532211304,0.957094132900238,,,
166,76749,0.7145159244537354,1.369734525680542,,,
166,76799,1.1228837966918945,0.9230638742446899,,,
166,76819,,,0.4686013320647003,1.4196633100509644,0.501979649066925
167,76849,1.1939315795898438,1.0768762826919556,,,
167,76899,0.9805997610092163,0.9695226550102234,,,
167,76949,0.6630246639251709,0.9992167949676514,,,
167,76999,1.243424415588379,0.6630459427833557,,,
167,77049,0.8974176049232483,1.196716070175171,,,
167,77099,0.7764662504196167,1.7472974061965942,,,
167,77149,0.8202414512634277,1.0051274299621582,,,
167,77199,0.9991656541824341,0.7933531999588013,,,
167,77249,0.7613497972488403,0.98388671875,,,
167,77279,,,0.5136604594263966,1.388250470161438,0.517070472240448
168,77299,0.7280941605567932,1.0885982513427734,,,
168,77349,0.6028671264648438,1.1466697454452515,,,
168,77399,0.5110416412353516,1.5887501239776611,,,
168,77449,0.8727203011512756,1.215553879737854,,,
168,77499,0.6305901408195496,1.3275463581085205,,,
168,77549,0.8113424777984619,0.8775535821914673,,,
168,77599,0.7998390197753906,0.9519897699356079,,,
168,77649,0.6967740058898926,0.861103892326355,,,
168,77699,1.362938642501831,1.1351211071014404,,,
168,77739,,,0.5545738752208781,1.309613585472107,0.5839374661445618
169,77749,0.7454650402069092,1.3284326791763306,,,
169,77799,0.7240379452705383,1.0852340459823608,,,
169,77849,0.8734673857688904,0.987702488899231,,,
169,77899,0.6824345588684082,1.1188390254974365,,,
169,77949,1.1106572151184082,1.4811469316482544,,,
169,77999,0.6064896583557129,1.8639904260635376,,,
169,78049,0.884527325630188,0.8299425840377808,,,
169,78099,0.8242394328117371,1.124314308166504,,,
169,78149,0.8598824143409729,0.9158202409744263,,,
169,78199,0.5769546031951904,1.0258694887161255,,,
169,78199,,,0.5091749354356395,1.3695582151412964,0.5079740881919861
170,78249,1.323742389678955,0.7740559577941895,,,
170,78299,0.8814969062805176,0.8875404596328735,,,
170,78349,0.7361149787902832,1.0368168354034424,,,
170,78399,0.9842314124107361,1.5889403820037842,,,
170,78449,0.632860541343689,1.9906219244003296,,,
170,78499,0.790201723575592,1.5809576511383057,,,
170,78549,0.7193255424499512,1.206272840499878,,,
170,78599,0.8455561995506287,1.236116886138916,,,
170,78649,1.3950035572052002,1.112879991531372,,,
170,78659,,,0.5873317928503466,1.3132050037384033,0.6301175355911255
171,78699,0.8534219264984131,1.4107487201690674,,,
171,78749,1.0036625862121582,0.6913019418716431,,,
171,78799,0.6840432286262512,1.396641731262207,,,
171,78849,0.5067906379699707,1.783644437789917,,,
171,78899,0.6305922269821167,1.1490049362182617,,,
171,78949,0.757123589515686,1.0995402336120605,,,
171,78999,0.8824201226234436,1.0038186311721802,,,
171,79049,1.0821524858474731,0.8008125424385071,,,
171,79099,1.224035620689392,0.852917492389679,,,
171,79119,,,0.5271849938833764,1.3995481729507446,0.6267173290252686
172,79149,0.9420154094696045,1.5031332969665527,,,
172,79199,0.7727782130241394,1.184815764427185,,,
172,79249,0.7163984775543213,0.8317433595657349,,,
172,79299,0.8563548922538757,1.400347352027893,,,
172,79349,0.7193048000335693,1.6786816120147705,,,
172,79399,0.6725888848304749,1.3195512294769287,,,
172,79449,0.8860111236572266,1.4172993898391724,,,
172,79499,0.5659739971160889,0.8044804334640503,,,
172,79549,0.7607302665710449,1.2434868812561035,,,
172,79579,,,0.5135924969416882,1.3770915269851685,0.6498098373413086
173,79599,0.5818085670471191,1.0629518032073975,,,
173,79649,1.0436756610870361,0.9991666078567505,,,
173,79699,0.9881879091262817,1.1435227394104004,,,
173,79749,0.9896317720413208,1.334904432296753,,,
173,79799,0.8289534449577332,0.8652154207229614,,,
173,79849,0.6683264374732971,1.0298848152160645,,,
173,79899,0.907500147819519,1.21596097946167,,,
173,79949,0.7177528142929077,1.0431954860687256,,,
173,79999,0.3872777819633484,1.3889133930206299,,,
173,80039,,,0.5377871414978932,1.357630729675293,0.5246602892875671
174,80049,0.9483616352081299,1.284776210784912,,,
174,80099,1.14553701877594,1.2775049209594727,,,
174,80149,0.7318902611732483,1.1471296548843384,,,
174,80199,1.0486377477645874,0.9286010265350342,,,
174,80249,0.8871858716011047,0.8221552968025208,,,
174,80299,0.8286590576171875,0.9269813299179077,,,
174,80349,0.9872573018074036,1.1616711616516113,,,
174,80399,0.587097704410553,1.5309360027313232,,,
174,80449,0.3933163583278656,2.353090763092041,,,
174,80499,0.7933599352836609,1.6958342790603638,,,
174,80499,,,0.5426804403969009,1.2929275035858154,0.7292214632034302
175,80549,1.2191051244735718,0.7615687847137451,,,
175,80599,0.7742675542831421,0.9626044034957886,,,
175,80649,0.9138636589050293,0.9450660347938538,,,
175,80699,0.7772715091705322,0.8185114860534668,,,
175,80749,0.6476062536239624,1.2895638942718506,,,
175,80799,0.9079993963241577,0.9595316648483276,,,
175,80849,0.8180892467498779,0.9089304208755493,,,
175,80899,0.7722269296646118,0.8637489080429077,,,
175,80949,0.8962622880935669,1.0034822225570679,,,
175,80959,,,0.5860405056408863,1.3336100578308105,0.6253559589385986
176,80999,1.078546404838562,1.1135005950927734,,,
176,81049,0.8569687604904175,0.886764407157898,,,
176,81099,0.7052528858184814,1.0846049785614014,,,
176,81149,0.6659247279167175,0.9929015040397644,,,
176,81199,1.216914176940918,1.227942943572998,,,
176,81249,0.6094416379928589,1.4787641763687134,,,
176,81299,0.9800726771354675,1.3443129062652588,,,
176,81349,0.7683809399604797,1.3381199836730957,,,
176,81399,0.9958974719047546,1.777667760848999,,,
176,81419,,,0.5980698654342803,1.283251166343689,0.6309939622879028
177,81449,0.5701804161071777,1.3970072269439697,,,
177,81499,0.6498966813087463,1.4421037435531616,,,
177,81549,0.6982802748680115,0.9731068015098572,,,
177,81599,1.0345544815063477,0.9114511013031006,,,
177,81649,0.6385147571563721,1.276900291442871,,,
177,81699,0.8037776947021484,1.061579704284668,,,
177,81749,1.1039690971374512,1.3124775886535645,,,
177,81799,0.8929077386856079,0.7769754528999329,,,
177,81849,0.8472676277160645,1.3850563764572144,,,
177,81879,,,0.49565040097865976,1.4771647453308105,0.41140785813331604
178,81899,0.6429816484451294,1.210447907447815,,,
178,81949,1.1342697143554688,0.6999059915542603,,,
178,81999,0.9321186542510986,1.0837494134902954,,,
178,82049,0.7384838461875916,1.179842472076416,,,
178,82099,0.9312819838523865,1.1180363893508911,,,
178,82149,0.7273372411727905,1.0668683052062988,,,
178,82199,0.5953079462051392,0.8423916101455688,,,
178,82249,0.7710949182510376,0.7669941782951355,,,
178,82299,0.7584224939346313,0.9790329933166504,,,
178,82339,,,0.5494087263830366,1.316908836364746,0.6580635905265808
179,82349,0.8207555413246155,1.1572587490081787,,,
179,82399,0.7206674814224243,1.4141846895217896,,,
179,82449,0.7698993682861328,0.8173444271087646,,,
179,82499,1.109858751296997,1.2769603729248047,,,
179,82549,0.7711166739463806,1.123811960220337,,,
179,82599,0.9391586780548096,1.34814453125,,,
179,82649,0.99689120054245,0.9298245906829834,,,
179,82699,1.072152853012085,1.1912751197814941,,,
179,82749,0.7559565305709839,1.1984565258026123,,,
179,82799,0.8511359691619873,1.6695022583007812,,,
179,82799,,,0.6113225499524263,1.3780306577682495,0.6591024994850159
180,82849,0.4884148836135864,1.6719176769256592,,,
180,82899,0.7021512985229492,1.2495691776275635,,,
180,82949,0.5463563203811646,1.559257984161377,,,
180,82999,0.6669833660125732,1.9772982597351074,,,
180,83049,0.7679704427719116,1.9933016300201416,,,
180,83099,0.902955949306488,0.9995695352554321,,,
180,83149,0.7032397985458374,1.1636979579925537,,,
180,83199,0.7234117984771729,1.249079704284668,,,
180,83249,0.821834921836853,0.878543496131897,,,
180,83259,,,0.6057496262063341,1.2718509435653687,0.6835304498672485
181,83299,0.8592119812965393,0.6412805318832397,,,
181,83349,1.0081520080566406,1.6962604522705078,,,
181,83399,0.83283531665802,1.4761688709259033,,,
181,83449,0.6128760576248169,1.7105144262313843,,,
181,83499,0.8556756973266602,1.3560010194778442,,,
181,83549,0.779865562915802,1.02052640914917,,,
181,83599,0.6927021741867065,1.0381207466125488,,,
181,83649,1.0411567687988281,0.9454207420349121,,,
181,83699,0.8624013066291809,1.2943286895751953,,,
181,83719,,,0.461465271170314,1.4944918155670166,0.4834598898887634
182,83749,0.9900722503662109,0.7689081430435181,,,
182,83799,0.8374061584472656,0.7469420433044434,,,
182,83849,0.8504481315612793,1.1961925029754639,,,
182,83899,1.0243799686431885,0.8993663787841797,,,
182,83949,1.035801649093628,1.1359999179840088,,,
182,83999,0.7504373788833618,1.1138553619384766,,,
182,84049,0.6584821343421936,1.1507412195205688,,,
182,84099,0.7411236763000488,0.7526901960372925,,,
182,84149,0.6752873659133911,1.0380339622497559,,,
182,84179,,,0.554098137827919,1.3549460172653198,0.5405005216598511
183,84199,0.7370941638946533,1.3085856437683105,,,
183,84249,0.7171251177787781,0.9744487404823303,,,
183,84299,0.9284979104995728,1.0995854139328003,,,
183,84349,0.8651424646377563,1.3004264831542969,,,
183,84399,0.7140021324157715,1.4358882904052734,,,
183,84449,0.7517747282981873,0.9022045135498047,,,
183,84499,0.9956748485565186,0.9740240573883057,,,
183,84549,1.1697484254837036,1.780056357383728,,,
183,84599,0.4970723092556,1.5317680835723877,,,
183,84639,,,0.6077885007475873,1.2386164665222168,0.7553987503051758
184,84649,0.7487175464630127,1.2586472034454346,,,
184,84699,0.5561116933822632,1.3238067626953125,,,
184,84749,0.9836867451667786,1.0615386962890625,,,
184,84799,0.7340276837348938,0.8979437351226807,,,
184,84849,0.8500381708145142,0.852354109287262,,,
184,84899,0.9500053524971008,1.1102138757705688,,,
184,84949,1.1222829818725586,1.0789241790771484,,,
184,84999,0.709088921546936,1.181225299835205,,,
184,85049,1.008772611618042,0.7060596346855164,,,
184,85099,0.9524257183074951,0.796198844909668,,,
184,85099,,,0.4559603099089303,1.4383944272994995,0.5946047902107239
185,85149,0.5761941075325012,0.9597187042236328,,,
185,85199,0.8369674682617188,1.1496411561965942,,,
185,85249,0.8882265090942383,0.9487226009368896,,,
185,85299,0.7125087976455688,1.8957107067108154,,,
185,85349,0.9857180118560791,0.9487269520759583,,,
185,85399,0.5991976261138916,1.2079145908355713,,,
185,85449,1.0196694135665894,1.1839759349822998,,,
185,85499,0.6955925822257996,1.423284888267517,,,
185,85549,0.8854019641876221,0.9871169328689575,,,
185,85559,,,0.6769063476960717,1.2491203546524048,0.8317670226097107
186,85599,0.8323783874511719,1.1472276449203491,,,
186,85649,1.0097181797027588,0.8962996006011963,,,
186,85699,1.0914113521575928,1.0675108432769775,,,
186,85749,0.7184336185455322,0.9528495073318481,,,
186,85799,0.9584386348724365,0.9402942657470703,,,
186,85849,0.842510998249054,1.314026117324829,,,
186,85899,0.7954707145690918,1.2033034563064575,,,
186,85949,1.1275150775909424,0.8021639585494995,,,
186,85999,0.7820323705673218,0.7520266771316528,,,
186,86019,,,0.4713877939377464,1.4595835208892822,0.5004575252532959
187,86049,0.6818382143974304,0.8626759052276611,,,
187,86099,0.9401847124099731,0.9264259338378906,,,
187,86149,0.9237391352653503,0.9209414124488831,,,
187,86199,0.7135058641433716,1.2012765407562256,,,
187,86249,0.656449556350708,1.0087143182754517,,,
187,86299,1.0361664295196533,1.5724225044250488,,,
187,86349,0.9461482167243958,0.8366328477859497,,,
187,86399,0.7158025503158569,1.2116377353668213,,,
187,86449,1.143739938735962,1.2890090942382812,,,
187,86479,,,0.60941960038059,1.2877545356750488,0.6620014309883118
188,86499,0.8322710990905762,1.439413070678711,,,
188,86549,0.5603412985801697,1.6734216213226318,,,
188,86599,0.8606553077697754,1.0235083103179932,,,
188,86649,0.6804767847061157,1.2009711265563965,,,
188,86699,0.5659008026123047,1.395691990852356,,,
188,86749,0.7528960704803467,1.2620373964309692,,,
188,86799,0.7493041157722473,1.2293466329574585,,,
188,86849,0.9331339597702026,0.7630757093429565,,,
188,86899,0.7476341724395752,1.0315332412719727,,,
188,86939,,,0.4622808209868153,1.389684796333313,0.6107353568077087
189,86949,1.0201128721237183,0.9205671548843384,,,
189,86999,1.0042519569396973,1.0029128789901733,,,
189,87049,0.7921901941299438,1.005460500717163,,,
189,87099,0.6701680421829224,1.0154242515563965,,,
189,87149,0.8754523992538452,0.7811844348907471,,,
189,87199,0.6735788583755493,1.352047085762024,,,
189,87249,0.6305904984474182,0.7540369033813477,,,
189,87299,0.6115130186080933,0.9349263906478882,,,
189,87349,0.9631778597831726,0.7497478723526001,,,
189,87399,0.8992522358894348,1.214701771736145,,,
189,87399,,,0.6070409134157945,1.2647433280944824,0.640417218208313
190,87449,0.9694589972496033,0.9031413197517395,,,
190,87499,0.984160840511322,0.8959512114524841,,,
190,87549,0.7545350193977356,0.9305434823036194,,,
190,87599,0.8222998380661011,1.2401463985443115,,,
190,87649,0.8764127492904663,0.9481924772262573,,,
190,87699,1.1200711727142334,0.837709903717041,,,
190,87749,0.6819067001342773,1.4219917058944702,,,
190,87799,0.6513903141021729,1.599951982498169,,,
190,87849,0.6775484681129456,1.1204930543899536,,,
190,87859,,,0.5128449096098954,1.3657653331756592,0.5137889981269836
191,87899,0.8305429220199585,0.843691885471344,,,
191,87949,0.8577783107757568,1.5514764785766602,,,
191,87999,0.9844833612442017,1.286380648612976,,,
191,88049,1.02256178855896,0.8203768730163574,,,
191,88099,0.6488714814186096,1.1198582649230957,,,
191,88149,0.7573946118354797,0.8611509799957275,,,
191,88199,0.6165081262588501,1.6562551259994507,,,
191,88249,0.7127031087875366,1.692987084388733,,,
191,88299,0.640305757522583,1.2180800437927246,,,
191,88319,,,0.5871958678809297,1.264562964439392,0.6164239645004272
192,88349,1.2337639331817627,1.116539716720581,,,
192,88399,0.7008301019668579,1.4593679904937744,,,
192,88449,0.9021614789962769,0.8890566229820251,,,
192,88499,0.5961337089538574,1.3640559911727905,,,
192,88549,0.6310962438583374,0.8954140543937683,,,
192,88599,1.0542848110198975,0.9444848299026489,,,
192,88649,0.682706892490387,0.7565276622772217,,,
192,88699,0.7638999819755554,1.4232203960418701,,,
192,88749,1.0344018936157227,1.0218249559402466,,,
192,88779,,,0.508631235557972,1.417111873626709,0.5254127979278564
193,88799,0.506434977054596,0.9804539084434509,,,
193,88849,0.8194434642791748,1.1765754222869873,,,
193,88899,0.9158162474632263,1.1151701211929321,,,
193,88949,0.8233513832092285,0.8806475400924683,,,
193,88999,0.5921930074691772,1.474503755569458,,,
193,89049,0.64794921875,1.209092140197754,,,
193,89099,0.7191404104232788,1.1637144088745117,,,
193,89149,0.7398799657821655,1.1213231086730957,,,
193,89199,0.7363319396972656,1.5370222330093384,,,
193,89239,,,0.49809705042816366,1.3668609857559204,0.6420865654945374
194,89249,0.6465616226196289,1.2141718864440918,,,
194,89299,0.6719127893447876,1.0260522365570068,,,
194,89349,0.4976043999195099,1.4779911041259766,,,
194,89399,0.7364752292633057,1.0865558385849,,,
194,89449,0.7715172171592712,1.6003363132476807,,,
194,89499,0.9657169580459595,1.2657392024993896,,,
194,89549,1.0131592750549316,1.0579187870025635,,,
194,89599,1.2631657123565674,1.0662617683410645,,,
194,89649,1.00831937789917,0.9056553840637207,,,
194,89699,0.9737486243247986,1.1607589721679688,,,
194,89699,,,0.5527388881337502,1.3289490938186646,0.7629475593566895
195,89749,0.7772473096847534,1.132249116897583,,,
195,89799,0.8111237287521362,1.0073938369750977,,,
195,89849,0.9435500502586365,0.9637661576271057,,,
195,89899,0.5007110834121704,1.4063936471939087,,,
195,89949,0.506045937538147,1.015438437461853,,,
195,89999,0.6512091755867004,1.348794937133789,,,
195,90049,0.7433863878250122,0.9395360946655273,,,
195,90099,0.893965482711792,1.4760994911193848,,,
195,90149,0.8758763670921326,1.1542984247207642,,,
195,90159,,,0.6152643740655158,1.3134207725524902,0.7202072739601135
196,90199,0.7579426765441895,1.1396939754486084,,,
196,90249,1.0494022369384766,0.8323147296905518,,,
196,90299,0.8235735893249512,1.9839800596237183,,,
196,90349,0.7465717792510986,1.0961346626281738,,,
196,90399,0.9288852214813232,0.9774439930915833,,,
196,90449,0.7693998217582703,1.453512191772461,,,
196,90499,0.7193009257316589,1.2631549835205078,,,
196,90549,1.1329926252365112,0.679317831993103,,,
196,90599,0.5704555511474609,1.1135766506195068,,,
196,90619,,,0.5611662362375969,1.2834694385528564,0.6799809336662292
197,90649,1.1201404333114624,0.8936276435852051,,,
197,90699,1.0030531883239746,1.5109519958496094,,,
197,90749,0.7518389225006104,1.0411384105682373,,,
197,90799,0.6870460510253906,1.676683783531189,,,
197,90849,0.7592618465423584,0.9863894581794739,,,
197,90899,0.8355166912078857,1.0649309158325195,,,
197,90949,0.8667795062065125,1.1403748989105225,,,
197,90999,0.8433586359024048,1.3147798776626587,,,
197,91049,1.0353868007659912,1.0849822759628296,,,
197,91079,,,0.5422047030039419,1.3786609172821045,0.5038835406303406
198,91099,0.6104428768157959,1.246278166770935,,,
198,91149,1.0051398277282715,0.8536800146102905,,,
198,91199,0.7497437000274658,0.8799446821212769,,,
198,91249,0.6392009258270264,0.7048768401145935,,,
198,91299,0.82618248462677,1.1399500370025635,,,
198,91349,0.7363330125808716,1.4990339279174805,,,
198,91399,0.7987250089645386,1.442558765411377,,,
198,91449,0.5930102467536926,1.240564227104187,,,
198,91499,0.7502177953720093,1.4385236501693726,,,
198,91539,,,0.5997689275519913,1.3058631420135498,0.607617199420929
199,91549,0.679386556148529,1.944990634918213,,,
199,91599,0.7721742391586304,1.0824003219604492,,,
199,91649,0.7910183072090149,1.1747349500656128,,,
199,91699,0.7430400848388672,1.1045663356781006,,,
199,91749,0.63435959815979,1.2817399501800537,,,
199,91799,0.6500715017318726,1.1715278625488281,,,
199,91849,0.5188759565353394,1.049816370010376,,,
199,91899,0.6032790541648865,1.4834469556808472,,,
199,91949,1.0646982192993164,1.674083948135376,,,
199,91999,0.6381840109825134,0.8531187176704407,,,
199,91999,,,0.5364958542884328,1.3053869009017944,0.6438060998916626
200,92049,0.7458992600440979,1.4835546016693115,,,
200,92099,0.628391444683075,1.2933666706085205,,,
200,92149,0.6910492181777954,1.2944111824035645,,,
200,92199,0.8185560703277588,0.9905856251716614,,,
200,92249,0.5470789074897766,1.7538989782333374,,,
200,92299,0.6505248546600342,0.9017892479896545,,,
200,92349,0.7806822061538696,1.1150856018066406,,,
200,92399,1.1926625967025757,0.6178880929946899,,,
200,92449,0.6148637533187866,1.1701278686523438,,,
200,92459,,,0.543767840152236,1.2958565950393677,0.6057094931602478
201,92499,0.6876296997070312,0.9815928339958191,,,
201,92549,0.8484811186790466,0.9146335124969482,,,
201,92599,0.8491212129592896,1.300020694732666,,,
201,92649,0.8476159572601318,1.049184799194336,,,
201,92699,0.9896451234817505,1.016746997833252,,,
201,92749,0.7374767661094666,1.4486887454986572,,,
201,92799,0.8727144002914429,0.9966369271278381,,,
201,92849,0.998088002204895,1.1209889650344849,,,
201,92899,0.6808342933654785,0.7895892262458801,,,
201,92919,,,0.5615060486611391,1.3074442148208618,0.5945004820823669
202,92949,0.6328424215316772,1.54164719581604,,,
202,92999,0.7646611928939819,0.8533833026885986,,,
202,93049,0.690782368183136,0.903569221496582,,,
202,93099,0.7235167026519775,0.9698739051818848,,,
202,93149,0.8582257032394409,1.0675690174102783,,,
202,93199,0.8320755958557129,1.097822904586792,,,
202,93249,0.5276584625244141,1.0904629230499268,,,
202,93299,0.9701235294342041,1.0113449096679688,,,
202,93349,0.8177163004875183,1.0983362197875977,,,
202,93379,,,0.5017670246024195,1.352198839187622,0.5965995192527771
203,93399,0.6107618808746338,1.0854957103729248,,,
203,93449,0.5533148050308228,0.9441144466400146,,,
203,93499,0.7590480446815491,1.1715383529663086,,,
203,93549,0.9041973352432251,0.7641587853431702,,,
203,93599,0.76325523853302,0.8471251726150513,,,
203,93649,0.45071014761924744,1.5614527463912964,,,
203,93699,0.8335333466529846,1.2875902652740479,,,
203,93749,0.7280018329620361,1.0393319129943848,,,
203,93799,0.7251136898994446,1.08749520778656,,,
203,93839,,,0.6455756422454805,1.2342666387557983,0.7104479670524597
204,93849,0.5890244245529175,1.5876885652542114,,,
204,93899,0.5910115242004395,1.4050017595291138,,,
204,93949,1.1837332248687744,0.925167977809906,,,
204,93999,0.938887357711792,0.945531964302063,,,
204,94049,0.8497401475906372,1.0096511840820312,,,
204,94099,0.8417141437530518,1.0920751094818115,,,
204,94149,0.5960805416107178,1.043182373046875,,,
204,94199,0.6868643760681152,1.2076539993286133,,,
204,94249,0.9196381568908691,1.1266413927078247,,,
204,94299,0.7530908584594727,1.0837864875793457,,,
204,94299,,,0.51264102215577,1.3692278861999512,0.5067328810691833
205,94349,0.6305004358291626,0.9086017608642578,,,
205,94399,0.7499432563781738,0.83213210105896,,,
205,94449,0.7198812961578369,1.2841306924819946,,,
205,94499,0.6769071817398071,1.031092643737793,,,
205,94549,0.8622033596038818,0.9824168682098389,,,
205,94599,0.7106400728225708,1.1546311378479004,,,
205,94649,0.6907017230987549,1.2266006469726562,,,
205,94699,0.7341729402542114,1.1769592761993408,,,
205,94749,0.7047758102416992,0.8197382688522339,,,
205,94759,,,0.6393230936523039,1.2211635112762451,0.7532424926757812
206,94799,0.6764063835144043,0.728986918926239,,,
206,94849,0.9578395485877991,1.2446227073669434,,,
206,94899,0.669929027557373,1.0303916931152344,,,
206,94949,1.0370783805847168,1.118417501449585,,,
206,94999,0.84553462266922,1.122877836227417,,,
206,95049,0.876850962638855,0.8675556182861328,,,
206,95099,1.219008445739746,0.9629689455032349,,,
206,95149,1.208702564239502,1.2320692539215088,,,
206,95199,0.573777437210083,1.62016761302948,,,
206,95219,,,0.5031942367812967,1.38215970993042,0.5837618112564087
207,95249,0.8528856635093689,1.3573758602142334,,,
207,95299,0.751451849937439,1.1092219352722168,,,
207,95349,0.799898087978363,1.5561991930007935,,,
207,95399,1.0012178421020508,0.9764982461929321,,,
207,95449,0.8439685106277466,0.9234330654144287,,,
207,95499,0.9689027070999146,1.2117236852645874,,,
207,95549,0.6218174695968628,1.4506313800811768,,,
207,95599,0.6576519012451172,1.0787832736968994,,,
207,95649,0.6907832026481628,1.1059207916259766,,,
207,95679,,,0.5421367405192333,1.2908015251159668,0.5834106206893921
208,95699,1.1311616897583008,0.9112273454666138,,,
208,95749,0.8245956897735596,1.4249471426010132,,,
208,95799,0.7195953726768494,1.757629156112671,,,
208,95849,0.8628264665603638,1.6621285676956177,,,
208,95899,0.9308977127075195,1.4392297267913818,,,
208,95949,0.8474684953689575,1.1721746921539307,,,
208,95999,1.3455572128295898,0.6786052584648132,,,
208,96049,0.8852084875106812,0.9533793926239014,,,
208,96099,0.9560917019844055,0.899038553237915,,,
208,96139,,,0.5691858094331929,1.3326530456542969,0.713147759437561
209,96149,1.0043967962265015,1.0343875885009766,,,
209,96199,0.7451571822166443,0.7163005471229553,,,
209,96249,1.2566065788269043,1.008721113204956,,,
209,96299,0.7938604950904846,1.313265323638916,,,
209,96349,0.7480258941650391,0.8216581344604492,,,
209,96399,0.770503044128418,0.8199456334114075,,,
209,96449,1.0175423622131348,0.7243664264678955,,,
209,96499,0.7018352746963501,1.0544414520263672,,,
209,96549,0.656850278377533,1.1976888179779053,,,
209,96599,0.7280243635177612,1.3250051736831665,,,
209,96599,,,0.6198178605409814,1.2710490226745605,0.7158628702163696
210,96649,0.6934841275215149,1.3506594896316528,,,
210,96699,0.9282984137535095,1.1175235509872437,,,
210,96749,0.5654553771018982,1.6906888484954834,,,
210,96799,0.9822425842285156,1.126410722732544,,,
210,96849,0.6518758535385132,1.1692280769348145,,,
210,96899,0.7487775087356567,0.8760414123535156,,,
210,96949,0.9074895977973938,1.3730477094650269,,,
210,96999,0.8794516324996948,1.6132445335388184,,,
210,97049,0.8144811987876892,1.0044642686843872,,,
210,97059,,,0.6733043360065244,1.2166428565979004,0.8393100500106812
211,97099,0.7850930690765381,1.1676785945892334,,,
211,97149,0.709567666053772,1.1435940265655518,,,
211,97199,0.5858260989189148,1.1377112865447998,,,
211,97249,1.397794485092163,0.6724151372909546,,,
211,97299,0.6546159982681274,1.1753687858581543,,,
211,97349,0.9693189263343811,0.8943567276000977,,,
211,97399,0.7284858226776123,1.1685845851898193,,,
211,97449,1.0767686367034912,1.026019811630249,,,
211,97499,0.691443681716919,1.063812494277954,,,
211,97519,,,0.6472747043631916,1.210810899734497,0.6955774426460266
212,97549,0.8549532294273376,1.227372646331787,,,
212,97599,1.1513057947158813,0.9858582615852356,,,
212,97649,0.6050574779510498,1.4607499837875366,,,
212,97699,0.9339717626571655,1.2020257711410522,,,
212,97749,0.7461206912994385,1.4121639728546143,,,
212,97799,0.8062602877616882,0.8908776044845581,,,
212,97849,1.227908730506897,0.9027048349380493,,,
212,97899,0.5955996513366699,1.0609158277511597,,,
212,97949,0.6180393099784851,1.1665067672729492,,,
212,97979,,,0.5636808481718092,1.2834522724151611,0.6377966403961182
213,97999,0.7844910621643066,1.3755574226379395,,,
213,98049,0.6000198125839233,1.092151165008545,,,
213,98099,0.8470763564109802,1.4964661598205566,,,
213,98149,0.9266887903213501,0.9050593972206116,,,
213,98199,0.7539166808128357,1.1585696935653687,,,
213,98249,0.9315372705459595,0.9015541672706604,,,
213,98299,0.8954973816871643,1.107365608215332,,,
213,98349,0.9232656359672546,1.3992328643798828,,,
213,98399,0.8195058107376099,0.920734167098999,,,
213,98439,,,0.6502650536903629,1.2386868000030518,0.6837756633758545
214,98449,0.527456521987915,1.2148652076721191,,,
214,98499,0.9155824184417725,1.50803804397583,,,
214,98549,0.6589529514312744,1.2005690336227417,,,
214,98599,0.8290172815322876,1.200365424156189,,,
214,98649,0.9715225696563721,1.2951903343200684,,,
214,98699,0.7056664228439331,1.322004795074463,,,
214,98749,0.6847168803215027,1.49488365650177,,,
214,98799,0.7472765445709229,0.9596160650253296,,,
214,98849,0.8999731540679932,1.5378737449645996,,,
214,98899,0.6599161624908447,1.1770726442337036,,,
214,98899,,,0.5804675818947941,1.2945841550827026,0.6881231069564819
215,98949,0.6713627576828003,1.4824035167694092,,,
215,98999,1.2369282245635986,1.7276942729949951,,,
215,99049,0.6287245750427246,1.442519187927246,,,
215,99099,0.6215205192565918,1.5860202312469482,,,
215,99149,0.8166508078575134,1.0872321128845215,,,
215,99199,0.8727104663848877,1.2623789310455322,,,
215,99249,0.5901476740837097,1.7859017848968506,,,
215,99299,1.273503303527832,0.7565898895263672,,,
215,99349,1.0863983631134033,0.7432264685630798,,,
215,99359,,,0.5558651624303385,1.3002856969833374,0.6053626537322998
216,99399,0.7131565809249878,1.5838258266448975,,,
216,99449,0.7091711759567261,1.4626243114471436,,,
216,99499,0.9256124496459961,1.058066964149475,,,
216,99549,0.6657408475875854,1.0954201221466064,,,
216,99599,0.9970019459724426,1.1079559326171875,,,
216,99649,0.7084718942642212,1.263289213180542,,,
216,99699,1.0204265117645264,1.1332703828811646,,,
216,99749,0.48610126972198486,1.3036558628082275,,,
216,99799,0.9232959151268005,0.8278923034667969,,,
216,99819,,,0.6123419872230529,1.2577518224716187,0.704767107963562
217,99849,0.7770740389823914,1.3070037364959717,,,
217,99899,1.098926067352295,0.9586113691329956,,,
217,99949,0.7660974264144897,1.4915666580200195,,,
217,99999,0.6701700687408447,1.4752495288848877,,,
217,100049,0.6808920502662659,1.186894416809082,,,
217,100099,0.505305290222168,1.2139036655426025,,,
217,100149,1.0746973752975464,0.6607253551483154,,,
217,100199,0.9794600009918213,0.9896290302276611,,,
217,100249,0.8522324562072754,1.3502203226089478,,,
217,100279,,,0.6084681255946718,1.29210364818573,0.6669559478759766
218,100299,0.657768726348877,1.3371198177337646,,,
218,100349,0.6623109579086304,1.6959898471832275,,,
218,100399,0.5111368894577026,1.48766028881073,,,
218,100449,0.6678767204284668,0.713773787021637,,,
218,100499,0.7392395734786987,1.3224608898162842,,,
218,100549,0.7253453135490417,1.075096845626831,,,
218,100599,0.5180071592330933,1.1545575857162476,,,
218,100649,0.8471799492835999,0.8104808330535889,,,
218,100699,1.157961368560791,0.5615472793579102,,,
218,100739,,,0.5814870191654207,1.3102085590362549,0.7119007706642151
219,100749,1.0984642505645752,0.9884402751922607,,,
219,100799,0.7776276469230652,0.9504819512367249,,,
219,100849,0.8516154885292053,0.9826787710189819,,,
219,100899,0.6309534311294556,1.0507886409759521,,,
219,100949,0.7426084280014038,1.4389218091964722,,,
219,100999,0.8596419095993042,0.850313127040863,,,
219,101049,0.6951432228088379,1.3233544826507568,,,
219,101099,0.9676944017410278,1.0351033210754395,,,
219,101149,0.864887535572052,0.9397185444831848,,,
219,101199,0.7865323424339294,1.1170705556869507,,,
219,101199,,,0.5670110099225227,1.294403076171875,0.5633801221847534
220,101249,0.8682115077972412,1.6252288818359375,,,
220,101299,0.4806216061115265,1.2875347137451172,,,
220,101349,0.7101577520370483,0.9185659289360046,,,
220,101399,0.8659751415252686,0.8792549967765808,,,
220,101449,0.8817237019538879,0.7494136095046997,,,
220,101499,0.9687936305999756,0.8556327819824219,,,
220,101549,0.642927348613739,1.1243818998336792,,,
220,101599,0.9109216332435608,1.5523287057876587,,,
220,101649,0.5915796160697937,1.2348065376281738,,,
220,101659,,,0.49524262607040914,1.4470494985580444,0.4380003809928894
221,101699,0.8937326669692993,0.8737502098083496,,,
221,101749,0.460583359003067,1.4359891414642334,,,
221,101799,0.6504348516464233,1.4854490756988525,,,
221,101849,0.8069823980331421,1.3106863498687744,,,
221,101899,0.565130889415741,0.8630001544952393,,,
221,101949,0.9882895946502686,1.219717025756836,,,
221,101999,1.015754222869873,1.0912933349609375,,,
221,102049,0.6870148181915283,1.4441208839416504,,,
221,102099,0.5431092381477356,1.0337235927581787,,,
221,102119,,,0.49789316297403835,1.373220682144165,0.4997607171535492
222,102149,0.8581310510635376,0.8318653106689453,,,
222,102199,0.8908011317253113,1.649484634399414,,,
222,102249,0.9266022443771362,0.8576374650001526,,,
222,102299,0.9252982139587402,1.3267512321472168,,,
222,102349,0.6216163635253906,0.8434595465660095,,,
222,102399,0.800862193107605,1.4259397983551025,,,
222,102449,1.283250093460083,1.0133235454559326,,,
222,102499,1.1246449947357178,0.7908717393875122,,,
222,102549,0.9985918402671814,1.2749463319778442,,,
222,102579,,,0.4719314938154139,1.3990387916564941,0.6296374201774597
223,102599,0.6729114651679993,0.9975739121437073,,,
223,102649,0.9734278321266174,1.2771387100219727,,,
223,102699,0.678346574306488,1.1710829734802246,,,
223,102749,1.0379728078842163,1.1642708778381348,,,
223,102799,0.8856574296951294,1.101517677307129,,,
223,102849,0.692320704460144,1.022663950920105,,,
223,102899,0.7615516185760498,1.2011349201202393,,,
223,102949,1.1354522705078125,1.2269455194473267,,,
223,102999,0.9515525102615356,1.228461503982544,,,
223,103039,,,0.5462824520864483,1.3187217712402344,0.6182081699371338
224,103049,0.44338929653167725,1.4284777641296387,,,
224,103099,0.7195243239402771,0.8544960618019104,,,
224,103149,1.21980619430542,1.0848621129989624,,,
224,103199,0.76865553855896,1.0435025691986084,,,
224,103249,1.1274991035461426,1.0519332885742188,,,
224,103299,0.5740090608596802,1.0574870109558105,,,
224,103349,0.867637038230896,1.0360897779464722,,,
224,103399,0.7789630889892578,0.9176852107048035,,,
224,103449,0.6252381205558777,1.025895595550537,,,
224,103499,0.9147639274597168,1.8083887100219727,,,
224,103499,,,0.6465271170313986,1.2869433164596558,0.9653869867324829
225,103549,0.6174346804618835,0.9673582315444946,,,
225,103599,0.8705635666847229,1.0474988222122192,,,
225,103649,0.9302420616149902,1.5665876865386963,,,
225,103699,0.6090470552444458,1.1032474040985107,,,
225,103749,1.125967025756836,1.2125523090362549,,,
225,103799,0.7933119535446167,1.271517276763916,,,
225,103849,0.7510008811950684,1.005290150642395,,,
225,103899,1.2062301635742188,1.3397358655929565,,,
225,103949,0.6351391077041626,1.474884033203125,,,
225,103959,,,0.5840695935843414,1.2880609035491943,0.6604755520820618
226,103999,0.8961679339408875,1.2691841125488281,,,
226,104049,1.0185524225234985,1.8616135120391846,,,
226,104099,0.6203391551971436,1.0918323993682861,,,
226,104149,0.8995953798294067,1.1425964832305908,,,
226,104199,0.761603832244873,0.9226117134094238,,,
226,104249,0.867181658744812,0.9452667236328125,,,
226,104299,1.0002614259719849,1.8449687957763672,,,
226,104349,0.7136083841323853,1.1670818328857422,,,
226,104399,0.5530739426612854,1.479453444480896,,,
226,104419,,,0.5829821938290064,1.3372423648834229,0.6327171921730042
227,104449,0.8220686912536621,1.1814775466918945,,,
227,104499,0.7538605332374573,1.1494935750961304,,,
227,104549,0.7621978521347046,1.316807746887207,,,
227,104599,0.8072697520256042,1.3311896324157715,,,
227,104649,0.8349166512489319,0.9988281726837158,,,
227,104699,0.5737500190734863,1.071753978729248,,,
227,104749,0.9485957026481628,0.8421508073806763,,,
227,104799,0.6274458169937134,1.069663405418396,,,
227,104849,0.7914429903030396,0.8052570819854736,,,
227,104879,,,0.4955144760092429,1.3728870153427124,0.675174355506897
228,104899,0.8795493245124817,0.9439146518707275,,,
228,104949,0.9112990498542786,1.141599178314209,,,
228,104999,1.0162720680236816,1.051862359046936,,,
228,105049,0.9148837327957153,1.394290804862976,,,
228,105099,0.6412457227706909,1.475353717803955,,,
228,105149,0.4482225179672241,1.2350133657455444,,,
228,105199,0.7098575830459595,1.3464362621307373,,,
228,105249,1.1312639713287354,1.1986911296844482,,,
228,105299,0.8318008184432983,1.0240495204925537,,,
228,105339,,,0.4331249150468941,1.3017090559005737,0.7377007007598877
229,105349,0.7195445895195007,1.1258820295333862,,,
229,105399,0.789827823638916,1.2899048328399658,,,
229,105449,0.5699982643127441,1.0551533699035645,,,
229,105499,0.6561894416809082,1.101851463317871,,,
229,105549,0.7177777290344238,0.9751718044281006,,,
229,105599,0.8782482147216797,1.4827759265899658,,,
229,105649,0.9326848983764648,0.8956220746040344,,,
229,105699,0.659369170665741,1.0109426975250244,,,
229,105749,0.6660940647125244,1.0636885166168213,,,
229,105799,1.0213557481765747,1.5832469463348389,,,
229,105799,,,0.5537583254043768,1.3015083074569702,0.6303330659866333
230,105849,1.0727653503417969,0.9928719401359558,,,
230,105899,0.8213753700256348,1.0189731121063232,,,
230,105949,0.8004646301269531,1.1065001487731934,,,
230,105999,0.7828176021575928,1.2568182945251465,,,
230,106049,0.8675477504730225,1.1774433851242065,,,
230,106099,0.7362074851989746,1.4708921909332275,,,
230,106149,0.8466010093688965,0.7267900705337524,,,
230,106199,0.7124319076538086,1.833534836769104,,,
230,106249,0.7422263622283936,0.7841354012489319,,,
230,106259,,,0.5040777490825065,1.4307661056518555,0.511100172996521
231,106299,0.8053243160247803,0.7984858751296997,,,
231,106349,0.9333605766296387,1.187020182609558,,,
231,106399,0.696049690246582,1.358583688735962,,,
231,106449,0.705490231513977,1.0201685428619385,,,
231,106499,0.5068527460098267,2.026545286178589,,,
231,106549,0.6839830279350281,1.5712260007858276,,,
231,106599,0.5791343450546265,1.7111635208129883,,,
231,106649,1.0507457256317139,1.2098108530044556,,,
231,106699,0.791864812374115,0.916324257850647,,,
231,106719,,,0.4865434280277287,1.3780388832092285,0.49352791905403137
232,106749,1.1043486595153809,1.0285985469818115,,,
232,106799,0.8393754959106445,1.1418561935424805,,,
232,106849,0.8045632839202881,0.9536647796630859,,,
232,106899,0.702233076095581,1.1133215427398682,,,
232,106949,0.7102336287498474,1.481217622756958,,,
232,106999,0.49421319365501404,1.2761011123657227,,,
232,107049,0.5765629410743713,1.3148281574249268,,,
232,107099,0.8958526849746704,2.0451765060424805,,,
232,107149,0.8585494756698608,1.1302217245101929,,,
232,107179,,,0.5595351366045943,1.2932765483856201,0.6027078628540039
233,107199,1.094847321510315,0.9887865781784058,,,
233,107249,0.8439335823059082,1.3238770961761475,,,
233,107299,0.8366647958755493,1.9465210437774658,,,
233,107349,0.7405840158462524,0.974978506565094,,,
233,107399,0.7766729593276978,1.0477995872497559,,,
233,107449,0.5910698771476746,0.942527711391449,,,
233,107499,0.5909537076950073,1.2488362789154053,,,
233,107549,0.5773639678955078,0.9731205701828003,,,
233,107599,0.6157647967338562,1.1079514026641846,,,
233,107639,,,0.5699333967649858,1.295794129371643,0.6505703330039978
234,107649,0.8840503096580505,1.3529561758041382,,,
234,107699,0.9573249220848083,0.8898080587387085,,,
234,107749,0.561954915523529,1.314288854598999,,,
234,107799,0.5419160723686218,1.2901161909103394,,,
234,107849,0.4870445728302002,1.7603771686553955,,,
234,107899,0.7157890796661377,0.9483153223991394,,,
234,107949,0.8675262331962585,1.3216320276260376,,,
234,107999,0.6800569295883179,0.8939349055290222,,,
234,108049,0.8796926140785217,1.1676254272460938,,,
234,108099,1.0237548351287842,1.2578821182250977,,,
234,108099,,,0.49198042680440396,1.3349883556365967,0.6644827723503113
235,108149,0.5697472095489502,1.2112537622451782,,,
235,108199,0.7490220665931702,1.20650315284729,,,
235,108249,0.8338523507118225,1.2352344989776611,,,
235,108299,0.5308421850204468,1.2663896083831787,,,
235,108349,0.6845123171806335,1.4503858089447021,,,
235,108399,0.9290542006492615,0.6875562071800232,,,
235,108449,0.7568314075469971,1.6065847873687744,,,
235,108499,0.748892605304718,0.976030170917511,,,
235,108549,0.9730107188224792,0.9380041360855103,,,
235,108559,,,0.4707761315753704,1.444663643836975,0.5278711318969727
236,108599,0.7580397725105286,1.3533899784088135,,,
236,108649,1.3123732805252075,0.9589385986328125,,,
236,108699,0.8669445514678955,1.1711492538452148,,,
236,108749,0.9039908647537231,0.9880737066268921,,,
236,108799,0.7847467660903931,1.0905532836914062,,,
236,108849,0.9072913527488708,1.7174612283706665,,,
236,108899,0.7702166438102722,0.9107553958892822,,,
236,108949,0.6593799591064453,1.6424534320831299,,,
236,108999,0.392228364944458,1.2667782306671143,,,
236,109019,,,0.5420008155498165,1.2849963903427124,0.617140531539917
237,109049,0.8087345957756042,0.9056612253189087,,,
237,109099,0.6006190776824951,1.2903269529342651,,,
237,109149,0.714970588684082,1.2752883434295654,,,
237,109199,0.753669023513794,0.9858633875846863,,,
237,109249,0.6903939247131348,1.0781383514404297,,,
237,109299,1.1082875728607178,1.0708049535751343,,,
237,109349,0.7447341680526733,1.1763228178024292,,,
237,109399,0.5179728269577026,1.1831986904144287,,,
237,109449,0.9604329466819763,0.8686720132827759,,,
237,109479,,,0.5504281636536632,1.3370134830474854,0.5705302357673645
238,109499,0.866121232509613,0.8875657320022583,,,
238,109549,0.783767580986023,1.1036434173583984,,,
238,109599,1.0138559341430664,1.0744963884353638,,,
238,109649,0.6164689660072327,1.07541024684906,,,
238,109699,0.556564450263977,1.2255209684371948,,,
238,109749,1.1193902492523193,0.9208510518074036,,,
238,109799,0.9503815770149231,0.8275058269500732,,,
238,109849,0.7133688926696777,0.9770477414131165,,,
238,109899,0.8939293026924133,1.0849673748016357,,,
238,109939,,,0.6389832812287617,1.2594720125198364,0.8554449677467346
239,109949,0.9138140678405762,2.033956527709961,,,
239,109999,0.7940359711647034,0.744090735912323,,,
239,110049,0.9202691316604614,1.2243213653564453,,,
239,110099,0.8683988451957703,0.7598388195037842,,,
239,110149,0.7018768787384033,1.400416374206543,,,
239,110199,0.7064226269721985,1.200141191482544,,,
239,110249,0.6579962968826294,1.3291289806365967,,,
239,110299,0.6478924751281738,1.0956244468688965,,,
239,110349,0.6463371515274048,1.4750571250915527,,,
239,110399,0.5262558460235596,1.5918809175491333,,,
239,110399,,,0.7091885279325812,1.1787132024765015,0.787714958190918
240,110449,0.3178618550300598,1.2114112377166748,,,
240,110499,0.4857596755027771,1.4197496175765991,,,
240,110549,0.7691526412963867,0.9493582844734192,,,
240,110599,0.8287864923477173,1.161827564239502,,,
240,110649,0.6435225009918213,1.1235829591751099,,,
240,110699,0.7321450114250183,2.1652777194976807,,,
240,110749,0.653344988822937,1.66890549659729,,,
240,110799,0.6943570971488953,1.0302902460098267,,,
240,110849,0.5692668557167053,1.7279170751571655,,,
240,110859,,,0.58631235557972,1.3139516115188599,0.5612581372261047
241,110899,0.824113667011261,0.9266271591186523,,,
241,110949,0.8343012928962708,1.1990118026733398,,,
241,110999,1.0885348320007324,0.9533141255378723,,,
241,111049,0.4946766495704651,1.0660474300384521,,,
241,111099,0.6427184343338013,1.0289897918701172,,,
241,111149,0.6475013494491577,0.7494243383407593,,,
241,111199,0.7927407026290894,0.9542616009712219,,,
241,111249,0.683104932308197,1.3082222938537598,,,
241,111299,0.811607837677002,0.9224345684051514,,,
241,111319,,,0.45725159711839064,1.5199899673461914,0.4171498417854309
242,111349,0.5812975168228149,1.4270235300064087,,,
242,111399,0.5656982660293579,1.3292336463928223,,,
242,111449,0.5834829211235046,1.319110631942749,,,
242,111499,0.7875730395317078,1.325505256652832,,,
242,111549,0.6372298002243042,1.3791849613189697,,,
242,111599,0.8069162368774414,0.7887240648269653,,,
242,111649,0.7690979242324829,1.3565351963043213,,,
242,111699,0.7625197172164917,1.1031088829040527,,,
242,111749,0.6983420252799988,1.159515142440796,,,
242,111779,,,0.5565447872774228,1.3949856758117676,0.6841069459915161
243,111799,0.8525656461715698,0.7572457790374756,,,
243,111849,0.7353741526603699,1.0965030193328857,,,
243,111899,0.4740402102470398,1.2787281274795532,,,
243,111949,0.44976770877838135,1.8656765222549438,,,
243,111999,0.8335481882095337,1.0333737134933472,,,
243,112049,0.7589112520217896,1.3397397994995117,,,
243,112099,0.5094003677368164,1.4494760036468506,,,
243,112149,0.991366446018219,1.5142967700958252,,,
243,112199,0.70050448179245,0.8488668203353882,,,
243,112239,,,0.5415250781568575,1.3112773895263672,0.5271417498588562
244,112249,0.6027010679244995,0.9834499359130859,,,
244,112299,0.7748301029205322,0.9889628887176514,,,
244,112349,0.8943876624107361,1.6979039907455444,,,
244,112399,0.7515771389007568,0.8139215707778931,,,
244,112449,0.6878814101219177,1.3654059171676636,,,
244,112499,0.6249921321868896,0.8080834150314331,,,
244,112549,0.3942186236381531,1.5035645961761475,,,
244,112599,1.0434255599975586,0.8866407871246338,,,
244,112649,0.6223843097686768,1.1311464309692383,,,
244,112699,0.6087827682495117,1.391553521156311,,,
244,112699,,,0.5969824656789452,1.3046212196350098,0.6513969302177429
245,112749,0.7375339865684509,1.4356775283813477,,,
245,112799,0.567398726940155,1.1323304176330566,,,
245,112849,0.8149268627166748,1.0148355960845947,,,
245,112899,0.49336177110671997,1.4504597187042236,,,
245,112949,0.9339754581451416,0.8631594181060791,,,
245,112999,1.0042431354522705,1.309429407119751,,,
245,113049,0.8725160360336304,0.9047373533248901,,,
245,113099,0.9015425443649292,1.1523159742355347,,,
245,113149,0.9479066729545593,1.4815971851348877,,,
245,113159,,,0.482737528884056,1.3898403644561768,0.6727458238601685
246,113199,0.5182338953018188,1.175445318222046,,,
246,113249,0.7200015783309937,0.9284138679504395,,,
246,113299,0.593604564666748,1.3401597738265991,,,
246,113349,0.5980634093284607,1.0871882438659668,,,
246,113399,0.6033141613006592,1.3786890506744385,,,
246,113449,0.5056275725364685,1.6261082887649536,,,
246,113499,0.9441655278205872,1.0544917583465576,,,
246,113549,0.728176474571228,0.9591925144195557,,,
246,113599,0.5848411321640015,1.0466487407684326,,,
246,113619,,,0.5475057768112002,1.3582830429077148,0.5843386054039001
247,113649,0.5361483693122864,1.3047484159469604,,,
247,113699,1.0127050876617432,1.799675703048706,,,
247,113749,0.6557601690292358,1.1264457702636719,,,
247,113799,0.7130200862884521,1.3130719661712646,,,
247,113849,0.66363126039505,1.0007567405700684,,,
247,113899,0.6362859010696411,1.021246075630188,,,
247,113949,0.7552691698074341,1.0739469528198242,,,
247,113999,0.6261569261550903,0.8401568531990051,,,
247,114049,0.5586526393890381,0.8628183603286743,,,
247,114079,,,0.5691858094331929,1.2824194431304932,0.6252928376197815
248,114099,0.5837727785110474,1.4149616956710815,,,
248,114149,0.9107765555381775,1.2597639560699463,,,
248,114199,0.8343502283096313,1.363765835762024,,,
248,114249,0.8210041522979736,0.8380424380302429,,,
248,114299,0.6447396278381348,1.4653613567352295,,,
248,114349,0.5347321629524231,1.15376615524292,,,
248,114399,0.5384814739227295,1.1771260499954224,,,
248,114449,0.6177586317062378,0.9987626075744629,,,
248,114499,0.8627583980560303,1.909834623336792,,,
248,114539,,,0.47920347967921706,1.5210126638412476,0.3942919969558716
249,114549,0.6337088346481323,1.001164436340332,,,
249,114599,0.6711545586585999,1.1198294162750244,,,
249,114649,0.6414681673049927,1.1525102853775024,,,
249,114699,0.6289055943489075,0.9477488994598389,,,
249,114749,1.1125807762145996,1.004664659500122,,,
249,114799,0.6410155296325684,0.7641977071762085,,,
249,114849,0.7664363384246826,1.2600113153457642,,,
249,114899,0.5366754531860352,1.2375414371490479,,,
249,114949,0.8059548139572144,0.7850093841552734,,,
249,114999,0.728480875492096,0.7382724285125732,,,
249,114999,,,0.5274568438222101,1.3668737411499023,0.48454758524894714
250,115049,1.055432677268982,0.695488691329956,,,
250,115099,0.846263587474823,1.121908187866211,,,
250,115149,0.9718368053436279,0.9686607122421265,,,
250,115199,0.7552452087402344,1.1966758966445923,,,
250,115249,0.4850599467754364,1.1274025440216064,,,
250,115299,0.9519704580307007,1.6742773056030273,,,
250,115349,0.9885050654411316,1.410994291305542,,,
250,115399,0.7639411687850952,1.292331576347351,,,
250,115449,0.7706553339958191,1.0895097255706787,,,
250,115459,,,0.5553894250373793,1.325654149055481,0.5453811287879944
251,115499,0.7940942049026489,0.9023469686508179,,,
251,115549,0.6129651069641113,1.3400285243988037,,,
251,115599,0.6451863050460815,0.9191725254058838,,,
251,115649,1.031137466430664,0.7870391011238098,,,
251,115699,0.5623267292976379,0.9377318620681763,,,
251,115749,0.749700129032135,1.0549062490463257,,,
251,115799,0.8209288120269775,1.3157260417938232,,,
251,115849,0.8895226120948792,1.2436494827270508,,,
251,115899,0.9542325735092163,1.0283243656158447,,,
251,115919,,,0.47818404240859047,1.5871793031692505,0.35205039381980896
252,115949,0.41961410641670227,1.1800930500030518,,,
252,115999,1.0795314311981201,1.406172513961792,,,
252,116049,0.49945923686027527,0.9874740839004517,,,
252,116099,0.934113621711731,1.1514230966567993,,,
252,116149,0.684943675994873,1.3383910655975342,,,
252,116199,1.248572826385498,1.0166783332824707,,,
252,116249,0.7745653986930847,1.132495641708374,,,
252,116299,0.49828481674194336,1.0854694843292236,,,
252,116349,0.6166254281997681,0.9861775636672974,,,
252,116379,,,0.6301481582166644,1.2398464679718018,0.7012209296226501
253,116399,0.8688198328018188,1.2065343856811523,,,
253,116449,0.8860224485397339,1.027754783630371,,,
253,116499,0.7576961517333984,1.1230053901672363,,,
253,116549,0.8540153503417969,1.4909535646438599,,,
253,116599,0.7097784280776978,1.2489914894104004,,,
253,116649,0.7886397838592529,1.7228504419326782,,,
253,116699,0.7969865202903748,1.187246322631836,,,
253,116749,0.710879921913147,1.1409721374511719,,,
253,116799,0.8656388521194458,0.8443976640701294,,,
253,116839,,,0.5235150197091205,1.3103479146957397,0.5354344844818115
254,116849,1.1823662519454956,1.1932520866394043,,,
254,116899,0.6785710453987122,0.9826288819313049,,,
254,116949,1.4572548866271973,1.1524286270141602,,,
254,116999,0.6500600576400757,1.2643465995788574,,,
254,117049,0.6652300357818604,1.0859345197677612,,,
254,117099,0.8025476336479187,0.9168280959129333,,,
254,117149,0.5822853446006775,0.8937300443649292,,,
254,117199,0.5565098524093628,1.6064680814743042,,,
254,117249,0.6548537611961365,0.8492391705513,,,
254,117299,0.7279607057571411,1.469530463218689,,,
254,117299,,,0.5292238684246297,1.3076406717300415,0.5727406144142151
255,117349,1.0990146398544312,1.142228126525879,,,
255,117399,0.8433056473731995,0.8142579793930054,,,
255,117449,0.7295844554901123,0.8899723291397095,,,
255,117499,0.5767419338226318,1.189131498336792,,,
255,117549,0.4927990436553955,1.3400228023529053,,,
255,117599,0.6160904169082642,1.0496201515197754,,,
255,117649,0.5014743208885193,0.6843592524528503,,,
255,117699,0.7648085355758667,0.9277839064598083,,,
255,117749,0.5775094628334045,1.6997110843658447,,,
255,117759,,,0.5928367541117303,1.2952975034713745,0.7407246232032776
256,117799,0.8750979900360107,1.392405390739441,,,
256,117849,1.1133410930633545,1.2418851852416992,,,
256,117899,0.7218260765075684,1.1554826498031616,,,
256,117949,0.7308841943740845,1.1163640022277832,,,
256,117999,0.7068544626235962,1.7453577518463135,,,
256,118049,0.8036495447158813,1.7760140895843506,,,
256,118099,0.7309988737106323,1.205925464630127,,,
256,118149,0.6178929209709167,1.313086748123169,,,
256,118199,0.7524387836456299,0.9612429738044739,,,
256,118219,,,0.538534728829686,1.3169552087783813,0.5515030026435852
257,118249,0.5455372333526611,0.8573124408721924,,,
257,118299,0.7438451647758484,1.174241304397583,,,
257,118349,0.6765158176422119,1.3725786209106445,,,
257,118399,0.7680939435958862,1.4848220348358154,,,
257,118449,0.9384209513664246,1.0210916996002197,,,
257,118499,1.0172061920166016,1.4992703199386597,,,
257,118549,0.7601138353347778,1.1433868408203125,,,
257,118599,0.5184769034385681,1.7326674461364746,,,
257,118649,1.0420621633529663,1.1932311058044434,,,
257,118679,,,0.495990213402202,1.3846964836120605,0.6024880409240723
258,118699,1.382302165031433,0.8890851736068726,,,
258,118749,0.7316510677337646,1.0526659488677979,,,
258,118799,1.0241870880126953,0.9694599509239197,,,
258,118849,1.0557329654693604,1.0513806343078613,,,
258,118899,0.7067912817001343,0.9227423071861267,,,
258,118949,0.9743905067443848,1.2882411479949951,,,
258,118999,1.0449333190917969,1.9425275325775146,,,
258,119049,0.8598003387451172,1.6661632061004639,,,
258,119099,0.832972526550293,2.1119260787963867,,,
258,119139,,,0.6098273752888406,1.2498677968978882,0.5919541120529175
259,119149,0.7561424970626831,1.5091251134872437,,,
259,119199,0.5941246151924133,1.6470541954040527,,,
259,119249,0.8962271213531494,1.004533052444458,,,
259,119299,0.7567200660705566,1.172855019569397,,,
259,119349,0.8576942086219788,1.1452202796936035,,,
259,119399,0.7352042198181152,1.5307347774505615,,,
259,119449,0.7133910655975342,1.7080076932907104,,,
259,119499,0.8470091223716736,1.6567937135696411,,,
259,119549,0.5168343782424927,1.6809958219528198,,,
259,119599,0.8831958770751953,1.8613206148147583,,,
259,119599,,,0.7771510126410222,1.2264068126678467,0.8534538745880127
260,119649,0.8084800839424133,1.7155778408050537,,,
260,119699,0.8812101483345032,0.9717869758605957,,,
260,119749,0.7665225267410278,0.7641550302505493,,,
260,119799,0.7070249319076538,1.3963018655776978,,,
260,119849,0.6408892869949341,1.5458762645721436,,,
260,119899,0.5953583717346191,1.4363882541656494,,,
260,119949,0.7431449294090271,1.5622732639312744,,,
260,119999,0.6651563048362732,1.8140127658843994,,,
260,120049,0.6131716966629028,1.1131691932678223,,,
260,120059,,,0.6941008563273073,1.3037370443344116,0.8864579796791077
261,120099,0.7336745858192444,1.7751259803771973,,,
261,120149,1.0373315811157227,1.4802814722061157,,,
261,120199,0.8076159954071045,0.9422366619110107,,,
261,120249,1.0088248252868652,1.0502620935440063,,,
261,120299,0.7097204327583313,1.0782583951950073,,,
261,120349,0.8060718774795532,1.6838458776474,,,
261,120399,0.624239981174469,1.471845269203186,,,
261,120449,1.150857925415039,1.475878357887268,,,
261,120499,0.9843989610671997,1.2581084966659546,,,
261,120519,,,0.5119613973086856,1.3901509046554565,0.6319092512130737
262,120549,0.4699525237083435,1.3491508960723877,,,
262,120599,0.9298593401908875,0.8212594985961914,,,
262,120649,0.8750956654548645,1.5270497798919678,,,
262,120699,0.8013474941253662,0.9698168039321899,,,
262,120749,0.6656180620193481,2.1247196197509766,,,
262,120799,0.6874255537986755,1.7612438201904297,,,
262,120849,0.9288662075996399,1.5520102977752686,,,
262,120899,0.7768236398696899,1.1848032474517822,,,
262,120949,0.9167667031288147,0.7722679972648621,,,
262,120979,,,0.685877395677586,1.2447409629821777,0.7548203468322754
263,120999,0.6158329844474792,1.0218898057937622,,,
263,121049,1.295670986175537,0.6607978343963623,,,
263,121099,0.6643780469894409,1.688281536102295,,,
263,121149,0.7282495498657227,1.0951054096221924,,,
263,121199,0.47064703702926636,1.388126254081726,,,
263,121249,0.668755829334259,2.1087327003479004,,,
263,121299,0.5750866532325745,0.9754966497421265,,,
263,121349,0.7324213981628418,1.9364204406738281,,,
263,121399,0.7168090343475342,1.2925004959106445,,,
263,121439,,,0.5169226586924018,1.363574504852295,0.5197598338127136
264,121449,0.8721069693565369,0.7953808307647705,,,
264,121499,0.4277748465538025,1.005333423614502,,,
264,121549,0.5869358777999878,1.2053972482681274,,,
264,121599,0.5749831199645996,1.7055330276489258,,,
264,121649,0.7254575490951538,1.192586064338684,,,
264,121699,1.0153453350067139,1.6528542041778564,,,
264,121749,0.7807395458221436,1.269126057624817,,,
264,121799,0.8082993626594543,1.43947434425354,,,
264,121849,0.6665798425674438,1.005016803741455,,,
264,121899,0.5573188066482544,2.202078104019165,,,
264,121899,,,0.4753975805355444,1.3522813320159912,0.6353666186332703
265,121949,0.532913327217102,2.1953125,,,
265,121999,0.7699543833732605,1.0834388732910156,,,
265,122049,0.6697210073471069,0.9688426852226257,,,
265,122099,0.5592169761657715,1.4078140258789062,,,
265,122149,1.1779954433441162,0.998955488204956,,,
265,122199,0.7876108288764954,0.7758482694625854,,,
265,122249,1.0758554935455322,1.0399279594421387,,,
265,122299,0.6982011795043945,0.8425251245498657,,,
265,122349,0.6079308390617371,0.6313698291778564,,,
265,122359,,,0.49864075030583116,1.3759653568267822,0.5418626070022583
266,122399,0.6847111582756042,1.3374463319778442,,,
266,122449,0.647473931312561,0.9852151870727539,,,
266,122499,0.5266709327697754,1.5801043510437012,,,
266,122549,0.9214075803756714,0.7645213603973389,,,
266,122599,0.7461627721786499,1.1226922273635864,,,
266,122649,0.7380315065383911,1.1539418697357178,,,
266,122699,0.4478960633277893,1.516603708267212,,,
266,122749,0.7117440700531006,1.0036661624908447,,,
266,122799,0.8603508472442627,0.908370852470398,,,
266,122819,,,0.5536224004349599,1.3643134832382202,0.5522313714027405
267,122849,0.7563439011573792,1.1683197021484375,,,
267,122899,0.6695884466171265,1.198061466217041,,,
267,122949,0.9416438341140747,1.0089956521987915,,,
267,122999,0.587470531463623,1.3973069190979004,,,
267,123049,0.5843515992164612,1.1295270919799805,,,
267,123099,0.5910020470619202,1.6453388929367065,,,
267,123149,0.6126391887664795,1.1843827962875366,,,
267,123199,0.8038129806518555,0.9598425030708313,,,
267,123249,0.8448725938796997,0.8042853474617004,,,
267,123279,,,0.5729917085768655,1.3498197793960571,0.5688529014587402
268,123299,0.6673310399055481,1.1483763456344604,,,
268,123349,0.8954280018806458,1.2534644603729248,,,
268,123399,0.7635294198989868,1.1335656642913818,,,
268,123449,0.6286908388137817,0.9877766370773315,,,
268,123499,0.7419711947441101,1.262298583984375,,,
268,123549,0.7652890682220459,0.9026228785514832,,,
268,123599,0.5143552422523499,1.1718559265136719,,,
268,123649,0.5566411018371582,0.9971387386322021,,,
268,123699,0.538227915763855,1.5291550159454346,,,
268,123739,,,0.49442707625390786,1.3795063495635986,0.47344106435775757
269,123749,0.6890186071395874,1.2530443668365479,,,
269,123799,0.44565993547439575,1.4318363666534424,,,
269,123849,0.6522594690322876,0.8977826833724976,,,
269,123899,0.9558467864990234,0.9305192232131958,,,
269,123949,0.7678142189979553,0.8585236072540283,,,
269,123999,0.9066389799118042,0.9193668365478516,,,
269,124049,0.6800906658172607,1.4476364850997925,,,
269,124099,0.4713587462902069,1.0309863090515137,,,
269,124149,0.6914991140365601,1.242600679397583,,,
269,124199,0.6443405747413635,0.9264026284217834,,,
269,124199,,,0.5123012097322278,1.3369030952453613,0.560201108455658
270,124249,0.6924630403518677,1.219184160232544,,,
270,124299,0.6501097679138184,1.026925802230835,,,
270,124349,0.5110421776771545,1.9525076150894165,,,
270,124399,0.9287550449371338,0.8309924006462097,,,
270,124449,0.7692018151283264,0.8380711078643799,,,
270,124499,0.518463671207428,0.674306333065033,,,
270,124549,1.0366737842559814,0.895707368850708,,,
270,124599,0.9529673457145691,1.3146380186080933,,,
270,124649,0.9593761563301086,1.1188052892684937,,,
270,124659,,,0.5214081826831589,1.3685921430587769,0.5464193820953369
271,124699,0.6529461145401001,1.3114588260650635,,,
271,124749,0.7210017442703247,1.2275454998016357,,,
271,124799,0.7054625153541565,1.1910247802734375,,,
271,124849,1.0419244766235352,0.9866669178009033,,,
271,124899,0.9606705904006958,0.9668086767196655,,,
271,124949,1.0770487785339355,0.8767567276954651,,,
271,124999,0.6760221719741821,0.7101477384567261,,,
271,125049,0.6397423148155212,1.4180552959442139,,,
271,125099,1.124578833580017,1.0941129922866821,,,
271,125119,,,0.5197091205654478,1.3292105197906494,0.5342029929161072
272,125149,0.6596614718437195,0.941788911819458,,,
272,125199,0.6199948787689209,1.036615014076233,,,
272,125249,1.0871286392211914,0.7410694360733032,,,
272,125299,0.7921438217163086,1.0788122415542603,,,
272,125349,0.6712813377380371,1.4605176448822021,,,
272,125399,0.8613313436508179,1.1171371936798096,,,
272,125449,0.7936218976974487,0.9382713437080383,,,
272,125499,1.0623230934143066,1.0866851806640625,,,
272,125549,1.0886011123657227,0.9339683055877686,,,
272,125579,,,0.6932173440260976,1.1987764835357666,0.755975067615509
273,125599,0.533678412437439,1.0845253467559814,,,
273,125649,0.6842851638793945,0.9238436222076416,,,
273,125699,0.5939792394638062,0.9235905408859253,,,
273,125749,0.8589792847633362,1.1416319608688354,,,
273,125799,0.657289981842041,1.412766695022583,,,
273,125849,0.995238721370697,0.9867924451828003,,,
273,125899,0.8122546672821045,0.7970522046089172,,,
273,125949,0.7862325310707092,0.8902503252029419,,,
273,125999,0.6538024544715881,0.8815359473228455,,,
273,126039,,,0.4940193013456572,1.362351417541504,0.6353234648704529
274,126049,0.8848158121109009,0.9450160264968872,,,
274,126099,0.8195927143096924,0.8581967353820801,,,
274,126149,0.8090909123420715,1.1485037803649902,,,
274,126199,0.7009463906288147,1.0725369453430176,,,
274,126249,0.7843085527420044,1.1891229152679443,,,
274,126299,0.5557606220245361,1.182934045791626,,,
274,126349,0.8769441843032837,1.131369948387146,,,
274,126399,0.9731042385101318,1.9459543228149414,,,
274,126449,0.7437431812286377,1.2920918464660645,,,
274,126499,0.5810397267341614,1.4203376770019531,,,
274,126499,,,0.6422454804947669,1.2432337999343872,0.7045780420303345
275,126549,0.7936209440231323,1.9188663959503174,,,
275,126599,0.7879093885421753,1.5130016803741455,,,
275,126649,0.7074388265609741,0.9838933944702148,,,
275,126699,0.7370163798332214,1.2356622219085693,,,
275,126749,0.8887515664100647,1.3347291946411133,,,
275,126799,1.0118911266326904,1.4390052556991577,,,
275,126849,0.6091591715812683,1.3732430934906006,,,
275,126899,0.725612461566925,1.6589421033859253,,,
275,126949,0.9391931891441345,0.6494255065917969,,,
275,126959,,,0.47315481854016583,1.4625191688537598,0.4592043459415436
276,126999,0.9632562398910522,1.5006999969482422,,,
276,127049,0.7959177494049072,1.7406716346740723,,,
276,127099,1.1755424737930298,1.0354499816894531,,,
276,127149,0.7502319812774658,1.365472435951233,,,
276,127199,0.6112794876098633,1.3880374431610107,,,
276,127249,0.6370741128921509,1.9546631574630737,,,
276,127299,0.7398931384086609,0.9776857495307922,,,
276,127349,0.7279304265975952,1.1594074964523315,,,
276,127399,0.44969823956489563,1.3342593908309937,,,
276,127419,,,0.6287209460377872,1.2553051710128784,0.7314905524253845
277,127449,0.6944224238395691,1.3747780323028564,,,
277,127499,0.7608698010444641,1.1247197389602661,,,
277,127549,1.0629606246948242,1.2160472869873047,,,
277,127599,0.8796176910400391,1.9752413034439087,,,
277,127649,0.787048876285553,0.9658485651016235,,,
277,127699,0.6961612701416016,1.094055414199829,,,
277,127749,0.8307234644889832,1.2535004615783691,,,
277,127799,0.7998281121253967,1.3311492204666138,,,
277,127849,0.7451215982437134,1.175797939300537,,,
277,127879,,,0.512165284762811,1.389254093170166,0.526560366153717
278,127899,0.5307597517967224,1.160516381263733,,,
278,127949,0.5088141560554504,2.091200351715088,,,
278,127999,0.9783161282539368,1.2639129161834717,,,
278,128049,0.9531847834587097,1.6362022161483765,,,
278,128099,0.7414916753768921,0.9876161813735962,,,
278,128149,0.6026269793510437,0.9740003347396851,,,
278,128199,0.6473824381828308,0.9024860262870789,,,
278,128249,0.7019297480583191,1.308523416519165,,,
278,128299,0.7526832818984985,1.424707293510437,,,
278,128339,,,0.597865977980155,1.3762942552566528,0.46026453375816345
279,128349,0.6776485443115234,1.1942073106765747,,,
279,128399,1.9259254932403564,1.2408158779144287,,,
279,128449,0.6768590807914734,0.9127277135848999,,,
279,128499,0.9092718958854675,0.896023154258728,,,
279,128549,0.8274491429328918,1.5803136825561523,,,
279,128599,0.4878784418106079,1.0681955814361572,,,
279,128649,0.6359025239944458,0.726911723613739,,,
279,128699,0.4923197627067566,1.3271594047546387,,,
279,128749,0.835347592830658,0.5179080367088318,,,
279,128799,0.684797465801239,1.6044061183929443,,,
279,128799,,,0.5216800326219927,1.2635289430618286,0.6359359622001648
280,128849,0.7082224488258362,1.1897106170654297,,,
280,128899,0.6374093890190125,1.4812569618225098,,,
280,128949,0.4664400815963745,1.6897170543670654,,,
280,128999,1.0930613279342651,0.6939135789871216,,,
280,129049,0.9404535293579102,1.2815473079681396,,,
280,129099,0.836593747138977,0.8673425912857056,,,
280,129149,0.834342896938324,0.8802871704101562,,,
280,129199,0.7945156097412109,1.23061203956604,,,
280,129249,0.9753228425979614,0.9304074048995972,,,
280,129259,,,0.5771374201440804,1.3283417224884033,0.568958580493927
281,129299,0.8590894341468811,0.8528033494949341,,,
281,129349,0.8317030668258667,0.9114829301834106,,,
281,129399,0.8846123814582825,0.9446080923080444,,,
281,129449,0.691436767578125,1.2020394802093506,,,
281,129499,0.5001232028007507,1.764643669128418,,,
281,129549,0.7916656732559204,0.7958688735961914,,,
281,129599,0.7345471382141113,1.1141127347946167,,,
281,129649,0.62846839427948,1.4075469970703125,,,
281,129699,0.9302535057067871,1.1135797500610352,,,
281,129719,,,0.6155362240043496,1.2677221298217773,0.7413867115974426
282,129749,0.8093307018280029,0.9710978269577026,,,
282,129799,0.8135389685630798,1.5245587825775146,,,
282,129849,1.020207405090332,0.9100198745727539,,,
282,129899,0.6266334056854248,1.356086015701294,,,
282,129949,0.6828022003173828,1.443434476852417,,,
282,129999,0.8366370797157288,1.4428943395614624,,,
282,130049,1.1100674867630005,1.5096030235290527,,,
282,130099,0.8570945262908936,1.0024490356445312,,,
282,130149,0.6065291166305542,0.8251959681510925,,,
282,130179,,,0.48559195324181054,1.4262945652008057,0.4880152940750122
283,130199,0.7465897798538208,1.1753873825073242,,,
283,130249,0.8857697248458862,1.2249457836151123,,,
283,130299,0.6216298937797546,1.0023939609527588,,,
283,130349,0.9086353778839111,0.9510828256607056,,,
283,130399,0.9942514896392822,0.9688320159912109,,,
283,130449,0.5230288505554199,1.148724913597107,,,
283,130499,0.909623384475708,1.1099485158920288,,,
283,130549,0.860241174697876,1.123077392578125,,,
283,130599,0.638823390007019,1.3734492063522339,,,
283,130639,,,0.6168954736985184,1.2161738872528076,0.6454500555992126
284,130649,1.0265339612960815,1.0534746646881104,,,
284,130699,0.8797319531440735,1.0646731853485107,,,
284,130749,1.1075975894927979,1.3395276069641113,,,
284,130799,0.4388364255428314,1.1691052913665771,,,
284,130849,1.0291879177093506,0.8462556600570679,,,
284,130899,0.9952027797698975,1.151169776916504,,,
284,130949,0.8550323843955994,1.192793369293213,,,
284,130999,0.8754849433898926,0.6697811484336853,,,
284,131049,0.7397352457046509,0.9677451848983765,,,
284,131099,0.501887857913971,1.0082504749298096,,,
284,131099,,,0.6050700013592497,1.2541519403457642,0.6873193979263306
285,131149,0.8457639813423157,0.9951391220092773,,,
285,131199,0.8893513083457947,0.8653867840766907,,,
285,131249,0.7146523594856262,1.3378443717956543,,,
285,131299,0.745507001876831,1.9583847522735596,,,
285,131349,0.9224138259887695,0.9413798451423645,,,
285,131399,0.8452744483947754,0.9127461910247803,,,
285,131449,1.1739201545715332,0.8946634531021118,,,
285,131499,1.2339555025100708,1.0155797004699707,,,
285,131549,0.5775854587554932,1.0874813795089722,,,
285,131559,,,0.4901454397172761,1.38742196559906,0.5865864753723145
286,131599,0.8416154384613037,1.4642810821533203,,,
286,131649,0.9518511891365051,1.5752239227294922,,,
286,131699,0.8284264802932739,0.8083741664886475,,,
286,131749,0.7944605350494385,1.2583234310150146,,,
286,131799,0.8455727100372314,1.0589566230773926,,,
286,131849,0.9881653189659119,0.9380855560302734,,,
286,131899,1.1525182723999023,0.8721481561660767,,,
286,131949,0.6439250707626343,1.3197685480117798,,,
286,131999,0.6950426697731018,1.3074305057525635,,,
286,132019,,,0.4931357890444475,1.4752336740493774,0.4206969439983368
287,132049,0.6895285844802856,1.0374691486358643,,,
287,132099,1.0450626611709595,0.775724470615387,,,
287,132149,0.6402442455291748,0.9456888437271118,,,
287,132199,0.7747101783752441,1.1795530319213867,,,
287,132249,0.7543627023696899,1.4543414115905762,,,
287,132299,0.6933282017707825,1.6422401666641235,,,
287,132349,0.4451162815093994,1.0974817276000977,,,
287,132399,0.5250656604766846,1.3147976398468018,,,
287,132449,0.4861323833465576,1.3344354629516602,,,
287,132479,,,0.5537583254043768,1.4246822595596313,0.4719755947589874
288,132499,0.5054349899291992,1.8153188228607178,,,
288,132549,0.6383434534072876,1.1918913125991821,,,
288,132599,0.5145881175994873,1.2821905612945557,,,
288,132649,0.635068416595459,1.1068826913833618,,,
288,132699,0.4489186108112335,2.210381507873535,,,
288,132749,0.809374988079071,1.3970882892608643,,,
288,132799,0.6261903643608093,0.8046237230300903,,,
288,132849,0.5772181749343872,1.5573197603225708,,,
288,132899,0.5580667853355408,0.9192841053009033,,,
288,132939,,,0.5476417017806171,1.3243974447250366,0.6153185367584229
289,132949,0.8776224255561829,1.0243169069290161,,,
289,132999,0.7815275192260742,1.5255177021026611,,,
289,133049,0.9998648166656494,0.7698776721954346,,,
289,133099,1.0637024641036987,1.2041348218917847,,,
289,133149,1.0016741752624512,0.9757100939750671,,,
289,133199,0.44166243076324463,0.9953596591949463,,,
289,133249,0.5986827611923218,1.512911319732666,,,
289,133299,0.7366617321968079,1.036503791809082,,,
289,133349,1.9158068895339966,1.1812024116516113,,,
289,133399,0.8690824508666992,1.285465121269226,,,
289,133399,,,0.5133886094875628,1.4492970705032349,0.5139191150665283
290,133449,0.6745463609695435,1.446142315864563,,,
290,133499,0.6616265773773193,1.1281750202178955,,,
290,133549,0.6486672759056091,1.1813141107559204,,,
290,133599,0.5966634154319763,1.589949369430542,,,
290,133649,0.9024571180343628,0.7380303144454956,,,
290,133699,0.596299946308136,1.1568195819854736,,,
290,133749,0.8610615730285645,1.0013256072998047,,,
290,133799,0.7217386960983276,1.3335518836975098,,,
290,133849,0.659278392791748,0.9550272226333618,,,
290,133859,,,0.4666304200081555,1.3889564275741577,0.6531558632850647
291,133899,1.1523017883300781,0.9068763852119446,,,
291,133949,0.6993719339370728,1.5600801706314087,,,
291,133999,0.8245246410369873,1.2440216541290283,,,
291,134049,0.924544632434845,1.1546502113342285,,,
291,134099,0.5184545516967773,1.3797401189804077,,,
291,134149,0.9022709131240845,1.775813341140747,,,
291,134199,0.7170202732086182,1.891803503036499,,,
291,134249,0.6306486129760742,1.656048059463501,,,
291,134299,0.9059913754463196,1.201163649559021,,,
291,134319,,,0.5515155634089982,1.3224233388900757,0.5407398343086243
292,134349,0.5828271508216858,1.1523606777191162,,,
292,134399,0.8721994757652283,1.2517690658569336,,,
292,134449,0.9520760774612427,1.2790731191635132,,,
292,134499,0.5223788022994995,1.2675530910491943,,,
292,134549,0.7650905847549438,1.5604639053344727,,,
292,134599,0.8645951151847839,0.9627954959869385,,,
292,134649,0.8224760293960571,1.3863306045532227,,,
292,134699,0.6024253368377686,1.107051134109497,,,
292,134749,0.6713016033172607,1.0478378534317017,,,
292,134779,,,0.46921299442707626,1.5116418600082397,0.4293197691440582
293,134799,0.8038601875305176,1.118675947189331,,,
293,134849,0.5553653836250305,1.8378251791000366,,,
293,134899,0.8546401262283325,1.506129503250122,,,
293,134949,0.5792258977890015,1.4575262069702148,,,
293,134999,0.787014365196228,1.2250590324401855,,,
293,135049,0.5307837724685669,1.326704740524292,,,
293,135099,0.869254469871521,1.4721460342407227,,,
293,135149,0.6491824388504028,1.4810478687286377,,,
293,135199,0.8632161617279053,1.4177944660186768,,,
293,135239,,,0.5080875356803045,1.339936375617981,0.4893282353878021
294,135249,0.6642889976501465,1.5181602239608765,,,
294,135299,0.5794657468795776,1.133955478668213,,,
294,135349,0.36451685428619385,1.4273436069488525,,,
294,135399,0.6255103349685669,1.470430850982666,,,
294,135449,0.5539557337760925,0.9283661246299744,,,
294,135499,0.7626579999923706,1.1333061456680298,,,
294,135549,0.4861653447151184,1.5680949687957764,,,
294,135599,0.6201694011688232,1.3451820611953735,,,
294,135649,0.7410470247268677,1.7777976989746094,,,
294,135699,0.756842851638794,1.438818335533142,,,
294,135699,,,0.5825064564360473,1.2688891887664795,0.6310644745826721
295,135749,0.762184739112854,1.3603439331054688,,,
295,135799,0.7373306751251221,1.3929815292358398,,,
295,135849,0.8808568716049194,1.1241860389709473,,,
295,135899,0.49024295806884766,1.7264525890350342,,,
295,135949,0.8464961051940918,0.6575215458869934,,,
295,135999,0.9804522395133972,1.0027204751968384,,,
295,136049,0.587524950504303,1.2577924728393555,,,
295,136099,1.2103850841522217,1.0093722343444824,,,
295,136149,0.727601170539856,1.0445820093154907,,,
295,136159,,,0.4908930270490689,1.350296974182129,0.5130555629730225
296,136199,0.7086408734321594,1.443800687789917,,,
296,136249,0.8867480158805847,1.2819527387619019,,,
296,136299,0.4487980008125305,1.4000377655029297,,,
296,136349,1.0230388641357422,1.0549249649047852,,,
296,136399,0.6481658220291138,1.597122311592102,,,
296,136449,0.7110426425933838,0.9116902947425842,,,
296,136499,0.49053120613098145,1.3572149276733398,,,
296,136549,0.6109269857406616,1.279117226600647,,,
296,136599,0.8431426286697388,1.3860678672790527,,,
296,136619,,,0.47920347967921706,1.4254752397537231,0.5618556141853333
297,136649,0.742169976234436,0.6690552234649658,,,
297,136699,0.939468502998352,0.9807699918746948,,,
297,136749,0.5578874349594116,1.1321990489959717,,,
297,136799,0.812620997428894,1.0256139039993286,,,
297,136849,0.5158489942550659,1.4887750148773193,,,
297,136899,0.6401296854019165,1.6122214794158936,,,
297,136949,0.6066370606422424,1.303027629852295,,,
297,136999,0.9226531982421875,1.1435377597808838,,,
297,137049,0.8307793736457825,0.8152921795845032,,,
297,137079,,,0.5011553622400435,1.3526289463043213,0.4810895323753357
298,137099,0.988662838935852,1.3315906524658203,,,
298,137149,0.7001275420188904,1.1132011413574219,,,
298,137199,0.9583601951599121,1.0760602951049805,,,
298,137249,0.5341839790344238,1.5281391143798828,,,
298,137299,0.3571629524230957,2.2625162601470947,,,
298,137349,0.6889321804046631,1.2332384586334229,,,
298,137399,0.932492733001709,1.1892950534820557,,,
298,137449,0.6147139072418213,1.1477190256118774,,,
298,137499,0.795493483543396,1.3722009658813477,,,
298,137539,,,0.47070816909066193,1.4401228427886963,0.45073604583740234
299,137549,0.7076847553253174,1.1339274644851685,,,
299,137599,0.6147710084915161,1.4680612087249756,,,
299,137649,0.7090041637420654,1.27823805809021,,,
299,137699,0.7515971660614014,1.0012321472167969,,,
299,137749,0.7744044661521912,0.950598955154419,,,
299,137799,0.5261436700820923,1.1024806499481201,,,
299,137849,0.6132826209068298,1.326841115951538,,,
299,137899,0.535464882850647,2.108060359954834,,,
299,137949,0.6859135627746582,0.815803050994873,,,
299,137999,0.8388740420341492,0.8436720371246338,,,
299,137999,,,0.47600924289792035,1.5019433498382568,0.40517064929008484
