epoch,step,train_discriminator_loss,train_generator_loss,validation_discriminator_loss,validation_generator_loss
0,49,0.21662558615207672,0.7476301193237305,,
0,99,0.26851916313171387,1.0476789474487305,,
0,149,0.16442807018756866,1.1573376655578613,,
0,199,0.28686800599098206,2.4988560676574707,,
0,249,0.13522066175937653,1.7043898105621338,,
0,299,0.10792689770460129,0.7718475461006165,,
0,349,0.015053295530378819,0.9673489332199097,,
0,399,0.05074986442923546,1.138529896736145,,
0,449,0.03250483050942421,1.0005993843078613,,
0,459,,,0.41777104139328003,0.25243353843688965
1,499,0.021389802917838097,1.3968719244003296,,
1,549,0.03368883207440376,1.2071218490600586,,
1,599,0.03237462416291237,1.1286053657531738,,
1,649,0.025302093476057053,0.9179452657699585,,
1,699,0.11824889481067657,0.7630613446235657,,
1,749,0.04730290547013283,1.1171698570251465,,
1,799,0.018320664763450623,1.1456029415130615,,
1,849,0.06931546330451965,1.1339738368988037,,
1,899,0.014461356215178967,1.1709238290786743,,
1,919,,,0.267633318901062,0.5176693797111511
2,949,0.11025674641132355,0.8672326803207397,,
2,999,0.06027432531118393,0.9332799911499023,,
2,1049,0.05978263169527054,1.275978922843933,,
2,1099,0.024487074464559555,1.3404608964920044,,
2,1149,0.11586727201938629,1.0075535774230957,,
2,1199,0.032129667699337006,1.4343373775482178,,
2,1249,0.21548187732696533,1.1090970039367676,,
2,1299,0.06998100131750107,1.050450325012207,,
2,1349,0.20636610686779022,2.4755492210388184,,
2,1379,,,0.32233530282974243,0.47673332691192627
3,1399,0.0821792259812355,1.32272469997406,,
3,1449,0.03860501945018768,1.3485469818115234,,
3,1499,0.05672253668308258,0.9580047130584717,,
3,1549,0.24989570677280426,1.7667205333709717,,
3,1599,0.1313968002796173,1.6241788864135742,,
3,1649,0.08555136620998383,0.8484245538711548,,
3,1699,0.1116909608244896,0.7780135869979858,,
3,1749,0.12631841003894806,1.3805047273635864,,
3,1799,0.07131702452898026,1.3971092700958252,,
3,1839,,,0.29341548681259155,0.6064894199371338
4,1849,0.07590045034885406,0.7856360673904419,,
4,1899,0.11321961134672165,1.1129637956619263,,
4,1949,0.08293290436267853,2.226764440536499,,
4,1999,0.10397260636091232,1.6522455215454102,,
4,2049,0.06615832448005676,0.9816528558731079,,
4,2099,0.0534086599946022,1.01530122756958,,
4,2149,0.07033970952033997,0.989136278629303,,
4,2199,0.048393163830041885,1.2621254920959473,,
4,2249,0.1747554987668991,0.752525806427002,,
4,2299,0.09018173813819885,0.9713669419288635,,
4,2299,,,0.2943872809410095,0.7228900194168091
5,2349,0.1418609470129013,0.9944435358047485,,
5,2399,0.0813090056180954,1.1816259622573853,,
5,2449,0.1739247441291809,1.2685868740081787,,
5,2499,0.2089410126209259,0.7267718315124512,,
5,2549,0.08749780803918839,1.286916732788086,,
5,2599,0.12073557823896408,0.7723934650421143,,
5,2649,0.14164987206459045,1.5254762172698975,,
5,2699,0.09476839005947113,1.4448890686035156,,
5,2749,0.09167791903018951,1.7019615173339844,,
5,2759,,,0.3463626503944397,0.639845073223114
6,2799,0.05821489542722702,1.2483867406845093,,
6,2849,0.1143086776137352,1.1273808479309082,,
6,2899,0.10680162906646729,1.2893226146697998,,
6,2949,0.08577358722686768,0.9100353717803955,,
6,2999,0.19400276243686676,0.7020743489265442,,
6,3049,0.11127360165119171,1.362650990486145,,
6,3099,0.16863751411437988,1.4992380142211914,,
6,3149,0.05470316857099533,1.3686192035675049,,
6,3199,0.05268574133515358,1.305250883102417,,
6,3219,,,0.3651540279388428,0.4322885274887085
7,3249,0.0697110965847969,1.4669671058654785,,
7,3299,0.041865475475788116,1.169546127319336,,
7,3349,0.2811427712440491,1.9799716472625732,,
7,3399,0.0910225510597229,0.8633040189743042,,
7,3449,0.03733700141310692,1.3015214204788208,,
7,3499,0.06826004385948181,0.8681299686431885,,
7,3549,0.24430181086063385,1.710105061531067,,
7,3599,0.07139614224433899,1.0680816173553467,,
7,3649,0.0801343321800232,0.8253210186958313,,
7,3679,,,0.334358811378479,0.3922799825668335
8,3699,0.035731904208660126,0.8970938324928284,,
8,3749,0.09493964910507202,0.8751071691513062,,
8,3799,0.22323456406593323,0.9622330069541931,,
8,3849,0.16733276844024658,0.7870909571647644,,
8,3899,0.10058952867984772,1.4705473184585571,,
8,3949,0.039009660482406616,0.9003899097442627,,
8,3999,0.046763837337493896,1.7144149541854858,,
8,4049,0.16687072813510895,0.6174192428588867,,
8,4099,0.045182451605796814,1.8182801008224487,,
8,4139,,,0.3029560446739197,0.5396133065223694
9,4149,0.09532324969768524,1.457775354385376,,
9,4199,0.062092844396829605,1.0203646421432495,,
9,4249,0.09290691465139389,1.2232770919799805,,
9,4299,0.29524070024490356,0.9574163556098938,,
9,4349,0.0922309160232544,1.2675889730453491,,
9,4399,0.14146530628204346,1.1027493476867676,,
9,4449,0.02371998131275177,1.3114190101623535,,
9,4499,0.04878716170787811,1.0546053647994995,,
9,4549,0.11909323930740356,0.6856381893157959,,
9,4599,0.03804854303598404,0.6921751499176025,,
9,4599,,,0.34809741377830505,0.4209061563014984
10,4649,0.08815110474824905,0.867814302444458,,
10,4699,0.06220834702253342,1.6072098016738892,,
10,4749,0.11096441745758057,1.2483110427856445,,
10,4799,0.04463443160057068,0.8817455768585205,,
10,4849,0.037479862570762634,1.121093988418579,,
10,4899,0.06128200888633728,1.3168792724609375,,
10,4949,0.10007534921169281,0.6538740992546082,,
10,4999,0.058083683252334595,1.0750505924224854,,
10,5049,0.06296729296445847,1.120452642440796,,
10,5059,,,0.342578649520874,0.4271111786365509
11,5099,0.06347094476222992,0.9229227304458618,,
11,5149,0.02649613842368126,1.1404578685760498,,
11,5199,0.0655607283115387,0.9333964586257935,,
11,5249,0.06903330981731415,1.2534189224243164,,
11,5299,0.04070654511451721,0.8584389686584473,,
11,5349,0.04171915724873543,0.9481741189956665,,
11,5399,0.046291179955005646,1.061551570892334,,
11,5449,0.23474089801311493,1.6351418495178223,,
11,5499,0.2619647979736328,0.40414705872535706,,
11,5519,,,0.3571507930755615,0.5229793787002563
12,5549,0.05142190307378769,1.1631160974502563,,
12,5599,0.061715953052043915,1.3460915088653564,,
12,5649,0.07178962230682373,0.9445732235908508,,
12,5699,0.3401157557964325,1.3949902057647705,,
12,5749,0.27804261445999146,1.4612494707107544,,
12,5799,0.05080882087349892,0.94986492395401,,
12,5849,0.04869711771607399,1.2047173976898193,,
12,5899,0.06040042266249657,0.9761937260627747,,
12,5949,0.02913418598473072,1.125841498374939,,
12,5979,,,0.3293844759464264,0.5001669526100159
13,5999,0.09746630489826202,0.663718581199646,,
13,6049,0.09606404602527618,1.4842920303344727,,
13,6099,0.08308283239603043,1.057500958442688,,
13,6149,0.03080914542078972,0.9320923089981079,,
13,6199,0.07211968302726746,1.0774179697036743,,
13,6249,0.09303299337625504,0.6325503587722778,,
13,6299,0.03409503400325775,1.1930291652679443,,
13,6349,0.04397609084844589,1.0070558786392212,,
13,6399,0.02117766998708248,1.3452298641204834,,
13,6439,,,0.335032194852829,0.49009546637535095
14,6449,0.06802122294902802,1.1851859092712402,,
14,6499,0.0360180139541626,1.3019579648971558,,
14,6549,0.04533875361084938,0.8965062499046326,,
14,6599,0.04972478747367859,0.8393465280532837,,
14,6649,0.07304266840219498,0.686521053314209,,
14,6699,0.23165316879749298,1.4050037860870361,,
14,6749,0.10083156824111938,1.100089430809021,,
14,6799,0.06958730518817902,0.6674007773399353,,
14,6849,0.08857513964176178,1.3533313274383545,,
14,6899,0.023315472528338432,0.8388729095458984,,
14,6899,,,0.3542965054512024,0.4170820713043213
15,6949,0.019979599863290787,0.8579022884368896,,
15,6999,0.04473087191581726,0.871882438659668,,
15,7049,0.04886741191148758,1.0172677040100098,,
15,7099,0.11322719603776932,1.0246963500976562,,
15,7149,0.08050818741321564,1.1370360851287842,,
15,7199,0.0551883764564991,1.3117573261260986,,
15,7249,0.0787665843963623,1.096531629562378,,
15,7299,0.16509084403514862,1.1167054176330566,,
15,7349,0.08353285491466522,0.9907532930374146,,
15,7359,,,0.3603769540786743,0.4455607831478119
16,7399,0.041905928403139114,1.037131667137146,,
16,7449,0.026003636419773102,1.1079623699188232,,
16,7499,0.039360541850328445,1.1680841445922852,,
16,7549,0.014324288815259933,1.415395736694336,,
16,7599,0.028060007840394974,1.3130457401275635,,
16,7649,0.0500868484377861,1.3042075634002686,,
16,7699,0.1264425814151764,0.869957685470581,,
16,7749,0.14587461948394775,0.6940275430679321,,
16,7799,0.05258115753531456,1.272904872894287,,
16,7819,,,0.3684283494949341,0.3736082911491394
17,7849,0.012413853779435158,1.2704551219940186,,
17,7899,0.021695967763662338,0.9631209969520569,,
17,7949,0.043203748762607574,0.9176598191261292,,
17,7999,0.05784830451011658,0.7818253636360168,,
17,8049,0.025600243359804153,1.028360366821289,,
17,8099,0.050406984984874725,0.5639585852622986,,
17,8149,0.027600130066275597,0.9481405019760132,,
17,8199,0.1411343216896057,1.6098098754882812,,
17,8249,0.019449153915047646,1.0458664894104004,,
17,8279,,,0.3513730466365814,0.46703749895095825
18,8299,0.02548028528690338,1.1393303871154785,,
18,8349,0.06136570870876312,1.2791318893432617,,
18,8399,0.12717926502227783,1.4945907592773438,,
18,8449,0.041835300624370575,0.8199483156204224,,
18,8499,0.030995748937129974,1.4983856678009033,,
18,8549,0.06921131163835526,0.9011479616165161,,
18,8599,0.039497703313827515,1.2581883668899536,,
18,8649,0.01917358860373497,1.0976530313491821,,
18,8699,0.05263266712427139,0.9238009452819824,,
18,8739,,,0.38249829411506653,0.40095046162605286
19,8749,0.03100103884935379,1.0435659885406494,,
19,8799,0.10549849271774292,1.657031536102295,,
19,8849,0.12647518515586853,0.4607124924659729,,
19,8899,0.027397513389587402,1.216009497642517,,
19,8949,0.02145390771329403,1.0054965019226074,,
19,8999,0.034664422273635864,1.6076966524124146,,
19,9049,0.032457321882247925,1.3009644746780396,,
19,9099,0.052844926714897156,1.1055313348770142,,
19,9149,0.14823901653289795,0.5746183395385742,,
19,9199,0.09132171422243118,0.7913285493850708,,
19,9199,,,0.31662723422050476,0.48002204298973083
20,9249,0.017138488590717316,1.18564772605896,,
20,9299,0.12467806041240692,1.3243391513824463,,
20,9349,0.019777318462729454,1.1095422506332397,,
20,9399,0.056064583361148834,0.8856282234191895,,
20,9449,0.09382036328315735,1.6123085021972656,,
20,9499,0.025548633188009262,0.9898900389671326,,
20,9549,0.06622853875160217,0.6372959017753601,,
20,9599,0.034191012382507324,1.0255563259124756,,
20,9649,0.014451843686401844,1.3385589122772217,,
20,9659,,,0.3215867280960083,0.5122186541557312
21,9699,0.025199508294463158,1.0572521686553955,,
21,9749,0.036968499422073364,1.4250117540359497,,
21,9799,0.05129176378250122,0.8868556618690491,,
21,9849,0.04622524231672287,0.8537790775299072,,
21,9899,0.17550191283226013,0.4968773126602173,,
21,9949,0.03866460919380188,1.5895845890045166,,
21,9999,0.05895928665995598,1.0745688676834106,,
21,10049,0.02055240049958229,0.9177597165107727,,
21,10099,0.047569409012794495,0.9640185832977295,,
21,10119,,,0.3688034415245056,0.48440706729888916
22,10149,0.07326429337263107,1.535172462463379,,
22,10199,0.027167022228240967,0.995617151260376,,
22,10249,0.04982082173228264,1.0460724830627441,,
22,10299,0.06125039979815483,0.8006898760795593,,
22,10349,0.043797239661216736,0.9819040298461914,,
22,10399,0.05284634605050087,0.8821805715560913,,
22,10449,0.13084599375724792,0.8003330230712891,,
22,10499,0.09088562428951263,0.6952486038208008,,
22,10549,0.024392642080783844,1.2832447290420532,,
22,10579,,,0.35093924403190613,0.5053034424781799
23,10599,0.036315858364105225,1.3571010828018188,,
23,10649,0.016147920861840248,0.9820840358734131,,
23,10699,0.03685425966978073,0.7205007076263428,,
23,10749,0.04247840866446495,0.8218786716461182,,
23,10799,0.04897128418087959,1.065682053565979,,
23,10849,0.07194854319095612,0.9986792206764221,,
23,10899,0.03163919970393181,1.0341989994049072,,
23,10949,0.04815983772277832,0.9589146375656128,,
23,10999,0.1484929323196411,1.9076058864593506,,
23,11039,,,0.34917160868644714,0.5145078301429749
24,11049,0.024409256875514984,1.3652786016464233,,
24,11099,0.262378454208374,1.0177977085113525,,
24,11149,0.036584749817848206,0.8227732181549072,,
24,11199,0.01879398338496685,0.9651027917861938,,
24,11249,0.0692257285118103,0.5709314942359924,,
24,11299,0.12213560938835144,1.120450735092163,,
24,11349,0.14964641630649567,0.5540070533752441,,
24,11399,0.023573391139507294,1.0148892402648926,,
24,11449,0.044156525284051895,1.5379767417907715,,
24,11499,0.02079099230468273,1.1976360082626343,,
24,11499,,,0.3646279573440552,0.43738558888435364
25,11549,0.02603231742978096,0.9215551018714905,,
25,11599,0.020263217389583588,1.0926275253295898,,
25,11649,0.05706584453582764,0.9329545497894287,,
25,11699,0.08901150524616241,1.0784159898757935,,
25,11749,0.03662945702672005,0.8956433534622192,,
25,11799,0.050618115812540054,1.2643218040466309,,
25,11849,0.043004848062992096,0.9989847540855408,,
25,11899,0.030780743807554245,0.9972182512283325,,
25,11949,0.04631064087152481,0.9411641955375671,,
25,11959,,,0.3255900740623474,0.4389951229095459
26,11999,0.09919393062591553,0.7917904257774353,,
26,12049,0.10931376367807388,1.1063224077224731,,
26,12099,0.05491513013839722,1.0457950830459595,,
26,12149,0.019832491874694824,1.0114625692367554,,
26,12199,0.05108826234936714,1.0802385807037354,,
26,12249,0.15509289503097534,1.0850393772125244,,
26,12299,0.03903777152299881,0.7729437947273254,,
26,12349,0.08592288196086884,1.1463183164596558,,
26,12399,0.05013667047023773,1.1503405570983887,,
26,12419,,,0.36746689677238464,0.4269143342971802
27,12449,0.2226618379354477,0.6317235231399536,,
27,12499,0.21097788214683533,0.5098470449447632,,
27,12549,0.062136754393577576,0.5190811157226562,,
27,12599,0.025445610284805298,0.9664398431777954,,
27,12649,0.07400863617658615,0.9484796524047852,,
27,12699,0.08694063872098923,1.0799050331115723,,
27,12749,0.0955422967672348,0.8147295713424683,,
27,12799,0.0270858034491539,1.1287001371383667,,
27,12849,0.04834595322608948,0.7105309963226318,,
27,12879,,,0.3863673806190491,0.5474082827568054
28,12899,0.07094801217317581,1.261468768119812,,
28,12949,0.023984842002391815,0.6667543649673462,,
28,12999,0.06497073173522949,1.0314785242080688,,
28,13049,0.0407085046172142,0.8696472644805908,,
28,13099,0.08621366322040558,0.7831652164459229,,
28,13149,0.0396588034927845,1.0544393062591553,,
28,13199,0.025619231164455414,0.9600014090538025,,
28,13249,0.0918976217508316,1.0376540422439575,,
28,13299,0.09665173292160034,0.6542446613311768,,
28,13339,,,0.35616570711135864,0.3764258325099945
29,13349,0.03143680840730667,1.3323166370391846,,
29,13399,0.056229524314403534,0.8468095064163208,,
29,13449,0.06574393808841705,0.9211302995681763,,
29,13499,0.07030388712882996,1.1276390552520752,,
29,13549,0.027808137238025665,0.8253699541091919,,
29,13599,0.038643330335617065,1.0865328311920166,,
29,13649,0.09026502817869186,0.7242393493652344,,
29,13699,0.015871591866016388,0.7486796379089355,,
29,13749,0.055727697908878326,1.3347458839416504,,
29,13799,0.1855616569519043,0.723137617111206,,
29,13799,,,0.33836129307746887,0.39033180475234985
30,13849,0.020312972366809845,0.8347382545471191,,
30,13899,0.09524175524711609,1.3279597759246826,,
30,13949,0.05926365405321121,1.195789098739624,,
30,13999,0.05352798476815224,1.2401214838027954,,
30,14049,0.029040053486824036,0.8799589276313782,,
30,14099,0.024633388966321945,0.7460294961929321,,
30,14149,0.04375094175338745,0.9124408960342407,,
30,14199,0.043954238295555115,0.7217699289321899,,
30,14249,0.16025786101818085,0.9427591562271118,,
30,14259,,,0.34585216641426086,0.4525521993637085
31,14299,0.15322761237621307,0.5635878443717957,,
31,14349,0.01660371944308281,1.2424037456512451,,
31,14399,0.07941387593746185,1.4168896675109863,,
31,14449,0.15390630066394806,1.1850025653839111,,
31,14499,0.030023403465747833,1.0995603799819946,,
31,14549,0.025674432516098022,0.8128612041473389,,
31,14599,0.06877877563238144,1.0087549686431885,,
31,14649,0.04681536555290222,0.5926982164382935,,
31,14699,0.07832935452461243,0.591620922088623,,
31,14719,,,0.3351574242115021,0.43506813049316406
32,14749,0.043392106890678406,0.9039220809936523,,
32,14799,0.10760939866304398,0.6027270555496216,,
32,14849,0.0890795961022377,0.5317869186401367,,
32,14899,0.0915021151304245,0.7026715278625488,,
32,14949,0.02686142362654209,1.0277974605560303,,
32,14999,0.05724688619375229,1.4111430644989014,,
32,15049,0.03738132864236832,1.455557942390442,,
32,15099,0.017095446586608887,1.3409078121185303,,
32,15149,0.062384434044361115,0.806076169013977,,
32,15179,,,0.34930849075317383,0.5201049447059631
33,15199,0.08253685384988785,0.9934154748916626,,
33,15249,0.0976850762963295,1.055802822113037,,
33,15299,0.03808632865548134,1.0957592725753784,,
33,15349,0.0713830217719078,1.3800806999206543,,
33,15399,0.07643233239650726,0.8139327764511108,,
33,15449,0.05043904110789299,0.9650076031684875,,
33,15499,0.11196888983249664,0.5265473127365112,,
33,15549,0.11262031644582748,1.0807273387908936,,
33,15599,0.08817391097545624,1.0876438617706299,,
33,15639,,,0.34274131059646606,0.38836991786956787
34,15649,0.043015360832214355,1.0060756206512451,,
34,15699,0.1672552227973938,0.9132816791534424,,
34,15749,0.017433946952223778,1.1388404369354248,,
34,15799,0.030636534094810486,1.0676621198654175,,
34,15849,0.06861072033643723,0.6306009292602539,,
34,15899,0.044149357825517654,0.8724727630615234,,
34,15949,0.0650382786989212,0.8759354948997498,,
34,15999,0.045838743448257446,0.9840432405471802,,
34,16049,0.01251235231757164,1.4271223545074463,,
34,16099,0.060536939650774,0.7716101408004761,,
34,16099,,,0.3283837139606476,0.4393369257450104
35,16149,0.027917908504605293,0.9688324332237244,,
35,16199,0.11022666096687317,0.771039605140686,,
35,16249,0.042128920555114746,1.1640501022338867,,
35,16299,0.012891754508018494,0.9647132158279419,,
35,16349,0.015417875722050667,0.6489062309265137,,
35,16399,0.07100504636764526,0.999147891998291,,
35,16449,0.02727537602186203,1.0450873374938965,,
35,16499,0.10855139046907425,1.4880621433258057,,
35,16549,0.10157222300767899,1.0263512134552002,,
35,16559,,,0.3573141098022461,0.4584338366985321
36,16599,0.027659647166728973,0.9594385623931885,,
36,16649,0.020291253924369812,1.4870983362197876,,
36,16699,0.1419386863708496,0.5846399068832397,,
36,16749,0.014641905203461647,1.1748260259628296,,
36,16799,0.037429481744766235,1.0996497869491577,,
36,16849,0.03476731851696968,0.9074922204017639,,
36,16899,0.04433054476976395,1.1282635927200317,,
36,16949,0.15597236156463623,0.47278892993927,,
36,16999,0.029051467776298523,1.2181034088134766,,
36,17019,,,0.3429827392101288,0.431057870388031
37,17049,0.09791809320449829,0.9769470691680908,,
37,17099,0.038964126259088516,1.032771110534668,,
37,17149,0.05297445133328438,1.4552626609802246,,
37,17199,0.050889573991298676,1.1271066665649414,,
37,17249,0.0840144082903862,0.8266900181770325,,
37,17299,0.09079130738973618,1.5775341987609863,,
37,17349,0.06606761366128922,0.6624891757965088,,
37,17399,0.014445292763411999,0.8348906636238098,,
37,17449,0.08436398953199387,1.1407470703125,,
37,17479,,,0.34277164936065674,0.4231269359588623
38,17499,0.19066883623600006,0.8726718425750732,,
38,17549,0.03995262831449509,1.205420970916748,,
38,17599,0.09526672214269638,1.0335874557495117,,
38,17649,0.02716415375471115,1.043419599533081,,
38,17699,0.04729876294732094,1.1410253047943115,,
38,17749,0.01781606301665306,1.2149810791015625,,
38,17799,0.0567018948495388,0.8438225388526917,,
38,17849,0.06110163405537605,0.6715292930603027,,
38,17899,0.08032142370939255,1.6706368923187256,,
38,17939,,,0.35363247990608215,0.4108898341655731
39,17949,0.08008173108100891,0.580615758895874,,
39,17999,0.014156021177768707,0.8809914588928223,,
39,18049,0.059861473739147186,0.502724289894104,,
39,18099,0.23308168351650238,0.5515597462654114,,
39,18149,0.06351426243782043,0.9813865423202515,,
39,18199,0.026250682771205902,0.7834548354148865,,
39,18249,0.06562964618206024,0.9100546836853027,,
39,18299,0.05803079530596733,1.2177014350891113,,
39,18349,0.027642272412776947,1.2213451862335205,,
39,18399,0.2504316568374634,1.5928236246109009,,
39,18399,,,0.3418743312358856,0.3878081440925598
40,18449,0.018089421093463898,1.065155029296875,,
40,18499,0.0171876922249794,1.256396770477295,,
40,18549,0.13094793260097504,0.6792901754379272,,
40,18599,0.016744880005717278,1.064345121383667,,
40,18649,0.022022608667612076,0.7910054326057434,,
40,18699,0.03995869308710098,1.1348915100097656,,
40,18749,0.029983337968587875,0.8651909828186035,,
40,18799,0.03468593209981918,1.2054345607757568,,
40,18849,0.01859182119369507,1.0542289018630981,,
40,18859,,,0.3217563033103943,0.500830888748169
41,18899,0.012082950212061405,0.8926905989646912,,
41,18949,0.047921158373355865,1.0995116233825684,,
41,18999,0.028073269873857498,1.194720983505249,,
41,19049,0.05109793692827225,1.6582229137420654,,
41,19099,0.05760803446173668,1.0018894672393799,,
41,19149,0.11469735205173492,0.6067054271697998,,
41,19199,0.014734514988958836,1.058455467224121,,
41,19249,0.07735608518123627,1.0340681076049805,,
41,19299,0.416194349527359,0.8765419125556946,,
41,19319,,,0.310306191444397,0.43476584553718567
42,19349,0.035750485956668854,0.7707193493843079,,
42,19399,0.039912499487400055,1.0510317087173462,,
42,19449,0.05742241069674492,0.9002373218536377,,
42,19499,0.053551506251096725,1.0080351829528809,,
42,19549,0.024698736146092415,0.785393476486206,,
42,19599,0.07171402126550674,1.2937543392181396,,
42,19649,0.04521194100379944,1.1058738231658936,,
42,19699,0.03360845893621445,0.8461728692054749,,
42,19749,0.028440289199352264,0.99486243724823,,
42,19779,,,0.30475130677223206,0.4157036542892456
43,19799,0.018042372539639473,0.9363142251968384,,
43,19849,0.08574597537517548,0.9507160186767578,,
43,19899,0.0717538595199585,0.49127310514450073,,
43,19949,0.03160368651151657,0.8149652481079102,,
43,19999,0.029449036344885826,1.9872503280639648,,
43,20049,0.01669442281126976,0.9205290079116821,,
43,20099,0.04325201362371445,1.012826919555664,,
43,20149,0.05735786259174347,0.758794903755188,,
43,20199,0.05766880139708519,0.9759189486503601,,
43,20239,,,0.3508811295032501,0.5381829738616943
44,20249,0.03230803459882736,0.9036682844161987,,
44,20299,0.04746701568365097,1.2661778926849365,,
44,20349,0.0624435618519783,0.663165271282196,,
44,20399,0.1997385323047638,0.7027339935302734,,
44,20449,0.06198486313223839,1.1612358093261719,,
44,20499,0.07298127561807632,1.047884464263916,,
44,20549,0.03729874640703201,0.8594405651092529,,
44,20599,0.0655612200498581,0.5227159261703491,,
44,20649,0.06669845432043076,0.8873762488365173,,
44,20699,0.08972114324569702,0.7257822751998901,,
44,20699,,,0.32580116391181946,0.5003261566162109
45,20749,0.011560819111764431,1.0050723552703857,,
45,20799,0.03480008989572525,0.8081215620040894,,
45,20849,0.11655747145414352,0.7862086296081543,,
45,20899,0.09721927344799042,0.7488117218017578,,
45,20949,0.11929657310247421,0.7235345840454102,,
45,20999,0.06195669248700142,0.9636240005493164,,
45,21049,0.05312631279230118,1.0759105682373047,,
45,21099,0.08024134486913681,0.9794754981994629,,
45,21149,0.018403250724077225,1.0482968091964722,,
45,21159,,,0.3921875059604645,0.42668527364730835
46,21199,0.05356353521347046,0.7485179901123047,,
46,21249,0.04998243600130081,1.3413982391357422,,
46,21299,0.03408323973417282,0.7299380302429199,,
46,21349,0.2395845651626587,1.7701401710510254,,
46,21399,0.0719357505440712,0.8691146969795227,,
46,21449,0.023868847638368607,0.9100291728973389,,
46,21499,0.023463565856218338,0.5723819732666016,,
46,21549,0.058566540479660034,0.9678837656974792,,
46,21599,0.23428696393966675,0.8038850426673889,,
46,21619,,,0.31571099162101746,0.4850981533527374
47,21649,0.04235632345080376,0.8496624827384949,,
47,21699,0.012910776771605015,1.178072452545166,,
47,21749,0.16448719799518585,0.47208619117736816,,
47,21799,0.08155060559511185,0.8250346183776855,,
47,21849,0.1664736568927765,0.6748285293579102,,
47,21899,0.016195615753531456,0.8286851644515991,,
47,21949,0.025732949376106262,0.8547454476356506,,
47,21999,0.0406666174530983,0.9569330215454102,,
47,22049,0.07267775386571884,0.9085032343864441,,
47,22079,,,0.33099421858787537,0.4151703417301178
48,22099,0.062190935015678406,1.1520873308181763,,
48,22149,0.11854369938373566,1.335574984550476,,
48,22199,0.0795924961566925,0.9820840358734131,,
48,22249,0.07356488704681396,1.0816134214401245,,
48,22299,0.10954310745000839,0.617875337600708,,
48,22349,0.040715306997299194,0.8590813875198364,,
48,22399,0.19232316315174103,0.47607168555259705,,
48,22449,0.03983871638774872,1.3234087228775024,,
48,22499,0.03471503034234047,0.8536566495895386,,
48,22539,,,0.3581349849700928,0.3720701336860657
49,22549,0.03400563448667526,0.8282926678657532,,
49,22599,0.03128422796726227,1.0459234714508057,,
49,22649,0.027596456930041313,1.1294422149658203,,
49,22699,0.052769191563129425,1.3850795030593872,,
49,22749,0.03288809955120087,0.7726927399635315,,
49,22799,0.0717778280377388,1.1623615026474,,
49,22849,0.09124884009361267,1.4348833560943604,,
49,22899,0.01908072829246521,0.9555940628051758,,
49,22949,0.023721322417259216,0.6366835236549377,,
49,22999,0.05474971979856491,0.988928496837616,,
49,22999,,,0.34797000885009766,0.4382320046424866
50,23049,0.05257827788591385,0.8000699877738953,,
50,23099,0.04824812710285187,0.7104912400245667,,
50,23149,0.02897290512919426,1.4548958539962769,,
50,23199,0.026614811271429062,1.1073253154754639,,
50,23249,0.028125829994678497,0.9483766555786133,,
50,23299,0.062446266412734985,0.9802453517913818,,
50,23349,0.09313982725143433,0.8177348375320435,,
50,23399,0.014610135927796364,1.0030971765518188,,
50,23449,0.02149575762450695,1.1415984630584717,,
50,23459,,,0.341373085975647,0.37610292434692383
51,23499,0.02442948706448078,0.9481791257858276,,
51,23549,0.054010313004255295,1.063354253768921,,
51,23599,0.03822292387485504,0.897700846195221,,
51,23649,0.014148241840302944,1.2284646034240723,,
51,23699,0.041799210011959076,1.1971502304077148,,
51,23749,0.034313321113586426,1.0590569972991943,,
51,23799,0.12687721848487854,1.448425531387329,,
51,23849,0.02308611571788788,1.5307327508926392,,
51,23899,0.0399409681558609,0.9253218173980713,,
51,23919,,,0.368257999420166,0.3948253393173218
52,23949,0.021748019382357597,0.7259125709533691,,
52,23999,0.020100070163607597,1.1399588584899902,,
52,24049,0.03624151274561882,1.0267775058746338,,
52,24099,0.059408143162727356,0.7015448212623596,,
52,24149,0.04119715094566345,0.8899475932121277,,
52,24199,0.01454965304583311,1.1069117784500122,,
52,24249,0.07559095323085785,1.1055867671966553,,
52,24299,0.018483782187104225,0.9418962001800537,,
52,24349,0.1731601506471634,1.6005358695983887,,
52,24379,,,0.33914029598236084,0.34846189618110657
53,24399,0.02525947615504265,1.0064818859100342,,
53,24449,0.05732688307762146,0.708283007144928,,
53,24499,0.025637945160269737,0.8881920576095581,,
53,24549,0.021072549745440483,1.0101654529571533,,
53,24599,0.028173021972179413,0.7473353743553162,,
53,24649,0.017132125794887543,1.3233531713485718,,
53,24699,0.0498557984828949,1.1243422031402588,,
53,24749,0.027730077505111694,0.7491401433944702,,
53,24799,0.07156026363372803,1.4423211812973022,,
53,24839,,,0.36425602436065674,0.5049203038215637
54,24849,0.042508937418460846,1.2614822387695312,,
54,24899,0.0593363456428051,0.8800956010818481,,
54,24949,0.03678528591990471,0.9621921181678772,,
54,24999,0.03702107444405556,1.1750167608261108,,
54,25049,0.0413094088435173,1.1839733123779297,,
54,25099,0.04907494783401489,1.134281039237976,,
54,25149,0.10038883239030838,0.9357435703277588,,
54,25199,0.012364989146590233,1.1480364799499512,,
54,25249,0.03272475302219391,0.8114202618598938,,
54,25299,0.06104649603366852,0.782935380935669,,
54,25299,,,0.353569895029068,0.40930885076522827
55,25349,0.2346007078886032,1.330939769744873,,
55,25399,0.07955776900053024,1.1930816173553467,,
55,25449,0.033282484859228134,0.9863457679748535,,
55,25499,0.0344601608812809,1.0053141117095947,,
55,25549,0.036070700734853745,0.8649742603302002,,
55,25599,0.013558121398091316,1.3674535751342773,,
55,25649,0.026024000719189644,0.8847877383232117,,
55,25699,0.024645496159791946,0.9330990314483643,,
55,25749,0.021565530449151993,1.660602331161499,,
55,25759,,,0.34222233295440674,0.38991284370422363
56,25799,0.08990345895290375,0.8346540927886963,,
56,25849,0.04197657108306885,0.9716895818710327,,
56,25899,0.07237094640731812,0.8981388807296753,,
56,25949,0.17179735004901886,0.8201208114624023,,
56,25999,0.02033567801117897,0.9734667539596558,,
56,26049,0.08440476655960083,0.7770794034004211,,
56,26099,0.024676769971847534,0.8081690669059753,,
56,26149,0.08104076981544495,1.6193742752075195,,
56,26199,0.08988276869058609,1.136237621307373,,
56,26219,,,0.3447219729423523,0.42687493562698364
57,26249,0.045707136392593384,1.1731537580490112,,
57,26299,0.11931105703115463,1.0128041505813599,,
57,26349,0.03438885509967804,1.0715664625167847,,
57,26399,0.029166795313358307,1.2460179328918457,,
57,26449,0.0468439981341362,1.0044540166854858,,
57,26499,0.031108815222978592,0.9091882109642029,,
57,26549,0.013559503480792046,0.9868113994598389,,
57,26599,0.05568362772464752,1.5744436979293823,,
57,26649,0.1174696683883667,1.176509141921997,,
57,26679,,,0.3433266580104828,0.42860862612724304
58,26699,0.08741781115531921,0.833693265914917,,
58,26749,0.0365048348903656,1.0531625747680664,,
58,26799,0.12557847797870636,1.021568775177002,,
58,26849,0.021242309361696243,1.3752532005310059,,
58,26899,0.06397087872028351,0.8697090148925781,,
58,26949,0.3019257187843323,0.23769450187683105,,
58,26999,0.032189372926950455,1.3303284645080566,,
58,27049,0.0326690636575222,1.3022007942199707,,
58,27099,0.022335786372423172,1.2609891891479492,,
58,27139,,,0.36897632479667664,0.393639475107193
59,27149,0.036717548966407776,0.9656399488449097,,
59,27199,0.09825126826763153,1.2490053176879883,,
59,27249,0.01563921570777893,0.9697719812393188,,
59,27299,0.3241501450538635,1.034290075302124,,
59,27349,0.02025921456515789,1.10093092918396,,
59,27399,0.08438210934400558,0.8859496116638184,,
59,27449,0.12294422835111618,1.0188028812408447,,
59,27499,0.12301032245159149,0.6842401027679443,,
59,27549,0.013675815425813198,1.7628180980682373,,
59,27599,0.016389336436986923,0.8187370300292969,,
59,27599,,,0.34127092361450195,0.3833066523075104
60,27649,0.10106342285871506,0.8513847589492798,,
60,27699,0.04254787415266037,1.1551752090454102,,
60,27749,0.16486263275146484,1.0510790348052979,,
60,27799,0.06897467374801636,1.041567087173462,,
60,27849,0.15690983831882477,1.357835292816162,,
60,27899,0.02412688359618187,1.089158296585083,,
60,27949,0.23828226327896118,1.3456608057022095,,
60,27999,0.012972299940884113,1.0465238094329834,,
60,28049,0.08666931092739105,1.0002830028533936,,
60,28059,,,0.32797273993492126,0.42708441615104675
61,28099,0.02667795680463314,1.2841302156448364,,
61,28149,0.045125555247068405,1.1768033504486084,,
61,28199,0.017487838864326477,0.7094154357910156,,
61,28249,0.022552285343408585,1.1201486587524414,,
61,28299,0.04287509247660637,0.592751145362854,,
61,28349,0.04066629335284233,1.3943674564361572,,
61,28399,0.058380499482154846,0.5266138911247253,,
61,28449,0.03717926889657974,1.3578166961669922,,
61,28499,0.026345515623688698,1.1027376651763916,,
61,28519,,,0.35641324520111084,0.43154728412628174
62,28549,0.0738588348031044,1.351115345954895,,
62,28599,0.03528663516044617,0.7788490056991577,,
62,28649,0.13961616158485413,0.44737985730171204,,
62,28699,0.05895102769136429,1.3109092712402344,,
62,28749,0.03218040615320206,0.7006653547286987,,
62,28799,0.015765659511089325,1.0277886390686035,,
62,28849,0.022849706932902336,1.1799492835998535,,
62,28899,0.1489814966917038,1.2827789783477783,,
62,28949,0.07176045328378677,0.5973674058914185,,
62,28979,,,0.3686444163322449,0.3576119542121887
63,28999,0.03241753578186035,0.8480696678161621,,
63,29049,0.07038305699825287,1.225539207458496,,
63,29099,0.023287810385227203,0.8146557807922363,,
63,29149,0.07394888252019882,0.858879804611206,,
63,29199,0.10255070775747299,1.0239801406860352,,
63,29249,0.028361737728118896,0.75623619556427,,
63,29299,0.02680322900414467,0.6386237144470215,,
63,29349,0.04587746411561966,1.014223575592041,,
63,29399,0.0990162119269371,1.4905781745910645,,
63,29439,,,0.3498019874095917,0.3793647885322571
64,29449,0.03495900705456734,1.1690843105316162,,
64,29499,0.023783817887306213,1.2522525787353516,,
64,29549,0.030005179345607758,0.7551941275596619,,
64,29599,0.037733837962150574,0.7529322504997253,,
64,29649,0.23193903267383575,0.9701322913169861,,
64,29699,0.10097327828407288,1.6572983264923096,,
64,29749,0.028508350253105164,1.0999979972839355,,
64,29799,0.015165960416197777,0.8702865242958069,,
64,29849,0.020323025062680244,1.1018481254577637,,
64,29899,0.085298091173172,0.7734460830688477,,
64,29899,,,0.34936922788619995,0.43677812814712524
65,29949,0.06464244425296783,1.313072919845581,,
65,29999,0.05399102345108986,1.4855496883392334,,
65,30049,0.016828356310725212,1.245171070098877,,
65,30099,0.019752465188503265,1.1338744163513184,,
65,30149,0.030316278338432312,1.1278564929962158,,
65,30199,0.4304095506668091,1.790191650390625,,
65,30249,0.024603769183158875,1.1342756748199463,,
65,30299,0.04485699161887169,0.9129205346107483,,
65,30349,0.036245279014110565,1.0755047798156738,,
65,30359,,,0.32606449723243713,0.3674373924732208
66,30399,0.014672916382551193,0.6699296236038208,,
66,30449,0.01575212925672531,1.216630220413208,,
66,30499,0.119786836206913,0.7332298755645752,,
66,30549,0.08932948112487793,1.184529185295105,,
66,30599,0.11997238546609879,1.203080415725708,,
66,30649,0.013939456082880497,0.797343373298645,,
66,30699,0.052905045449733734,0.8528933525085449,,
66,30749,0.008865848183631897,1.0210810899734497,,
66,30799,0.1149725466966629,1.2213391065597534,,
66,30819,,,0.31999731063842773,0.430995911359787
67,30849,0.13913443684577942,0.5170351266860962,,
67,30899,0.06386426091194153,1.3462578058242798,,
67,30949,0.07719381153583527,1.3625925779342651,,
67,30999,0.026241520419716835,0.969995379447937,,
67,31049,0.012224579229950905,1.173729658126831,,
67,31099,0.014627187512814999,1.2230994701385498,,
67,31149,0.12274809181690216,0.9216638207435608,,
67,31199,0.023275122046470642,0.9275342226028442,,
67,31249,0.03773215413093567,1.2320349216461182,,
67,31279,,,0.3594377338886261,0.3661338686943054
68,31299,0.09584881365299225,1.1616437435150146,,
68,31349,0.04183864966034889,0.8755689859390259,,
68,31399,0.026610150933265686,1.016363263130188,,
68,31449,0.029440872371196747,0.823091983795166,,
68,31499,0.017710495740175247,0.9150645136833191,,
68,31549,0.037337370216846466,1.1659117937088013,,
68,31599,0.04853140935301781,0.6566959619522095,,
68,31649,0.013631856068968773,1.3137741088867188,,
68,31699,0.11333993077278137,0.6759634017944336,,
68,31739,,,0.33899348974227905,0.45658865571022034
69,31749,0.08498755097389221,0.7476517558097839,,
69,31799,0.3351035714149475,1.4075257778167725,,
69,31849,0.029416872188448906,0.6738405227661133,,
69,31899,0.04615619033575058,0.6631200313568115,,
69,31949,0.10883229970932007,2.2992029190063477,,
69,31999,0.016065550968050957,0.9017097353935242,,
69,32049,0.015065561980009079,1.04860258102417,,
69,32099,0.08587701618671417,0.9740283489227295,,
69,32149,0.06405821442604065,0.9945811629295349,,
69,32199,0.021354885771870613,0.7192677855491638,,
69,32199,,,0.35064563155174255,0.34091317653656006
70,32249,0.05372808128595352,0.9886386394500732,,
70,32299,0.11421506851911545,0.707181453704834,,
70,32349,0.051911573857069016,1.2082031965255737,,
70,32399,0.06344014406204224,0.7070726156234741,,
70,32449,0.1246909573674202,0.792737603187561,,
70,32499,0.013632958754897118,1.2565667629241943,,
70,32549,0.02105417102575302,1.002967119216919,,
70,32599,0.0844314694404602,1.278209924697876,,
70,32649,0.019006740301847458,0.7975495457649231,,
70,32659,,,0.3406257629394531,0.4403504729270935
71,32699,0.07736603915691376,0.6186589598655701,,
71,32749,0.12972724437713623,0.9091317057609558,,
71,32799,0.058124348521232605,1.3104498386383057,,
71,32849,0.030157849192619324,0.8649294376373291,,
71,32899,0.030773501843214035,0.9368140697479248,,
71,32949,0.07932944595813751,1.1270272731781006,,
71,32999,0.02283637225627899,0.9449424147605896,,
71,33049,0.013253029435873032,1.1319518089294434,,
71,33099,0.02775304950773716,1.1907038688659668,,
71,33119,,,0.34784042835235596,0.4290664494037628
72,33149,0.014029774814844131,1.279538631439209,,
72,33199,0.012636037543416023,0.6631218194961548,,
72,33249,0.01789916679263115,1.0094354152679443,,
72,33299,0.05022450536489487,0.7456762194633484,,
72,33349,0.06009558215737343,0.7692210078239441,,
72,33399,0.13707266747951508,1.370920181274414,,
72,33449,0.016841106116771698,1.223970890045166,,
72,33499,0.04234372079372406,1.1991722583770752,,
72,33549,0.03926408663392067,0.692516565322876,,
72,33579,,,0.3607906997203827,0.3569174110889435
73,33599,0.0401354655623436,0.909243106842041,,
73,33649,0.014559376984834671,1.2016193866729736,,
73,33699,0.016305899247527122,0.9563805460929871,,
73,33749,0.0309655349701643,1.0438894033432007,,
73,33799,0.028867051005363464,1.004817008972168,,
73,33849,0.08340702950954437,1.128374695777893,,
73,33899,0.009562471881508827,0.9281168580055237,,
73,33949,0.03468117117881775,1.091902256011963,,
73,33999,0.11436646431684494,0.6604154109954834,,
73,34039,,,0.3717384338378906,0.32952067255973816
74,34049,0.06310462206602097,0.7478224039077759,,
74,34099,0.044088952243328094,1.2474899291992188,,
74,34149,0.10016396641731262,1.4953640699386597,,
74,34199,0.014829138293862343,0.6677265763282776,,
74,34249,0.02930547297000885,0.9168293476104736,,
74,34299,0.03199871629476547,0.8297681212425232,,
74,34349,0.025263378396630287,1.280057668685913,,
74,34399,0.059089113026857376,1.2520132064819336,,
74,34449,0.03036860004067421,1.059899091720581,,
74,34499,0.010921357199549675,1.0652424097061157,,
74,34499,,,0.3418940305709839,0.3881412148475647
75,34549,0.03759678825736046,0.9259873628616333,,
75,34599,0.07558061182498932,0.8212257623672485,,
75,34649,0.060464005917310715,0.5631415843963623,,
75,34699,0.01593329757452011,1.2151638269424438,,
75,34749,0.024289831519126892,1.127143383026123,,
75,34799,0.016397422179579735,0.9490228891372681,,
75,34849,0.0424937978386879,1.5485351085662842,,
75,34899,0.07280267775058746,0.4431125521659851,,
75,34949,0.015704398974776268,1.2048929929733276,,
75,34959,,,0.3577061593532562,0.35274365544319153
76,34999,0.09244320541620255,1.2793244123458862,,
76,35049,0.03165498003363609,0.750321626663208,,
76,35099,0.015960760414600372,0.9129894971847534,,
76,35149,0.014938163571059704,1.016833782196045,,
76,35199,0.02088618278503418,1.3900172710418701,,
76,35249,0.0411539152264595,1.2047133445739746,,
76,35299,0.0514778271317482,1.2314670085906982,,
76,35349,0.045347679406404495,1.1210418939590454,,
76,35399,0.05968397110700607,0.646895706653595,,
76,35419,,,0.37407195568084717,0.3946877717971802
77,35449,0.07571825385093689,0.48932769894599915,,
77,35499,0.03596898540854454,0.5859675407409668,,
77,35549,0.04299509897828102,1.070141077041626,,
77,35599,0.03199118748307228,0.5630478858947754,,
77,35649,0.04181065410375595,1.1340324878692627,,
77,35699,0.02213691920042038,0.8121309876441956,,
77,35749,0.022118020802736282,1.150197982788086,,
77,35799,0.022628825157880783,1.194357991218567,,
77,35849,0.05652818828821182,0.6018514633178711,,
77,35879,,,0.37479454278945923,0.43289974331855774
78,35899,0.026190433651208878,1.3342750072479248,,
78,35949,0.044990263879299164,1.3036683797836304,,
78,35999,0.014721492305397987,1.0685029029846191,,
78,36049,0.06049555540084839,1.7019295692443848,,
78,36099,0.02561701089143753,1.2265809774398804,,
78,36149,0.02851124294102192,0.63165283203125,,
78,36199,0.0220990888774395,1.7213635444641113,,
78,36249,0.09068607538938522,1.0086698532104492,,
78,36299,0.015484247356653214,1.503597378730774,,
78,36339,,,0.38452091813087463,0.39304319024086
79,36349,0.05789094418287277,1.6836844682693481,,
79,36399,0.07447352260351181,1.2788277864456177,,
79,36449,0.03508412465453148,0.4108036458492279,,
79,36499,0.012576280161738396,0.7448667287826538,,
79,36549,0.09345810860395432,0.6084392070770264,,
79,36599,0.02448662742972374,1.0386031866073608,,
79,36649,0.04484863951802254,0.5968755483627319,,
79,36699,0.09486160427331924,1.0115346908569336,,
79,36749,0.013837299309670925,1.0959328413009644,,
79,36799,0.02024977281689644,0.9555463194847107,,
79,36799,,,0.33825504779815674,0.4116080403327942
80,36849,0.04683742672204971,0.8481979370117188,,
80,36899,0.0576329380273819,0.9525466561317444,,
80,36949,0.17994293570518494,0.4632717967033386,,
80,36999,0.01692068949341774,0.982062578201294,,
80,37049,0.08030544221401215,0.9605392217636108,,
80,37099,0.029813459143042564,0.8359350562095642,,
80,37149,0.014093408361077309,1.213026762008667,,
80,37199,0.09987305104732513,0.7184876203536987,,
80,37249,0.029256340116262436,1.1656019687652588,,
80,37259,,,0.35850849747657776,0.40248480439186096
81,37299,0.0395759716629982,1.1721667051315308,,
81,37349,0.01778183877468109,0.7917317748069763,,
81,37399,0.13992658257484436,0.7948482036590576,,
81,37449,0.0905270203948021,0.9474647641181946,,
81,37499,0.1054810956120491,1.2335941791534424,,
81,37549,0.01727849617600441,1.059312105178833,,
81,37599,0.01762707531452179,0.9446988701820374,,
81,37649,0.03995293378829956,1.153704285621643,,
81,37699,0.07833494991064072,1.3289703130722046,,
81,37719,,,0.34439265727996826,0.40332525968551636
82,37749,0.1036224365234375,1.4503750801086426,,
82,37799,0.05557630956172943,0.8234837055206299,,
82,37849,0.12492630630731583,0.9818160533905029,,
82,37899,0.010544804856181145,0.7712998390197754,,
82,37949,0.03125514090061188,0.9308046102523804,,
82,37999,0.014840345829725266,0.999224066734314,,
82,38049,0.02006598189473152,1.0938496589660645,,
82,38099,0.017285719513893127,0.7400838136672974,,
82,38149,0.09486864507198334,0.9282854199409485,,
82,38179,,,0.36147457361221313,0.3490726351737976
83,38199,0.037713997066020966,0.7905385494232178,,
83,38249,0.11590372025966644,0.7314372062683105,,
83,38299,0.02632332220673561,0.930915355682373,,
83,38349,0.039908912032842636,0.9150757789611816,,
83,38399,0.032996177673339844,0.8022915124893188,,
83,38449,0.0064416308887302876,1.051389455795288,,
83,38499,0.025375695899128914,1.3134236335754395,,
83,38549,0.03308892995119095,0.6705297231674194,,
83,38599,0.07019736617803574,0.8337324857711792,,
83,38639,,,0.3590312600135803,0.3414778411388397
84,38649,0.0125912269577384,0.958321213722229,,
84,38699,0.018462907522916794,0.6736549139022827,,
84,38749,0.013982860371470451,1.3976750373840332,,
84,38799,0.09105187654495239,1.3976246118545532,,
84,38849,0.02648400515317917,1.0403348207473755,,
84,38899,0.04988090321421623,0.7940201163291931,,
84,38949,0.06804358214139938,0.7740302681922913,,
84,38999,0.11984159797430038,0.5802475810050964,,
84,39049,0.08243315666913986,0.9374217987060547,,
84,39099,0.02490777149796486,1.2699326276779175,,
84,39099,,,0.35636937618255615,0.40067747235298157
85,39149,0.18751664459705353,0.5970672369003296,,
85,39199,0.06695789843797684,1.093074083328247,,
85,39249,0.09257683902978897,1.0855436325073242,,
85,39299,0.02003912255167961,1.1466662883758545,,
85,39349,0.05531305447220802,0.5743666291236877,,
85,39399,0.025463026016950607,0.7505463361740112,,
85,39449,0.07886277884244919,1.0339164733886719,,
85,39499,0.031885966658592224,0.7893662452697754,,
85,39549,0.0496663898229599,0.857850968837738,,
85,39559,,,0.3827539384365082,0.3504946529865265
86,39599,0.06728830933570862,0.8256123065948486,,
86,39649,0.011412983760237694,1.0130515098571777,,
86,39699,0.07881052792072296,0.7437463998794556,,
86,39749,0.08857100456953049,1.4234304428100586,,
86,39799,0.06096201390028,0.7640074491500854,,
86,39849,0.009822690859436989,1.08803129196167,,
86,39899,0.03916213661432266,1.0361783504486084,,
86,39949,0.06691829860210419,0.6997217535972595,,
86,39999,0.16434329748153687,0.7317367792129517,,
86,40019,,,0.366784930229187,0.2844914197921753
87,40049,0.048244018107652664,1.327020287513733,,
87,40099,0.010827314108610153,0.948694109916687,,
87,40149,0.09907019138336182,1.5649718046188354,,
87,40199,0.021948859095573425,1.2092132568359375,,
87,40249,0.045269545167684555,1.0033560991287231,,
87,40299,0.030074510723352432,1.3648017644882202,,
87,40349,0.17122963070869446,0.44093796610832214,,
87,40399,0.06884186714887619,1.2628285884857178,,
87,40449,0.06160290911793709,1.426780343055725,,
87,40479,,,0.35968348383903503,0.3667052388191223
88,40499,0.009065166115760803,0.9690302610397339,,
88,40549,0.03667394444346428,1.201064109802246,,
88,40599,0.03233987092971802,1.1358642578125,,
88,40649,0.015247000381350517,1.083965539932251,,
88,40699,0.01673215441405773,0.7464114427566528,,
88,40749,0.08240601420402527,0.7853975296020508,,
88,40799,0.03675941005349159,1.044751763343811,,
88,40849,0.02891024574637413,1.1559617519378662,,
88,40899,0.06052805855870247,0.7287484407424927,,
88,40939,,,0.40219739079475403,0.2985897660255432
89,40949,0.03160031884908676,0.5992125272750854,,
89,40999,0.09189064800739288,0.7320579886436462,,
89,41049,0.023782387375831604,0.9423215985298157,,
89,41099,0.015918981283903122,0.8396764993667603,,
89,41149,0.08482197672128677,0.9480277895927429,,
89,41199,0.09343232959508896,0.6768937110900879,,
89,41249,0.09084899723529816,0.801581621170044,,
89,41299,0.025422144681215286,0.9167876243591309,,
89,41349,0.030474267899990082,0.9091633558273315,,
89,41399,0.05410141497850418,1.4351370334625244,,
89,41399,,,0.3593621850013733,0.4263042211532593
90,41449,0.43112409114837646,0.19490961730480194,,
90,41499,0.06501314043998718,0.7566485404968262,,
90,41549,0.0546211414039135,0.9041073322296143,,
90,41599,0.027786681428551674,0.9741267561912537,,
90,41649,0.031215591356158257,1.0074188709259033,,
90,41699,0.01582052744925022,1.034247636795044,,
90,41749,0.1166660487651825,1.6748194694519043,,
90,41799,0.05538061261177063,0.5505653619766235,,
90,41849,0.016016606241464615,1.107675552368164,,
90,41859,,,0.3746691048145294,0.35611462593078613
91,41899,0.13524053990840912,1.1072564125061035,,
91,41949,0.02541792392730713,1.0282644033432007,,
91,41999,0.0450180247426033,1.1923707723617554,,
91,42049,0.015320428647100925,0.9602830410003662,,
91,42099,0.011993767693638802,0.7640129923820496,,
91,42149,0.04500602185726166,0.5839132070541382,,
91,42199,0.09593554586172104,1.0056934356689453,,
91,42249,0.05289815738797188,0.8211466670036316,,
91,42299,0.061217233538627625,1.0659611225128174,,
91,42319,,,0.34404611587524414,0.44978609681129456
92,42349,0.08333089202642441,0.8970453143119812,,
92,42399,0.08518557250499725,0.6042170524597168,,
92,42449,0.014671918004751205,0.9589343070983887,,
92,42499,0.11387594044208527,0.6198455095291138,,
92,42549,0.07129696756601334,1.281488060951233,,
92,42599,0.015825439244508743,1.1308581829071045,,
92,42649,0.017475660890340805,0.9247933030128479,,
92,42699,0.025329941883683205,1.213332176208496,,
92,42749,0.016944050788879395,1.3043321371078491,,
92,42779,,,0.3475817143917084,0.36593443155288696
93,42799,0.012796828523278236,0.9901880621910095,,
93,42849,0.03610694780945778,0.8287557363510132,,
93,42899,0.058308329433202744,1.0351322889328003,,
93,42949,0.02095159702003002,0.8787654638290405,,
93,42999,0.02847284823656082,1.074652910232544,,
93,43049,0.06809212267398834,0.5465768575668335,,
93,43099,0.09454600512981415,0.7037757635116577,,
93,43149,0.11224338412284851,1.6446174383163452,,
93,43199,0.01781197264790535,0.8783882856369019,,
93,43239,,,0.34814900159835815,0.3688414692878723
94,43249,0.024009156972169876,0.6882116198539734,,
94,43299,0.015261759050190449,0.8335953950881958,,
94,43349,0.027534758672118187,1.2996081113815308,,
94,43399,0.03328939527273178,1.1269264221191406,,
94,43449,0.018393194302916527,0.7601473331451416,,
94,43499,0.04585728049278259,1.0756068229675293,,
94,43549,0.02425329200923443,1.3285036087036133,,
94,43599,0.009419092908501625,1.095686674118042,,
94,43649,0.05034244805574417,1.0870329141616821,,
94,43699,0.0646120086312294,0.8379751443862915,,
94,43699,,,0.3468446135520935,0.3505328893661499
95,43749,0.03791816532611847,1.1529450416564941,,
95,43799,0.13906051218509674,0.8951569199562073,,
95,43849,0.03988106548786163,1.4741103649139404,,
95,43899,0.019273361191153526,1.2895822525024414,,
95,43949,0.17499126493930817,0.9122093915939331,,
95,43999,0.0175730399787426,1.2569276094436646,,
95,44049,0.0649762898683548,0.5116564035415649,,
95,44099,0.04304823651909828,1.0505988597869873,,
95,44149,0.06538326293230057,0.8354522585868835,,
95,44159,,,0.37324151396751404,0.27110999822616577
96,44199,0.09946820884943008,1.4632829427719116,,
96,44249,0.07208853960037231,0.7502334117889404,,
96,44299,0.014956719242036343,1.2573814392089844,,
96,44349,0.03664164990186691,1.0137379169464111,,
96,44399,0.012649573385715485,0.9899014234542847,,
96,44449,0.043725140392780304,1.0335125923156738,,
96,44499,0.022996244952082634,1.008801817893982,,
96,44549,0.03725358471274376,1.0808520317077637,,
96,44599,0.11710784584283829,1.5965352058410645,,
96,44619,,,0.3662065267562866,0.30310922861099243
97,44649,0.11489532887935638,1.467208743095398,,
97,44699,0.07469925284385681,1.1803150177001953,,
97,44749,0.07416816800832748,0.7384347319602966,,
97,44799,0.017599010840058327,0.8932994604110718,,
97,44849,0.10455144196748734,1.311976671218872,,
97,44899,0.02214791253209114,1.1172170639038086,,
97,44949,0.08677839487791061,0.6664153337478638,,
97,44999,0.019105292856693268,1.2474496364593506,,
97,45049,0.03660733997821808,1.3052923679351807,,
97,45079,,,0.3552689254283905,0.34576550126075745
98,45099,0.01648816652595997,1.1814465522766113,,
98,45149,0.1655624955892563,1.1040360927581787,,
98,45199,0.03461884707212448,1.0161950588226318,,
98,45249,0.013045771047472954,1.368504524230957,,
98,45299,0.44896331429481506,1.1621649265289307,,
98,45349,0.03586798533797264,1.3682293891906738,,
98,45399,0.010574381798505783,0.984695315361023,,
98,45449,0.025498850271105766,0.669033944606781,,
98,45499,0.09072621166706085,0.6365270614624023,,
98,45539,,,0.3390140235424042,0.4259898066520691
99,45549,0.043085306882858276,0.8592411279678345,,
99,45599,0.051035892218351364,0.5829759836196899,,
99,45649,0.0748506486415863,0.6910222768783569,,
99,45699,0.04182550311088562,1.250117540359497,,
99,45749,0.05067017674446106,0.7669839859008789,,
99,45799,0.0155112873762846,1.0430809259414673,,
99,45849,0.09808309376239777,1.1481707096099854,,
99,45899,0.020302046090364456,1.259621024131775,,
99,45949,0.062089331448078156,0.9710692167282104,,
99,45999,0.022756872698664665,1.6457805633544922,,
99,45999,,,0.3519687056541443,0.4530579745769501
100,46049,0.01677531562745571,1.2453285455703735,,
100,46099,0.013659413903951645,0.8307525515556335,,
100,46149,0.02844577468931675,1.133218765258789,,
100,46199,0.02333991229534149,1.524597406387329,,
100,46249,0.010789490304887295,1.2835595607757568,,
100,46299,0.018854107707738876,1.3575959205627441,,
100,46349,0.061959877610206604,0.5764322280883789,,
100,46399,0.049152921885252,1.404628872871399,,
100,46449,0.12381873279809952,0.844822347164154,,
100,46459,,,0.3454402983188629,0.3611604869365692
101,46499,0.19982455670833588,0.8447114825248718,,
101,46549,0.016094962134957314,1.2483394145965576,,
101,46599,0.053958095610141754,0.8182255029678345,,
101,46649,0.010402383282780647,1.1956162452697754,,
101,46699,0.028473345562815666,0.8890597820281982,,
101,46749,0.013371938839554787,1.3250460624694824,,
101,46799,0.03838512673974037,1.714505672454834,,
101,46849,0.02062673307955265,0.8103208541870117,,
101,46899,0.09704627096652985,0.6376951932907104,,
101,46919,,,0.3353729844093323,0.36385101079940796
102,46949,0.04306114837527275,0.708425760269165,,
102,46999,0.014237191528081894,0.960066020488739,,
102,47049,0.03052367828786373,0.6372599601745605,,
102,47099,0.04610349237918854,1.0947637557983398,,
102,47149,0.0428047776222229,1.2200028896331787,,
102,47199,0.14742779731750488,0.5059162378311157,,
102,47249,0.045586928725242615,1.7344539165496826,,
102,47299,0.046391479671001434,1.0044338703155518,,
102,47349,0.08738452941179276,0.8003613948822021,,
102,47379,,,0.3710303008556366,0.3834344446659088
103,47399,0.044600971043109894,0.7900600433349609,,
103,47449,0.018446682021021843,0.7651646137237549,,
103,47499,0.024823028594255447,0.8743021488189697,,
103,47549,0.021076202392578125,0.8652837872505188,,
103,47599,0.028477199375629425,1.017391562461853,,
103,47649,0.04677267372608185,0.5746822357177734,,
103,47699,0.10135778039693832,0.8662018775939941,,
103,47749,0.03558388352394104,1.1709420680999756,,
103,47799,0.020754670724272728,0.9462317824363708,,
103,47839,,,0.35251089930534363,0.34300434589385986
104,47849,0.0166530329734087,0.7215136289596558,,
104,47899,0.08353103697299957,0.7150137424468994,,
104,47949,0.055004898458719254,1.0873860120773315,,
104,47999,0.0578467883169651,1.0474026203155518,,
104,48049,0.02140553668141365,1.2961732149124146,,
104,48099,0.10193192958831787,0.53339684009552,,
104,48149,0.011660001240670681,1.2984660863876343,,
104,48199,0.02525445818901062,1.017094373703003,,
104,48249,0.02853807434439659,0.9703724384307861,,
104,48299,0.03547762706875801,1.0121004581451416,,
104,48299,,,0.3773006796836853,0.31802308559417725
105,48349,0.017734689638018608,1.0347182750701904,,
105,48399,0.14689819514751434,0.6604424715042114,,
105,48449,0.05980265140533447,1.0866223573684692,,
105,48499,0.049202363938093185,1.7299926280975342,,
105,48549,0.05489581450819969,0.8420212268829346,,
105,48599,0.02343272790312767,1.4538838863372803,,
105,48649,0.016327202320098877,1.039393424987793,,
105,48699,0.011552570387721062,1.1021469831466675,,
105,48749,0.10213444381952286,0.9949231147766113,,
105,48759,,,0.3390929698944092,0.39789876341819763
106,48799,0.04822266846895218,1.2847689390182495,,
106,48849,0.04086033254861832,0.9613940715789795,,
106,48899,0.041530996561050415,1.057806134223938,,
106,48949,0.04437839239835739,1.3762891292572021,,
106,48999,0.01604442298412323,1.5991257429122925,,
106,49049,0.015707530081272125,0.8143587708473206,,
106,49099,0.0317208394408226,1.1283977031707764,,
106,49149,0.022720567882061005,1.0315710306167603,,
106,49199,0.06480246037244797,0.8363419771194458,,
106,49219,,,0.3521130383014679,0.34826409816741943
107,49249,0.07715815305709839,0.7161850333213806,,
107,49299,0.05967915803194046,0.5824617147445679,,
107,49349,0.04632767662405968,1.12799072265625,,
107,49399,0.033779386430978775,0.8938614726066589,,
107,49449,0.0192425474524498,0.9902762174606323,,
107,49499,0.11317673325538635,0.4980393648147583,,
107,49549,0.04515887051820755,0.8121954202651978,,
107,49599,0.02285836450755596,1.082329511642456,,
107,49649,0.07595112174749374,1.2177497148513794,,
107,49679,,,0.3836332857608795,0.27045127749443054
108,49699,0.1694931536912918,0.894645631313324,,
108,49749,0.05381148308515549,0.6714674234390259,,
108,49799,0.2427828460931778,1.3878498077392578,,
108,49849,0.22897221148014069,1.768951416015625,,
108,49899,0.05047793313860893,1.2558495998382568,,
108,49949,0.021124819293618202,0.7848925590515137,,
108,49999,0.04926849901676178,0.8922274112701416,,
108,50049,0.0377512164413929,1.0111466646194458,,
108,50099,0.06120383366942406,0.9591619968414307,,
108,50139,,,0.36502590775489807,0.3632960915565491
109,50149,0.02208944968879223,0.9957869648933411,,
109,50199,0.01932569593191147,1.448598861694336,,
109,50249,0.18305575847625732,1.8988803625106812,,
109,50299,0.063867948949337,1.201075553894043,,
109,50349,0.036611415445804596,1.1114435195922852,,
109,50399,0.08330225944519043,0.661088764667511,,
109,50449,0.0880618542432785,0.8018290400505066,,
109,50499,0.014957533217966557,1.3074078559875488,,
109,50549,0.02921241894364357,0.9061357975006104,,
109,50599,0.014127476140856743,0.796796441078186,,
109,50599,,,0.3416336178779602,0.34922072291374207
110,50649,0.030876565724611282,0.9791688323020935,,
110,50699,0.035584378987550735,1.0719497203826904,,
110,50749,0.04516683146357536,0.6740823984146118,,
110,50799,0.029511287808418274,0.867633044719696,,
110,50849,0.01706293784081936,1.2866733074188232,,
110,50899,0.04967165365815163,0.9587796330451965,,
110,50949,0.060104697942733765,0.6641989350318909,,
110,50999,0.019167982041835785,0.7883944511413574,,
110,51049,0.020450294017791748,1.0535438060760498,,
110,51059,,,0.35552388429641724,0.36475080251693726
111,51099,0.026468496769666672,1.038985013961792,,
111,51149,0.08438972383737564,1.0684202909469604,,
111,51199,0.03062652423977852,0.7445966005325317,,
111,51249,0.08290556073188782,0.7231127619743347,,
111,51299,0.08824954926967621,0.7610588073730469,,
111,51349,0.019887249916791916,0.9668276906013489,,
111,51399,0.08505470305681229,1.484637975692749,,
111,51449,0.045108579099178314,1.071720838546753,,
111,51499,0.05156045779585838,1.0983879566192627,,
111,51519,,,0.35994961857795715,0.3634105622768402
112,51549,0.05725609138607979,1.4132860898971558,,
112,51599,0.19914770126342773,0.678349494934082,,
112,51649,0.24827083945274353,1.4076509475708008,,
112,51699,0.2996330261230469,1.5176951885223389,,
112,51749,0.09486562758684158,0.8893851041793823,,
112,51799,0.00880989246070385,0.9486822485923767,,
112,51849,0.046063486486673355,0.8608952164649963,,
112,51899,0.035044897347688675,1.3441874980926514,,
112,51949,0.03291740268468857,0.758278489112854,,
112,51979,,,0.38237062096595764,0.36031264066696167
113,51999,0.017866484820842743,0.8791738748550415,,
113,52049,0.04187804460525513,1.5340533256530762,,
113,52099,0.02554672583937645,1.0095090866088867,,
113,52149,0.027251414954662323,1.1876895427703857,,
113,52199,0.02075858786702156,1.0850512981414795,,
113,52249,0.038783662021160126,0.938342809677124,,
113,52299,0.041526712477207184,1.1026208400726318,,
113,52349,0.015272324904799461,0.7757021188735962,,
113,52399,0.027907278388738632,1.2438480854034424,,
113,52439,,,0.37059932947158813,0.29242992401123047
114,52449,0.06680348515510559,1.2118552923202515,,
114,52499,0.024344798177480698,0.9785552024841309,,
114,52549,0.05451289936900139,1.0259053707122803,,
114,52599,0.1777079552412033,0.6523962020874023,,
114,52649,0.024446437135338783,1.2285192012786865,,
114,52699,0.054330505430698395,1.2241101264953613,,
114,52749,0.03538048639893532,1.298746109008789,,
114,52799,0.14142747223377228,0.5207584500312805,,
114,52849,0.011751515790820122,0.9387720823287964,,
114,52899,0.00935060903429985,1.3157453536987305,,
114,52899,,,0.34037092328071594,0.4028514325618744
115,52949,0.030856821686029434,0.8863756656646729,,
115,52999,0.08077790588140488,0.9327936172485352,,
115,53049,0.027575859799981117,0.8968389630317688,,
115,53099,0.034014102071523666,0.9204791784286499,,
115,53149,0.012170925736427307,1.09744393825531,,
115,53199,0.07662352919578552,1.0137150287628174,,
115,53249,0.03976479545235634,0.6576641201972961,,
115,53299,0.009680797345936298,0.7721489667892456,,
115,53349,0.06639133393764496,1.3614273071289062,,
115,53359,,,0.35175493359565735,0.35391297936439514
116,53399,0.030245032161474228,1.59067964553833,,
116,53449,0.05609912797808647,1.255821943283081,,
116,53499,0.03150450438261032,1.1314222812652588,,
116,53549,0.023773454129695892,1.2603048086166382,,
116,53599,0.08792430907487869,0.6111358404159546,,
116,53649,0.008351897820830345,0.9319394826889038,,
116,53699,0.05765580013394356,1.2342755794525146,,
116,53749,0.012983022257685661,1.220118522644043,,
116,53799,0.0439772829413414,1.248346209526062,,
116,53819,,,0.356038361787796,0.3677009344100952
117,53849,0.011328726075589657,0.7720435857772827,,
117,53899,0.044057950377464294,0.9740118384361267,,
117,53949,0.044273510575294495,1.5177778005599976,,
117,53999,0.037168268114328384,0.858677327632904,,
117,54049,0.009001588448882103,1.1209657192230225,,
117,54099,0.03498394414782524,1.5301976203918457,,
117,54149,0.04788247495889664,1.3998541831970215,,
117,54199,0.04396451264619827,0.6476041078567505,,
117,54249,0.03330570459365845,1.0317045450210571,,
117,54279,,,0.36356979608535767,0.3250156044960022
118,54299,0.041224464774131775,1.2745628356933594,,
118,54349,0.08181776851415634,0.6967782378196716,,
118,54399,0.016730226576328278,1.1618037223815918,,
118,54449,0.03682795539498329,0.9567990899085999,,
118,54499,0.025864338502287865,0.9465612173080444,,
118,54549,0.019489139318466187,1.2294602394104004,,
118,54599,0.059874821454286575,0.8942054510116577,,
118,54649,0.03798616677522659,1.0925102233886719,,
118,54699,0.03985168784856796,0.9667381048202515,,
118,54739,,,0.3539985716342926,0.42310774326324463
119,54749,0.033027540892362595,0.8251093626022339,,
119,54799,0.062208227813243866,1.1185345649719238,,
119,54849,0.017322761937975883,1.0887728929519653,,
119,54899,0.018999747931957245,1.0337445735931396,,
119,54949,0.02580130100250244,0.9455127716064453,,
119,54999,0.03774327412247658,0.8725924491882324,,
119,55049,0.011645746417343616,1.0887984037399292,,
119,55099,0.11958631128072739,1.4845657348632812,,
119,55149,0.018895164132118225,1.4500904083251953,,
119,55199,0.013556526973843575,0.948194146156311,,
119,55199,,,0.36622893810272217,0.3520815968513489
120,55249,0.07146956026554108,0.8083605766296387,,
120,55299,0.05008116364479065,0.9825336933135986,,
120,55349,0.019642837345600128,1.0890545845031738,,
120,55399,0.03911536559462547,1.5539820194244385,,
120,55449,0.09871887415647507,1.0802013874053955,,
120,55499,0.07684878259897232,1.071123480796814,,
120,55549,0.015937861055135727,0.7888577580451965,,
120,55599,0.02657313644886017,1.1924819946289062,,
120,55649,0.018582910299301147,0.7792291045188904,,
120,55659,,,0.3870948255062103,0.25229671597480774
121,55699,0.01375935785472393,1.2048383951187134,,
121,55749,0.07726458460092545,1.294287085533142,,
121,55799,0.022541886195540428,1.0812745094299316,,
121,55849,0.01927759498357773,0.8965305685997009,,
121,55899,0.01932932250201702,0.788192629814148,,
121,55949,0.03920210897922516,1.4786670207977295,,
121,55999,0.025655725970864296,0.9050579071044922,,
121,56049,0.029451537877321243,0.8748182058334351,,
121,56099,0.01846790686249733,1.0446243286132812,,
121,56119,,,0.3270738422870636,0.4010341763496399
122,56149,0.037795789539813995,0.9628141522407532,,
122,56199,0.07893888652324677,0.9044942259788513,,
122,56249,0.033312924206256866,1.1346523761749268,,
122,56299,0.0209374837577343,0.9897734522819519,,
122,56349,0.018247811123728752,1.0994163751602173,,
122,56399,0.019877221435308456,0.8287179470062256,,
122,56449,0.1471216082572937,1.3741319179534912,,
122,56499,0.0235793087631464,1.1599607467651367,,
122,56549,0.0367501899600029,0.9485750198364258,,
122,56579,,,0.36586302518844604,0.33649149537086487
123,56599,0.041038282215595245,0.8598639965057373,,
123,56649,0.0733950063586235,0.9360250234603882,,
123,56699,0.0680953711271286,0.8914850950241089,,
123,56749,0.020931178703904152,0.7198177576065063,,
123,56799,0.016106175258755684,1.0277880430221558,,
123,56849,0.08556651324033737,0.8186310529708862,,
123,56899,0.06649450957775116,0.474043071269989,,
123,56949,0.022896043956279755,1.0314819812774658,,
123,56999,0.027932502329349518,1.2556002140045166,,
123,57039,,,0.37981539964675903,0.4045769274234772
124,57049,0.015516642481088638,1.1437044143676758,,
124,57099,0.055535104125738144,0.9809776544570923,,
124,57149,0.16304144263267517,0.6277971267700195,,
124,57199,0.02472209557890892,1.0799145698547363,,
124,57249,0.01239622849971056,1.1205356121063232,,
124,57299,0.017750157043337822,0.853057861328125,,
124,57349,0.0340379923582077,0.7908281683921814,,
124,57399,0.026103550568223,0.8912444114685059,,
124,57449,0.13377533853054047,1.3943500518798828,,
124,57499,0.03884178772568703,1.3642656803131104,,
124,57499,,,0.37331444025039673,0.32343819737434387
125,57549,0.024977203458547592,0.8158684968948364,,
125,57599,0.051360271871089935,0.8567215204238892,,
125,57649,0.07871083915233612,1.8381081819534302,,
125,57699,0.014173519797623158,1.1042206287384033,,
125,57749,0.06716921925544739,0.9010281562805176,,
125,57799,0.036740586161613464,0.9033957719802856,,
125,57849,0.01956349052488804,1.007267713546753,,
125,57899,0.01419549435377121,0.8608627319335938,,
125,57949,0.01919441670179367,1.1054985523223877,,
125,57959,,,0.37997642159461975,0.33000248670578003
126,57999,0.036323659121990204,0.5961936712265015,,
126,58049,0.021488752216100693,1.006286382675171,,
126,58099,0.06038061901926994,0.8064453601837158,,
126,58149,0.020508456975221634,1.1203927993774414,,
126,58199,0.015569964423775673,1.188596487045288,,
126,58249,0.04311862960457802,0.9721775054931641,,
126,58299,0.041762277483940125,0.9461602568626404,,
126,58349,0.02259267121553421,0.8080562949180603,,
126,58399,0.010438693687319756,1.0701972246170044,,
126,58419,,,0.35874608159065247,0.30620914697647095
127,58449,0.00920332781970501,1.0190162658691406,,
127,58499,0.0826587975025177,0.9463115930557251,,
127,58549,0.0055107232183218,0.9337388873100281,,
127,58599,0.06766597181558609,0.6560772657394409,,
127,58649,0.28067973256111145,0.7693333029747009,,
127,58699,0.01835855469107628,1.3419843912124634,,
127,58749,0.03117206133902073,0.9229949712753296,,
127,58799,0.012531873770058155,1.061875581741333,,
127,58849,0.054917193949222565,0.7093523740768433,,
127,58879,,,0.3644756078720093,0.33772164583206177
128,58899,0.07525822520256042,0.8467190265655518,,
128,58949,0.03730851039290428,0.8029954433441162,,
128,58999,0.03290146216750145,0.8160228729248047,,
128,59049,0.026820359751582146,0.972307562828064,,
128,59099,0.015138586051762104,1.3193352222442627,,
128,59149,0.031024646013975143,1.0238468647003174,,
128,59199,0.028865167871117592,0.9645980596542358,,
128,59249,0.01322854496538639,0.9514042139053345,,
128,59299,0.01942184381186962,0.9503925442695618,,
128,59339,,,0.3585982322692871,0.3643415570259094
129,59349,0.01694501005113125,0.9358707666397095,,
129,59399,0.06075574830174446,0.5749527215957642,,
129,59449,0.04996289312839508,0.9403303861618042,,
129,59499,0.01437090989202261,1.0484822988510132,,
129,59549,0.014101728796958923,0.8552944660186768,,
129,59599,0.03768673166632652,1.1638562679290771,,
129,59649,0.03930005803704262,1.012376070022583,,
129,59699,0.031233593821525574,0.6035668253898621,,
129,59749,0.016640467569231987,1.3509118556976318,,
129,59799,0.0487767793238163,1.2380421161651611,,
129,59799,,,0.3608255386352539,0.33153244853019714
130,59849,0.03624052181839943,1.1793851852416992,,
130,59899,0.06414074450731277,0.6748390197753906,,
130,59949,0.02464844472706318,1.1610620021820068,,
130,59999,0.24555830657482147,0.4038120210170746,,
130,60049,0.03310243412852287,1.0972659587860107,,
130,60099,0.029407599940896034,0.8544344902038574,,
130,60149,0.09369399398565292,0.3674599528312683,,
130,60199,0.031161462888121605,1.1014151573181152,,
130,60249,0.14854662120342255,1.5914373397827148,,
130,60259,,,0.3676667809486389,0.33225810527801514
131,60299,0.0669928565621376,0.9291437268257141,,
131,60349,0.011554804630577564,0.9203156232833862,,
131,60399,0.014188823290169239,0.9830607175827026,,
131,60449,0.014537548646330833,1.0351574420928955,,
131,60499,0.02758023329079151,0.9451223015785217,,
131,60549,0.04056344926357269,0.8211151361465454,,
131,60599,0.32609859108924866,0.9207823872566223,,
131,60649,0.020007098093628883,0.7666009664535522,,
131,60699,0.02101624384522438,1.085944414138794,,
131,60719,,,0.3477441966533661,0.35594791173934937
132,60749,0.023058772087097168,1.0121138095855713,,
132,60799,0.024583451449871063,1.5640344619750977,,
132,60849,0.025447584688663483,1.0205574035644531,,
132,60899,0.03584564849734306,0.9296792149543762,,
132,60949,0.00931459665298462,0.9426063299179077,,
132,60999,0.13415467739105225,0.8445562124252319,,
132,61049,0.006129829213023186,0.9320897459983826,,
132,61099,0.060833580791950226,0.7144203186035156,,
132,61149,0.01891477406024933,1.0646679401397705,,
132,61179,,,0.36429545283317566,0.4086131155490875
133,61199,0.10373418778181076,1.0259532928466797,,
133,61249,0.048813145607709885,0.7045398950576782,,
133,61299,0.0676623210310936,0.9188700914382935,,
133,61349,0.03403891623020172,0.9792648553848267,,
133,61399,0.09789461642503738,1.247389793395996,,
133,61449,0.08550629019737244,1.1901414394378662,,
133,61499,0.03015906549990177,1.043152093887329,,
133,61549,0.04411456361413002,0.7620688676834106,,
133,61599,0.005848889239132404,1.2945635318756104,,
133,61639,,,0.3673771619796753,0.3565883934497833
134,61649,0.062414854764938354,0.6566175222396851,,
134,61699,0.029757041484117508,1.0257306098937988,,
134,61749,0.04109394922852516,0.8035209774971008,,
134,61799,0.05968773737549782,0.7403266429901123,,
134,61849,0.03625424951314926,0.8382225632667542,,
134,61899,0.038472432643175125,1.466910481452942,,
134,61949,0.016830142587423325,0.8927122354507446,,
134,61999,0.08178228884935379,1.0727977752685547,,
134,62049,0.04163123667240143,1.5595157146453857,,
134,62099,0.09787190705537796,0.59348464012146,,
134,62099,,,0.35009682178497314,0.3720235228538513
135,62149,0.07551190257072449,0.5862041115760803,,
135,62199,0.05383864790201187,0.8812322616577148,,
135,62249,0.09832975268363953,0.8415366411209106,,
135,62299,0.012709124945104122,1.3822458982467651,,
135,62349,0.013562226668000221,0.8404102325439453,,
135,62399,0.04992111772298813,0.6549946069717407,,
135,62449,0.042456015944480896,1.039828896522522,,
135,62499,0.025804324075579643,1.0058832168579102,,
135,62549,0.06120471656322479,0.7762777209281921,,
135,62559,,,0.3614157736301422,0.3184286057949066
136,62599,0.07930693030357361,0.973268985748291,,
136,62649,0.021178221330046654,0.7686432600021362,,
136,62699,0.019663728773593903,0.948351263999939,,
136,62749,0.0270693376660347,0.9505065679550171,,
136,62799,0.10565729439258575,0.8640338778495789,,
136,62849,0.01279645599424839,1.0717095136642456,,
136,62899,0.014378167688846588,1.0657405853271484,,
136,62949,0.0429440401494503,0.9536643624305725,,
136,62999,0.025685254484415054,1.2721649408340454,,
136,63019,,,0.3643733263015747,0.3255818486213684
137,63049,0.04324857145547867,0.7587110996246338,,
137,63099,0.025647420436143875,1.4297418594360352,,
137,63149,0.0226945448666811,0.5041482448577881,,
137,63199,0.050700630992650986,1.6574780941009521,,
137,63249,0.018743332475423813,0.946366548538208,,
137,63299,0.05271401256322861,1.0157151222229004,,
137,63349,0.05738677829504013,0.6012129783630371,,
137,63399,0.02405739203095436,0.8460654020309448,,
137,63449,0.06430481374263763,0.8676474690437317,,
137,63479,,,0.3724215030670166,0.40487074851989746
138,63499,0.07009777426719666,0.9765946269035339,,
138,63549,0.0924258604645729,1.014841914176941,,
138,63599,0.013354823924601078,1.0805532932281494,,
138,63649,0.12668436765670776,0.8425846695899963,,
138,63699,0.05001738667488098,0.6097675561904907,,
138,63749,0.028100289404392242,1.0070850849151611,,
138,63799,0.06947920471429825,0.6608055830001831,,
138,63849,0.052160099148750305,1.0681991577148438,,
138,63899,0.08077745139598846,0.805668294429779,,
138,63939,,,0.35225173830986023,0.36143752932548523
139,63949,0.029321549460291862,1.1163325309753418,,
139,63999,0.0739741250872612,1.1366961002349854,,
139,64049,0.008740657940506935,1.123563289642334,,
139,64099,0.18436576426029205,0.3403560519218445,,
139,64149,0.05601606145501137,1.2798452377319336,,
139,64199,0.010715793818235397,1.1631193161010742,,
139,64249,0.187257319688797,1.500626802444458,,
139,64299,0.10312419384717941,1.1383862495422363,,
139,64349,0.018619878217577934,0.8284318447113037,,
139,64399,0.03758438304066658,1.4309345483779907,,
139,64399,,,0.3418278098106384,0.3854711353778839
140,64449,0.016798971220850945,0.7532811164855957,,
140,64499,0.045174047350883484,1.531640887260437,,
140,64549,0.012229572050273418,1.1790199279785156,,
140,64599,0.031293369829654694,0.8537924289703369,,
140,64649,0.02737314999103546,1.2366631031036377,,
140,64699,0.020078813657164574,0.8903892040252686,,
140,64749,0.04061206802725792,0.8617522120475769,,
140,64799,0.02668916806578636,1.1238683462142944,,
140,64849,0.13563194870948792,1.4923059940338135,,
140,64859,,,0.3609122633934021,0.37105169892311096
141,64899,0.043165870010852814,0.7753212451934814,,
141,64949,0.09976265579462051,0.6160051822662354,,
141,64999,0.07727666199207306,0.8300119042396545,,
141,65049,0.08372066169977188,0.8676570057868958,,
141,65099,0.022179346531629562,1.2440400123596191,,
141,65149,0.016491375863552094,0.9648984670639038,,
141,65199,0.03851011395454407,0.8843059539794922,,
141,65249,0.011489581316709518,1.127358317375183,,
141,65299,0.0657481923699379,1.2872562408447266,,
141,65319,,,0.37388789653778076,0.3885360062122345
142,65349,0.04201499745249748,1.116262435913086,,
142,65399,0.027982737869024277,1.038456678390503,,
142,65449,0.08933453261852264,0.5652331709861755,,
142,65499,0.025232400745153427,1.3677124977111816,,
142,65549,0.07833783328533173,0.5459834933280945,,
142,65599,0.00963508803397417,1.2559393644332886,,
142,65649,0.008132582530379295,1.0213491916656494,,
142,65699,0.30450576543807983,1.0920987129211426,,
142,65749,0.03254300355911255,1.3992137908935547,,
142,65779,,,0.3779214918613434,0.2766020596027374
143,65799,0.10214589536190033,1.0624860525131226,,
143,65849,0.01108244713395834,0.9715796709060669,,
143,65899,0.052684664726257324,0.8931970596313477,,
143,65949,0.021524978801608086,0.8787615299224854,,
143,65999,0.015839558094739914,1.2329902648925781,,
143,66049,0.018890032544732094,1.0384321212768555,,
143,66099,0.04676726832985878,0.9492664337158203,,
143,66149,0.05633334815502167,1.0048383474349976,,
143,66199,0.008702445775270462,1.236022710800171,,
143,66239,,,0.3873772621154785,0.27628275752067566
144,66249,0.032484397292137146,1.2067739963531494,,
144,66299,0.09584974497556686,1.4980413913726807,,
144,66349,0.03082694113254547,0.7809664607048035,,
144,66399,0.008069396018981934,0.5908188223838806,,
144,66449,0.03695128113031387,0.8760347366333008,,
144,66499,0.0477788969874382,0.8118716478347778,,
144,66549,0.03614645451307297,1.4206671714782715,,
144,66599,0.07785063236951828,0.6873044967651367,,
144,66649,0.020683838054537773,1.2625112533569336,,
144,66699,0.006937453988939524,1.1263210773468018,,
144,66699,,,0.37793755531311035,0.31864339113235474
145,66749,0.015554135665297508,0.9609365463256836,,
145,66799,0.030691970139741898,1.0781588554382324,,
145,66849,0.054612696170806885,1.1378870010375977,,
145,66899,0.02042306959629059,1.1180408000946045,,
145,66949,0.09685701876878738,0.9310102462768555,,
145,66999,0.009621914476156235,0.8829091191291809,,
145,67049,0.041959311813116074,1.0921951532363892,,
145,67099,0.01723817177116871,1.0710475444793701,,
145,67149,0.05974039062857628,0.9335706233978271,,
145,67159,,,0.35031402111053467,0.3382175862789154
146,67199,0.02170565538108349,1.0069924592971802,,
146,67249,0.019470954313874245,0.9703407287597656,,
146,67299,0.022755030542612076,0.9719553589820862,,
146,67349,0.02545531466603279,0.8832565546035767,,
146,67399,0.0283503420650959,1.1175227165222168,,
146,67449,0.026915960013866425,0.8593787550926208,,
146,67499,0.03183233365416527,0.8822968006134033,,
146,67549,0.1299561858177185,0.6884543895721436,,
146,67599,0.03208591043949127,1.1702048778533936,,
146,67619,,,0.3999343812465668,0.26678726077079773
147,67649,0.06409014761447906,0.7718824744224548,,
147,67699,0.03096860460937023,1.0621533393859863,,
147,67749,0.015040522441267967,0.8558884859085083,,
147,67799,0.020700938999652863,0.8321900367736816,,
147,67849,0.024293916299939156,0.9650307893753052,,
147,67899,0.09168294817209244,0.6851032972335815,,
147,67949,0.018377156928181648,1.099043607711792,,
147,67999,0.09084659814834595,0.6090043783187866,,
147,68049,0.018842652440071106,1.0996935367584229,,
147,68079,,,0.38428419828414917,0.36976972222328186
148,68099,0.010176197625696659,1.1132832765579224,,
148,68149,0.023941751569509506,0.7939257621765137,,
148,68199,0.04573094844818115,0.7757999897003174,,
148,68249,0.06535933911800385,1.103135108947754,,
148,68299,0.10306867957115173,1.3604166507720947,,
148,68349,0.03187348693609238,1.6147105693817139,,
148,68399,0.24339859187602997,0.9243844747543335,,
148,68449,0.012539166025817394,1.2402129173278809,,
148,68499,0.11884251981973648,0.5425249934196472,,
148,68539,,,0.3693607449531555,0.347799688577652
149,68549,0.06887641549110413,0.6464046239852905,,
149,68599,0.06238429620862007,0.8047579526901245,,
149,68649,0.032747089862823486,0.834857702255249,,
149,68699,0.016518302261829376,0.6529151201248169,,
149,68749,0.02188517525792122,1.149773120880127,,
149,68799,0.01834096759557724,1.2514417171478271,,
149,68849,0.039782747626304626,0.8860524892807007,,
149,68899,0.15031345188617706,0.39216724038124084,,
149,68949,0.022850975394248962,1.1051125526428223,,
149,68999,0.12290345132350922,0.32989874482154846,,
149,68999,,,0.2888552248477936,0.3967552185058594
150,69049,0.03413023799657822,1.06576406955719,,
150,69099,0.02633414790034294,0.8133512735366821,,
150,69149,0.02024385891854763,0.8488368988037109,,
150,69199,0.013919660821557045,1.0679574012756348,,
150,69249,0.0598328560590744,0.5843015909194946,,
150,69299,0.025315364822745323,1.5311825275421143,,
150,69349,0.016543902456760406,1.3307304382324219,,
150,69399,0.12958914041519165,0.38389432430267334,,
150,69449,0.042964156717061996,0.627568244934082,,
150,69459,,,0.361550509929657,0.3421846330165863
151,69499,0.025307748466730118,1.3247120380401611,,
151,69549,0.03692905977368355,1.614990472793579,,
151,69599,0.08831260353326797,0.7151687741279602,,
151,69649,0.06557624787092209,0.619155764579773,,
151,69699,0.042204760015010834,1.2960424423217773,,
151,69749,0.030749741941690445,1.1221154928207397,,
151,69799,0.00786417443305254,0.934187650680542,,
151,69849,0.007150829304009676,1.4269211292266846,,
151,69899,0.03727945685386658,1.1852167844772339,,
151,69919,,,0.36528635025024414,0.33784082531929016
152,69949,0.02820403315126896,1.0363099575042725,,
152,69999,0.011510098353028297,1.3217926025390625,,
152,70049,0.0388832725584507,0.984786868095398,,
152,70099,0.03789646178483963,1.369154930114746,,
152,70149,0.03362574428319931,0.9730156660079956,,
152,70199,0.0885210782289505,0.7179937362670898,,
152,70249,0.04269319772720337,1.3279004096984863,,
152,70299,0.049746073782444,1.2009694576263428,,
152,70349,0.1047317162156105,0.7685016393661499,,
152,70379,,,0.2916775345802307,0.42671260237693787
153,70399,0.0332949198782444,0.9927775263786316,,
153,70449,0.02341550961136818,0.9388114213943481,,
153,70499,0.0354095920920372,0.8569576144218445,,
153,70549,0.019045140594244003,1.144071340560913,,
153,70599,0.020734939724206924,0.7436506748199463,,
153,70649,0.1828465759754181,0.571936845779419,,
153,70699,0.044935572892427444,1.6074438095092773,,
153,70749,0.04858937859535217,1.1242220401763916,,
153,70799,0.028300419449806213,1.19734525680542,,
153,70839,,,0.3809813857078552,0.31263086199760437
154,70849,0.017065636813640594,1.049755573272705,,
154,70899,0.02399343065917492,1.1861755847930908,,
154,70949,0.008562047965824604,1.2140583992004395,,
154,70999,0.03514670953154564,1.2350794076919556,,
154,71049,0.015278346836566925,1.3613817691802979,,
154,71099,0.0675228089094162,1.3002277612686157,,
154,71149,0.017401495948433876,1.2059204578399658,,
154,71199,0.03281078487634659,1.1155606508255005,,
154,71249,0.028252653777599335,0.674821138381958,,
154,71299,0.03580090031027794,1.0785932540893555,,
154,71299,,,0.37472227215766907,0.308845579624176
155,71349,0.01183602400124073,1.1304973363876343,,
155,71399,0.03469787538051605,0.8460569381713867,,
155,71449,0.011026867665350437,0.9073860049247742,,
155,71499,0.020858917385339737,0.9196085929870605,,
155,71549,0.024042192846536636,1.2457239627838135,,
155,71599,0.009113305248320103,0.9352643489837646,,
155,71649,0.013932207599282265,0.9619761109352112,,
155,71699,0.03675280511379242,0.9601267576217651,,
155,71749,0.04233669862151146,1.0961698293685913,,
155,71759,,,0.3673073649406433,0.34243911504745483
156,71799,0.04201147332787514,0.9147634506225586,,
156,71849,0.013679339550435543,0.959108829498291,,
156,71899,0.008042914792895317,0.7058852910995483,,
156,71949,0.023857872933149338,0.6705355048179626,,
156,71999,0.05408277362585068,0.8078497648239136,,
156,72049,0.006734173744916916,0.7357696294784546,,
156,72099,0.01940331794321537,1.1040846109390259,,
156,72149,0.024434465914964676,0.8632000684738159,,
156,72199,0.01312616653740406,0.9973921775817871,,
156,72219,,,0.37050414085388184,0.3167789578437805
157,72249,0.019162021577358246,1.0015512704849243,,
157,72299,0.009068305604159832,0.8324024677276611,,
157,72349,0.007075529545545578,1.0920145511627197,,
157,72399,0.008771350607275963,1.0130723714828491,,
157,72449,0.01168864406645298,1.4208619594573975,,
157,72499,0.009663883596658707,0.9225913882255554,,
157,72549,0.012696074321866035,1.147977590560913,,
157,72599,0.057931140065193176,0.6618722677230835,,
157,72649,0.007593660615384579,1.2786314487457275,,
157,72679,,,0.3609115183353424,0.3189331293106079
158,72699,0.05477430298924446,0.8553198575973511,,
158,72749,0.027619432657957077,1.2821688652038574,,
158,72799,0.05035166069865227,0.8347578644752502,,
158,72849,0.0537562295794487,0.7476327419281006,,
158,72899,0.008345554582774639,1.0265446901321411,,
158,72949,0.04506968706846237,1.3611705303192139,,
158,72999,0.019588781520724297,0.8277893662452698,,
158,73049,0.054260171949863434,0.8724370002746582,,
158,73099,0.020810566842556,1.3140053749084473,,
158,73139,,,0.38001513481140137,0.3367603123188019
159,73149,0.02413681522011757,0.9273990392684937,,
159,73199,0.024632275104522705,0.7945944666862488,,
159,73249,0.019809668883681297,0.8116146922111511,,
159,73299,0.01727208122611046,0.9547734260559082,,
159,73349,0.035121649503707886,1.2090122699737549,,
159,73399,0.03844599798321724,0.8877426385879517,,
159,73449,0.037321485579013824,1.3889626264572144,,
159,73499,0.02622545138001442,0.6484663486480713,,
159,73549,0.03601352125406265,0.7960655689239502,,
159,73599,0.033480413258075714,1.4063408374786377,,
159,73599,,,0.4017845392227173,0.3972576856613159
160,73649,0.020721029490232468,1.281125545501709,,
160,73699,0.02777499333024025,1.3037090301513672,,
160,73749,0.007748919539153576,1.1154472827911377,,
160,73799,0.02386532537639141,1.103001594543457,,
160,73849,0.023561984300613403,0.838533341884613,,
160,73899,0.04773113876581192,0.7841894626617432,,
160,73949,0.00796645786613226,1.069500207901001,,
160,73999,0.015646817162632942,0.8877456784248352,,
160,74049,0.06349438428878784,0.7975805997848511,,
160,74059,,,0.3948231339454651,0.3091897964477539
161,74099,0.013717137277126312,0.9850218296051025,,
161,74149,0.068982794880867,1.4102859497070312,,
161,74199,0.047906868159770966,0.9946041107177734,,
161,74249,0.014696118421852589,1.0870134830474854,,
161,74299,0.03228846937417984,0.8454733490943909,,
161,74349,0.05977180227637291,0.9070926904678345,,
161,74399,0.022054899483919144,1.384833574295044,,
161,74449,0.046872153878211975,0.8851866126060486,,
161,74499,0.014573068358004093,0.9397799968719482,,
161,74519,,,0.372663289308548,0.2838708162307739
162,74549,0.010642323642969131,0.9603551626205444,,
162,74599,0.13839030265808105,1.223860740661621,,
162,74649,0.007509499788284302,1.1749463081359863,,
162,74699,0.013994499109685421,1.119105339050293,,
162,74749,0.02448994666337967,0.6256290674209595,,
162,74799,0.009833011776208878,0.9239233732223511,,
162,74849,0.03221903368830681,1.1803900003433228,,
162,74899,0.023285966366529465,1.4175502061843872,,
162,74949,0.017619028687477112,0.8583109378814697,,
162,74979,,,0.36436715722084045,0.32044515013694763
163,74999,0.121783047914505,1.1042073965072632,,
163,75049,0.031796570867300034,0.9492193460464478,,
163,75099,0.019903775304555893,1.4404540061950684,,
163,75149,0.05568642169237137,0.9498760104179382,,
163,75199,0.023451577872037888,1.322029948234558,,
163,75249,0.017750123515725136,1.2864956855773926,,
163,75299,0.048349201679229736,0.7360987663269043,,
163,75349,0.05327849090099335,1.179335355758667,,
163,75399,0.05173557624220848,0.9427598714828491,,
163,75439,,,0.3746487498283386,0.3452342450618744
164,75449,0.016187874600291252,1.0190367698669434,,
164,75499,0.0309277530759573,1.0401813983917236,,
164,75549,0.03979816287755966,0.8472747802734375,,
164,75599,0.01475654449313879,0.642735481262207,,
164,75649,0.01274668239057064,1.0856397151947021,,
164,75699,0.01859767735004425,1.081300973892212,,
164,75749,0.03725938871502876,0.8820534944534302,,
164,75799,0.018864182755351067,1.391719102859497,,
164,75849,0.03641035407781601,0.7428514957427979,,
164,75899,0.0071663325652480125,1.113508939743042,,
164,75899,,,0.36709627509117126,0.3272339105606079
165,75949,0.02674507349729538,1.0337647199630737,,
165,75999,0.057726915925741196,1.0116136074066162,,
165,76049,0.04193224385380745,1.0549675226211548,,
165,76099,0.011869906447827816,0.8282268047332764,,
165,76149,0.013666857965290546,1.073413610458374,,
165,76199,0.010423646308481693,1.1222436428070068,,
165,76249,0.0896298885345459,0.7631450891494751,,
165,76299,0.009923701174557209,1.1136614084243774,,
165,76349,0.06180121749639511,1.2216166257858276,,
165,76359,,,0.4001263976097107,0.336254358291626
166,76399,0.04497907683253288,1.3020243644714355,,
166,76449,0.020408185198903084,1.069635272026062,,
166,76499,0.023348042741417885,0.9402025938034058,,
166,76549,0.0049749501049518585,0.931255578994751,,
166,76599,0.009799152612686157,1.2347385883331299,,
166,76649,0.012439420446753502,1.0172514915466309,,
166,76699,0.006870701909065247,1.2043962478637695,,
166,76749,0.022068683058023453,1.300479769706726,,
166,76799,0.012223433703184128,1.0371549129486084,,
166,76819,,,0.40123578906059265,0.28049004077911377
167,76849,0.04840056598186493,0.5502599477767944,,
167,76899,0.011379353702068329,0.8435262441635132,,
167,76949,0.019700990989804268,0.714362621307373,,
167,76999,0.028836417943239212,1.0875673294067383,,
167,77049,0.05535931885242462,0.9521241188049316,,
167,77099,0.017947928979992867,0.8819245100021362,,
167,77149,0.01929634064435959,0.9119281768798828,,
167,77199,0.015846405178308487,0.951833963394165,,
167,77249,0.12835969030857086,0.9133371114730835,,
167,77279,,,0.37370410561561584,0.29596519470214844
168,77299,0.023560183122754097,1.2819910049438477,,
168,77349,0.016756748780608177,0.9762517809867859,,
168,77399,0.01450551301240921,0.9925293922424316,,
168,77449,0.008754420094192028,1.1344337463378906,,
168,77499,0.013277209363877773,1.0963966846466064,,
168,77549,0.05787656456232071,2.075526714324951,,
168,77599,0.007052126340568066,1.021820306777954,,
168,77649,0.007213807664811611,1.05470871925354,,
168,77699,0.0396212600171566,1.3021583557128906,,
168,77739,,,0.3748033046722412,0.2856167256832123
169,77749,0.04758340120315552,1.0306754112243652,,
169,77799,0.01959250122308731,0.9993070363998413,,
169,77849,0.028463199734687805,0.8159646987915039,,
169,77899,0.009637044742703438,1.4895076751708984,,
169,77949,0.010197294875979424,0.8970343470573425,,
169,77999,0.018971212208271027,0.9154112339019775,,
169,78049,0.025685936212539673,1.0980064868927002,,
169,78099,0.0522063747048378,1.4841041564941406,,
169,78149,0.024731140583753586,0.9039162397384644,,
169,78199,0.027554472908377647,1.23009192943573,,
169,78199,,,0.38605761528015137,0.35217803716659546
170,78249,0.009637626819312572,1.2752455472946167,,
170,78299,0.016369272023439407,0.9947959184646606,,
170,78349,0.02056204155087471,1.0345509052276611,,
170,78399,0.008466466329991817,1.0645679235458374,,
170,78449,0.01546574104577303,0.9835286140441895,,
170,78499,0.03115997090935707,1.0799072980880737,,
170,78549,0.04299153387546539,0.7400717735290527,,
170,78599,0.024604741483926773,1.2936666011810303,,
170,78649,0.056716062128543854,0.8020468354225159,,
170,78659,,,0.3683950901031494,0.27494481205940247
171,78699,0.008743217214941978,1.0641404390335083,,
171,78749,0.04467104375362396,0.797467827796936,,
171,78799,0.055723998695611954,0.5805662870407104,,
171,78849,0.01642005145549774,1.1415956020355225,,
171,78899,0.0260145403444767,0.9820839166641235,,
171,78949,0.011025164276361465,1.072680950164795,,
171,78999,0.020634137094020844,1.3863425254821777,,
171,79049,0.017767062410712242,0.9173480272293091,,
171,79099,0.06198776140809059,0.8550302982330322,,
171,79119,,,0.37439700961112976,0.3027554154396057
172,79149,0.045026909559965134,1.1318566799163818,,
172,79199,0.014377139508724213,0.8073281049728394,,
172,79249,0.015395134687423706,0.8033481240272522,,
172,79299,0.008513029664754868,1.2645633220672607,,
172,79349,0.08829420804977417,1.0894839763641357,,
172,79399,0.01277531310915947,0.939504861831665,,
172,79449,0.010242379270493984,1.2591187953948975,,
172,79499,0.029700588434934616,0.7426152229309082,,
172,79549,0.013680496253073215,1.4536607265472412,,
172,79579,,,0.3806782066822052,0.341946542263031
173,79599,0.03688903898000717,1.1647303104400635,,
173,79649,0.020989537239074707,1.029583215713501,,
173,79699,0.012765100225806236,0.8254684209823608,,
173,79749,0.02309965342283249,0.9158836603164673,,
173,79799,0.02729886770248413,0.8249809741973877,,
173,79849,0.006425525061786175,1.087510347366333,,
173,79899,0.02230137772858143,0.9146944880485535,,
173,79949,0.010772498324513435,1.1416743993759155,,
173,79999,0.04051239788532257,1.248167872428894,,
173,80039,,,0.3867015242576599,0.2886489927768707
174,80049,0.05437348783016205,0.9498848915100098,,
174,80099,0.01894231326878071,1.1491162776947021,,
174,80149,0.04972805082798004,1.0182855129241943,,
174,80199,0.0186589527875185,1.4391438961029053,,
174,80249,0.036282263696193695,0.6886579394340515,,
174,80299,0.016961529850959778,1.1282680034637451,,
174,80349,0.05057089030742645,0.6154180765151978,,
174,80399,0.04443292319774628,1.1234066486358643,,
174,80449,0.023804165422916412,1.0227079391479492,,
174,80499,0.01331157237291336,0.9615314602851868,,
174,80499,,,0.37987416982650757,0.2523553669452667
175,80549,0.027177872136235237,1.1865917444229126,,
175,80599,0.0483085960149765,1.17662513256073,,
175,80649,0.03421159088611603,1.1475706100463867,,
175,80699,0.04839043319225311,0.7940002083778381,,
175,80749,0.021046649664640427,0.9164690971374512,,
175,80799,0.051936112344264984,0.9401640295982361,,
175,80849,0.09931569546461105,0.5966089963912964,,
175,80899,0.030084721744060516,1.1842379570007324,,
175,80949,0.04557504877448082,0.8901838660240173,,
175,80959,,,0.38183584809303284,0.2788822650909424
176,80999,0.0993904322385788,0.9671944379806519,,
176,81049,0.029367877170443535,1.1329383850097656,,
176,81099,0.016765030100941658,1.0280158519744873,,
176,81149,0.02940438501536846,0.9024337530136108,,
176,81199,0.011995512992143631,1.2289953231811523,,
176,81249,0.02518773078918457,0.533708930015564,,
176,81299,0.08895747363567352,0.6939899921417236,,
176,81349,0.07291314750909805,0.7987340688705444,,
176,81399,0.028451120480895042,0.9593778848648071,,
176,81419,,,0.3630679249763489,0.3191611170768738
177,81449,0.01510718185454607,1.265284776687622,,
177,81499,0.02900373749434948,1.1273603439331055,,
177,81549,0.0865827351808548,1.3318692445755005,,
177,81599,0.02951083704829216,0.874221920967102,,
177,81649,0.03321725130081177,1.0177428722381592,,
177,81699,0.045788299292325974,0.9429153203964233,,
177,81749,0.028774205595254898,1.342117428779602,,
177,81799,0.022203780710697174,1.1088467836380005,,
177,81849,0.034114666283130646,0.9233896732330322,,
177,81879,,,0.37582269310951233,0.27736958861351013
178,81899,0.07114610821008682,0.7396420836448669,,
178,81949,0.02924259938299656,0.9786809682846069,,
178,81999,0.013168578036129475,0.8027836084365845,,
178,82049,0.03682313114404678,1.2165851593017578,,
178,82099,0.02093524858355522,0.40522587299346924,,
178,82149,0.059566713869571686,0.866059422492981,,
178,82199,0.06986311823129654,1.1942576169967651,,
178,82249,0.015827152878046036,0.8477004766464233,,
178,82299,0.03515354543924332,0.9982708692550659,,
178,82339,,,0.39560121297836304,0.2569962441921234
179,82349,0.010258233174681664,1.059358835220337,,
179,82399,0.03772318735718727,0.7722423076629639,,
179,82449,0.026813948526978493,1.0853869915008545,,
179,82499,0.04815273731946945,1.1234979629516602,,
179,82549,0.02001788653433323,0.7855987548828125,,
179,82599,0.029990948736667633,0.8415940999984741,,
179,82649,0.05580836534500122,0.8145864009857178,,
179,82699,0.010759188793599606,0.750238299369812,,
179,82749,0.04346078261733055,0.9253972172737122,,
179,82799,0.03450620546936989,1.3558968305587769,,
179,82799,,,0.36481600999832153,0.3385539650917053
180,82849,0.12885969877243042,0.9504294991493225,,
180,82899,0.020176779478788376,0.7939233183860779,,
180,82949,0.01238928735256195,0.9641410112380981,,
180,82999,0.024692464619874954,1.3438148498535156,,
180,83049,0.2952215373516083,1.1705563068389893,,
180,83099,0.06363406032323837,0.6934877634048462,,
180,83149,0.02703651785850525,1.0253362655639648,,
180,83199,0.08504464477300644,0.6294642686843872,,
180,83249,0.013104772195219994,1.2156805992126465,,
180,83259,,,0.3598983883857727,0.36106759309768677
181,83299,0.0270379688590765,1.0384252071380615,,
181,83349,0.030234934762120247,1.197880506515503,,
181,83399,0.0266900435090065,0.7207739353179932,,
181,83449,0.06995074450969696,0.7342303991317749,,
181,83499,0.01135022472590208,1.1147112846374512,,
181,83549,0.023484067991375923,0.9829975366592407,,
181,83599,0.04686832055449486,0.785198986530304,,
181,83649,0.011749152094125748,0.9534139633178711,,
181,83699,0.035190749913454056,1.3357168436050415,,
181,83719,,,0.41546744108200073,0.23555424809455872
182,83749,0.013000818900763988,1.0364782810211182,,
182,83799,0.03429726883769035,1.1281182765960693,,
182,83849,0.049309585243463516,0.6967016458511353,,
182,83899,0.01765616051852703,1.0026133060455322,,
182,83949,0.021971402689814568,0.871727705001831,,
182,83999,0.009436611086130142,1.0964008569717407,,
182,84049,0.061087265610694885,0.34655213356018066,,
182,84099,0.020853742957115173,0.8304256200790405,,
182,84149,0.18825027346611023,1.6844744682312012,,
182,84179,,,0.38775575160980225,0.2736530900001526
183,84199,0.07019129395484924,1.052090048789978,,
183,84249,0.008389212191104889,0.9953673481941223,,
183,84299,0.009644826874136925,0.9577677249908447,,
183,84349,0.06360144168138504,0.9174267053604126,,
183,84399,0.010251260362565517,0.8433792591094971,,
183,84449,0.010367450304329395,1.151221752166748,,
183,84499,0.01702364906668663,0.9477252960205078,,
183,84549,0.01865825429558754,1.0085432529449463,,
183,84599,0.047569118440151215,1.2426238059997559,,
183,84639,,,0.37408778071403503,0.3128599226474762
184,84649,0.028966346755623817,1.273193120956421,,
184,84699,0.03039814718067646,0.971420168876648,,
184,84749,0.009730793535709381,1.0849462747573853,,
184,84799,0.017810553312301636,0.9885603189468384,,
184,84849,0.0398259237408638,1.231627106666565,,
184,84899,0.037747856229543686,0.9610507488250732,,
184,84949,0.2736065685749054,1.0179206132888794,,
184,84999,0.13782790303230286,1.894296407699585,,
184,85049,0.02191559597849846,1.3848235607147217,,
184,85099,0.02359388768672943,0.7571823596954346,,
184,85099,,,0.3525441586971283,0.35523664951324463
185,85149,0.03464078903198242,0.9071728587150574,,
185,85199,0.0402517095208168,1.0442209243774414,,
185,85249,0.12105099856853485,1.1949312686920166,,
185,85299,0.01787913590669632,0.9046914577484131,,
185,85349,0.09401270002126694,1.2140378952026367,,
185,85399,0.03371048346161842,1.1838648319244385,,
185,85449,0.04766421392560005,0.9510993361473083,,
185,85499,0.03932395577430725,0.9011698365211487,,
185,85549,0.007704918272793293,1.071516990661621,,
185,85559,,,0.37097498774528503,0.3231605887413025
186,85599,0.06356512755155563,0.8350042104721069,,
186,85649,0.03698868304491043,1.0641071796417236,,
186,85699,0.021665938198566437,1.0358147621154785,,
186,85749,0.09401699900627136,0.8279452323913574,,
186,85799,0.017777040600776672,0.733138918876648,,
186,85849,0.028419453650712967,1.02571439743042,,
186,85899,0.03529791533946991,0.8568531274795532,,
186,85949,0.055045802146196365,0.650368332862854,,
186,85999,0.009986195713281631,0.6963571310043335,,
186,86019,,,0.3778083324432373,0.27369579672813416
187,86049,0.02013249136507511,1.0676734447479248,,
187,86099,0.012607527896761894,0.6917520761489868,,
187,86149,0.08753231167793274,1.017871618270874,,
187,86199,0.06580303609371185,1.3082163333892822,,
187,86249,0.08233287185430527,0.2666531801223755,,
187,86299,0.042634233832359314,1.2319620847702026,,
187,86349,0.012820202857255936,1.0468707084655762,,
187,86399,0.03236781060695648,0.8634486198425293,,
187,86449,0.009057174436748028,1.1593689918518066,,
187,86479,,,0.36314743757247925,0.3143395781517029
188,86499,0.0659925788640976,0.9865706562995911,,
188,86549,0.06986571848392487,0.7950751781463623,,
188,86599,0.0405459925532341,0.8600671291351318,,
188,86649,0.019407641142606735,0.8464915752410889,,
188,86699,0.011920277960598469,0.8989916443824768,,
188,86749,0.014510986395180225,1.215242624282837,,
188,86799,0.020937789231538773,0.9230650663375854,,
188,86849,0.047754108905792236,0.7117909789085388,,
188,86899,0.054686158895492554,1.0009586811065674,,
188,86939,,,0.3449885845184326,0.3389641344547272
189,86949,0.036891642957925797,0.817236065864563,,
189,86999,0.01465012226253748,0.8215041756629944,,
189,87049,0.015964359045028687,1.0337042808532715,,
189,87099,0.02102803997695446,1.0260779857635498,,
189,87149,0.030774418264627457,1.0698295831680298,,
189,87199,0.2714223861694336,1.4870926141738892,,
189,87249,0.04610385000705719,0.8986203670501709,,
189,87299,0.03769979625940323,1.0270435810089111,,
189,87349,0.010050593875348568,1.2249059677124023,,
189,87399,0.02979908138513565,1.2654660940170288,,
189,87399,,,0.3638781011104584,0.31325680017471313
190,87449,0.013339215889573097,1.2386733293533325,,
190,87499,0.01917317509651184,1.2050390243530273,,
190,87549,0.009058400988578796,0.6374679803848267,,
190,87599,0.09230227023363113,0.590337872505188,,
190,87649,0.025909004732966423,1.1836020946502686,,
190,87699,0.011513795703649521,1.3014891147613525,,
190,87749,0.031087100505828857,0.9712752103805542,,
190,87799,0.12563344836235046,0.9671435356140137,,
190,87849,0.011149671860039234,1.810343861579895,,
190,87859,,,0.3899427652359009,0.2583901882171631
191,87899,0.009687889367341995,1.3040852546691895,,
191,87949,0.018505260348320007,1.6887356042861938,,
191,87999,0.0473773330450058,1.4433176517486572,,
191,88049,0.016743287444114685,1.3354158401489258,,
191,88099,0.08033645898103714,0.9903278350830078,,
191,88149,0.011219112202525139,0.9288352727890015,,
191,88199,0.005499323830008507,0.9452213048934937,,
191,88249,0.008981503546237946,0.973380982875824,,
191,88299,0.03184616193175316,0.8962938189506531,,
191,88319,,,0.3510221838951111,0.2729821503162384
192,88349,0.01831073872745037,0.9791353344917297,,
192,88399,0.009378025308251381,0.9175159931182861,,
192,88449,0.0486762672662735,0.9750491380691528,,
192,88499,0.05299464613199234,1.0561151504516602,,
192,88549,0.018902434036135674,2.1458451747894287,,
192,88599,0.020723171532154083,0.8586995601654053,,
192,88649,0.01994740404188633,0.6553856134414673,,
192,88699,0.05158697068691254,0.9444953203201294,,
192,88749,0.07835140079259872,0.8613303899765015,,
192,88779,,,0.34193170070648193,0.3110980987548828
193,88799,0.010296652093529701,1.014265775680542,,
193,88849,0.04993291199207306,0.6540584564208984,,
193,88899,0.024829111993312836,0.8427224159240723,,
193,88949,0.012764201499521732,0.9008598327636719,,
193,88999,0.023983260616660118,1.9718040227890015,,
193,89049,0.0627601146697998,0.9044616222381592,,
193,89099,0.009844244457781315,0.8031428456306458,,
193,89149,0.012407083995640278,0.923827052116394,,
193,89199,0.00849630031734705,1.0110095739364624,,
193,89239,,,0.37983590364456177,0.2975592613220215
194,89249,0.021362364292144775,1.2660024166107178,,
194,89299,0.030996223911643028,1.076476812362671,,
194,89349,0.020417984575033188,0.9438560009002686,,
194,89399,0.020083490759134293,1.0135005712509155,,
194,89449,0.012500118464231491,1.1446068286895752,,
194,89499,0.02437702566385269,1.1778662204742432,,
194,89549,0.016594190150499344,0.8717716932296753,,
194,89599,0.007229667156934738,1.1235069036483765,,
194,89649,0.013174222782254219,0.8533296585083008,,
194,89699,0.07094691693782806,1.7482905387878418,,
194,89699,,,0.38907143473625183,0.3131193518638611
195,89749,0.0466255322098732,1.1904542446136475,,
195,89799,0.013877706602215767,0.8844411969184875,,
195,89849,0.005549645982682705,0.873833417892456,,
195,89899,0.004899144172668457,0.8522740602493286,,
195,89949,0.05899008363485336,0.9168672561645508,,
195,89999,0.045001205056905746,0.8727176189422607,,
195,90049,0.006444972008466721,1.0743529796600342,,
195,90099,0.012695462442934513,0.807918906211853,,
195,90149,0.14705951511859894,1.3182464838027954,,
195,90159,,,0.3746427595615387,0.31705451011657715
196,90199,0.005569241009652615,1.0855423212051392,,
196,90249,0.040395867079496384,0.723190188407898,,
196,90299,0.009592140093445778,1.004014492034912,,
196,90349,0.014334668405354023,0.9923096895217896,,
196,90399,0.006696698255836964,1.0907824039459229,,
196,90449,0.02995860017836094,0.9305973052978516,,
196,90499,0.005793796386569738,1.1358541250228882,,
196,90549,0.043285563588142395,1.1657500267028809,,
196,90599,0.028141461312770844,0.7477645874023438,,
196,90619,,,0.3991769850254059,0.31241461634635925
197,90649,0.014411346055567265,1.212544560432434,,
197,90699,0.030676815658807755,0.6121992468833923,,
197,90749,0.019780457019805908,1.1306700706481934,,
197,90799,0.04030811786651611,0.5333843231201172,,
197,90849,0.0314800888299942,0.7872106432914734,,
197,90899,0.016655469313263893,1.0723698139190674,,
197,90949,0.03698407858610153,0.9036059379577637,,
197,90999,0.01046331413090229,1.133580207824707,,
197,91049,0.04438329115509987,1.079958200454712,,
197,91079,,,0.3778156638145447,0.29420891404151917
198,91099,0.009565617889165878,0.9714794158935547,,
198,91149,0.030287865549325943,1.1651346683502197,,
198,91199,0.05671505257487297,0.7321131229400635,,
198,91249,0.018947411328554153,1.2157976627349854,,
198,91299,0.0634574294090271,0.5826523303985596,,
198,91349,0.10559514909982681,0.5794385671615601,,
198,91399,0.03155805543065071,1.0776336193084717,,
198,91449,0.018339645117521286,1.3229148387908936,,
198,91499,0.024041473865509033,1.5240912437438965,,
198,91539,,,0.2838115990161896,0.3656367063522339
199,91549,0.010418195277452469,0.957314133644104,,
199,91599,0.022728269919753075,1.1338582038879395,,
199,91649,0.025849897414445877,0.9216234683990479,,
199,91699,0.08229587227106094,0.5326676964759827,,
199,91749,0.04096941277384758,0.6680813431739807,,
199,91799,0.008346498012542725,1.3312301635742188,,
199,91849,0.03145681694149971,1.3339290618896484,,
199,91899,0.01429840549826622,1.1324926614761353,,
199,91949,0.05274428054690361,0.9731635451316833,,
199,91999,0.035271644592285156,0.7965103387832642,,
199,91999,,,0.36166849732398987,0.3975165784358978
200,92049,0.02458483725786209,0.979613721370697,,
200,92099,0.0663532093167305,1.5706291198730469,,
200,92149,0.026206843554973602,0.8716742992401123,,
200,92199,0.04385194927453995,1.1888790130615234,,
200,92249,0.02411317452788353,1.0495907068252563,,
200,92299,0.130160853266716,0.6610908508300781,,
200,92349,0.01714411750435829,0.9242733716964722,,
200,92399,0.020158689469099045,1.1054317951202393,,
200,92449,0.15706729888916016,0.7484829425811768,,
200,92459,,,0.3428099453449249,0.47203320264816284
201,92499,0.00928701926022768,0.9079545736312866,,
201,92549,0.007601884659379721,1.3558810949325562,,
201,92599,0.03535566106438637,0.6447956562042236,,
201,92649,0.01564422808587551,1.127981185913086,,
201,92699,0.07521598041057587,0.7460098266601562,,
201,92749,0.05367974564433098,0.563153862953186,,
201,92799,0.05815672129392624,0.8836454749107361,,
201,92849,0.023858336731791496,1.1315388679504395,,
201,92899,0.02071932889521122,1.014784336090088,,
201,92919,,,0.37870749831199646,0.324221670627594
202,92949,0.17286598682403564,0.8829745650291443,,
202,92999,0.2998296916484833,0.7251423597335815,,
202,93049,0.017663653939962387,0.7572546005249023,,
202,93099,0.0707855075597763,0.7749190330505371,,
202,93149,0.034674882888793945,0.9888293743133545,,
202,93199,0.013352607376873493,1.045034646987915,,
202,93249,0.007881958037614822,0.9868542551994324,,
202,93299,0.02661171928048134,1.0877505540847778,,
202,93349,0.013594351708889008,1.0716302394866943,,
202,93379,,,0.36732324957847595,0.30257564783096313
203,93399,0.05850891396403313,1.489881157875061,,
203,93449,0.010708397254347801,1.0556201934814453,,
203,93499,0.016008470207452774,0.8405377268791199,,
203,93549,0.02200637385249138,1.125090479850769,,
203,93599,0.025405708700418472,1.0413888692855835,,
203,93649,0.0454978421330452,0.7301064133644104,,
203,93699,0.014788122847676277,1.6211186647415161,,
203,93749,0.01592148095369339,1.396791696548462,,
203,93799,0.035416241735219955,1.0462868213653564,,
203,93839,,,0.3870418071746826,0.2593151330947876
204,93849,0.007629490457475185,1.037998914718628,,
204,93899,0.008381400257349014,1.047274112701416,,
204,93949,0.024402229115366936,0.8953052163124084,,
204,93999,0.01235675998032093,1.0545625686645508,,
204,94049,0.02259969897568226,0.9533891677856445,,
204,94099,0.037852395325899124,1.1767425537109375,,
204,94149,0.01058998517692089,0.9192296266555786,,
204,94199,0.055474378168582916,0.7965784072875977,,
204,94249,0.01976572349667549,0.9928450584411621,,
204,94299,0.011656876653432846,1.1597689390182495,,
204,94299,,,0.3770363926887512,0.30287906527519226
205,94349,0.0498666949570179,1.1178126335144043,,
205,94399,0.024242347106337547,0.8172866106033325,,
205,94449,0.03334556519985199,1.217522382736206,,
205,94499,0.044237613677978516,0.7506930828094482,,
205,94549,0.008842836134135723,1.0755813121795654,,
205,94599,0.008067645132541656,1.051744818687439,,
205,94649,0.023876827210187912,1.2559162378311157,,
205,94699,0.17138928174972534,1.06428861618042,,
205,94749,0.08464318513870239,0.46611323952674866,,
205,94759,,,0.360886812210083,0.3599521517753601
206,94799,0.03300008177757263,0.83521568775177,,
206,94849,0.039507731795310974,1.268204689025879,,
206,94899,0.036013491451740265,1.2817697525024414,,
206,94949,0.010061793029308319,1.0943117141723633,,
206,94999,0.04080189764499664,1.0675636529922485,,
206,95049,0.011272813193500042,1.255609393119812,,
206,95099,0.025815509259700775,1.144741415977478,,
206,95149,0.050838761031627655,0.6372828483581543,,
206,95199,0.019247248768806458,0.9279285669326782,,
206,95219,,,0.36752384901046753,0.3207668662071228
207,95249,0.01481068879365921,0.9252201318740845,,
207,95299,0.021764986217021942,1.0219249725341797,,
207,95349,0.04424283280968666,1.1594936847686768,,
207,95399,0.07578745484352112,1.5648208856582642,,
207,95449,0.06452369689941406,1.1605936288833618,,
207,95499,0.010144823230803013,0.8747308850288391,,
207,95549,0.010205024853348732,0.9493399858474731,,
207,95599,0.02652326226234436,0.8750596642494202,,
207,95649,0.008725137449800968,1.1357643604278564,,
207,95679,,,0.3811154365539551,0.3464227616786957
208,95699,0.07730723172426224,0.775745689868927,,
208,95749,0.03770660609006882,1.0018037557601929,,
208,95799,0.00809179525822401,1.457155466079712,,
208,95849,0.01378256268799305,0.8472443222999573,,
208,95899,0.021914947777986526,0.9832950830459595,,
208,95949,0.01585584133863449,0.8535316586494446,,
208,95999,0.01699713058769703,1.025299310684204,,
208,96049,0.08190194517374039,1.0431545972824097,,
208,96099,0.01944763958454132,1.5796416997909546,,
208,96139,,,0.3886098861694336,0.26160532236099243
209,96149,0.022915517911314964,1.042767882347107,,
209,96199,0.009805018082261086,0.8700056672096252,,
209,96249,0.01497348491102457,0.7989518046379089,,
209,96299,0.017528170719742775,1.0702992677688599,,
209,96349,0.01603630930185318,1.0250424146652222,,
209,96399,0.022768579423427582,0.9591472148895264,,
209,96449,0.0058016483671963215,0.8782979249954224,,
209,96499,0.025600748136639595,0.8095402717590332,,
209,96549,0.021885044872760773,0.9221329689025879,,
209,96599,0.09990017861127853,0.5516566038131714,,
209,96599,,,0.3701411783695221,0.3025676906108856
210,96649,0.042574889957904816,1.1344096660614014,,
210,96699,0.0097214225679636,0.8658788204193115,,
210,96749,0.03589212894439697,1.0499048233032227,,
210,96799,0.07421272248029709,0.683326780796051,,
210,96849,0.009893788024783134,0.9315744638442993,,
210,96899,0.02902493253350258,0.8486374616622925,,
210,96949,0.13669103384017944,0.5550686120986938,,
210,96999,0.026152925565838814,0.7737941741943359,,
210,97049,0.1219266802072525,0.7592822909355164,,
210,97059,,,0.3836822509765625,0.2691613435745239
211,97099,0.014145435765385628,1.1250896453857422,,
211,97149,0.04795929417014122,1.1845009326934814,,
211,97199,0.007113645318895578,1.3420110940933228,,
211,97249,0.046068012714385986,0.727837324142456,,
211,97299,0.04012591764330864,0.7402416467666626,,
211,97349,0.029212389141321182,1.0264861583709717,,
211,97399,0.031516075134277344,1.0446314811706543,,
211,97449,0.14107123017311096,1.2003473043441772,,
211,97499,0.14179107546806335,1.0846526622772217,,
211,97519,,,0.3746665120124817,0.2829635739326477
212,97549,0.026684053242206573,1.3802030086517334,,
212,97599,0.20563572645187378,0.739328920841217,,
212,97649,0.07632012665271759,0.945515513420105,,
212,97699,0.04929562658071518,0.9060218334197998,,
212,97749,0.04051019251346588,0.6100828051567078,,
212,97799,0.005631881766021252,0.9101176857948303,,
212,97849,0.008771203458309174,0.8991224765777588,,
212,97899,0.02852415107190609,0.9959768056869507,,
212,97949,0.006407901644706726,1.2227306365966797,,
212,97979,,,0.38885989785194397,0.3361864387989044
213,97999,0.018606089055538177,1.158186912536621,,
213,98049,0.008482428267598152,0.7826075553894043,,
213,98099,0.05600769445300102,0.8858156800270081,,
213,98149,0.03277456760406494,0.9863990545272827,,
213,98199,0.012613320723176003,0.9639322757720947,,
213,98249,0.01151127927005291,1.4508998394012451,,
213,98299,0.01868952251970768,1.0291571617126465,,
213,98349,0.008509231731295586,0.938843846321106,,
213,98399,0.035307034850120544,0.9058908224105835,,
213,98439,,,0.3665909469127655,0.2895394563674927
214,98449,0.04580949246883392,0.9901038408279419,,
214,98499,0.017524559050798416,0.6775215268135071,,
214,98549,0.09917417168617249,0.5961266756057739,,
214,98599,0.021647119894623756,1.1070610284805298,,
214,98649,0.031760573387145996,1.0447006225585938,,
214,98699,0.03755493462085724,0.8627568483352661,,
214,98749,0.020508673042058945,0.7932204604148865,,
214,98799,0.059687867760658264,0.7954931259155273,,
214,98849,0.027185238897800446,1.3495373725891113,,
214,98899,0.05910656973719597,1.2622801065444946,,
214,98899,,,0.355704128742218,0.34645405411720276
215,98949,0.017700783908367157,0.876710057258606,,
215,98999,0.009069886058568954,0.8020890951156616,,
215,99049,0.03875070437788963,0.6995799541473389,,
215,99099,0.009501494467258453,1.1676366329193115,,
215,99149,0.014195559546351433,0.990755558013916,,
215,99199,0.013905685395002365,0.6224761605262756,,
215,99249,0.02384074404835701,0.9066079258918762,,
215,99299,0.011357659474015236,0.9113478660583496,,
215,99349,0.020377038046717644,0.823498010635376,,
215,99359,,,0.3756786584854126,0.3570507764816284
216,99399,0.03557795658707619,0.5842580795288086,,
216,99449,0.028705090284347534,1.0209946632385254,,
216,99499,0.00697416951879859,1.2194393873214722,,
216,99549,0.05864286050200462,0.7385070323944092,,
216,99599,0.007160276174545288,1.4697628021240234,,
216,99649,0.047671228647232056,0.80846107006073,,
216,99699,0.008743137121200562,1.0937429666519165,,
216,99749,0.02247263304889202,0.872365415096283,,
216,99799,0.02850191853940487,0.8826035857200623,,
216,99819,,,0.41093748807907104,0.2213478833436966
217,99849,0.011175614781677723,1.2725909948349,,
217,99899,0.020916540175676346,0.7244342565536499,,
217,99949,0.07381179928779602,0.7793394923210144,,
217,99999,0.06127864494919777,0.7598661184310913,,
217,100049,0.01785784214735031,0.9366357326507568,,
217,100099,0.015813138335943222,0.7426871061325073,,
217,100149,0.020054496824741364,0.9632213115692139,,
217,100199,0.06677092611789703,1.1263139247894287,,
217,100249,0.08559055626392365,1.0103340148925781,,
217,100279,,,0.3604293167591095,0.30864498019218445
218,100299,0.08382017910480499,1.3363292217254639,,
218,100349,0.027871858328580856,0.8974148631095886,,
218,100399,0.016316814348101616,1.0057313442230225,,
218,100449,0.06561599671840668,1.2391339540481567,,
218,100499,0.011809059418737888,0.9949669241905212,,
218,100549,0.005673067644238472,1.2249741554260254,,
218,100599,0.005668310448527336,0.8720792531967163,,
218,100649,0.06470885127782822,1.0945311784744263,,
218,100699,0.009383998811244965,1.1204155683517456,,
218,100739,,,0.38517147302627563,0.31751301884651184
219,100749,0.03364818915724754,1.2822391986846924,,
219,100799,0.011244919151067734,0.8941370248794556,,
219,100849,0.03512217476963997,0.6835794448852539,,
219,100899,0.013850717805325985,1.2065287828445435,,
219,100949,0.008971198461949825,1.4070780277252197,,
219,100999,0.0754716694355011,1.3923850059509277,,
219,101049,0.023094044998288155,1.4401779174804688,,
219,101099,0.017589246854186058,1.0005953311920166,,
219,101149,0.009450547397136688,1.1137573719024658,,
219,101199,0.013468286953866482,1.031754493713379,,
219,101199,,,0.37023061513900757,0.27896806597709656
220,101249,0.05132770165801048,0.8200689554214478,,
220,101299,0.022155020385980606,0.8901911973953247,,
220,101349,0.028454385697841644,1.1361284255981445,,
220,101399,0.047922998666763306,0.8434343934059143,,
220,101449,0.06621752679347992,0.7008056640625,,
220,101499,0.009907981380820274,1.0890436172485352,,
220,101549,0.010728398337960243,1.0320225954055786,,
220,101599,0.051362793892621994,1.539945125579834,,
220,101649,0.02505682036280632,1.156965732574463,,
220,101659,,,0.3742234706878662,0.37588247656822205
221,101699,0.030660061165690422,0.7864460945129395,,
221,101749,0.017134014517068863,1.4606561660766602,,
221,101799,0.007807782851159573,1.0981427431106567,,
221,101849,0.02760894037783146,1.006087064743042,,
221,101899,0.03921401500701904,1.2117087841033936,,
221,101949,0.008106108754873276,0.9994363188743591,,
221,101999,0.017443489283323288,0.6899291276931763,,
221,102049,0.015617365017533302,1.2113248109817505,,
221,102099,0.013577348552644253,1.012718677520752,,
221,102119,,,0.37915313243865967,0.27785947918891907
222,102149,0.0183444581925869,0.8845081925392151,,
222,102199,0.01217883825302124,0.9560815691947937,,
222,102249,0.06470677256584167,0.8784173727035522,,
222,102299,0.011139359325170517,1.2090468406677246,,
222,102349,0.027755126357078552,1.2022916078567505,,
222,102399,0.09273973852396011,0.5648815035820007,,
222,102449,0.02608868107199669,0.9353430271148682,,
222,102499,0.028874274343252182,0.6103532314300537,,
222,102549,0.03092399798333645,1.2318295240402222,,
222,102579,,,0.3764520287513733,0.3152289390563965
223,102599,0.04264812171459198,0.7851220369338989,,
223,102649,0.0442778617143631,0.8722082376480103,,
223,102699,0.024180419743061066,0.9826836585998535,,
223,102749,0.042623504996299744,1.1938632726669312,,
223,102799,0.07825194299221039,0.9232926368713379,,
223,102849,0.02985173836350441,1.3275550603866577,,
223,102899,0.03010931983590126,1.1886235475540161,,
223,102949,0.004708179272711277,1.176553726196289,,
223,102999,0.040701642632484436,1.1736230850219727,,
223,103039,,,0.3671342730522156,0.3358345627784729
224,103049,0.0506863109767437,0.9826738834381104,,
224,103099,0.007809951901435852,0.9303164482116699,,
224,103149,0.01715727522969246,0.6800084114074707,,
224,103199,0.022143451496958733,1.1387817859649658,,
224,103249,0.030960742384195328,0.8413177132606506,,
224,103299,0.009316972456872463,0.762905478477478,,
224,103349,0.029055200517177582,0.7177262306213379,,
224,103399,0.09188621491193771,0.9276515245437622,,
224,103449,0.02492450550198555,0.8418486714363098,,
224,103499,0.03280970826745033,1.0142674446105957,,
224,103499,,,0.39011409878730774,0.2931881248950958
225,103549,0.034105975180864334,1.1300376653671265,,
225,103599,0.06720950454473495,0.6314511895179749,,
225,103649,0.06595057994127274,0.7789647579193115,,
225,103699,0.011763994581997395,0.9492934346199036,,
225,103749,0.04516582563519478,1.752048373222351,,
225,103799,0.06318509578704834,1.4041457176208496,,
225,103849,0.028586771339178085,1.1298625469207764,,
225,103899,0.06634293496608734,0.94083172082901,,
225,103949,0.025404904037714005,1.000059962272644,,
225,103959,,,0.3974921405315399,0.2399383783340454
226,103999,0.031890079379081726,1.4689326286315918,,
226,104049,0.05725009739398956,0.8525677919387817,,
226,104099,0.08189951628446579,0.6652397513389587,,
226,104149,0.011817170307040215,0.6828012466430664,,
226,104199,0.01551712118089199,1.164731502532959,,
226,104249,0.026889536529779434,0.9419237375259399,,
226,104299,0.012466116808354855,1.014710545539856,,
226,104349,0.048827510327100754,0.820116400718689,,
226,104399,0.02600906230509281,0.8325893878936768,,
226,104419,,,0.37625357508659363,0.27484187483787537
227,104449,0.011908382177352905,0.8699682950973511,,
227,104499,0.006989619228988886,0.9973614811897278,,
227,104549,0.011265473440289497,1.2684686183929443,,
227,104599,0.03124835342168808,0.7798628807067871,,
227,104649,0.013172505423426628,0.7721410989761353,,
227,104699,0.023899435997009277,0.8894222378730774,,
227,104749,0.010723376646637917,1.192964792251587,,
227,104799,0.023394878953695297,0.7936080098152161,,
227,104849,0.07285364717245102,1.2077867984771729,,
227,104879,,,0.3902475833892822,0.31638258695602417
228,104899,0.05123296007514,1.0508322715759277,,
228,104949,0.042517635971307755,0.9024513959884644,,
228,104999,0.061935391277074814,0.9230984449386597,,
228,105049,0.023723937571048737,0.770544171333313,,
228,105099,0.02564377710223198,1.07399320602417,,
228,105149,0.007075532805174589,0.8266990184783936,,
228,105199,0.005530192982405424,1.0306603908538818,,
228,105249,0.02433687634766102,1.0413663387298584,,
228,105299,0.00867372564971447,1.3201262950897217,,
228,105339,,,0.41615399718284607,0.2199159860610962
229,105349,0.016663603484630585,0.8471928238868713,,
229,105399,0.017515061423182487,1.0796829462051392,,
229,105449,0.008017981424927711,0.8361728191375732,,
229,105499,0.01051871757954359,1.1770291328430176,,
229,105549,0.031877268105745316,0.7014666795730591,,
229,105599,0.007382734213024378,1.1647300720214844,,
229,105649,0.020523391664028168,0.8700862526893616,,
229,105699,0.03150841221213341,0.916588544845581,,
229,105749,0.027375832200050354,1.013908863067627,,
229,105799,0.018179889768362045,0.9315750002861023,,
229,105799,,,0.3724055588245392,0.31059378385543823
230,105849,0.009761625900864601,1.1017029285430908,,
230,105899,0.00570549163967371,1.1018226146697998,,
230,105949,0.06849762052297592,0.8009183406829834,,
230,105999,0.03323253616690636,0.9696981906890869,,
230,106049,0.07381155341863632,1.2423244714736938,,
230,106099,0.0056765321642160416,0.8469884991645813,,
230,106149,0.021383414044976234,1.3474586009979248,,
230,106199,0.01136995293200016,0.8813064098358154,,
230,106249,0.008126062341034412,0.8503409624099731,,
230,106259,,,0.39003226161003113,0.34835830330848694
231,106299,0.04528425633907318,0.9530521035194397,,
231,106349,0.009150683879852295,0.6004283428192139,,
231,106399,0.004718428943306208,0.9506531953811646,,
231,106449,0.015732498839497566,0.8221223950386047,,
231,106499,0.026871170848608017,1.0555102825164795,,
231,106549,0.006585500203073025,1.1646826267242432,,
231,106599,0.009311728179454803,0.8770179748535156,,
231,106649,0.050713784992694855,0.8611078262329102,,
231,106699,0.01909967139363289,1.3850641250610352,,
231,106719,,,0.38293009996414185,0.2818794846534729
232,106749,0.008160330355167389,0.9300943613052368,,
232,106799,0.006027659401297569,1.1959515810012817,,
232,106849,0.006696336902678013,1.1851270198822021,,
232,106899,0.007463585585355759,1.2586917877197266,,
232,106949,0.04301009699702263,1.437077283859253,,
232,106999,0.017101729288697243,1.2989987134933472,,
232,107049,0.0191459059715271,1.3452603816986084,,
232,107099,0.007593446411192417,1.071937084197998,,
232,107149,0.01757645234465599,1.0559881925582886,,
232,107179,,,0.38550496101379395,0.3277240991592407
233,107199,0.009936442598700523,0.9995107054710388,,
233,107249,0.05817968398332596,0.9820492267608643,,
233,107299,0.004457260947674513,0.978255033493042,,
233,107349,0.022178631275892258,1.005291223526001,,
233,107399,0.035124633461236954,0.761816143989563,,
233,107449,0.034120429307222366,0.8479740619659424,,
233,107499,0.030258826911449432,0.6338788270950317,,
233,107549,0.019804760813713074,0.9224178791046143,,
233,107599,0.039888814091682434,0.9632662534713745,,
233,107639,,,0.36320963501930237,0.3798772990703583
234,107649,0.042453326284885406,0.9526628255844116,,
234,107699,0.012773429974913597,1.2034635543823242,,
234,107749,0.031625814735889435,1.0196268558502197,,
234,107799,0.00874329824000597,0.9426510334014893,,
234,107849,0.015574583783745766,0.9979804754257202,,
234,107899,0.021617330610752106,0.8779985308647156,,
234,107949,0.012768343091011047,0.9254611134529114,,
234,107999,0.043574895709753036,1.0326642990112305,,
234,108049,0.1401517689228058,0.8764461278915405,,
234,108099,0.022784190252423286,1.3670936822891235,,
234,108099,,,0.3789766728878021,0.28511759638786316
235,108149,0.009841193445026875,0.9512338638305664,,
235,108199,0.07966285198926926,0.842475414276123,,
235,108249,0.017878582701086998,1.2662031650543213,,
235,108299,0.007574034854769707,0.8298389315605164,,
235,108349,0.008472911082208157,0.9195770621299744,,
235,108399,0.019686749204993248,0.695955753326416,,
235,108449,0.011121856048703194,0.9588781595230103,,
235,108499,0.01417203713208437,1.0002951622009277,,
235,108549,0.023661678656935692,0.9776514768600464,,
235,108559,,,0.34848490357398987,0.3978521227836609
236,108599,0.017002124339342117,1.1427167654037476,,
236,108649,0.046329692006111145,0.8461676836013794,,
236,108699,0.02572537213563919,1.0684324502944946,,
236,108749,0.03594584763050079,0.9076910614967346,,
236,108799,0.01899608224630356,0.5770816802978516,,
236,108849,0.02848251909017563,0.532674252986908,,
236,108899,0.015246469527482986,1.2753175497055054,,
236,108949,0.011287313885986805,0.8871630430221558,,
236,108999,0.03539680689573288,0.7675433158874512,,
236,109019,,,0.4169807732105255,0.25174474716186523
237,109049,0.024250725284218788,1.126495599746704,,
237,109099,0.004186959471553564,0.6768472194671631,,
237,109149,0.007871855050325394,0.9444277286529541,,
237,109199,0.007894403301179409,1.283370018005371,,
237,109249,0.04007494077086449,0.8831899762153625,,
237,109299,0.03388042747974396,1.1645781993865967,,
237,109349,0.027855299413204193,0.8346841931343079,,
237,109399,0.04177899658679962,1.1383686065673828,,
237,109449,0.024556562304496765,0.8793477416038513,,
237,109479,,,0.3894123136997223,0.3103153705596924
238,109499,0.015213892795145512,1.6836786270141602,,
238,109549,0.023802625015378,0.9439148902893066,,
238,109599,0.028267888352274895,1.0650336742401123,,
238,109649,0.01264471560716629,1.2891966104507446,,
238,109699,0.012125743553042412,1.0472921133041382,,
238,109749,0.0445084422826767,0.735515832901001,,
238,109799,0.013190971687436104,1.246000051498413,,
238,109849,0.012887952849268913,1.0237200260162354,,
238,109899,0.010669196955859661,1.182920217514038,,
238,109939,,,0.36166688799858093,0.35345157980918884
239,109949,0.08029002696275711,0.7335437536239624,,
239,109999,0.058548588305711746,0.8743586540222168,,
239,110049,0.06145986169576645,1.0735621452331543,,
239,110099,0.1005975604057312,1.3384909629821777,,
239,110149,0.010738586075603962,0.9293740391731262,,
239,110199,0.024801846593618393,0.9375982880592346,,
239,110249,0.016389399766921997,0.9444770812988281,,
239,110299,0.015249917283654213,0.8575294613838196,,
239,110349,0.024440327659249306,1.0425692796707153,,
239,110399,0.0122278006747365,0.959613025188446,,
239,110399,,,0.39862585067749023,0.25186246633529663
240,110449,0.03892039135098457,1.5764625072479248,,
240,110499,0.07578475773334503,0.688879132270813,,
240,110549,0.05420751869678497,1.3477783203125,,
240,110599,0.026982970535755157,0.774186909198761,,
240,110649,0.01733771525323391,1.08116614818573,,
240,110699,0.006067328155040741,0.9743201732635498,,
240,110749,0.017707232385873795,0.8910557627677917,,
240,110799,0.015170975588262081,1.2425029277801514,,
240,110849,0.0266864076256752,1.1861798763275146,,
240,110859,,,0.3945148289203644,0.28417298197746277
241,110899,0.06011372059583664,0.8178566694259644,,
241,110949,0.008144407533109188,1.2008453607559204,,
241,110999,0.024917112663388252,0.9168537855148315,,
241,111049,0.02868792414665222,0.6636734008789062,,
241,111099,0.074117012321949,0.5968255400657654,,
241,111149,0.02808501571416855,1.0529911518096924,,
241,111199,0.05258321389555931,1.4111334085464478,,
241,111249,0.010084789246320724,0.890943169593811,,
241,111299,0.03023357130587101,0.8218129873275757,,
241,111319,,,0.36715587973594666,0.37813523411750793
242,111349,0.005595336202532053,1.261956810951233,,
242,111399,0.07275764644145966,1.1271061897277832,,
242,111449,0.06871999800205231,1.1377291679382324,,
242,111499,0.015289757400751114,1.0090924501419067,,
242,111549,0.06868913024663925,0.7568550109863281,,
242,111599,0.014667244628071785,1.2619028091430664,,
242,111649,0.04196552187204361,0.8827211856842041,,
242,111699,0.10588429868221283,1.0046987533569336,,
242,111749,0.012630385346710682,1.1108858585357666,,
242,111779,,,0.39690762758255005,0.24123378098011017
243,111799,0.009546821936964989,1.177171230316162,,
243,111849,0.0655319094657898,1.0693449974060059,,
243,111899,0.024195823818445206,1.1402231454849243,,
243,111949,0.021335627883672714,1.1231982707977295,,
243,111999,0.01258082315325737,1.1714086532592773,,
243,112049,0.035820670425891876,0.7733446955680847,,
243,112099,0.008933395147323608,1.1274781227111816,,
243,112149,0.017837833613157272,1.074263095855713,,
243,112199,0.007039348129183054,1.0085837841033936,,
243,112239,,,0.3831244707107544,0.28791749477386475
244,112249,0.017070364207029343,0.7752621173858643,,
244,112299,0.006696110591292381,1.0269510746002197,,
244,112349,0.059667348861694336,1.036685585975647,,
244,112399,0.024080175906419754,1.1982203722000122,,
244,112449,0.02108864299952984,1.043451189994812,,
244,112499,0.05066012591123581,0.9971320033073425,,
244,112549,0.017941705882549286,0.9180388450622559,,
244,112599,0.03763805702328682,0.7526282072067261,,
244,112649,0.029794668778777122,0.9631465077400208,,
244,112699,0.0380164310336113,0.9438668489456177,,
244,112699,,,0.3913876414299011,0.2508165240287781
245,112749,0.00767721189185977,0.9711345434188843,,
245,112799,0.0075258417055010796,1.2982985973358154,,
245,112849,0.024867326021194458,0.8954364061355591,,
245,112899,0.10595832765102386,1.1682181358337402,,
245,112949,0.017687298357486725,1.1012167930603027,,
245,112999,0.051507167518138885,0.9078750610351562,,
245,113049,0.034999992698431015,0.9364054203033447,,
245,113099,0.017075009644031525,0.9269685745239258,,
245,113149,0.01444953866302967,1.0121030807495117,,
245,113159,,,0.4056207537651062,0.2432631403207779
246,113199,0.019946154206991196,0.8421955108642578,,
246,113249,0.035360656678676605,0.8054198622703552,,
246,113299,0.03993285447359085,1.2928048372268677,,
246,113349,0.010544057935476303,0.9370560646057129,,
246,113399,0.011450963094830513,1.3243262767791748,,
246,113449,0.017163369804620743,0.8816148042678833,,
246,113499,0.026819199323654175,1.038902759552002,,
246,113549,0.02155330590903759,0.9384912252426147,,
246,113599,0.013567221350967884,1.0534934997558594,,
246,113619,,,0.35049888491630554,0.2995636463165283
247,113649,0.01977449096739292,0.8972769379615784,,
247,113699,0.014330344274640083,1.1629517078399658,,
247,113749,0.019282985478639603,1.0063037872314453,,
247,113799,0.025635510683059692,0.8719934821128845,,
247,113849,0.02413947880268097,0.91232830286026,,
247,113899,0.04531094431877136,1.3671882152557373,,
247,113949,0.022930098697543144,1.1182689666748047,,
247,113999,0.009043440222740173,1.0630128383636475,,
247,114049,0.016058381646871567,1.2363585233688354,,
247,114079,,,0.39255064725875854,0.391809344291687
248,114099,0.023696884512901306,1.0853517055511475,,
248,114149,0.024403706192970276,1.2988200187683105,,
248,114199,0.0207506213337183,1.5025203227996826,,
248,114249,0.0088407127186656,0.8979427814483643,,
248,114299,0.013358255848288536,1.2266161441802979,,
248,114349,0.04442622885107994,0.921186625957489,,
248,114399,0.03265322744846344,0.95133376121521,,
248,114449,0.008558744564652443,0.6510117650032043,,
248,114499,0.009240378625690937,1.234506607055664,,
248,114539,,,0.3957430124282837,0.2455987185239792
249,114549,0.013217256404459476,0.8834863901138306,,
249,114599,0.020978353917598724,1.2312322854995728,,
249,114649,0.01601233519613743,0.9608349800109863,,
249,114699,0.019987380132079124,1.503166913986206,,
249,114749,0.013634150847792625,1.4955754280090332,,
249,114799,0.020211735740303993,0.9866693019866943,,
249,114849,0.05086947977542877,0.895065426826477,,
249,114899,0.013510525226593018,0.7485607862472534,,
249,114949,0.015177594497799873,0.8004287481307983,,
249,114999,0.011234324425458908,1.032007098197937,,
249,114999,,,0.40783873200416565,0.24791082739830017
250,115049,0.029462289065122604,1.1664643287658691,,
250,115099,0.012238336727023125,1.0712001323699951,,
250,115149,0.01316838152706623,1.003656029701233,,
250,115199,0.00607244111597538,0.7344679236412048,,
250,115249,0.02522778883576393,0.8300756216049194,,
250,115299,0.02274780161678791,1.0937150716781616,,
250,115349,0.029646702110767365,1.088195562362671,,
250,115399,0.009986091405153275,1.06940758228302,,
250,115449,0.026485420763492584,1.0221529006958008,,
250,115459,,,0.37039145827293396,0.3474591374397278
251,115499,0.02018728293478489,0.6771335601806641,,
251,115549,0.011236624792218208,0.8155860900878906,,
251,115599,0.018640786409378052,1.0306882858276367,,
251,115649,0.00967964343726635,0.9439404606819153,,
251,115699,0.010982627049088478,0.874788761138916,,
251,115749,0.008665041998028755,1.4134764671325684,,
251,115799,0.013754106126725674,1.2017189264297485,,
251,115849,0.012645604088902473,0.9834282398223877,,
251,115899,0.038722600787878036,1.6425256729125977,,
251,115919,,,0.3842880427837372,0.3810025453567505
252,115949,0.014483551494777203,1.350914478302002,,
252,115999,0.00616017309948802,0.9101262092590332,,
252,116049,0.014493701979517937,0.8499619960784912,,
252,116099,0.012800278142094612,1.138916015625,,
252,116149,0.01255742833018303,0.8831185102462769,,
252,116199,0.008420353755354881,1.1268608570098877,,
252,116249,0.008667835034430027,0.849786639213562,,
252,116299,0.03235648572444916,1.7261854410171509,,
252,116349,0.005717471241950989,0.7994433045387268,,
252,116379,,,0.35059672594070435,0.309892475605011
253,116399,0.026239769533276558,1.1960110664367676,,
253,116449,0.03129422292113304,1.404758095741272,,
253,116499,0.09733270853757858,0.8049818277359009,,
253,116549,0.06662815809249878,0.899965763092041,,
253,116599,0.0113225057721138,0.8417328000068665,,
253,116649,0.023314928635954857,1.6694972515106201,,
253,116699,0.028433894738554955,1.0257017612457275,,
253,116749,0.030754433944821358,0.858130931854248,,
253,116799,0.007024621590971947,0.8909742832183838,,
253,116839,,,0.3923208713531494,0.2568863332271576
254,116849,0.025891181081533432,0.8225393891334534,,
254,116899,0.025008702650666237,0.8275500535964966,,
254,116949,0.01051994040608406,0.9319526553153992,,
254,116999,0.007374398410320282,0.7074216604232788,,
254,117049,0.018951794132590294,1.1735925674438477,,
254,117099,0.05087605118751526,1.1190240383148193,,
254,117149,0.024268314242362976,1.3768188953399658,,
254,117199,0.01856662705540657,1.1682640314102173,,
254,117249,0.0076697813346982,1.1275479793548584,,
254,117299,0.02728811651468277,0.9686740636825562,,
254,117299,,,0.3523065745830536,0.34604471921920776
255,117349,0.012547414749860764,0.7632412910461426,,
255,117399,0.014219556003808975,0.90672367811203,,
255,117449,0.01255505345761776,1.0909626483917236,,
255,117499,0.08487760275602341,0.6454193592071533,,
255,117549,0.026526089757680893,1.1636805534362793,,
255,117599,0.10261733084917068,0.5521864891052246,,
255,117649,0.03337570279836655,0.9722200632095337,,
255,117699,0.07064235210418701,1.438044786453247,,
255,117749,0.017502490431070328,1.032517910003662,,
255,117759,,,0.3898104429244995,0.34437575936317444
256,117799,0.019546907395124435,0.8163334727287292,,
256,117849,0.010847792029380798,0.8518181443214417,,
256,117899,0.022803381085395813,1.1071242094039917,,
256,117949,0.09063355624675751,0.8667988777160645,,
256,117999,0.012351671233773232,0.9936366081237793,,
256,118049,0.10660667717456818,1.4672458171844482,,
256,118099,0.2616959810256958,0.732111930847168,,
256,118149,0.0058722225949168205,0.9930709600448608,,
256,118199,0.006666959263384342,1.0340256690979004,,
256,118219,,,0.4127618074417114,0.20966123044490814
257,118249,0.008185802027583122,0.9124019145965576,,
257,118299,0.012284119613468647,0.9830082654953003,,
257,118349,0.015385902486741543,1.014626145362854,,
257,118399,0.018605588003993034,1.2082737684249878,,
257,118449,0.02565092220902443,1.2082918882369995,,
257,118499,0.032406166195869446,0.8872764110565186,,
257,118549,0.016430510208010674,0.802183985710144,,
257,118599,0.013844311237335205,0.8172626495361328,,
257,118649,0.011877484619617462,1.0093761682510376,,
257,118679,,,0.4038240611553192,0.2732156217098236
258,118699,0.0039458139799535275,0.9793980121612549,,
258,118749,0.0077874003909528255,1.2702348232269287,,
258,118799,0.02759563736617565,0.8864531517028809,,
258,118849,0.015236476436257362,0.7866394519805908,,
258,118899,0.011285368353128433,0.9310504198074341,,
258,118949,0.03356509283185005,1.096792459487915,,
258,118999,0.041759975254535675,0.8512229919433594,,
258,119049,0.05680662766098976,0.79292893409729,,
258,119099,0.008455025963485241,1.0377118587493896,,
258,119139,,,0.38246020674705505,0.2694026529788971
259,119149,0.026943400502204895,1.1756491661071777,,
259,119199,0.025102701038122177,0.9266051054000854,,
259,119249,0.018941745162010193,1.0778145790100098,,
259,119299,0.0336226262152195,0.7507976293563843,,
259,119349,0.028730539605021477,0.8038234114646912,,
259,119399,0.009426888078451157,1.5541571378707886,,
259,119449,0.012103039771318436,0.738231360912323,,
259,119499,0.008663130924105644,0.8967530727386475,,
259,119549,0.009138034656643867,0.7772924304008484,,
259,119599,0.12249621748924255,1.4064383506774902,,
259,119599,,,0.40392163395881653,0.2639078199863434
260,119649,0.06616776436567307,1.1674518585205078,,
260,119699,0.04881293326616287,0.9403398633003235,,
260,119749,0.007409847341477871,1.0346121788024902,,
260,119799,0.01592176780104637,1.0272748470306396,,
260,119849,0.07843761891126633,0.8743909597396851,,
260,119899,0.013191837817430496,1.0248079299926758,,
260,119949,0.0215236134827137,1.2007166147232056,,
260,119999,0.11557409167289734,0.8485047817230225,,
260,120049,0.06449734419584274,0.8252973556518555,,
260,120059,,,0.3940427005290985,0.28573110699653625
261,120099,0.02233528159558773,0.8854345679283142,,
261,120149,0.02467150054872036,0.9935014247894287,,
261,120199,0.00455399788916111,1.130624532699585,,
261,120249,0.029638100415468216,0.8159618377685547,,
261,120299,0.030565515160560608,1.026639461517334,,
261,120349,0.04053556174039841,1.3046011924743652,,
261,120399,0.01879148557782173,0.8858692049980164,,
261,120449,0.0725579708814621,1.1993467807769775,,
261,120499,0.016206961125135422,1.1467238664627075,,
261,120519,,,0.3998080790042877,0.26973575353622437
262,120549,0.059590842574834824,0.7521809935569763,,
262,120599,0.00937187671661377,0.8400719165802002,,
262,120649,0.014424091205000877,0.9152780771255493,,
262,120699,0.013947187922894955,1.198155164718628,,
262,120749,0.014069384895265102,0.9558223485946655,,
262,120799,0.10968402773141861,0.5448428392410278,,
262,120849,0.02315969206392765,1.0337424278259277,,
262,120899,0.016177162528038025,0.7663753032684326,,
262,120949,0.03014923259615898,0.8481915593147278,,
262,120979,,,0.3899726867675781,0.27693137526512146
263,120999,0.16962078213691711,0.8156967759132385,,
263,121049,0.011996190994977951,0.8565194606781006,,
263,121099,0.005552474409341812,1.1003214120864868,,
263,121149,0.009660199284553528,1.0388166904449463,,
263,121199,0.006345758680254221,1.009108066558838,,
263,121249,0.009545428678393364,1.0021395683288574,,
263,121299,0.014635996893048286,1.1161946058273315,,
263,121349,0.07091832160949707,0.5890618562698364,,
263,121399,0.012190232053399086,1.1622231006622314,,
263,121439,,,0.37496617436408997,0.3306807279586792
264,121449,0.0228760726749897,0.6527420878410339,,
264,121499,0.01464027352631092,1.05339777469635,,
264,121549,0.06146514043211937,0.9781527519226074,,
264,121599,0.030864916741847992,0.9433825612068176,,
264,121649,0.06015650928020477,0.698663592338562,,
264,121699,0.043911442160606384,0.6389027833938599,,
264,121749,0.0639498382806778,0.6238665580749512,,
264,121799,0.03765581175684929,1.1295613050460815,,
264,121849,0.02085849829018116,1.071171522140503,,
264,121899,0.008610104210674763,1.1573231220245361,,
264,121899,,,0.4061891436576843,0.2254941612482071
265,121949,0.07021059095859528,1.0101659297943115,,
265,121999,0.005688086152076721,0.7633625268936157,,
265,122049,0.005885706748813391,1.0699917078018188,,
265,122099,0.010283349081873894,1.3017518520355225,,
265,122149,0.006453086622059345,0.7831499576568604,,
265,122199,0.021778590977191925,1.06058669090271,,
265,122249,0.010857035405933857,1.0057165622711182,,
265,122299,0.03896557167172432,0.7161362767219543,,
265,122349,0.024560946971178055,1.0064527988433838,,
265,122359,,,0.4140797257423401,0.23082374036312103
266,122399,0.021101251244544983,0.9374433159828186,,
266,122449,0.014655038714408875,1.2115147113800049,,
266,122499,0.009432290680706501,0.9729236364364624,,
266,122549,0.02414417266845703,0.8287906050682068,,
266,122599,0.09358690679073334,0.7528581023216248,,
266,122649,0.0034626536071300507,0.8447028398513794,,
266,122699,0.015922540798783302,0.8714133501052856,,
266,122749,0.03781335800886154,1.0239043235778809,,
266,122799,0.04975363612174988,0.6828633546829224,,
266,122819,,,0.39656123518943787,0.27374541759490967
267,122849,0.0030670976266264915,1.005330204963684,,
267,122899,0.01754353567957878,0.9305174946784973,,
267,122949,0.050267938524484634,0.681402325630188,,
267,122999,0.025049570947885513,1.139521837234497,,
267,123049,0.04900515079498291,0.9168406128883362,,
267,123099,0.17095260322093964,0.6634672284126282,,
267,123149,0.02682546153664589,1.0420753955841064,,
267,123199,0.017682058736681938,0.6605781316757202,,
267,123249,0.010937978513538837,1.1112556457519531,,
267,123279,,,0.3911609351634979,0.3624987304210663
268,123299,0.01792125776410103,0.803289532661438,,
268,123349,0.032989345490932465,0.9388960599899292,,
268,123399,0.011365652084350586,1.071524977684021,,
268,123449,0.008949771523475647,0.6885034441947937,,
268,123499,0.1831798404455185,0.6758276224136353,,
268,123549,0.03320149704813957,1.331446647644043,,
268,123599,0.04326881095767021,0.8269997239112854,,
268,123649,0.013526307418942451,0.8303905725479126,,
268,123699,0.018303081393241882,1.2267346382141113,,
268,123739,,,0.36858609318733215,0.3404352068901062
269,123749,0.011833307333290577,0.6664390563964844,,
269,123799,0.012944544665515423,1.0947320461273193,,
269,123849,0.028051339089870453,0.8915019035339355,,
269,123899,0.0063299816101789474,1.046727180480957,,
269,123949,0.012481817044317722,0.8796446323394775,,
269,123999,0.03424042835831642,1.0216388702392578,,
269,124049,0.018269049003720284,1.0690972805023193,,
269,124099,0.013234280049800873,0.8557112812995911,,
269,124149,0.008462730795145035,1.11399507522583,,
269,124199,0.005959796719253063,1.4991178512573242,,
269,124199,,,0.3974689543247223,0.30673837661743164
270,124249,0.08498601615428925,1.3432564735412598,,
270,124299,0.06845609098672867,0.6989086866378784,,
270,124349,0.1314876824617386,1.0758752822875977,,
270,124399,0.023916898295283318,1.249653697013855,,
270,124449,0.033018771559000015,0.9712579250335693,,
270,124499,0.11362765729427338,0.6226257681846619,,
270,124549,0.010261493735015392,1.1373964548110962,,
270,124599,0.022983010858297348,0.9756754040718079,,
270,124649,0.01591894030570984,0.970554530620575,,
270,124659,,,0.3843202292919159,0.2542657256126404
271,124699,0.0397605374455452,1.0744776725769043,,
271,124749,0.08202600479125977,0.8655999898910522,,
271,124799,0.026836680248379707,1.2843282222747803,,
271,124849,0.0068621886894106865,1.4541226625442505,,
271,124899,0.03276108577847481,1.1908565759658813,,
271,124949,0.015106909908354282,0.9867863655090332,,
271,124999,0.014632990583777428,0.9672738313674927,,
271,125049,0.008469289168715477,1.349906086921692,,
271,125099,0.01828743889927864,1.0011271238327026,,
271,125119,,,0.3498912751674652,0.30100202560424805
272,125149,0.006533293053507805,1.0220043659210205,,
272,125199,0.07025741040706635,1.107081413269043,,
272,125249,0.005969759076833725,0.9429275393486023,,
272,125299,0.005535542499274015,1.1387853622436523,,
272,125349,0.029927074909210205,0.9600886106491089,,
272,125399,0.02571459859609604,1.045003056526184,,
272,125449,0.0203033946454525,1.1239128112792969,,
272,125499,0.020828677341341972,1.1762053966522217,,
272,125549,0.007608724292367697,0.8631736040115356,,
272,125579,,,0.4160023629665375,0.2111232727766037
273,125599,0.00462318304926157,0.9654924869537354,,
273,125649,0.01162114180624485,0.9781748652458191,,
273,125699,0.04597420245409012,0.8952164649963379,,
273,125749,0.04927355423569679,1.1461083889007568,,
273,125799,0.11619333177804947,1.2650938034057617,,
273,125849,0.016927337273955345,1.2537355422973633,,
273,125899,0.007090921048074961,1.0959405899047852,,
273,125949,0.06158091500401497,1.0023534297943115,,
273,125999,0.0040779453702270985,0.9280368089675903,,
273,126039,,,0.4032035768032074,0.24241609871387482
274,126049,0.03849831968545914,0.9873427152633667,,
274,126099,0.013861671090126038,1.0209038257598877,,
274,126149,0.05042372643947601,1.4741249084472656,,
274,126199,0.008389819413423538,1.0418517589569092,,
274,126249,0.007975952699780464,1.071659803390503,,
274,126299,0.019543271511793137,1.1019179821014404,,
274,126349,0.008683525025844574,0.8527777791023254,,
274,126399,0.03528747707605362,1.1567411422729492,,
274,126449,0.033196475356817245,1.2359626293182373,,
274,126499,0.06627649068832397,0.700348436832428,,
274,126499,,,0.3775642216205597,0.3401704430580139
275,126549,0.048056285828351974,1.0694924592971802,,
275,126599,0.020142193883657455,1.03251314163208,,
275,126649,0.027477869763970375,1.010697364807129,,
275,126699,0.038561396300792694,0.7841566801071167,,
275,126749,0.01325257308781147,0.9183371067047119,,
275,126799,0.017251895740628242,1.5611271858215332,,
275,126849,0.010575443506240845,1.1694605350494385,,
275,126899,0.014663771726191044,0.9093190431594849,,
275,126949,0.006523244548588991,1.1008408069610596,,
275,126959,,,0.4119468927383423,0.23318836092948914
276,126999,0.025487303733825684,0.6821290850639343,,
276,127049,0.019026782363653183,0.8764894008636475,,
276,127099,0.04173688590526581,0.8519440293312073,,
276,127149,0.01163068413734436,1.0519816875457764,,
276,127199,0.05742223933339119,0.6677277088165283,,
276,127249,0.012974301353096962,1.085663080215454,,
276,127299,0.008502023294568062,1.1621778011322021,,
276,127349,0.006029336713254452,1.504393458366394,,
276,127399,0.057648759335279465,0.786730170249939,,
276,127419,,,0.3295651972293854,0.32511234283447266
277,127449,0.042633622884750366,0.9197152853012085,,
277,127499,0.020677555352449417,1.1477919816970825,,
277,127549,0.012647954747080803,0.8288319706916809,,
277,127599,0.007864575833082199,1.0414879322052002,,
277,127649,0.018310140818357468,1.1205676794052124,,
277,127699,0.039537668228149414,0.9276415109634399,,
277,127749,0.02588171698153019,0.9577218294143677,,
277,127799,0.06284359097480774,0.8102198839187622,,
277,127849,0.03047662228345871,1.2567803859710693,,
277,127879,,,0.37141624093055725,0.2938089966773987
278,127899,0.03445293754339218,0.9452785849571228,,
278,127949,0.009683624841272831,1.2307240962982178,,
278,127999,0.01736324653029442,1.1899662017822266,,
278,128049,0.011279742233455181,1.132280707359314,,
278,128099,0.010436647571623325,0.7577096223831177,,
278,128149,0.013416959904134274,0.807590901851654,,
278,128199,0.06333594024181366,0.7407881021499634,,
278,128249,0.014040001668035984,1.108008861541748,,
278,128299,0.06093880534172058,0.8206355571746826,,
278,128339,,,0.3687871992588043,0.3342818021774292
279,128349,0.015641294419765472,0.9835730791091919,,
279,128399,0.08132573962211609,0.8549623489379883,,
279,128449,0.0075964173302054405,0.9637686014175415,,
279,128499,0.009004602208733559,0.7487927079200745,,
279,128549,0.01692843623459339,1.1626511812210083,,
279,128599,0.018020614981651306,0.7754791975021362,,
279,128649,0.03816920891404152,1.037528157234192,,
279,128699,0.0458088293671608,1.5948567390441895,,
279,128749,0.013077761046588421,1.18397855758667,,
279,128799,0.012870393693447113,1.3249033689498901,,
279,128799,,,0.37456944584846497,0.35155734419822693
280,128849,0.00788865052163601,1.2145766019821167,,
280,128899,0.03529006242752075,0.8074548244476318,,
280,128949,0.018186792731285095,0.7244006395339966,,
280,128999,0.07171160727739334,0.8286742568016052,,
280,129049,0.018540672957897186,1.219163179397583,,
280,129099,0.01854856312274933,1.0150477886199951,,
280,129149,0.009535901248455048,0.8714439868927002,,
280,129199,0.0570107027888298,1.0867751836776733,,
280,129249,0.03912796080112457,1.3491127490997314,,
280,129259,,,0.37945786118507385,0.31692609190940857
281,129299,0.06451267004013062,1.1346814632415771,,
281,129349,0.00665831845253706,0.9649759531021118,,
281,129399,0.00530773913487792,1.0735735893249512,,
281,129449,0.038198940455913544,1.1595357656478882,,
281,129499,0.010006086900830269,1.02288019657135,,
281,129549,0.0038281669840216637,0.8928838968276978,,
281,129599,0.02273419313132763,0.970475435256958,,
281,129649,0.04412239417433739,0.6101210117340088,,
281,129699,0.024006448686122894,1.0383965969085693,,
281,129719,,,0.38423582911491394,0.2904545068740845
282,129749,0.006874606944620609,1.1479876041412354,,
282,129799,0.01371903344988823,0.8066918253898621,,
282,129849,0.02820810303092003,0.9976822137832642,,
282,129899,0.0160371046513319,0.925973653793335,,
282,129949,0.009476915001869202,1.1153361797332764,,
282,129999,0.008902696892619133,1.1053130626678467,,
282,130049,0.006041429936885834,1.0475904941558838,,
282,130099,0.1210285872220993,1.3943493366241455,,
282,130149,0.040318332612514496,1.3171885013580322,,
282,130179,,,0.39847785234451294,0.24093608558177948
283,130199,0.0161395575851202,1.0701212882995605,,
283,130249,0.03276113420724869,1.3459813594818115,,
283,130299,0.06365784257650375,1.168845534324646,,
283,130349,0.07943873852491379,1.2752203941345215,,
283,130399,0.013874453492462635,1.005430817604065,,
283,130449,0.006796877831220627,0.9985398054122925,,
283,130499,0.009303377009928226,0.8877056837081909,,
283,130549,0.01754169538617134,1.244830846786499,,
283,130599,0.018905656412243843,1.231575846672058,,
283,130639,,,0.37709885835647583,0.31672921776771545
284,130649,0.013796043582260609,0.8048508167266846,,
284,130699,0.006454272195696831,0.7786316871643066,,
284,130749,0.03910015895962715,0.9945787191390991,,
284,130799,0.007543710060417652,0.9531720280647278,,
284,130849,0.01796879991889,1.052587628364563,,
284,130899,0.01675332337617874,1.3617782592773438,,
284,130949,0.008043499663472176,0.9233465790748596,,
284,130999,0.014630828984081745,1.148014783859253,,
284,131049,0.030008547008037567,1.087425708770752,,
284,131099,0.017119335010647774,1.0097733736038208,,
284,131099,,,0.39448225498199463,0.24973657727241516
285,131149,0.007616165094077587,1.0518804788589478,,
285,131199,0.040798213332891464,1.3854961395263672,,
285,131249,0.013701019808650017,0.9619989395141602,,
285,131299,0.031933773308992386,0.893047034740448,,
285,131349,0.01639983057975769,1.3533316850662231,,
285,131399,0.012305807322263718,1.080343246459961,,
285,131449,0.015083499252796173,1.4539134502410889,,
285,131499,0.01071108691394329,0.9345428943634033,,
285,131549,0.007498414255678654,0.9656030535697937,,
285,131559,,,0.370960533618927,0.2594407796859741
286,131599,0.020416926592588425,0.9192993640899658,,
286,131649,0.02192964404821396,0.9580531120300293,,
286,131699,0.0068450686521828175,1.05691397190094,,
286,131749,0.016138814389705658,0.7331018447875977,,
286,131799,0.008566530421376228,0.876377522945404,,
286,131849,0.013675399124622345,1.092157244682312,,
286,131899,0.045013319700956345,0.8040457963943481,,
286,131949,0.013906123116612434,0.9464223980903625,,
286,131999,0.02542518451809883,0.7213560342788696,,
286,132019,,,0.38141393661499023,0.3334709703922272
287,132049,0.0073267025873064995,0.9350643157958984,,
287,132099,0.009257074445486069,0.8247166275978088,,
287,132149,0.010954069904983044,0.9793225526809692,,
287,132199,0.022155670449137688,0.9834364652633667,,
287,132249,0.026914948597550392,1.6835047006607056,,
287,132299,0.04792553931474686,1.2176567316055298,,
287,132349,0.012156050652265549,0.9782171845436096,,
287,132399,0.053465813398361206,1.4811755418777466,,
287,132449,0.00851055420935154,0.8233689665794373,,
287,132479,,,0.3932114243507385,0.2767218053340912
288,132499,0.016852496191859245,0.8831937909126282,,
288,132549,0.013678332790732384,0.7977944612503052,,
288,132599,0.007578548509627581,1.0650038719177246,,
288,132649,0.02590734325349331,0.8198224306106567,,
288,132699,0.0072855595499277115,1.093995213508606,,
288,132749,0.008747594431042671,1.077375888824463,,
288,132799,0.009782703593373299,1.037516474723816,,
288,132849,0.015947332605719566,1.0358766317367554,,
288,132899,0.01947694644331932,1.5763273239135742,,
288,132939,,,0.3580235242843628,0.3857032358646393
289,132949,0.012788591906428337,0.8940242528915405,,
289,132999,0.012300940230488777,1.1806647777557373,,
289,133049,0.026356084272265434,1.072169542312622,,
289,133099,0.06663906574249268,1.0485048294067383,,
289,133149,0.016430150717496872,0.858673095703125,,
289,133199,0.03031654842197895,0.9072074890136719,,
289,133249,0.02755863033235073,1.030623435974121,,
289,133299,0.041948024183511734,1.2152740955352783,,
289,133349,0.02889125980436802,1.0071033239364624,,
289,133399,0.0195445716381073,1.220530390739441,,
289,133399,,,0.4071618914604187,0.2462589293718338
290,133449,0.011323947459459305,1.26418936252594,,
290,133499,0.011407464742660522,1.059916377067566,,
290,133549,0.041221920400857925,0.804985523223877,,
290,133599,0.024627774953842163,0.7437732219696045,,
290,133649,0.008803080767393112,1.202904462814331,,
290,133699,0.0205849576741457,0.7527270913124084,,
290,133749,0.00418372917920351,1.0069055557250977,,
290,133799,0.017782939597964287,0.8688780069351196,,
290,133849,0.0049544102512300014,0.9928427934646606,,
290,133859,,,0.3776322305202484,0.26776573061943054
291,133899,0.018367057666182518,0.7356696128845215,,
291,133949,0.0054695201106369495,0.9649779796600342,,
291,133999,0.0969347432255745,0.634811282157898,,
291,134049,0.009716641157865524,1.0794472694396973,,
291,134099,0.024292102083563805,1.2079064846038818,,
291,134149,0.01046670414507389,1.139315128326416,,
291,134199,0.008042611181735992,1.2196691036224365,,
291,134249,0.015610970556735992,1.2952439785003662,,
291,134299,0.01496022567152977,1.111914038658142,,
291,134319,,,0.4227527379989624,0.20048591494560242
292,134349,0.019489947706460953,0.6348332166671753,,
292,134399,0.007250752300024033,0.9540685415267944,,
292,134449,0.004869559779763222,1.0647135972976685,,
292,134499,0.0035673328675329685,0.9437049627304077,,
292,134549,0.015316502191126347,0.89595627784729,,
292,134599,0.015909139066934586,0.9116553068161011,,
292,134649,0.02486737258732319,1.216483235359192,,
292,134699,0.009648427367210388,0.7948275804519653,,
292,134749,0.05701565742492676,1.0666422843933105,,
292,134779,,,0.3376409411430359,0.2981564700603485
293,134799,0.014499052427709103,0.8656073212623596,,
293,134849,0.017778225243091583,1.2508785724639893,,
293,134899,0.026892777532339096,0.6797129511833191,,
293,134949,0.0077379243448376656,1.2340354919433594,,
293,134999,0.03979724645614624,1.6426184177398682,,
293,135049,0.015438059344887733,0.9896742105484009,,
293,135099,0.015432080253958702,0.8493282794952393,,
293,135149,0.011277768760919571,1.0474059581756592,,
293,135199,0.05120163783431053,1.486220359802246,,
293,135239,,,0.3894590437412262,0.28057071566581726
294,135249,0.010288394056260586,0.7393304109573364,,
294,135299,0.0051037524826824665,0.900400698184967,,
294,135349,0.021597806364297867,1.2248010635375977,,
294,135399,0.024640105664730072,1.0910205841064453,,
294,135449,0.014383453875780106,0.7698371410369873,,
294,135499,0.020287692546844482,0.9858707785606384,,
294,135549,0.02504657953977585,1.0873440504074097,,
294,135599,0.005936148576438427,0.9599713087081909,,
294,135649,0.009955263696610928,1.0632487535476685,,
294,135699,0.005205631256103516,0.8295599818229675,,
294,135699,,,0.36220020055770874,0.2988710403442383
295,135749,0.03167369216680527,1.0827242136001587,,
295,135799,0.015669647604227066,0.9890029430389404,,
295,135849,0.005402409937232733,0.9351736307144165,,
295,135899,0.01748170703649521,1.0108368396759033,,
295,135949,0.05749840289354324,1.3522205352783203,,
295,135999,0.015798017382621765,1.0900965929031372,,
295,136049,0.02390928938984871,0.884158194065094,,
295,136099,0.00676448829472065,0.8134282231330872,,
295,136149,0.05790196359157562,0.9486818313598633,,
295,136159,,,0.41421422362327576,0.24281218647956848
296,136199,0.010853688232600689,1.366206407546997,,
296,136249,0.019404789432883263,0.723182201385498,,
296,136299,0.0065454281866550446,1.101048469543457,,
296,136349,0.009152406826615334,1.0411124229431152,,
296,136399,0.01812763325870037,0.644194483757019,,
296,136449,0.007204732857644558,0.9178647994995117,,
296,136499,0.008260331116616726,1.047080636024475,,
296,136549,0.004943704232573509,1.7350518703460693,,
296,136599,0.03395957499742508,0.8297984600067139,,
296,136619,,,0.38843145966529846,0.2475854456424713
297,136649,0.03001885488629341,1.0746949911117554,,
297,136699,0.017908457666635513,0.8086087703704834,,
297,136749,0.05358078330755234,1.1753562688827515,,
297,136799,0.014553952030837536,0.8876475095748901,,
297,136849,0.010943183675408363,0.8067654371261597,,
297,136899,0.007209278177469969,0.9527326822280884,,
297,136949,0.02948518469929695,1.259569764137268,,
297,136999,0.0046073622070252895,1.1370350122451782,,
297,137049,0.02028948813676834,1.0497990846633911,,
297,137079,,,0.3910881578922272,0.23567892611026764
298,137099,0.020030466839671135,0.8244995474815369,,
298,137149,0.011462939903140068,1.1053149700164795,,
298,137199,0.01329873502254486,1.0936505794525146,,
298,137249,0.008989876136183739,0.9460760951042175,,
298,137299,0.018411006778478622,1.0327060222625732,,
298,137349,0.009187351912260056,1.0534576177597046,,
298,137399,0.015153763815760612,1.0128364562988281,,
298,137449,0.016652170568704605,0.7012002468109131,,
298,137499,0.0047067757695913315,1.1463617086410522,,
298,137539,,,0.4796041250228882,0.1527249962091446
299,137549,0.01022107433527708,1.0926384925842285,,
299,137599,0.027987200766801834,0.9890133738517761,,
299,137649,0.028476055711507797,0.792837381362915,,
299,137699,0.006183884106576443,1.0592676401138306,,
299,137749,0.034383248537778854,1.0806915760040283,,
299,137799,0.011153859086334705,1.0231342315673828,,
299,137849,0.013047149404883385,1.0196194648742676,,
299,137899,0.0920298770070076,0.9469164609909058,,
299,137949,0.007563563529402018,0.6835337281227112,,
299,137999,0.027887586504220963,1.0290127992630005,,
299,137999,,,0.3617897927761078,0.33596286177635193
