epoch,step,train_discriminator_loss,train_generator_loss,validation_discriminator_accuracy,validation_discriminator_loss,validation_generator_loss
0,49,0.8610283136367798,2.7443323135375977,,,
0,99,1.0136151313781738,1.7062504291534424,,,
0,149,0.7553189396858215,1.8175182342529297,,,
0,199,0.8047316074371338,1.711132287979126,,,
0,249,0.844849705696106,1.9091852903366089,,,
0,299,0.9918959140777588,1.3733837604522705,,,
0,349,0.9801933765411377,1.2645759582519531,,,
0,399,0.9942180514335632,1.3463175296783447,,,
0,449,0.8470438718795776,1.44858717918396,,,
0,459,,,0.5211363327443251,1.3910841941833496,0.8017491698265076
1,499,1.1817266941070557,1.231665849685669,,,
1,549,1.149824857711792,1.0247695446014404,,,
1,599,1.122427225112915,1.3027101755142212,,,
1,649,1.000495433807373,0.9923610687255859,,,
1,699,0.9954068064689636,1.1493892669677734,,,
1,749,0.9291518330574036,1.1394860744476318,,,
1,799,1.1180001497268677,1.0415499210357666,,,
1,849,0.7706187963485718,1.7009042501449585,,,
1,899,1.0179274082183838,1.287177324295044,,,
1,919,,,0.6233519097458203,1.2666295766830444,0.9961821436882019
2,949,0.9186747074127197,1.3371285200119019,,,
2,999,0.9169979691505432,1.4358527660369873,,,
2,1049,1.0186244249343872,1.4229434728622437,,,
2,1099,1.0791871547698975,1.088457465171814,,,
2,1149,1.1269675493240356,0.9460282325744629,,,
2,1199,1.2324824333190918,0.9787460565567017,,,
2,1249,1.17452073097229,0.8104049563407898,,,
2,1299,1.0341856479644775,1.2758233547210693,,,
2,1349,1.2112151384353638,1.0582785606384277,,,
2,1379,,,0.4486203615604186,1.5424597263336182,0.6471097469329834
3,1399,1.234789490699768,0.8567236661911011,,,
3,1449,1.1907615661621094,0.958406925201416,,,
3,1499,1.116692066192627,0.8962932825088501,,,
3,1549,1.366041660308838,0.9087768793106079,,,
3,1599,1.3411431312561035,0.7283010482788086,,,
3,1649,1.3068437576293945,0.8041461706161499,,,
3,1699,1.2100849151611328,1.0361740589141846,,,
3,1749,1.208242654800415,0.8779144883155823,,,
3,1799,0.9371201992034912,1.356095552444458,,,
3,1839,,,0.6267500339812424,1.3220634460449219,0.8472541570663452
4,1849,0.9916117787361145,1.3023602962493896,,,
4,1899,1.0675384998321533,1.068945288658142,,,
4,1949,1.0161323547363281,1.1657838821411133,,,
4,1999,1.1703927516937256,1.0672199726104736,,,
4,2049,1.2458443641662598,0.9076848030090332,,,
4,2099,1.2357041835784912,0.8682272434234619,,,
4,2149,1.2495858669281006,0.9317359924316406,,,
4,2199,1.182152271270752,0.9411348700523376,,,
4,2249,1.2300636768341064,0.8421753644943237,,,
4,2299,1.2170395851135254,0.9333810806274414,,,
4,2299,,,0.508631235557972,1.4132753610610962,0.7428615689277649
5,2349,1.2607252597808838,1.0294831991195679,,,
5,2399,1.3469109535217285,0.8420974016189575,,,
5,2449,1.0618290901184082,1.0807608366012573,,,
5,2499,1.1008553504943848,1.1248955726623535,,,
5,2549,1.1255371570587158,1.0302433967590332,,,
5,2599,1.3763203620910645,0.7613229751586914,,,
5,2649,1.1463185548782349,0.9472974538803101,,,
5,2699,1.1705949306488037,1.243154525756836,,,
5,2749,1.0076696872711182,1.092629075050354,,,
5,2759,,,0.6243033845317385,1.3875757455825806,0.7807785868644714
6,2799,1.2695956230163574,1.0364832878112793,,,
6,2849,1.1871025562286377,0.9176059365272522,,,
6,2899,1.1749595403671265,1.0794850587844849,,,
6,2949,1.2610478401184082,0.705786406993866,,,
6,2999,1.146931767463684,1.182746171951294,,,
6,3049,1.301281452178955,0.7673467397689819,,,
6,3099,1.1305335760116577,1.0975642204284668,,,
6,3149,1.2526710033416748,0.931687593460083,,,
6,3199,1.2516241073608398,0.9214680194854736,,,
6,3219,,,0.711159439989126,1.260825514793396,0.8130940198898315
7,3249,1.4522416591644287,0.745084285736084,,,
7,3299,1.3221166133880615,0.9331656098365784,,,
7,3349,1.1110225915908813,1.0826960802078247,,,
7,3399,1.235593318939209,0.8586586117744446,,,
7,3449,1.0786161422729492,0.9028116464614868,,,
7,3499,1.1721223592758179,1.0593645572662354,,,
7,3549,1.102208137512207,1.1937191486358643,,,
7,3599,1.111837387084961,1.3034054040908813,,,
7,3649,1.1074159145355225,0.984253466129303,,,
7,3679,,,0.6859453581622944,1.2728582620620728,0.7950029373168945
8,3699,1.113161325454712,1.1582585573196411,,,
8,3749,1.1019741296768188,1.132598638534546,,,
8,3799,1.107384204864502,1.1864478588104248,,,
8,3849,1.227312445640564,0.9894161820411682,,,
8,3899,1.1421200037002563,0.973153829574585,,,
8,3949,0.8622441291809082,1.4539244174957275,,,
8,3999,1.1457494497299194,1.1243867874145508,,,
8,4049,1.3924704790115356,0.8946396112442017,,,
8,4099,1.3496012687683105,0.8709398508071899,,,
8,4139,,,0.6867609079787957,1.2511779069900513,0.8711283206939697
9,4149,1.3826391696929932,0.7946662306785583,,,
9,4199,1.152687907218933,0.9254883527755737,,,
9,4249,1.3383455276489258,0.8937245607376099,,,
9,4299,1.1705554723739624,0.845067024230957,,,
9,4349,0.9976600408554077,0.998715341091156,,,
9,4399,1.1495832204818726,1.0072660446166992,,,
9,4449,1.192091703414917,0.8940523266792297,,,
9,4499,1.0706548690795898,1.0192418098449707,,,
9,4549,1.2760396003723145,1.0054149627685547,,,
9,4599,1.2118430137634277,0.898855984210968,,,
9,4599,,,0.5399619410085633,1.365095615386963,0.7653445601463318
10,4649,1.0726112127304077,0.8721553683280945,,,
10,4699,1.3409056663513184,0.8061891198158264,,,
10,4749,1.2718186378479004,1.069223403930664,,,
10,4799,1.1749281883239746,1.1242823600769043,,,
10,4849,1.0842721462249756,1.1095958948135376,,,
10,4899,1.040177345275879,1.1775565147399902,,,
10,4949,1.2364468574523926,0.9170646667480469,,,
10,4999,1.2645435333251953,0.8757076859474182,,,
10,5049,1.252784252166748,0.936939537525177,,,
10,5059,,,0.6822074215033301,1.305734634399414,0.8236581087112427
11,5099,1.1816942691802979,0.9667320251464844,,,
11,5149,1.2562047243118286,0.7358399033546448,,,
11,5199,1.0983515977859497,0.9492243528366089,,,
11,5249,1.2619872093200684,0.8001917600631714,,,
11,5299,1.0699917078018188,1.088666319847107,,,
11,5349,1.5089174509048462,0.7997996807098389,,,
11,5399,1.4086356163024902,0.7730465531349182,,,
11,5449,1.1247153282165527,0.9585835933685303,,,
11,5499,1.2935818433761597,0.803984522819519,,,
11,5519,,,0.6198858230256898,1.3224365711212158,0.7952751517295837
12,5549,1.2670505046844482,0.8677231073379517,,,
12,5599,1.1266496181488037,1.1377952098846436,,,
12,5649,1.1157487630844116,1.0526829957962036,,,
12,5699,1.266455888748169,0.8355254530906677,,,
12,5749,1.23075270652771,0.8687030076980591,,,
12,5799,1.2179896831512451,0.7601064443588257,,,
12,5849,1.220869779586792,0.8791946172714233,,,
12,5899,1.3163357973098755,0.7719439268112183,,,
12,5949,1.2693947553634644,0.7927557229995728,,,
12,5979,,,0.518485795840696,1.4023683071136475,0.7161880135536194
13,5999,1.2402995824813843,0.7546601891517639,,,
13,6049,1.0918669700622559,0.8872044682502747,,,
13,6099,1.0738303661346436,0.8454351425170898,,,
13,6149,1.1285781860351562,0.9690372943878174,,,
13,6199,1.1851882934570312,0.8771939277648926,,,
13,6249,1.2611414194107056,0.8348649144172668,,,
13,6299,1.3358869552612305,0.7927976250648499,,,
13,6349,1.1799992322921753,1.0370628833770752,,,
13,6399,1.3390405178070068,0.9094564914703369,,,
13,6439,,,0.6048661139051243,1.36246657371521,0.7676393389701843
14,6449,1.2138597965240479,0.85904860496521,,,
14,6499,1.084839105606079,1.002241611480713,,,
14,6549,1.3117177486419678,0.858157753944397,,,
14,6599,1.1123063564300537,1.076145887374878,,,
14,6649,1.2653206586837769,0.8463158011436462,,,
14,6699,0.9809253215789795,0.9866654872894287,,,
14,6749,1.2370686531066895,0.9070917963981628,,,
14,6799,1.167211890220642,0.9773305058479309,,,
14,6849,1.1116299629211426,0.9341545104980469,,,
14,6899,1.35794198513031,0.8237913250923157,,,
14,6899,,,0.5780209324452902,1.3622692823410034,0.7447687983512878
15,6949,1.1379073858261108,0.8343295454978943,,,
15,6999,1.1743500232696533,0.9127631783485413,,,
15,7049,1.0794081687927246,1.14276123046875,,,
15,7099,1.1319719552993774,0.8902730345726013,,,
15,7149,0.9609576463699341,1.2881989479064941,,,
15,7199,1.2521336078643799,0.9112210869789124,,,
15,7249,1.2735915184020996,0.6987470388412476,,,
15,7299,1.0884451866149902,0.9532743096351624,,,
15,7349,1.2869274616241455,1.0031481981277466,,,
15,7359,,,0.5583118118798424,1.3869576454162598,0.6792391538619995
16,7399,1.289955496788025,0.9022199511528015,,,
16,7449,0.9653857946395874,1.3790757656097412,,,
16,7499,1.249132513999939,0.8977401256561279,,,
16,7549,1.1207270622253418,0.8843821287155151,,,
16,7599,1.0965776443481445,0.8822153806686401,,,
16,7649,1.2757655382156372,0.780967652797699,,,
16,7699,1.062880277633667,1.1342520713806152,,,
16,7749,1.2101833820343018,1.1326110363006592,,,
16,7799,1.238558292388916,0.832462728023529,,,
16,7819,,,0.6826151964115809,1.2468652725219727,0.7758904099464417
17,7849,1.0664522647857666,0.8977009057998657,,,
17,7899,1.1077735424041748,1.0894381999969482,,,
17,7949,1.1980936527252197,1.1627821922302246,,,
17,7999,1.25931715965271,0.7996143102645874,,,
17,8049,1.3041088581085205,0.9472139477729797,,,
17,8099,1.2494384050369263,0.8515297770500183,,,
17,8149,1.0529298782348633,0.9343588352203369,,,
17,8199,1.1071873903274536,0.8996310234069824,,,
17,8249,1.1133869886398315,1.1300852298736572,,,
17,8279,,,0.654274840288161,1.322845697402954,0.740860104560852
18,8299,0.9770189523696899,0.9785633087158203,,,
18,8349,1.1236180067062378,0.9932461977005005,,,
18,8399,1.2435849905014038,0.77751225233078,,,
18,8449,1.0938889980316162,0.8547590970993042,,,
18,8499,1.252689242362976,0.8120008707046509,,,
18,8549,1.2843964099884033,0.8908175230026245,,,
18,8599,0.9944407939910889,1.0788655281066895,,,
18,8649,0.9739971160888672,0.9239256381988525,,,
18,8699,1.137571096420288,0.9574258327484131,,,
18,8739,,,0.5962348783471524,1.3166906833648682,0.750518262386322
19,8749,1.2171261310577393,0.9734169244766235,,,
19,8799,1.2230348587036133,0.812653660774231,,,
19,8849,0.9699198603630066,1.0020551681518555,,,
19,8899,1.2568049430847168,0.8613467812538147,,,
19,8949,1.0438259840011597,1.0300102233886719,,,
19,8999,1.188835859298706,0.929841160774231,,,
19,9049,1.117661714553833,0.939860463142395,,,
19,9099,1.2087414264678955,0.7883607149124146,,,
19,9149,1.0136905908584595,0.9954509139060974,,,
19,9199,1.324162244796753,0.6731216311454773,,,
19,9199,,,0.5521951882560826,1.3719528913497925,0.718814492225647
20,9249,1.344446063041687,0.7737939357757568,,,
20,9299,1.133101463317871,1.0160449743270874,,,
20,9349,1.2191765308380127,0.7251432538032532,,,
20,9399,1.2999796867370605,1.0240890979766846,,,
20,9449,1.1315891742706299,0.9462307095527649,,,
20,9499,1.0210591554641724,0.9569035768508911,,,
20,9549,1.0878164768218994,0.8142791986465454,,,
20,9599,1.088508129119873,1.0411529541015625,,,
20,9649,1.2259762287139893,0.8862367868423462,,,
20,9659,,,0.5956911784694848,1.3529132604599,0.740553081035614
21,9699,1.2076528072357178,1.053656816482544,,,
21,9749,1.1083263158798218,0.9533679485321045,,,
21,9799,1.062486171722412,0.956130862236023,,,
21,9849,1.240037441253662,0.8383368849754333,,,
21,9899,1.2196698188781738,0.7886873483657837,,,
21,9949,0.985694408416748,1.2140403985977173,,,
21,9999,1.096402645111084,0.8390040397644043,,,
21,10049,1.2516417503356934,1.0338118076324463,,,
21,10099,1.1131973266601562,0.9178527593612671,,,
21,10119,,,0.6303520456707897,1.282621145248413,0.8674584627151489
22,10149,0.9450293779373169,1.3493735790252686,,,
22,10199,1.1810320615768433,1.048140287399292,,,
22,10249,1.1403064727783203,1.1065326929092407,,,
22,10299,1.2756075859069824,0.9739962816238403,,,
22,10349,1.0113999843597412,0.9608117341995239,,,
22,10399,0.9712934494018555,1.063401699066162,,,
22,10449,0.9434409141540527,1.1060138940811157,,,
22,10499,1.1389484405517578,0.8101692795753479,,,
22,10549,0.9725686311721802,1.107370138168335,,,
22,10579,,,0.6786054098137828,1.2058942317962646,0.7203735709190369
23,10599,1.0790029764175415,1.0878878831863403,,,
23,10649,1.058550477027893,0.6910464763641357,,,
23,10699,1.213305950164795,1.067920207977295,,,
23,10749,1.2843140363693237,1.009191870689392,,,
23,10799,1.0371577739715576,0.9759977459907532,,,
23,10849,1.0088474750518799,1.242857813835144,,,
23,10899,1.1637253761291504,0.9471743106842041,,,
23,10949,0.854561984539032,1.2901277542114258,,,
23,10999,1.004064679145813,1.015584945678711,,,
23,11039,,,0.5519233383172488,1.257027268409729,0.8981382846832275
24,11049,1.255691409111023,0.7672979235649109,,,
24,11099,1.0973925590515137,1.2568209171295166,,,
24,11149,1.1067450046539307,0.8401157855987549,,,
24,11199,0.853905439376831,1.00946843624115,,,
24,11249,1.104792833328247,0.7743321657180786,,,
24,11299,1.0491827726364136,0.9908913373947144,,,
24,11349,0.9322153329849243,1.129318356513977,,,
24,11399,1.0694713592529297,0.9250792860984802,,,
24,11449,0.9619318246841431,1.1050705909729004,,,
24,11499,0.9662967920303345,1.1484187841415405,,,
24,11499,,,0.628856871007204,1.2554271221160889,0.7757766842842102
25,11549,0.9509007930755615,0.9861570596694946,,,
25,11599,1.2256512641906738,0.8820626735687256,,,
25,11649,1.0351107120513916,1.1220072507858276,,,
25,11699,1.3868298530578613,0.708747923374176,,,
25,11749,0.9564512968063354,1.9073436260223389,,,
25,11799,0.8398720026016235,1.185912847518921,,,
25,11849,0.9787688851356506,1.2308681011199951,,,
25,11899,1.1645739078521729,0.8730716705322266,,,
25,11949,1.1414127349853516,1.2061841487884521,,,
25,11959,,,0.5430202528204431,1.386955976486206,0.6893502473831177
26,11999,1.037783145904541,1.0506401062011719,,,
26,12049,0.8595457077026367,1.072106122970581,,,
26,12099,1.160886287689209,1.3383352756500244,,,
26,12149,0.924114465713501,1.217720627784729,,,
26,12199,0.9061309099197388,0.9080569744110107,,,
26,12249,1.2839491367340088,1.0897295475006104,,,
26,12299,0.9858165383338928,1.0334546566009521,,,
26,12349,1.005103588104248,1.1108512878417969,,,
26,12399,1.120613932609558,1.0783376693725586,,,
26,12419,,,0.583389968737257,1.3011624813079834,0.7157840728759766
27,12449,1.0534565448760986,1.027315378189087,,,
27,12499,0.7433658838272095,1.3340699672698975,,,
27,12549,1.0253050327301025,0.8990237712860107,,,
27,12599,1.2150921821594238,0.8771225810050964,,,
27,12649,0.9261819124221802,1.0814847946166992,,,
27,12699,0.8166069984436035,1.296281099319458,,,
27,12749,1.2544491291046143,1.075446367263794,,,
27,12799,1.0340012311935425,1.1140861511230469,,,
27,12849,1.2623496055603027,0.6356546878814697,,,
27,12879,,,0.6448280549136877,1.255692958831787,0.7950025796890259
28,12899,1.0209566354751587,1.2358527183532715,,,
28,12949,1.0640077590942383,0.8611167669296265,,,
28,12999,1.0126802921295166,1.0441129207611084,,,
28,13049,1.1086030006408691,1.1993255615234375,,,
28,13099,0.8345105648040771,0.964363694190979,,,
28,13149,0.8724871873855591,1.057739019393921,,,
28,13199,1.0743399858474731,0.7595256567001343,,,
28,13249,0.9682988524436951,1.3145718574523926,,,
28,13299,0.8810135126113892,1.1911591291427612,,,
28,13339,,,0.4807666168275112,1.4662284851074219,0.576842725276947
29,13349,0.7516326904296875,1.155548334121704,,,
29,13399,0.9568771123886108,0.9604177474975586,,,
29,13449,1.0476930141448975,1.061249017715454,,,
29,13499,1.0545377731323242,0.9191204309463501,,,
29,13549,1.14255690574646,0.9708317518234253,,,
29,13599,0.9530555009841919,0.9708296656608582,,,
29,13649,1.086686372756958,1.01023530960083,,,
29,13699,1.0007027387619019,0.9842895865440369,,,
29,13749,1.2094402313232422,0.9346659779548645,,,
29,13799,1.1522712707519531,0.8731456995010376,,,
29,13799,,,0.5185537583254044,1.457899808883667,0.6769770979881287
30,13849,1.0592169761657715,0.8761847615242004,,,
30,13899,1.0023870468139648,1.4943642616271973,,,
30,13949,1.1061160564422607,0.7447989583015442,,,
30,13999,1.1954357624053955,0.8045409917831421,,,
30,14049,1.0115835666656494,1.2299617528915405,,,
30,14099,1.0544512271881104,1.109447956085205,,,
30,14149,1.1342241764068604,0.8858853578567505,,,
30,14199,0.8699040412902832,1.369774341583252,,,
30,14249,1.075526475906372,0.7769848108291626,,,
30,14259,,,0.4778442299850483,1.5151784420013428,0.6195889115333557
31,14299,1.0892640352249146,0.800666332244873,,,
31,14349,1.1657739877700806,0.9374603033065796,,,
31,14399,1.1481349468231201,0.6218496561050415,,,
31,14449,1.1560239791870117,1.2215914726257324,,,
31,14499,0.933972954750061,1.0774602890014648,,,
31,14549,1.0372114181518555,0.9881455898284912,,,
31,14599,0.8828763365745544,1.1753937005996704,,,
31,14649,0.9821261763572693,1.329899549484253,,,
31,14699,0.9346099495887756,1.2025527954101562,,,
31,14719,,,0.5749626206334103,1.4018008708953857,0.7418243885040283
32,14749,0.9176397919654846,1.1079490184783936,,,
32,14799,1.0178992748260498,1.0553703308105469,,,
32,14849,0.8907331228256226,0.9824525117874146,,,
32,14899,1.037715196609497,1.358128547668457,,,
32,14949,0.7785072326660156,1.0868916511535645,,,
32,14999,0.9942828416824341,1.113600254058838,,,
32,15049,1.090399146080017,1.2788541316986084,,,
32,15099,1.0468498468399048,0.7734044194221497,,,
32,15149,0.9143799543380737,1.5196024179458618,,,
32,15179,,,0.6035068642109556,1.3063361644744873,0.7089850902557373
33,15199,0.7691043019294739,1.1659528017044067,,,
33,15249,1.1200544834136963,1.1497819423675537,,,
33,15299,0.9020246863365173,1.1072664260864258,,,
33,15349,1.1757739782333374,0.8139563202857971,,,
33,15399,0.9657986164093018,0.9013620615005493,,,
33,15449,1.1498398780822754,1.180827021598816,,,
33,15499,0.7146097421646118,1.132173776626587,,,
33,15549,0.8720035552978516,1.3209760189056396,,,
33,15599,0.9541476368904114,1.508042573928833,,,
33,15639,,,0.4870191654206878,1.4644325971603394,0.672640323638916
34,15649,0.9201399683952332,1.0585284233093262,,,
34,15699,0.8866966962814331,1.0837135314941406,,,
34,15749,1.0945956707000732,0.8975696563720703,,,
34,15799,1.3437113761901855,0.8888392448425293,,,
34,15849,1.3066074848175049,1.0738211870193481,,,
34,15899,0.9908281564712524,1.1048930883407593,,,
34,15949,1.0005728006362915,1.2538026571273804,,,
34,15999,1.14742112159729,0.8420037627220154,,,
34,16049,0.8761908411979675,1.052873134613037,,,
34,16099,0.9658026099205017,1.444530963897705,,,
34,16099,,,0.6267500339812424,1.3034566640853882,0.8246607184410095
35,16149,0.9335533380508423,1.0922293663024902,,,
35,16199,0.8852628469467163,1.3139692544937134,,,
35,16249,1.2275145053863525,1.0446299314498901,,,
35,16299,1.0960102081298828,1.0181797742843628,,,
35,16349,0.8649010062217712,0.7598605155944824,,,
35,16399,1.175950527191162,0.8541378974914551,,,
35,16449,0.8900471329689026,1.5983855724334717,,,
35,16499,0.9968721270561218,0.7727298736572266,,,
35,16549,1.1004407405853271,1.033245325088501,,,
35,16559,,,0.5589914367269267,1.3772221803665161,0.7216139435768127
36,16599,1.3013721704483032,0.9852926135063171,,,
36,16649,1.0399829149246216,0.813585638999939,,,
36,16699,0.9547692537307739,1.0016497373580933,,,
36,16749,1.0823012590408325,0.9369184374809265,,,
36,16799,0.8941790461540222,0.9717362523078918,,,
36,16849,0.7794742584228516,1.2000173330307007,,,
36,16899,1.0275826454162598,1.2814767360687256,,,
36,16949,1.0577113628387451,0.9424037933349609,,,
36,16999,1.1859421730041504,0.8528876304626465,,,
36,17019,,,0.6129536495854289,1.3013887405395508,0.7959628105163574
37,17049,0.9509254097938538,1.004969596862793,,,
37,17099,0.9099171757698059,0.9988787174224854,,,
37,17149,1.4225841760635376,0.9054160714149475,,,
37,17199,0.8390241861343384,1.1657049655914307,,,
37,17249,1.125760793685913,1.0662105083465576,,,
37,17299,0.8890936374664307,1.1119797229766846,,,
37,17349,1.1765623092651367,0.8967569470405579,,,
37,17399,1.0772855281829834,0.9234925508499146,,,
37,17449,1.3467681407928467,0.9484484195709229,,,
37,17479,,,0.6154682615196412,1.2356840372085571,0.8724989295005798
38,17499,0.958165168762207,1.1493220329284668,,,
38,17549,1.0495482683181763,0.7532862424850464,,,
38,17599,0.923873782157898,0.9375733137130737,,,
38,17649,0.8973455429077148,1.2484339475631714,,,
38,17699,1.0060336589813232,0.728142499923706,,,
38,17749,1.097472906112671,0.9663764834403992,,,
38,17799,1.1266067028045654,0.837944746017456,,,
38,17849,0.8527376651763916,1.2435264587402344,,,
38,17899,0.8425968885421753,1.2291460037231445,,,
38,17939,,,0.6359249694168819,1.226445198059082,0.7944419980049133
39,17949,0.9307973384857178,1.1868678331375122,,,
39,17999,1.007102370262146,1.1711781024932861,,,
39,18049,0.8504387140274048,1.0712652206420898,,,
39,18099,1.0908180475234985,1.0285544395446777,,,
39,18149,1.1002824306488037,1.1418519020080566,,,
39,18199,1.122281789779663,0.9965758323669434,,,
39,18249,1.0304903984069824,0.8562180399894714,,,
39,18299,1.0330548286437988,1.0155616998672485,,,
39,18349,1.3736190795898438,0.9227705001831055,,,
39,18399,1.1259061098098755,0.7938454151153564,,,
39,18399,,,0.5245344569797472,1.3710929155349731,0.6040629148483276
40,18449,0.7875815629959106,1.1829699277877808,,,
40,18499,0.833541989326477,1.5728321075439453,,,
40,18549,0.9739400744438171,1.1197013854980469,,,
40,18599,1.004273772239685,1.039332389831543,,,
40,18649,1.168959379196167,1.182570219039917,,,
40,18699,0.8059217929840088,1.0002762079238892,,,
40,18749,1.3449442386627197,0.8003082275390625,,,
40,18799,0.8796426057815552,1.4927091598510742,,,
40,18849,0.9292423725128174,1.0501554012298584,,,
40,18859,,,0.6110507000135925,1.3237239122390747,0.7444769740104675
41,18899,0.6278365850448608,1.015221118927002,,,
41,18949,1.216749668121338,0.8878992795944214,,,
41,18999,1.1711297035217285,1.1883718967437744,,,
41,19049,0.931980550289154,1.1612670421600342,,,
41,19099,0.7891229391098022,1.2555797100067139,,,
41,19149,1.0769938230514526,0.8288789391517639,,,
41,19199,1.1017608642578125,0.8742390871047974,,,
41,19249,1.0945783853530884,1.1610244512557983,,,
41,19299,0.977832019329071,1.1384665966033936,,,
41,19319,,,0.5447193149381542,1.4008216857910156,0.7020144462585449
42,19349,1.024087905883789,1.0412015914916992,,,
42,19399,1.2047961950302124,1.0991148948669434,,,
42,19449,1.2433617115020752,0.8806841373443604,,,
42,19499,0.8540958166122437,0.9936587810516357,,,
42,19549,0.97001051902771,0.9204996824264526,,,
42,19599,0.9016472101211548,0.9338539242744446,,,
42,19649,1.2173020839691162,0.9249395132064819,,,
42,19699,0.818467378616333,0.9836465716362,,,
42,19749,0.9760369062423706,1.0849711894989014,,,
42,19779,,,0.5447872774228626,1.3962129354476929,0.6526553630828857
43,19799,1.0337311029434204,1.0259406566619873,,,
43,19849,0.8601440191268921,1.0929737091064453,,,
43,19899,1.1181963682174683,1.039436936378479,,,
43,19949,1.5337493419647217,0.6809446811676025,,,
43,19999,1.1925013065338135,0.8670133352279663,,,
43,20049,1.1385509967803955,0.7038663625717163,,,
43,20099,0.8291653394699097,0.899567723274231,,,
43,20149,0.8954612016677856,1.1938459873199463,,,
43,20199,0.8927110433578491,0.8315385580062866,,,
43,20239,,,0.6798287345385348,1.2194740772247314,0.8626207113265991
44,20249,0.8141747117042542,1.3469610214233398,,,
44,20299,1.111005425453186,1.0745747089385986,,,
44,20349,0.874311089515686,0.9739919304847717,,,
44,20399,1.0249208211898804,0.911838173866272,,,
44,20449,0.7603293657302856,1.15203857421875,,,
44,20499,0.841896116733551,0.9260176420211792,,,
44,20549,0.8044500350952148,0.8614027500152588,,,
44,20599,0.8224509954452515,1.1324979066848755,,,
44,20649,1.0650297403335571,0.7516924738883972,,,
44,20699,1.0166234970092773,1.073570966720581,,,
44,20699,,,0.6396629060758461,1.2662403583526611,0.7933273315429688
45,20749,1.1380934715270996,0.9338774085044861,,,
45,20799,0.9479702115058899,1.4389493465423584,,,
45,20849,0.9412010908126831,1.2103502750396729,,,
45,20899,1.1452784538269043,1.2012717723846436,,,
45,20949,0.8984354734420776,1.0070865154266357,,,
45,20999,0.8385231494903564,1.6841449737548828,,,
45,21049,0.8240439891815186,1.1065300703048706,,,
45,21099,1.168701171875,1.1854429244995117,,,
45,21149,0.8326976895332336,1.207754373550415,,,
45,21159,,,0.6101671877123828,1.245396614074707,0.727116048336029
46,21199,0.9955217838287354,1.0993058681488037,,,
46,21249,0.6332228183746338,1.0189316272735596,,,
46,21299,1.0017995834350586,1.3989602327346802,,,
46,21349,0.7767771482467651,2.0132155418395996,,,
46,21399,0.9359609484672546,1.5960795879364014,,,
46,21449,0.9334743618965149,1.0225656032562256,,,
46,21499,0.9148300886154175,1.1860398054122925,,,
46,21549,0.8897406458854675,1.3639603853225708,,,
46,21599,0.9518159627914429,1.0358262062072754,,,
46,21619,,,0.5548457251597119,1.3028099536895752,0.6467262506484985
47,21649,1.2329792976379395,0.9195289611816406,,,
47,21699,0.6495756506919861,1.0819289684295654,,,
47,21749,1.0353704690933228,1.185429334640503,,,
47,21799,1.1638180017471313,1.0812768936157227,,,
47,21849,1.1299338340759277,1.3486030101776123,,,
47,21899,1.00456964969635,1.064098834991455,,,
47,21949,0.8643362522125244,1.0855107307434082,,,
47,21999,1.1241332292556763,0.8350729942321777,,,
47,22049,0.8492336273193359,1.180210828781128,,,
47,22079,,,0.5224955824384939,1.3542488813400269,0.6356130242347717
48,22099,0.8163597583770752,1.1407558917999268,,,
48,22149,1.3004294633865356,0.9098771810531616,,,
48,22199,0.9185372591018677,1.323955774307251,,,
48,22249,0.8917868733406067,0.9356550574302673,,,
48,22299,0.61956787109375,1.7312713861465454,,,
48,22349,1.0181140899658203,1.2923054695129395,,,
48,22399,0.8769294023513794,1.3044090270996094,,,
48,22449,0.867727518081665,1.1689496040344238,,,
48,22499,1.0849651098251343,0.7708770632743835,,,
48,22539,,,0.6429251053418513,1.2286278009414673,0.7628449201583862
49,22549,0.9717073440551758,1.3626353740692139,,,
49,22599,0.8029724955558777,1.2815818786621094,,,
49,22649,0.8903612494468689,1.050561547279358,,,
49,22699,0.9044924974441528,1.363156795501709,,,
49,22749,0.8647346496582031,1.0295215845108032,,,
49,22799,0.9921445846557617,1.4103683233261108,,,
49,22849,0.8656554222106934,1.2988641262054443,,,
49,22899,0.970242977142334,1.4214832782745361,,,
49,22949,1.0338153839111328,1.2203848361968994,,,
49,22999,1.307985782623291,0.9463138580322266,,,
49,22999,,,0.5602147614516787,1.347865343093872,0.7066916823387146
50,23049,0.7116937041282654,1.1038657426834106,,,
50,23099,0.6371219158172607,1.267775535583496,,,
50,23149,1.368687629699707,1.0448393821716309,,,
50,23199,0.8991758227348328,1.148240327835083,,,
50,23249,0.9275793433189392,0.9742887616157532,,,
50,23299,0.9874789714813232,1.3322768211364746,,,
50,23349,1.0701836347579956,1.0945744514465332,,,
50,23399,1.243257999420166,0.8192651271820068,,,
50,23449,0.7989943027496338,1.0553185939788818,,,
50,23459,,,0.6626342259072991,1.27370023727417,0.7458488345146179
51,23499,0.7137091159820557,1.8137648105621338,,,
51,23549,0.9381035566329956,1.3106590509414673,,,
51,23599,0.6352436542510986,1.2083312273025513,,,
51,23649,0.9689132571220398,1.190085768699646,,,
51,23699,0.9023737907409668,1.3639707565307617,,,
51,23749,0.9141298532485962,1.5315629243850708,,,
51,23799,1.2461439371109009,0.700546145439148,,,
51,23849,1.1410754919052124,1.4602659940719604,,,
51,23899,0.9110358953475952,1.2223838567733765,,,
51,23919,,,0.698382492863939,1.2099632024765015,0.8449928164482117
52,23949,0.9221969246864319,1.2118122577667236,,,
52,23999,0.7458138465881348,1.4234105348587036,,,
52,24049,0.9518589973449707,1.1584994792938232,,,
52,24099,1.0247900485992432,1.196669340133667,,,
52,24149,0.8319481015205383,0.9171844720840454,,,
52,24199,0.9366103410720825,1.1827058792114258,,,
52,24249,0.8118835687637329,1.7607929706573486,,,
52,24299,0.8846818208694458,1.1017416715621948,,,
52,24349,0.7299119830131531,1.035997986793518,,,
52,24379,,,0.5434280277286938,1.3297581672668457,0.6223388910293579
53,24399,0.9733022451400757,0.9563841819763184,,,
53,24449,0.8913152813911438,0.7880415916442871,,,
53,24499,0.7142693400382996,1.413268804550171,,,
53,24549,0.7598420977592468,1.3685755729675293,,,
53,24599,0.731357753276825,0.9345037937164307,,,
53,24649,0.8111840486526489,1.08514404296875,,,
53,24699,0.7270939350128174,1.0783319473266602,,,
53,24749,0.7367891073226929,1.535277247428894,,,
53,24799,1.2416990995407104,0.9472424387931824,,,
53,24839,,,0.6845181459834172,1.14754319190979,1.0658856630325317
54,24849,0.6661002039909363,0.9444442391395569,,,
54,24899,0.8521075248718262,1.409164547920227,,,
54,24949,0.9429643154144287,1.080193281173706,,,
54,24999,0.9683482646942139,1.24908447265625,,,
54,25049,0.9249033331871033,1.4947865009307861,,,
54,25099,0.7619865536689758,1.1870924234390259,,,
54,25149,1.0051453113555908,0.998511016368866,,,
54,25199,0.7718520164489746,1.2072374820709229,,,
54,25249,1.2536380290985107,1.0646311044692993,,,
54,25299,0.7315056324005127,1.3398176431655884,,,
54,25299,,,0.655362240043496,1.242086410522461,0.9030999541282654
55,25349,0.9020435810089111,1.413776159286499,,,
55,25399,1.1783359050750732,1.1743693351745605,,,
55,25449,1.1457252502441406,0.9146421551704407,,,
55,25499,1.023805856704712,1.1354420185089111,,,
55,25549,1.2538570165634155,1.2492187023162842,,,
55,25599,0.7672316431999207,1.0650722980499268,,,
55,25649,0.8869614005088806,1.381615400314331,,,
55,25699,1.1934752464294434,1.0352957248687744,,,
55,25749,0.8985511064529419,1.2505011558532715,,,
55,25759,,,0.562117711023515,1.1621986627578735,0.9383255243301392
56,25799,0.8121364116668701,1.152193307876587,,,
56,25849,0.9078515768051147,0.9939460754394531,,,
56,25899,0.8657703399658203,1.2317932844161987,,,
56,25949,0.9239065647125244,1.2433949708938599,,,
56,25999,0.9353486895561218,1.0080878734588623,,,
56,26049,0.6851691007614136,1.6186256408691406,,,
56,26099,0.9540902972221375,1.4232853651046753,,,
56,26149,0.6230511665344238,1.385047197341919,,,
56,26199,0.9046167731285095,0.9391540288925171,,,
56,26219,,,0.7776947125186897,1.2784932851791382,0.7418026328086853
57,26249,0.7475149631500244,1.1387869119644165,,,
57,26299,0.9315778017044067,1.1842443943023682,,,
57,26349,1.0636515617370605,1.4763697385787964,,,
57,26399,0.8200914263725281,1.1662142276763916,,,
57,26449,1.0230129957199097,0.8088258504867554,,,
57,26499,0.9286340475082397,0.9865803718566895,,,
57,26549,1.110236406326294,0.6455657482147217,,,
57,26599,0.9287219047546387,0.799109697341919,,,
57,26649,0.9389233589172363,0.9899313449859619,,,
57,26679,,,0.6248470844094061,1.2249566316604614,0.7645971775054932
58,26699,1.1093087196350098,1.1318893432617188,,,
58,26749,1.091592788696289,0.9247432947158813,,,
58,26799,0.8588475584983826,1.3025404214859009,,,
58,26849,1.0790596008300781,0.9768622517585754,,,
58,26899,0.9916769862174988,1.176444411277771,,,
58,26949,0.8845024108886719,1.2113068103790283,,,
58,26999,0.9327909350395203,1.0844447612762451,,,
58,27049,1.207876443862915,0.7872905731201172,,,
58,27099,0.7777279019355774,1.1964733600616455,,,
58,27139,,,0.6246431969552807,1.2714074850082397,0.6813544631004333
59,27149,1.3060400485992432,0.848796010017395,,,
59,27199,0.9938127398490906,1.6599078178405762,,,
59,27249,0.8569246530532837,1.764885425567627,,,
59,27299,1.150200605392456,0.6282073855400085,,,
59,27349,0.8010201454162598,0.8987205624580383,,,
59,27399,0.7315711379051208,0.9164259433746338,,,
59,27449,1.0331181287765503,0.7880048155784607,,,
59,27499,0.9937552213668823,1.0460147857666016,,,
59,27549,1.0951502323150635,0.6416743993759155,,,
59,27599,0.9126657247543335,0.7919273376464844,,,
59,27599,,,0.547165964387658,1.459700107574463,0.5766169428825378
60,27649,1.2264044284820557,0.8267010450363159,,,
60,27699,0.8921802043914795,0.9429954886436462,,,
60,27749,0.8026794195175171,1.2731151580810547,,,
60,27799,0.9607159495353699,0.9113582372665405,,,
60,27849,1.05190110206604,0.8732284903526306,,,
60,27899,1.104257345199585,1.463550329208374,,,
60,27949,1.062562346458435,1.0455255508422852,,,
60,27999,0.8020459413528442,1.377880334854126,,,
60,28049,0.700685441493988,1.2411600351333618,,,
60,28059,,,0.6406823433464728,1.2221542596817017,0.727497398853302
61,28099,0.9987038969993591,1.3343229293823242,,,
61,28149,1.3718503713607788,1.0979256629943848,,,
61,28199,0.8768118023872375,1.1662437915802002,,,
61,28249,1.0523831844329834,1.099130392074585,,,
61,28299,1.3038254976272583,0.9743241667747498,,,
61,28349,0.8869484663009644,1.0495485067367554,,,
61,28399,1.1701692342758179,0.8961061239242554,,,
61,28449,1.0241984128952026,1.065398931503296,,,
61,28499,1.0434355735778809,1.189948558807373,,,
61,28519,,,0.5905939921163518,1.3107576370239258,0.6653203368186951
62,28549,0.9656983613967896,1.1790003776550293,,,
62,28599,0.9798523187637329,1.3572654724121094,,,
62,28649,0.887606143951416,0.8306199312210083,,,
62,28699,1.0838344097137451,1.0255823135375977,,,
62,28749,1.1019866466522217,1.0428086519241333,,,
62,28799,0.7170642614364624,0.9307072758674622,,,
62,28849,0.880345344543457,1.169405221939087,,,
62,28899,0.8173362612724304,1.7047126293182373,,,
62,28949,0.7491322159767151,0.9578475952148438,,,
62,28979,,,0.47553350550496126,1.4969122409820557,0.4309552311897278
63,28999,1.5065159797668457,1.1034812927246094,,,
63,29049,1.0922030210494995,1.5400035381317139,,,
63,29099,1.2458806037902832,1.0827635526657104,,,
63,29149,1.1683250665664673,1.0447187423706055,,,
63,29199,0.9817899465560913,1.2814905643463135,,,
63,29249,0.6747956275939941,1.3280508518218994,,,
63,29299,0.6851422786712646,1.4851421117782593,,,
63,29349,1.3121217489242554,1.9525420665740967,,,
63,29399,1.0237953662872314,1.2657465934753418,,,
63,29439,,,0.6302161207013729,1.3050878047943115,0.7219789624214172
64,29449,0.9517082571983337,0.8989944458007812,,,
64,29499,1.0880910158157349,1.1308836936950684,,,
64,29549,0.9769299626350403,1.7718303203582764,,,
64,29599,1.1523349285125732,0.851168155670166,,,
64,29649,0.6732534766197205,1.5482580661773682,,,
64,29699,0.8816097974777222,1.0932400226593018,,,
64,29749,0.6834877729415894,1.4776265621185303,,,
64,29799,1.2603225708007812,1.2073818445205688,,,
64,29849,0.8238419890403748,1.2208598852157593,,,
64,29899,1.059948205947876,1.127095103263855,,,
64,29899,,,0.674935435639527,1.3080782890319824,0.7533303499221802
65,29949,0.9894417524337769,0.9479497075080872,,,
65,29999,0.8993880748748779,1.075592041015625,,,
65,30049,1.2338435649871826,0.7598191499710083,,,
65,30099,0.8292593359947205,1.0918281078338623,,,
65,30149,0.8552483320236206,0.922761082649231,,,
65,30199,0.767315149307251,0.9016438126564026,,,
65,30249,1.1667919158935547,0.8663583397865295,,,
65,30299,0.976859450340271,1.4610309600830078,,,
65,30349,0.8467061519622803,1.5196614265441895,,,
65,30359,,,0.596166915862444,1.318466067314148,0.633529007434845
66,30399,0.773861825466156,0.8323739767074585,,,
66,30449,1.055631399154663,1.4263944625854492,,,
66,30499,0.8858382701873779,1.3251394033432007,,,
66,30549,0.7407501339912415,1.5452344417572021,,,
66,30599,0.7375627756118774,0.9333198070526123,,,
66,30649,1.6057074069976807,1.5753018856048584,,,
66,30699,0.7991242408752441,1.3396402597427368,,,
66,30749,1.433618187904358,1.1300513744354248,,,
66,30799,0.968258261680603,1.226548671722412,,,
66,30819,,,0.4989805627293734,1.3826501369476318,0.6019726395606995
67,30849,0.8278064131736755,2.0401611328125,,,
67,30899,1.0180249214172363,1.0062789916992188,,,
67,30949,0.7735216021537781,1.0942041873931885,,,
67,30999,0.6521021127700806,1.0495572090148926,,,
67,31049,0.6483095288276672,1.299912452697754,,,
67,31099,0.7148327827453613,1.5074549913406372,,,
67,31149,0.572730302810669,1.7398473024368286,,,
67,31199,0.727183997631073,1.1204876899719238,,,
67,31249,1.0307304859161377,0.6938722133636475,,,
67,31279,,,0.5596710615740111,1.3182528018951416,0.5491520762443542
68,31299,1.011735439300537,1.5872700214385986,,,
68,31349,0.9053294658660889,1.2513642311096191,,,
68,31399,0.8732447028160095,0.8226569294929504,,,
68,31449,1.0869026184082031,0.8596140742301941,,,
68,31499,0.9657697677612305,1.624847412109375,,,
68,31549,1.363527536392212,0.9104363322257996,,,
68,31599,0.4939964711666107,1.0866447687149048,,,
68,31649,1.033320426940918,1.1527900695800781,,,
68,31699,1.0240099430084229,1.0307118892669678,,,
68,31739,,,0.647818404240859,1.2710468769073486,0.7847104668617249
69,31749,0.9307180643081665,0.8365223407745361,,,
69,31799,0.6427946090698242,1.2718486785888672,,,
69,31849,0.7705806493759155,0.957470178604126,,,
69,31899,1.2924814224243164,1.2471768856048584,,,
69,31949,0.9259881973266602,0.7659531831741333,,,
69,31999,1.2488961219787598,0.846136212348938,,,
69,32049,1.0616424083709717,0.8309853076934814,,,
69,32099,0.7559114098548889,0.9852662086486816,,,
69,32149,0.6312339305877686,1.0377765893936157,,,
69,32199,1.0171613693237305,1.4253164529800415,,,
69,32199,,,0.5377871414978932,1.3382340669631958,0.6857295036315918
70,32249,0.8796466588973999,1.1259663105010986,,,
70,32299,0.9784736037254333,0.9579517841339111,,,
70,32349,0.7834975719451904,1.3477482795715332,,,
70,32399,0.8588835000991821,0.8937851786613464,,,
70,32449,0.8826072812080383,0.921491265296936,,,
70,32499,0.7399561405181885,1.12990403175354,,,
70,32549,0.8636800646781921,1.3313095569610596,,,
70,32599,1.0321966409683228,0.9908895492553711,,,
70,32649,1.082366943359375,1.1891071796417236,,,
70,32659,,,0.5975941280413212,1.2626874446868896,0.7515928745269775
71,32699,0.8519308567047119,1.0538263320922852,,,
71,32749,1.2147471904754639,0.9265086650848389,,,
71,32799,0.8264464139938354,1.4153199195861816,,,
71,32849,0.9716169834136963,0.668372392654419,,,
71,32899,1.3464967012405396,1.2467511892318726,,,
71,32949,1.0988550186157227,0.5338315963745117,,,
71,32999,1.2000305652618408,0.6905110478401184,,,
71,33049,0.7167898416519165,1.250807762145996,,,
71,33099,1.0725514888763428,0.9006603956222534,,,
71,33119,,,0.5581758869104254,1.3054320812225342,0.6636075377464294
72,33149,1.046065092086792,0.9740674495697021,,,
72,33199,0.8845840692520142,1.3468985557556152,,,
72,33249,0.9112781286239624,1.4179118871688843,,,
72,33299,0.8967364430427551,1.3865952491760254,,,
72,33349,0.5629783272743225,0.8917601108551025,,,
72,33399,0.9357304573059082,1.0113102197647095,,,
72,33449,0.7725207805633545,1.0021904706954956,,,
72,33499,1.0092651844024658,0.9930511713027954,,,
72,33549,1.2633873224258423,1.0894864797592163,,,
72,33579,,,0.5954872910153596,1.288946509361267,0.6487124562263489
73,33599,0.5984213948249817,1.2036594152450562,,,
73,33649,0.8104255199432373,1.3257514238357544,,,
73,33699,0.8367254734039307,1.6554436683654785,,,
73,33749,0.6968724131584167,1.2764530181884766,,,
73,33799,0.7317143678665161,1.262751579284668,,,
73,33849,0.9574962258338928,1.3073105812072754,,,
73,33899,1.1018319129943848,1.3511996269226074,,,
73,33949,0.572715699672699,1.276986837387085,,,
73,33999,0.6899796724319458,1.222695231437683,,,
73,34039,,,0.6240994970776131,1.3192239999771118,0.7983823418617249
74,34049,0.7630576491355896,1.0657992362976074,,,
74,34099,1.0743277072906494,0.9146589040756226,,,
74,34149,0.8846315741539001,1.1421003341674805,,,
74,34199,0.6987955570220947,0.8250229358673096,,,
74,34249,0.725913405418396,1.251656174659729,,,
74,34299,1.0607506036758423,1.208982229232788,,,
74,34349,1.0476725101470947,1.1287846565246582,,,
74,34399,0.9232083559036255,1.419304370880127,,,
74,34449,1.1015266180038452,1.1673070192337036,,,
74,34499,0.6712566018104553,1.6226252317428589,,,
74,34499,,,0.6949843686285171,1.1815462112426758,0.7904834747314453
75,34549,0.659595251083374,1.3166712522506714,,,
75,34599,0.8354389667510986,0.8520609140396118,,,
75,34649,0.8775449395179749,1.1234784126281738,,,
75,34699,1.3659029006958008,0.7562053203582764,,,
75,34749,0.7780493497848511,0.9464284777641296,,,
75,34799,0.6391613483428955,1.1476078033447266,,,
75,34849,0.9440970420837402,1.1977415084838867,,,
75,34899,0.7030507922172546,1.2708672285079956,,,
75,34949,0.6556450724601746,1.874117136001587,,,
75,34959,,,0.5888269675139323,1.2705228328704834,0.6315739154815674
76,34999,1.0368670225143433,1.0013246536254883,,,
76,35049,0.831261396408081,1.1821571588516235,,,
76,35099,0.8690834045410156,1.638253092765808,,,
76,35149,0.7481023073196411,0.9999145865440369,,,
76,35199,0.751605749130249,1.532696008682251,,,
76,35249,1.3672817945480347,0.9906437397003174,,,
76,35299,0.8985443115234375,1.097172498703003,,,
76,35349,1.0150401592254639,1.4586937427520752,,,
76,35399,0.9579232931137085,1.2897961139678955,,,
76,35419,,,0.5790403697159168,1.3088066577911377,0.639183759689331
77,35449,0.8703005313873291,0.8409382104873657,,,
77,35499,0.7767195701599121,0.9977737665176392,,,
77,35549,0.8592867851257324,1.6152701377868652,,,
77,35599,1.0023112297058105,1.0542490482330322,,,
77,35649,1.214113712310791,1.2740674018859863,,,
77,35699,1.0343703031539917,1.1017584800720215,,,
77,35749,1.0501835346221924,0.8024063110351562,,,
77,35799,1.0796500444412231,1.1749653816223145,,,
77,35849,0.9966372847557068,0.9034565091133118,,,
77,35879,,,0.5294957183634633,1.3627737760543823,0.7002920508384705
78,35899,1.1617584228515625,0.9016587138175964,,,
78,35949,0.8953396677970886,0.7613370418548584,,,
78,35999,1.094257116317749,0.8896203637123108,,,
78,36049,0.6951882243156433,1.0938950777053833,,,
78,36099,0.9492176175117493,1.13913893699646,,,
78,36149,0.8282595872879028,1.2078945636749268,,,
78,36199,1.1607203483581543,1.1942648887634277,,,
78,36249,0.9010394811630249,0.8684049248695374,,,
78,36299,1.1140415668487549,1.2907508611679077,,,
78,36339,,,0.5746907706945766,1.2756003141403198,0.7919543981552124
79,36349,0.7531999349594116,1.027672290802002,,,
79,36399,0.877536952495575,0.8687500953674316,,,
79,36449,0.7351534962654114,1.0805854797363281,,,
79,36499,1.0124355554580688,0.9870052933692932,,,
79,36549,1.036055564880371,0.7994590997695923,,,
79,36599,0.9167645573616028,1.735318899154663,,,
79,36649,0.7567456364631653,0.9657517671585083,,,
79,36699,0.9563997387886047,1.0066239833831787,,,
79,36749,0.6571098566055298,0.8603150248527527,,,
79,36799,0.7333974838256836,1.2284430265426636,,,
79,36799,,,0.6850618458610847,1.1652555465698242,0.7285281419754028
80,36849,0.6657742857933044,1.4523587226867676,,,
80,36899,1.3144886493682861,1.014120101928711,,,
80,36949,0.558380126953125,0.9714661240577698,,,
80,36999,0.8655179142951965,0.8707684874534607,,,
80,37049,0.8754383325576782,1.1404086351394653,,,
80,37099,0.9994984865188599,0.837548017501831,,,
80,37149,1.2356764078140259,1.3152084350585938,,,
80,37199,1.0698108673095703,0.9395960569381714,,,
80,37249,0.9979659914970398,0.7938929796218872,,,
80,37259,,,0.5096506728285987,1.373966932296753,0.6513897776603699
81,37299,0.9104328751564026,1.2652418613433838,,,
81,37349,1.0018255710601807,0.9647078514099121,,,
81,37399,0.9895902872085571,0.8351039290428162,,,
81,37449,0.92184978723526,1.131077766418457,,,
81,37499,1.3149751424789429,1.3216978311538696,,,
81,37549,1.36863374710083,0.9595670700073242,,,
81,37599,0.6440576314926147,1.6040529012680054,,,
81,37649,1.0114811658859253,1.0993536710739136,,,
81,37699,1.0281342267990112,1.8907017707824707,,,
81,37719,,,0.5917493543563953,1.3178118467330933,0.6587976813316345
82,37749,0.7868921756744385,1.027588129043579,,,
82,37799,0.8674807548522949,0.996685802936554,,,
82,37849,0.909274697303772,0.9422512650489807,,,
82,37899,1.038326621055603,1.036210536956787,,,
82,37949,1.3054516315460205,0.8173055648803711,,,
82,37999,0.9384299516677856,1.1780714988708496,,,
82,38049,0.7952266931533813,1.12230384349823,,,
82,38099,0.9048693180084229,1.1469377279281616,,,
82,38149,0.6931080222129822,0.9431003332138062,,,
82,38179,,,0.5323501427212178,1.3542317152023315,0.5815120339393616
83,38199,0.6866663098335266,1.0259485244750977,,,
83,38249,1.0800316333770752,1.4403283596038818,,,
83,38299,0.6490402221679688,1.5273776054382324,,,
83,38349,1.2187976837158203,1.2670416831970215,,,
83,38399,0.7005305290222168,1.2759398221969604,,,
83,38449,1.0073754787445068,1.111792802810669,,,
83,38499,1.1568825244903564,1.1380157470703125,,,
83,38549,0.7137365341186523,1.1677048206329346,,,
83,38599,0.8372784852981567,1.267729640007019,,,
83,38639,,,0.5976620905260296,1.2956784963607788,0.7269431948661804
84,38649,1.010029673576355,0.8350520730018616,,,
84,38699,0.6934231519699097,1.3668371438980103,,,
84,38749,1.0221068859100342,1.0674238204956055,,,
84,38799,0.5203192234039307,1.3871990442276,,,
84,38849,1.0824947357177734,0.9354691505432129,,,
84,38899,0.7877166867256165,1.2109731435775757,,,
84,38949,0.9145939350128174,1.1645925045013428,,,
84,38999,0.9474027156829834,1.1174893379211426,,,
84,39049,0.7450358271598816,1.1341630220413208,,,
84,39099,0.935300350189209,1.7735381126403809,,,
84,39099,,,0.627157808889493,1.3367929458618164,0.8334541916847229
85,39149,1.1033133268356323,1.1926733255386353,,,
85,39199,0.9669437408447266,1.4384725093841553,,,
85,39249,1.086332082748413,1.118607521057129,,,
85,39299,1.0450156927108765,1.8743584156036377,,,
85,39349,0.7436213493347168,1.1301600933074951,,,
85,39399,1.0546263456344604,0.9586572051048279,,,
85,39449,0.680597186088562,1.1307047605514526,,,
85,39499,0.6539306640625,1.5372602939605713,,,
85,39549,0.7279953956604004,0.8849836587905884,,,
85,39559,,,0.6571972271306239,1.1929160356521606,0.8123156428337097
86,39599,0.6928776502609253,1.1419422626495361,,,
86,39649,0.5775214433670044,1.7225837707519531,,,
86,39699,0.8417315483093262,1.471840262413025,,,
86,39749,0.5931915044784546,0.9696248769760132,,,
86,39799,0.736671507358551,1.4050369262695312,,,
86,39849,0.8066954016685486,1.036458969116211,,,
86,39899,0.5464221239089966,1.485541820526123,,,
86,39949,0.8669242262840271,1.2122461795806885,,,
86,39999,1.0339155197143555,1.1881225109100342,,,
86,40019,,,0.6250509718635313,1.2529188394546509,0.7409957647323608
87,40049,1.1534234285354614,0.7875925302505493,,,
87,40099,0.8445675373077393,0.8174969553947449,,,
87,40149,0.787481963634491,0.9065841436386108,,,
87,40199,1.1751402616500854,1.7273051738739014,,,
87,40249,1.1554683446884155,0.8654878735542297,,,
87,40299,0.8446941375732422,1.0148123502731323,,,
87,40349,0.7466637492179871,1.4495059251785278,,,
87,40399,1.1933865547180176,1.0830144882202148,,,
87,40449,0.9515340328216553,0.908787727355957,,,
87,40479,,,0.545466902269947,1.3384730815887451,0.6589921116828918
88,40499,0.7083570957183838,1.3168596029281616,,,
88,40549,0.9895581603050232,0.6245042681694031,,,
88,40599,0.9492883682250977,0.9514161348342896,,,
88,40649,0.6148853898048401,1.3646621704101562,,,
88,40699,1.1363383531570435,1.1733791828155518,,,
88,40749,0.6922170519828796,0.7964862585067749,,,
88,40799,0.7228215932846069,1.067553997039795,,,
88,40849,0.8527927398681641,1.0541958808898926,,,
88,40899,0.7730282545089722,0.6176798343658447,,,
88,40939,,,0.6677314122604322,1.1784379482269287,1.0254887342453003
89,40949,0.6984840631484985,1.0004312992095947,,,
89,40999,0.8444695472717285,0.9613488912582397,,,
89,41049,0.5884920358657837,2.1884186267852783,,,
89,41099,0.7530354857444763,1.1801519393920898,,,
89,41149,0.7303001880645752,1.111102819442749,,,
89,41199,0.683447003364563,1.4205608367919922,,,
89,41249,0.8264293074607849,1.2581127882003784,,,
89,41299,0.6443449854850769,1.4592018127441406,,,
89,41349,1.0606553554534912,1.4887974262237549,,,
89,41399,0.9284775257110596,1.4623491764068604,,,
89,41399,,,0.6341579448144624,1.2703256607055664,0.7293768525123596
90,41449,0.7535833120346069,0.9293550252914429,,,
90,41499,0.875495433807373,1.1109626293182373,,,
90,41549,1.3005917072296143,0.5462587475776672,,,
90,41599,0.714442253112793,1.230140209197998,,,
90,41649,0.827857255935669,1.5165876150131226,,,
90,41699,0.8516490459442139,1.3639470338821411,,,
90,41749,0.7524870038032532,1.240257978439331,,,
90,41799,1.1127195358276367,0.8869614601135254,,,
90,41849,1.202551007270813,1.139570951461792,,,
90,41859,,,0.434959902134022,1.5318361520767212,0.5146104097366333
91,41899,1.0061968564987183,1.663820505142212,,,
91,41949,1.040353536605835,1.0982447862625122,,,
91,41999,1.0839923620224,1.1150109767913818,,,
91,42049,0.9343360066413879,1.012866735458374,,,
91,42099,0.8513984680175781,1.517922282218933,,,
91,42149,0.9475340843200684,0.8430111408233643,,,
91,42199,0.5397297143936157,0.9381716251373291,,,
91,42249,0.40917402505874634,1.7393956184387207,,,
91,42299,0.7923170924186707,1.5424206256866455,,,
91,42319,,,0.6117303248606769,1.3236311674118042,0.6981164813041687
92,42349,0.9820424318313599,1.034051775932312,,,
92,42399,0.8197275400161743,1.162766695022583,,,
92,42449,0.9632194638252258,1.27385675907135,,,
92,42499,0.6463922262191772,1.7853659391403198,,,
92,42549,0.9530453681945801,1.4007141590118408,,,
92,42599,1.1389317512512207,0.916517972946167,,,
92,42649,1.0571916103363037,0.9090354442596436,,,
92,42699,1.0928013324737549,1.0414183139801025,,,
92,42749,0.8030283451080322,1.264594554901123,,,
92,42779,,,0.6412940057088488,1.261986255645752,0.7547993659973145
93,42799,0.9662584066390991,0.9889308214187622,,,
93,42849,0.9567285776138306,1.2113726139068604,,,
93,42899,0.6891598105430603,1.1698633432388306,,,
93,42949,0.8425524830818176,1.1227840185165405,,,
93,42999,0.6791037321090698,1.4419472217559814,,,
93,43049,1.2054558992385864,0.6402931213378906,,,
93,43099,0.8897964358329773,1.4969452619552612,,,
93,43149,0.6942789554595947,0.9754651784896851,,,
93,43199,0.948273241519928,1.404272198677063,,,
93,43239,,,0.6293326084001631,1.28547203540802,0.8060389757156372
94,43249,0.9697695374488831,0.7225685119628906,,,
94,43299,1.3226020336151123,1.8401219844818115,,,
94,43349,0.8114929795265198,1.1929340362548828,,,
94,43399,1.0753220319747925,1.445055365562439,,,
94,43449,0.942981481552124,0.9445966482162476,,,
94,43499,0.7218054533004761,1.2940772771835327,,,
94,43549,0.7401978969573975,1.219120979309082,,,
94,43599,1.2062145471572876,1.0031318664550781,,,
94,43649,0.6759540438652039,1.087416410446167,,,
94,43699,0.6133416295051575,1.3745681047439575,,,
94,43699,,,0.6200217479951067,1.2945102453231812,0.9240483641624451
95,43749,0.8674166202545166,1.365631341934204,,,
95,43799,0.87472003698349,0.9553400278091431,,,
95,43849,0.8673467636108398,1.621880054473877,,,
95,43899,1.2630773782730103,1.1718287467956543,,,
95,43949,0.8168509006500244,1.0729336738586426,,,
95,43999,0.8797054290771484,1.3002960681915283,,,
95,44049,0.6494107246398926,1.1265498399734497,,,
95,44099,0.8919761776924133,1.3374168872833252,,,
95,44149,0.8516557812690735,1.120870590209961,,,
95,44159,,,0.5617099361152643,1.3230950832366943,0.683074414730072
96,44199,1.0601011514663696,1.0263954401016235,,,
96,44249,0.8791890144348145,1.5175185203552246,,,
96,44299,0.8524248600006104,1.188093662261963,,,
96,44349,1.1108659505844116,1.041046380996704,,,
96,44399,0.8597103357315063,1.0210603475570679,,,
96,44449,0.8007715344429016,1.1886241436004639,,,
96,44499,0.6518142223358154,2.1805968284606934,,,
96,44549,1.1096782684326172,0.8584022521972656,,,
96,44599,1.0962514877319336,0.821357250213623,,,
96,44619,,,0.533437542476553,1.3606057167053223,0.6212296485900879
97,44649,1.1181522607803345,1.0393553972244263,,,
97,44699,0.9221898913383484,0.957406759262085,,,
97,44749,0.9851287007331848,1.196953535079956,,,
97,44799,0.9837622046470642,1.0395336151123047,,,
97,44849,0.8204142451286316,1.362075686454773,,,
97,44899,0.9999220967292786,0.9318521022796631,,,
97,44949,1.1338300704956055,1.0562598705291748,,,
97,44999,0.817401647567749,0.9184249639511108,,,
97,45049,0.816943883895874,1.495039939880371,,,
97,45079,,,0.6312355579719995,1.2408447265625,0.7100403904914856
98,45099,0.8405265808105469,1.0789828300476074,,,
98,45149,0.5047299861907959,1.2201021909713745,,,
98,45199,1.17966628074646,1.2043628692626953,,,
98,45249,0.6948884725570679,1.2941888570785522,,,
98,45299,0.7485628724098206,1.536072015762329,,,
98,45349,0.44996464252471924,1.1834206581115723,,,
98,45399,0.8129630088806152,1.143627643585205,,,
98,45449,0.8810282349586487,0.9152595400810242,,,
98,45499,0.7489114999771118,1.379907250404358,,,
98,45539,,,0.6281092836754112,1.1899958848953247,0.6772811412811279
99,45549,1.039670467376709,0.6585174798965454,,,
99,45599,1.4171876907348633,1.4185984134674072,,,
99,45649,1.0290398597717285,0.8221490383148193,,,
99,45699,0.9007633328437805,1.222470998764038,,,
99,45749,0.8646360039710999,1.6906031370162964,,,
99,45799,0.8823969960212708,1.3213121891021729,,,
99,45849,0.945548415184021,1.2040190696716309,,,
99,45899,0.7281166315078735,1.2924895286560059,,,
99,45949,0.7818474769592285,1.3239037990570068,,,
99,45999,0.736035943031311,1.150537371635437,,,
99,45999,,,0.6389153187440533,1.2307052612304688,0.7308853268623352
100,46049,0.882885217666626,1.457310438156128,,,
100,46099,1.147676706314087,0.7441304922103882,,,
100,46149,0.6935149431228638,1.7346420288085938,,,
100,46199,1.0065463781356812,1.3961833715438843,,,
100,46249,0.6579954624176025,2.126894235610962,,,
100,46299,0.887589693069458,0.7819609642028809,,,
100,46349,1.5227298736572266,1.3645750284194946,,,
100,46399,0.8404282927513123,1.3946750164031982,,,
100,46449,0.8871919512748718,1.211209774017334,,,
100,46459,,,0.6249830093788229,1.26791250705719,0.7906120419502258
101,46499,0.6524001955986023,1.20222806930542,,,
101,46549,0.862052857875824,1.122473955154419,,,
101,46599,0.729924201965332,0.9110563397407532,,,
101,46649,0.7219835519790649,1.2149631977081299,,,
101,46699,0.6588671207427979,1.7886450290679932,,,
101,46749,0.6704044342041016,1.596999168395996,,,
101,46799,0.7157412767410278,1.649877905845642,,,
101,46849,0.9607305526733398,1.4095070362091064,,,
101,46899,1.1409437656402588,0.9010857343673706,,,
101,46919,,,0.5599429115128449,1.3067342042922974,0.6604562401771545
102,46949,0.5295941829681396,1.0980329513549805,,,
102,46999,0.7773150205612183,0.7914247512817383,,,
102,47049,0.9001567363739014,0.9616149067878723,,,
102,47099,1.4780168533325195,0.7083761692047119,,,
102,47149,0.852407693862915,1.0790119171142578,,,
102,47199,0.8113811016082764,0.901888906955719,,,
102,47249,1.1389219760894775,1.0343903303146362,,,
102,47299,1.0100830793380737,0.9210772514343262,,,
102,47349,0.8723199367523193,1.1527308225631714,,,
102,47379,,,0.5467581894794074,1.3644112348556519,0.549412190914154
103,47399,1.2424962520599365,1.1414847373962402,,,
103,47449,0.7086049318313599,1.1562831401824951,,,
103,47499,0.7875550985336304,1.6133286952972412,,,
103,47549,0.9198121428489685,1.1433484554290771,,,
103,47599,0.7893190383911133,1.3690698146820068,,,
103,47649,0.8148419857025146,1.016162395477295,,,
103,47699,0.8856356739997864,1.6470624208450317,,,
103,47749,1.0902750492095947,1.1412432193756104,,,
103,47799,0.6019067764282227,1.7230762243270874,,,
103,47839,,,0.6401386434688052,1.233331561088562,0.7254261374473572
104,47849,0.8238841891288757,1.0799933671951294,,,
104,47899,0.8549726605415344,1.2485665082931519,,,
104,47949,1.0095676183700562,1.3876314163208008,,,
104,47999,0.7047271132469177,0.9300185441970825,,,
104,48049,1.0265069007873535,1.6420756578445435,,,
104,48099,0.7207215428352356,1.5371360778808594,,,
104,48149,0.6684421300888062,1.871317744255066,,,
104,48199,0.785269021987915,1.1514540910720825,,,
104,48249,0.904944896697998,1.4865673780441284,,,
104,48299,0.948462963104248,1.114398717880249,,,
104,48299,,,0.5973902405871959,1.3447577953338623,0.6906881928443909
105,48349,0.8309012651443481,1.0911338329315186,,,
105,48399,0.7620559930801392,1.158481240272522,,,
105,48449,0.6054739952087402,1.1897282600402832,,,
105,48499,0.6509162187576294,1.1400001049041748,,,
105,48549,0.8347291946411133,0.8448651432991028,,,
105,48599,0.9133946895599365,1.1806482076644897,,,
105,48649,1.124450445175171,1.0607038736343384,,,
105,48699,0.7620930671691895,1.4160741567611694,,,
105,48749,0.4959515929222107,1.0670630931854248,,,
105,48759,,,0.5336414299306783,1.3531063795089722,0.4943154752254486
106,48799,0.6962035894393921,1.2403477430343628,,,
106,48849,0.7718159556388855,1.1700387001037598,,,
106,48899,0.6720424890518188,1.0814944505691528,,,
106,48949,0.8586030006408691,0.9490178227424622,,,
106,48999,0.6998560428619385,1.3044428825378418,,,
106,49049,0.7522711753845215,1.2552434206008911,,,
106,49099,1.118086576461792,1.535274624824524,,,
106,49149,0.6129376888275146,1.4320731163024902,,,
106,49199,0.8289718627929688,1.4060357809066772,,,
106,49219,,,0.5515155634089982,1.4296233654022217,0.6369645595550537
107,49249,0.5807873010635376,1.2031242847442627,,,
107,49299,0.6973246335983276,1.3323190212249756,,,
107,49349,0.3908962309360504,1.7970787286758423,,,
107,49399,0.6191513538360596,1.524929165840149,,,
107,49449,1.0393835306167603,1.3946702480316162,,,
107,49499,0.6685736179351807,1.54721999168396,,,
107,49549,0.7068653106689453,1.200134038925171,,,
107,49599,0.6711770296096802,1.428323745727539,,,
107,49649,0.8549054265022278,0.7622275352478027,,,
107,49679,,,0.5142041593040642,1.3440132141113281,0.5601806640625
108,49699,0.7355234622955322,1.8548465967178345,,,
108,49749,1.445974349975586,1.2401907444000244,,,
108,49799,1.0336313247680664,1.3156085014343262,,,
108,49849,0.9639093279838562,1.5047893524169922,,,
108,49899,0.5678438544273376,1.0905282497406006,,,
108,49949,0.7376852631568909,1.3711841106414795,,,
108,49999,0.8401669859886169,1.005446434020996,,,
108,50049,0.8686869144439697,0.9261159300804138,,,
108,50099,0.8286837339401245,1.4799754619598389,,,
108,50139,,,0.6324588826967514,1.2666901350021362,0.7291152477264404
109,50149,0.9394879937171936,0.9757988452911377,,,
109,50199,0.912665605545044,1.0417972803115845,,,
109,50249,0.7054975032806396,0.8711472749710083,,,
109,50299,1.00764000415802,1.3550666570663452,,,
109,50349,1.0058200359344482,0.6908727288246155,,,
109,50399,0.8505585193634033,1.1571978330612183,,,
109,50449,0.6440809369087219,1.0234661102294922,,,
109,50499,0.9008691906929016,0.8303896188735962,,,
109,50549,1.3318798542022705,1.5390911102294922,,,
109,50599,0.7862351536750793,1.3019922971725464,,,
109,50599,,,0.5213402201984505,1.3208321332931519,0.5248738527297974
110,50649,0.7407046556472778,1.7621521949768066,,,
110,50699,0.7554517984390259,1.3972171545028687,,,
110,50749,0.8090537786483765,1.1807626485824585,,,
110,50799,0.7442634105682373,1.2681732177734375,,,
110,50849,0.9584585428237915,0.9857541918754578,,,
110,50899,0.6252143383026123,1.122842788696289,,,
110,50949,0.9117381572723389,1.0812053680419922,,,
110,50999,0.888457715511322,0.9526984691619873,,,
110,51049,1.0861154794692993,0.8428514003753662,,,
110,51059,,,0.5566127497621313,1.2006609439849854,0.9569258689880371
111,51099,0.430263489484787,2.9134724140167236,,,
111,51149,0.7853899002075195,1.5933668613433838,,,
111,51199,0.6681725382804871,1.2099133729934692,,,
111,51249,0.9415273666381836,0.861558198928833,,,
111,51299,0.9360817074775696,1.3691115379333496,,,
111,51349,0.8346633911132812,1.067021369934082,,,
111,51399,1.2848820686340332,1.1779910326004028,,,
111,51449,0.8094147443771362,0.9929381608963013,,,
111,51499,0.45314306020736694,0.9449304342269897,,,
111,51519,,,0.5515155634089982,1.3041778802871704,0.6997263431549072
112,51549,0.76951003074646,1.3394317626953125,,,
112,51599,0.8246455192565918,1.0722787380218506,,,
112,51649,0.8999984264373779,1.3254668712615967,,,
112,51699,1.0589990615844727,1.163379430770874,,,
112,51749,0.6020263433456421,1.0451301336288452,,,
112,51799,1.0535948276519775,1.1750354766845703,,,
112,51849,0.5243991613388062,1.1321626901626587,,,
112,51899,1.2214925289154053,0.9856998920440674,,,
112,51949,0.8185132741928101,0.9192222356796265,,,
112,51979,,,0.6508767160527389,1.2927943468093872,0.7592083215713501
113,51999,1.050734281539917,1.6594483852386475,,,
113,52049,0.9455990791320801,1.3238272666931152,,,
113,52099,1.4071471691131592,1.2046931982040405,,,
113,52149,0.8771687746047974,1.6385526657104492,,,
113,52199,0.7491437196731567,1.5027439594268799,,,
113,52249,0.6394233107566833,1.437103033065796,,,
113,52299,0.777339518070221,1.137289047241211,,,
113,52349,1.0020633935928345,1.3126945495605469,,,
113,52399,0.7843011617660522,1.681680679321289,,,
113,52439,,,0.5851569933396765,1.282596230506897,0.6677537560462952
114,52449,0.8486608862876892,1.1129971742630005,,,
114,52499,0.5685469508171082,1.3004100322723389,,,
114,52549,0.9530344605445862,1.0481877326965332,,,
114,52599,0.9229285717010498,1.0385303497314453,,,
114,52649,0.8260621428489685,1.1047534942626953,,,
114,52699,0.6856842041015625,1.2702491283416748,,,
114,52749,0.9841240048408508,1.494577407836914,,,
114,52799,0.7217502593994141,1.643622636795044,,,
114,52849,0.43738609552383423,1.3684279918670654,,,
114,52899,0.8133692741394043,0.8791359066963196,,,
114,52899,,,0.5350006796248471,1.3281668424606323,0.6551300287246704
115,52949,0.7778754234313965,0.9074323177337646,,,
115,52999,0.8994544744491577,1.570051670074463,,,
115,53049,0.7578250765800476,1.3787362575531006,,,
115,53099,0.6591031551361084,1.0746455192565918,,,
115,53149,1.0954205989837646,1.131734848022461,,,
115,53199,0.7734167575836182,1.1652965545654297,,,
115,53249,0.6170504093170166,1.3303382396697998,,,
115,53299,0.8121363520622253,1.5073434114456177,,,
115,53349,0.8829876184463501,0.9301437735557556,,,
115,53359,,,0.6934891939649314,1.1735625267028809,0.873786449432373
116,53399,0.699324369430542,1.5690381526947021,,,
116,53449,0.8140773773193359,1.4964735507965088,,,
116,53499,0.9796429872512817,0.8363563418388367,,,
116,53549,0.7626552581787109,0.956494927406311,,,
116,53599,0.9085651636123657,1.0194448232650757,,,
116,53649,0.7311894297599792,1.4484918117523193,,,
116,53699,1.32063889503479,1.6985065937042236,,,
116,53749,0.9982487559318542,1.076646327972412,,,
116,53799,0.9476804733276367,1.1632120609283447,,,
116,53819,,,0.6804403969009107,1.25633704662323,0.6156335473060608
117,53849,0.5241737961769104,1.176162838935852,,,
117,53899,0.8113773465156555,1.0990478992462158,,,
117,53949,1.0057213306427002,0.8563879728317261,,,
117,53999,0.8713458776473999,1.081788420677185,,,
117,54049,0.8089242577552795,1.1270246505737305,,,
117,54099,0.6487957239151001,1.3178828954696655,,,
117,54149,0.7686817646026611,1.4176597595214844,,,
117,54199,0.5826842784881592,1.1982388496398926,,,
117,54249,0.6517781019210815,1.4319710731506348,,,
117,54279,,,0.5542340627973359,1.3482372760772705,0.6460638642311096
118,54299,0.7495540380477905,1.6014699935913086,,,
118,54349,0.6128944158554077,1.6184916496276855,,,
118,54399,0.7446131706237793,0.9704895615577698,,,
118,54449,1.1070442199707031,1.7502367496490479,,,
118,54499,0.976181149482727,1.8748379945755005,,,
118,54549,0.7902466654777527,0.9319382905960083,,,
118,54599,0.8201522827148438,0.9744776487350464,,,
118,54649,0.6047837734222412,1.418524980545044,,,
118,54699,0.6664766669273376,1.4736204147338867,,,
118,54739,,,0.5020388745412532,1.3778144121170044,0.510415256023407
119,54749,0.7805705070495605,1.1508761644363403,,,
119,54799,0.7491729259490967,1.0900423526763916,,,
119,54849,0.6514980792999268,1.3866952657699585,,,
119,54899,1.3767929077148438,0.7442406415939331,,,
119,54949,0.6335538029670715,1.7656166553497314,,,
119,54999,0.7016977071762085,0.9155058264732361,,,
119,55049,0.6122456192970276,1.024837851524353,,,
119,55099,1.2456579208374023,1.1853702068328857,,,
119,55149,0.6230370998382568,2.3395965099334717,,,
119,55199,0.7689988613128662,1.298619031906128,,,
119,55199,,,0.6645371754791355,1.2252442836761475,0.8465269207954407
120,55249,0.8752527236938477,0.8199946880340576,,,
120,55299,1.0263540744781494,1.1677294969558716,,,
120,55349,0.5789707899093628,1.7632429599761963,,,
120,55399,1.0581490993499756,0.8674206733703613,,,
120,55449,0.7487198114395142,1.08339524269104,,,
120,55499,1.0288631916046143,0.9725719094276428,,,
120,55549,0.5885671377182007,1.5221819877624512,,,
120,55599,1.556903600692749,1.024757981300354,,,
120,55649,0.7908170223236084,0.9551233053207397,,,
120,55659,,,0.6591681391871687,1.238083839416504,0.7111361026763916
121,55699,0.8288779258728027,1.1307364702224731,,,
121,55749,0.8114546537399292,1.3935449123382568,,,
121,55799,0.6389034986495972,1.755666732788086,,,
121,55849,0.724398672580719,0.9692658185958862,,,
121,55899,0.8225314617156982,0.8970445990562439,,,
121,55949,0.8866994976997375,1.2584304809570312,,,
121,55999,0.6701506972312927,0.932215690612793,,,
121,56049,1.3318188190460205,1.0664416551589966,,,
121,56099,0.7202701568603516,1.071366786956787,,,
121,56119,,,0.5644963979883104,1.3235182762145996,0.620646595954895
122,56149,0.4662676453590393,1.201533317565918,,,
122,56199,0.6454005837440491,1.4650362730026245,,,
122,56249,0.8558950424194336,1.0498424768447876,,,
122,56299,0.735341489315033,0.8753539323806763,,,
122,56349,0.9315004348754883,1.1257736682891846,,,
122,56399,0.7204771041870117,1.1604371070861816,,,
122,56449,0.988919734954834,0.8064627647399902,,,
122,56499,0.7391446828842163,0.9600664377212524,,,
122,56549,0.5851144790649414,1.5810809135437012,,,
122,56579,,,0.5740111458474921,1.3129692077636719,0.7030594944953918
123,56599,1.1380062103271484,0.920699954032898,,,
123,56649,0.351274311542511,1.6510379314422607,,,
123,56699,0.6699643731117249,1.4185837507247925,,,
123,56749,0.39316970109939575,1.698444128036499,,,
123,56799,0.7150706052780151,1.085832118988037,,,
123,56849,0.658739447593689,1.351510763168335,,,
123,56899,0.6856054067611694,0.7246189117431641,,,
123,56949,0.7538467645645142,1.0088001489639282,,,
123,56999,0.8028025031089783,0.7675731182098389,,,
123,57039,,,0.5832540437678402,1.3082295656204224,0.5735118389129639
124,57049,1.342777132987976,1.2028203010559082,,,
124,57099,1.1255301237106323,1.5978606939315796,,,
124,57149,0.6253558993339539,1.1843986511230469,,,
124,57199,0.6797133684158325,1.018538475036621,,,
124,57249,0.989892303943634,1.8862769603729248,,,
124,57299,0.6449525356292725,1.3293321132659912,,,
124,57349,0.9595674276351929,0.9746119976043701,,,
124,57399,0.6848536133766174,1.2448914051055908,,,
124,57449,0.7649440169334412,1.031291127204895,,,
124,57499,0.8860864639282227,1.2074644565582275,,,
124,57499,,,0.6308957455484573,1.244158387184143,0.7168304324150085
125,57549,0.6107540130615234,1.3678935766220093,,,
125,57599,0.881799042224884,0.9688454270362854,,,
125,57649,0.8674151301383972,1.6083704233169556,,,
125,57699,0.7884891033172607,0.8778541684150696,,,
125,57749,1.0845181941986084,1.474380612373352,,,
125,57799,0.5974992513656616,0.9450662136077881,,,
125,57849,0.6938432455062866,1.078385353088379,,,
125,57899,0.6015942096710205,1.5561563968658447,,,
125,57949,0.8686168193817139,0.8925248384475708,,,
125,57959,,,0.6900231072448009,1.1897867918014526,0.8170113563537598
126,57999,0.9658129215240479,1.347042441368103,,,
126,58049,0.8652603626251221,0.9294428825378418,,,
126,58099,0.8934506177902222,1.2743580341339111,,,
126,58149,0.8677764534950256,1.259615182876587,,,
126,58199,1.1981137990951538,1.2283501625061035,,,
126,58249,0.7920374870300293,1.140393853187561,,,
126,58299,0.7735716104507446,1.5230063199996948,,,
126,58349,0.5886033773422241,1.2284293174743652,,,
126,58399,0.834415078163147,1.1639988422393799,,,
126,58419,,,0.5400978659779802,1.2491393089294434,0.5824196338653564
127,58449,0.7648741006851196,1.2451696395874023,,,
127,58499,0.7722204923629761,1.3179240226745605,,,
127,58549,0.8883030414581299,1.3689018487930298,,,
127,58599,0.6493808031082153,1.4758812189102173,,,
127,58649,1.006395697593689,1.24103844165802,,,
127,58699,0.651674211025238,1.1534149646759033,,,
127,58749,0.5321335792541504,1.4668457508087158,,,
127,58799,0.7084702253341675,1.2165648937225342,,,
127,58849,0.6862024664878845,2.115246534347534,,,
127,58879,,,0.5837977436455076,1.2927665710449219,0.6718305945396423
128,58899,0.6330404281616211,1.24853515625,,,
128,58949,0.5220080018043518,1.3913507461547852,,,
128,58999,0.7801670432090759,1.0931377410888672,,,
128,59049,0.6275895237922668,1.158066987991333,,,
128,59099,0.9850708246231079,1.1996369361877441,,,
128,59149,1.1489051580429077,1.4488848447799683,,,
128,59199,0.8309304714202881,1.127276062965393,,,
128,59249,0.9906921982765198,1.2069330215454102,,,
128,59299,0.8756357431411743,1.593522310256958,,,
128,59339,,,0.6275655837977436,1.2506566047668457,0.7649332284927368
129,59349,0.6451537609100342,1.148174524307251,,,
129,59399,0.9591057896614075,0.9103025794029236,,,
129,59449,0.7573257684707642,1.5357561111450195,,,
129,59499,0.7367366552352905,1.6063928604125977,,,
129,59549,0.5511322021484375,1.1247268915176392,,,
129,59599,1.2964142560958862,1.3704718351364136,,,
129,59649,0.651651918888092,1.2923650741577148,,,
129,59699,1.17643404006958,0.5882978439331055,,,
129,59749,0.499817430973053,0.7621757984161377,,,
129,59799,0.713631272315979,1.2301045656204224,,,
129,59799,,,0.596030990893027,1.3460248708724976,0.720410168170929
130,59849,0.8592497110366821,1.0278576612472534,,,
130,59899,0.671661376953125,1.7842528820037842,,,
130,59949,0.7013339400291443,1.1200580596923828,,,
130,59999,0.7283700704574585,1.2374248504638672,,,
130,60049,1.0197174549102783,0.810949981212616,,,
130,60099,0.7488423585891724,1.2770569324493408,,,
130,60149,0.6454614400863647,1.0363452434539795,,,
130,60199,0.7803070545196533,1.0095961093902588,,,
130,60249,0.9287671446800232,1.4879646301269531,,,
130,60259,,,0.6099633002582574,1.2367300987243652,0.6515354514122009
131,60299,0.834354043006897,0.8485933542251587,,,
131,60349,0.6289070248603821,1.1431362628936768,,,
131,60399,0.9160570502281189,1.0111470222473145,,,
131,60449,0.6467834711074829,1.2407299280166626,,,
131,60499,0.7607454657554626,1.2999231815338135,,,
131,60549,1.2711780071258545,1.1556739807128906,,,
131,60599,0.8948113918304443,0.780916690826416,,,
131,60649,0.5535860061645508,0.9584293365478516,,,
131,60699,0.9182035326957703,1.1146275997161865,,,
131,60719,,,0.5570884871550904,1.273714542388916,0.6289165616035461
132,60749,0.6170047521591187,1.714878797531128,,,
132,60799,0.8734604120254517,1.05729341506958,,,
132,60849,0.7972521781921387,1.596585750579834,,,
132,60899,0.4435386061668396,1.9586272239685059,,,
132,60949,0.7417821884155273,0.9814817309379578,,,
132,60999,1.2500944137573242,1.3350728750228882,,,
132,61049,0.8098225593566895,1.3829615116119385,,,
132,61099,0.6974027156829834,1.6011769771575928,,,
132,61149,1.0487279891967773,1.0775442123413086,,,
132,61179,,,0.6190023107244801,1.276036262512207,0.6096550822257996
133,61199,0.7696441411972046,1.1180047988891602,,,
133,61249,0.7468109130859375,1.319252610206604,,,
133,61299,0.6391999125480652,2.209728240966797,,,
133,61349,0.38532471656799316,1.3739484548568726,,,
133,61399,0.46935176849365234,0.9409465789794922,,,
133,61449,0.9215509295463562,1.0347490310668945,,,
133,61499,1.033216118812561,1.461024284362793,,,
133,61549,0.7160065770149231,1.4124507904052734,,,
133,61599,0.5445854663848877,1.4377801418304443,,,
133,61639,,,0.49592225091749353,1.387544870376587,0.5347874760627747
134,61649,1.0146833658218384,1.3077689409255981,,,
134,61699,0.8501071929931641,1.1384735107421875,,,
134,61749,0.5936174392700195,1.605565071105957,,,
134,61799,0.9464011192321777,0.9327783584594727,,,
134,61849,0.8393049836158752,1.0947883129119873,,,
134,61899,1.1117784976959229,0.9720438122749329,,,
134,61949,0.8626929521560669,0.7520674467086792,,,
134,61999,0.9838188886642456,1.5663295984268188,,,
134,62049,0.5723110437393188,1.8417645692825317,,,
134,62099,0.9117777347564697,1.054473876953125,,,
134,62099,,,0.5482533641429931,1.270717978477478,0.5534866452217102
135,62149,0.49349042773246765,1.745850920677185,,,
135,62199,0.6576063632965088,1.7574114799499512,,,
135,62249,0.4184291958808899,1.2266347408294678,,,
135,62299,1.1059293746948242,1.535745620727539,,,
135,62349,0.7114477753639221,1.3890074491500854,,,
135,62399,0.942349910736084,1.4685968160629272,,,
135,62449,0.9534326791763306,1.0984266996383667,,,
135,62499,0.8658390641212463,1.0180330276489258,,,
135,62549,0.7169779539108276,1.1959238052368164,,,
135,62559,,,0.5967106157401114,1.3768829107284546,0.676744818687439
136,62599,0.8293765187263489,1.3265584707260132,,,
136,62649,1.213752031326294,0.7848676443099976,,,
136,62699,0.5825670957565308,1.048740267753601,,,
136,62749,0.882436990737915,1.505850076675415,,,
136,62799,0.4182407557964325,1.6243219375610352,,,
136,62849,0.5381343960762024,1.0726511478424072,,,
136,62899,0.6373045444488525,1.427746295928955,,,
136,62949,0.5860354900360107,1.0695139169692993,,,
136,62999,0.8163318037986755,1.0412555932998657,,,
136,63019,,,0.5674867473154819,1.3268439769744873,0.6151859760284424
137,63049,0.7148013114929199,2.066053628921509,,,
137,63099,0.8790659308433533,0.9091304540634155,,,
137,63149,1.2358086109161377,1.0328137874603271,,,
137,63199,1.1618938446044922,0.9781866073608398,,,
137,63249,0.9333457946777344,1.3815085887908936,,,
137,63299,1.067662000656128,1.241387128829956,,,
137,63349,0.7186957001686096,0.8600643873214722,,,
137,63399,0.7540478110313416,1.4220222234725952,,,
137,63449,0.6016534566879272,0.8537461757659912,,,
137,63479,,,0.5145439717276064,1.2861292362213135,0.7070088982582092
138,63499,0.8632395267486572,1.2162494659423828,,,
138,63549,0.7311753034591675,1.5147560834884644,,,
138,63599,0.8138693571090698,1.433646559715271,,,
138,63649,1.4202908277511597,1.5734823942184448,,,
138,63699,0.820449948310852,1.336912751197815,,,
138,63749,0.6274646520614624,1.443176031112671,,,
138,63799,0.48273319005966187,1.0110119581222534,,,
138,63849,0.5426255464553833,1.5725843906402588,,,
138,63899,0.6360005140304565,1.3321560621261597,,,
138,63939,,,0.5199809705042816,1.4051016569137573,0.544013261795044
139,63949,0.8002378940582275,0.7664579153060913,,,
139,63999,0.6682820916175842,1.6617205142974854,,,
139,64049,0.7712367177009583,1.1754419803619385,,,
139,64099,0.9357807636260986,0.8324292898178101,,,
139,64149,1.0380568504333496,1.1525206565856934,,,
139,64199,0.9126676917076111,1.204416275024414,,,
139,64249,0.9053988456726074,1.6331731081008911,,,
139,64299,0.6324170827865601,1.5682415962219238,,,
139,64349,1.4786040782928467,0.9266577363014221,,,
139,64399,0.7668558359146118,1.5979527235031128,,,
139,64399,,,0.6448960173983961,1.2673637866973877,0.8487829566001892
140,64449,0.5150678157806396,1.9166884422302246,,,
140,64499,0.8952749371528625,1.1886965036392212,,,
140,64549,1.1674306392669678,0.8572946786880493,,,
140,64599,0.7945512533187866,1.4715781211853027,,,
140,64649,0.6910830736160278,1.5055042505264282,,,
140,64699,0.7323341965675354,0.8309495449066162,,,
140,64749,0.7036275863647461,1.2232016324996948,,,
140,64799,0.6616332530975342,0.8547235727310181,,,
140,64849,1.1801173686981201,1.4884917736053467,,,
140,64859,,,0.634565719722713,1.234431266784668,0.7046330571174622
141,64899,0.701838493347168,1.2222061157226562,,,
141,64949,0.7654458284378052,1.1484732627868652,,,
141,64999,0.6538856029510498,1.3424896001815796,,,
141,65049,0.9830151796340942,1.5156636238098145,,,
141,65099,0.8739230036735535,1.9001715183258057,,,
141,65149,0.9345163106918335,1.4340295791625977,,,
141,65199,0.5986465215682983,0.6993004679679871,,,
141,65249,0.8481463193893433,1.5655280351638794,,,
141,65299,0.7342302799224854,1.112912654876709,,,
141,65319,,,0.632866657605002,1.230565071105957,0.7219297289848328
142,65349,0.6567539572715759,1.3009312152862549,,,
142,65399,0.759763240814209,1.1708773374557495,,,
142,65449,0.960187554359436,1.45238196849823,,,
142,65499,0.7486209869384766,0.7905771136283875,,,
142,65549,0.6511812210083008,2.3349297046661377,,,
142,65599,0.659115731716156,1.2796012163162231,,,
142,65649,0.5291513204574585,1.104508876800537,,,
142,65699,0.7994718551635742,1.1001471281051636,,,
142,65749,0.5317324995994568,1.2883734703063965,,,
142,65779,,,0.6495854288432785,1.2488303184509277,0.6577630043029785
143,65799,0.7205350399017334,1.0564146041870117,,,
143,65849,0.7418348789215088,1.233525276184082,,,
143,65899,0.8097017407417297,1.6341198682785034,,,
143,65949,0.8717340230941772,1.0926413536071777,,,
143,65999,1.1901092529296875,1.8372933864593506,,,
143,66049,0.7898461222648621,0.8291000127792358,,,
143,66099,0.7941148281097412,1.0296192169189453,,,
143,66149,0.7387290000915527,1.439612865447998,,,
143,66199,0.8116011619567871,1.1104563474655151,,,
143,66239,,,0.5162430338453173,1.386611819267273,0.741763710975647
144,66249,0.6366195678710938,1.855139136314392,,,
144,66299,0.9377300143241882,1.1327749490737915,,,
144,66349,0.6396911144256592,1.0884957313537598,,,
144,66399,0.5905656814575195,1.30747389793396,,,
144,66449,0.7691750526428223,1.274767518043518,,,
144,66499,0.622560441493988,1.3246140480041504,,,
144,66549,0.593599259853363,1.468506097793579,,,
144,66599,0.691081166267395,0.9390807151794434,,,
144,66649,0.5814610719680786,1.3878052234649658,,,
144,66699,0.6556596755981445,1.7132232189178467,,,
144,66699,,,0.5671469348919397,1.269905924797058,0.6511926651000977
145,66749,0.9541510343551636,0.936230480670929,,,
145,66799,0.7855238914489746,1.0269606113433838,,,
145,66849,0.9947484135627747,0.8420413732528687,,,
145,66899,0.7299929261207581,1.2865946292877197,,,
145,66949,0.7723437547683716,0.9550344944000244,,,
145,66999,0.6425898671150208,1.437305212020874,,,
145,67049,0.5664584040641785,1.4518324136734009,,,
145,67099,1.0226514339447021,1.1306989192962646,,,
145,67149,0.5907454490661621,1.0008642673492432,,,
145,67159,,,0.4548049476688868,1.4612096548080444,0.5420646667480469
146,67199,0.65283203125,1.419997215270996,,,
146,67249,0.6542909741401672,1.862504243850708,,,
146,67299,0.6318837404251099,0.7750741243362427,,,
146,67349,0.46426981687545776,0.922981858253479,,,
146,67399,0.5516557097434998,1.3341684341430664,,,
146,67449,0.5614699721336365,1.4248932600021362,,,
146,67499,0.7893105745315552,1.6398135423660278,,,
146,67549,1.339029312133789,0.7119173407554626,,,
146,67599,0.8728755116462708,1.541290283203125,,,
146,67619,,,0.6465950795161071,1.2558170557022095,0.7037727236747742
147,67649,1.0129836797714233,0.8906582593917847,,,
147,67699,0.8944281935691833,0.9961445331573486,,,
147,67749,0.6394356489181519,1.4955041408538818,,,
147,67799,0.8344886898994446,0.589582085609436,,,
147,67849,0.4975667893886566,0.9437757134437561,,,
147,67899,0.5071515440940857,1.6671046018600464,,,
147,67949,1.3719496726989746,0.6073486804962158,,,
147,67999,0.6825655102729797,0.8297654390335083,,,
147,68049,0.6966074705123901,1.3947243690490723,,,
147,68079,,,0.6250509718635313,1.3162623643875122,0.8072813749313354
148,68099,0.9146974086761475,1.0199592113494873,,,
148,68149,0.6744434237480164,1.6286970376968384,,,
148,68199,0.8689383864402771,1.2440745830535889,,,
148,68249,1.2733228206634521,1.0795527696609497,,,
148,68299,0.953454852104187,0.7108779549598694,,,
148,68349,1.1200625896453857,1.1525380611419678,,,
148,68399,0.5529016852378845,1.3380544185638428,,,
148,68449,0.7729318141937256,1.4132890701293945,,,
148,68499,0.8898060917854309,0.9112527370452881,,,
148,68539,,,0.6473426668479,1.223361849784851,0.6632041335105896
149,68549,0.4709003269672394,2.180605888366699,,,
149,68599,0.6275964379310608,1.2643885612487793,,,
149,68649,0.9569824934005737,0.9208784699440002,,,
149,68699,0.6758401393890381,1.4642637968063354,,,
149,68749,0.8821107149124146,0.976422905921936,,,
149,68799,0.9111112356185913,0.6855870485305786,,,
149,68849,0.7865216135978699,1.1600680351257324,,,
149,68899,0.9297170639038086,1.1128871440887451,,,
149,68949,0.8124189376831055,0.941369891166687,,,
149,68999,0.6523752212524414,1.3439815044403076,,,
149,68999,,,0.6281092836754112,1.3459408283233643,0.7913955450057983
150,69049,0.5651084780693054,1.4615459442138672,,,
150,69099,0.8409952521324158,1.1669467687606812,,,
150,69149,0.7900606393814087,1.0955162048339844,,,
150,69199,0.9428479075431824,1.0083656311035156,,,
150,69249,0.48234689235687256,1.371484398841858,,,
150,69299,0.6558196544647217,1.2991758584976196,,,
150,69349,0.7317756414413452,1.090960144996643,,,
150,69399,0.7527731657028198,1.5800421237945557,,,
150,69449,0.7141276597976685,1.012239694595337,,,
150,69459,,,0.554098137827919,1.3205866813659668,0.647760808467865
151,69499,0.6350235939025879,0.9250076413154602,,,
151,69549,0.5025026798248291,1.402193307876587,,,
151,69599,0.7103124856948853,1.1100249290466309,,,
151,69649,1.090995192527771,1.4066696166992188,,,
151,69699,0.6352448463439941,1.139835238456726,,,
151,69749,0.976582944393158,0.726329505443573,,,
151,69799,0.7447057962417603,1.2083827257156372,,,
151,69849,0.6790294647216797,1.1058999300003052,,,
151,69899,0.8089475035667419,1.5951625108718872,,,
151,69919,,,0.47199945630012236,1.373936653137207,0.6266573071479797
152,69949,0.6651730537414551,0.8625848293304443,,,
152,69999,0.6957396268844604,1.6672868728637695,,,
152,70049,0.8248701691627502,1.236756443977356,,,
152,70099,1.0990959405899048,1.4749630689620972,,,
152,70149,0.624199628829956,1.7411469221115112,,,
152,70199,1.1282470226287842,1.0862009525299072,,,
152,70249,0.7855504155158997,1.0587105751037598,,,
152,70299,0.5833842754364014,1.2676525115966797,,,
152,70349,0.635562002658844,1.354576587677002,,,
152,70379,,,0.5611662362375969,1.3296682834625244,0.6124833822250366
153,70399,0.9819934964179993,0.9937127828598022,,,
153,70449,0.6615105271339417,1.0268046855926514,,,
153,70499,0.7471806406974792,0.940018355846405,,,
153,70549,0.9011245965957642,1.3049625158309937,,,
153,70599,0.5058205127716064,1.361964225769043,,,
153,70649,0.987312912940979,1.9894508123397827,,,
153,70699,0.6097985506057739,2.613417625427246,,,
153,70749,0.6430431604385376,1.2945888042449951,,,
153,70799,0.5302572250366211,0.9929192662239075,,,
153,70839,,,0.5876716052738888,1.5613987445831299,0.6618057489395142
154,70849,0.5756769180297852,1.6528873443603516,,,
154,70899,0.6008983850479126,1.844430685043335,,,
154,70949,0.5756769776344299,1.1795862913131714,,,
154,70999,0.8034995794296265,1.0910159349441528,,,
154,71049,1.0122848749160767,1.9027913808822632,,,
154,71099,0.7003391981124878,1.0421483516693115,,,
154,71149,0.6175664663314819,1.471724271774292,,,
154,71199,1.0898101329803467,1.2776963710784912,,,
154,71249,1.0468878746032715,0.8925882577896118,,,
154,71299,0.7301758527755737,1.5220756530761719,,,
154,71299,,,0.5341851298083458,1.3561553955078125,0.5517820119857788
155,71349,0.9534076452255249,1.2195038795471191,,,
155,71399,0.6381999254226685,1.2736613750457764,,,
155,71449,0.4614514410495758,0.8403230905532837,,,
155,71499,0.7613092064857483,0.9882657527923584,,,
155,71549,0.8925313949584961,0.995043158531189,,,
155,71599,0.7553343772888184,1.4016369581222534,,,
155,71649,0.8155645728111267,1.498625636100769,,,
155,71699,0.41837286949157715,1.4383900165557861,,,
155,71749,0.9822404980659485,0.887679934501648,,,
155,71759,,,0.743373657740927,1.1515699625015259,0.8731194138526917
156,71799,0.9577025771141052,1.1992888450622559,,,
156,71849,0.7431507706642151,1.095869779586792,,,
156,71899,0.8727892637252808,0.9708325862884521,,,
156,71949,0.7411251068115234,1.0794330835342407,,,
156,71999,0.8753945827484131,1.3425158262252808,,,
156,72049,0.7469848394393921,0.7921760082244873,,,
156,72099,1.7834784984588623,0.8774106502532959,,,
156,72149,0.9852148294448853,0.6692833304405212,,,
156,72199,0.9059441089630127,1.283621907234192,,,
156,72219,,,0.5606904988446377,1.2993382215499878,0.56172114610672
157,72249,0.8424700498580933,1.1568613052368164,,,
157,72299,0.7325482964515686,0.8502740263938904,,,
157,72349,0.8623384833335876,1.041956901550293,,,
157,72399,0.6443955898284912,0.8959405422210693,,,
157,72449,0.8884899616241455,0.9274260997772217,,,
157,72499,0.7251451015472412,1.7104449272155762,,,
157,72549,0.8023382425308228,0.9398967027664185,,,
157,72599,0.7782663106918335,1.0849058628082275,,,
157,72649,0.6473163962364197,2.522974967956543,,,
157,72679,,,0.512165284762811,1.3368884325027466,0.5812703967094421
158,72699,0.8626585602760315,1.3518922328948975,,,
158,72749,0.9046573638916016,1.0148119926452637,,,
158,72799,0.9808059334754944,1.58860445022583,,,
158,72849,0.8281097412109375,1.9186041355133057,,,
158,72899,0.7427337169647217,1.6445493698120117,,,
158,72949,1.1004762649536133,1.394289493560791,,,
158,72999,0.8896311521530151,1.0362728834152222,,,
158,73049,0.7046234607696533,1.152307391166687,,,
158,73099,0.610957145690918,1.3015632629394531,,,
158,73139,,,0.6975669430474378,1.2140649557113647,0.7162668704986572
159,73149,0.7151268720626831,0.9289779663085938,,,
159,73199,0.4891159236431122,1.1213775873184204,,,
159,73249,0.7649441361427307,0.8748205304145813,,,
159,73299,0.8262441158294678,1.3726351261138916,,,
159,73349,0.5127044916152954,1.5167734622955322,,,
159,73399,0.3828994631767273,1.3794001340866089,,,
159,73449,0.5680564641952515,1.3598978519439697,,,
159,73499,0.35618093609809875,1.4216020107269287,,,
159,73549,1.0171375274658203,1.305443286895752,,,
159,73599,0.7282055616378784,1.653230905532837,,,
159,73599,,,0.6166236237596846,1.2525691986083984,0.6802472472190857
160,73649,0.6876267194747925,1.922563076019287,,,
160,73699,0.6430439949035645,1.224879503250122,,,
160,73749,0.8229910135269165,1.5251905918121338,,,
160,73799,0.4191000759601593,1.9041576385498047,,,
160,73849,0.4951641261577606,1.2333495616912842,,,
160,73899,0.687135636806488,2.2184813022613525,,,
160,73949,0.28241127729415894,2.594423294067383,,,
160,73999,0.7219129800796509,0.9655486941337585,,,
160,74049,0.5860241651535034,1.0808897018432617,,,
160,74059,,,0.5886910425445154,1.253974199295044,0.6454464197158813
161,74099,0.9383542537689209,1.1717679500579834,,,
161,74149,0.7387337684631348,1.6705656051635742,,,
161,74199,0.6903820037841797,1.2641222476959229,,,
161,74249,0.9451344609260559,0.9532405138015747,,,
161,74299,0.49512946605682373,1.2530648708343506,,,
161,74349,0.7651472091674805,1.2099435329437256,,,
161,74399,0.5329804420471191,0.9212555885314941,,,
161,74449,0.6864755153656006,1.449600338935852,,,
161,74499,0.8318601846694946,1.3557302951812744,,,
161,74519,,,0.5285442435775451,1.3473809957504272,0.5489931106567383
162,74549,0.8869220614433289,1.484726071357727,,,
162,74599,0.8628462553024292,1.3243441581726074,,,
162,74649,0.5914995670318604,1.6844189167022705,,,
162,74699,0.7745528817176819,1.4034571647644043,,,
162,74749,0.6998878121376038,1.3848719596862793,,,
162,74799,0.504237711429596,1.4322617053985596,,,
162,74849,0.5545912981033325,1.019188404083252,,,
162,74899,1.0066479444503784,0.7779289484024048,,,
162,74949,0.9496221542358398,1.0803899765014648,,,
162,74979,,,0.5831860812831318,1.2915161848068237,0.7221850156784058
163,74999,0.7862182259559631,1.256572961807251,,,
163,75049,0.5824554562568665,1.6863747835159302,,,
163,75099,0.5640684962272644,1.2471882104873657,,,
163,75149,0.34675395488739014,1.7513427734375,,,
163,75199,0.8445836305618286,1.2596497535705566,,,
163,75249,0.5031166672706604,1.4889795780181885,,,
163,75299,0.43430134654045105,1.2879881858825684,,,
163,75349,0.5556118488311768,1.2089128494262695,,,
163,75399,0.8399277925491333,1.0505521297454834,,,
163,75439,,,0.4940193013456572,1.3945982456207275,0.49232956767082214
164,75449,0.9107324481010437,0.8932262659072876,,,
164,75499,1.1552138328552246,1.14462411403656,,,
164,75549,0.6129244565963745,1.3335328102111816,,,
164,75599,0.6914074420928955,1.1923174858093262,,,
164,75649,0.7202862501144409,1.5503129959106445,,,
164,75699,0.5719277262687683,1.6128714084625244,,,
164,75749,0.5536611080169678,1.4795488119125366,,,
164,75799,0.584755539894104,1.4919815063476562,,,
164,75849,0.7489897012710571,1.0666911602020264,,,
164,75899,0.511833667755127,1.4388471841812134,,,
164,75899,,,0.6361288568710072,1.2148857116699219,0.663568913936615
165,75949,0.640198826789856,1.2366914749145508,,,
165,75999,0.5734289884567261,1.145646333694458,,,
165,76049,0.491133451461792,1.7043498754501343,,,
165,76099,0.5907151699066162,2.7940609455108643,,,
165,76149,0.71635901927948,0.8115476369857788,,,
165,76199,0.5803306102752686,1.3913662433624268,,,
165,76249,0.7473193407058716,1.1256760358810425,,,
165,76299,0.3658383786678314,1.2584164142608643,,,
165,76349,0.7465815544128418,2.1557586193084717,,,
165,76359,,,0.6471387793937746,1.2906529903411865,0.7558180093765259
166,76399,0.5013812780380249,1.8972446918487549,,,
166,76449,0.7822784781455994,1.5687780380249023,,,
166,76499,0.5971598625183105,1.4293607473373413,,,
166,76549,0.9224683046340942,1.347325086593628,,,
166,76599,0.7013758420944214,1.3936049938201904,,,
166,76649,0.5790921449661255,0.9886140823364258,,,
166,76699,0.5844264626502991,0.9780147075653076,,,
166,76749,0.736200749874115,1.08847177028656,,,
166,76799,0.6862403750419617,1.2009053230285645,,,
166,76819,,,0.6028952018485796,1.287278652191162,0.7487621903419495
167,76849,0.6074833869934082,1.6645056009292603,,,
167,76899,0.6928353905677795,0.921296238899231,,,
167,76949,0.9011987447738647,1.3649113178253174,,,
167,76999,0.751693606376648,1.2775976657867432,,,
167,77049,0.5397387742996216,1.4066251516342163,,,
167,77099,0.6866805553436279,0.9360809922218323,,,
167,77149,0.7661675214767456,1.0937507152557373,,,
167,77199,0.6691218614578247,1.8128072023391724,,,
167,77249,0.8147149682044983,1.3596370220184326,,,
167,77279,,,0.5163789588147343,1.4313470125198364,0.4951724708080292
168,77299,0.8642086982727051,1.2084569931030273,,,
168,77349,0.8461345434188843,1.4215717315673828,,,
168,77399,0.6923803091049194,1.3958449363708496,,,
168,77449,0.6650732755661011,1.6037768125534058,,,
168,77499,1.2060847282409668,1.467781901359558,,,
168,77549,1.2459255456924438,1.088986873626709,,,
168,77599,1.063685417175293,1.1464701890945435,,,
168,77649,0.9494092464447021,1.2062947750091553,,,
168,77699,0.9062917232513428,0.793573260307312,,,
168,77739,,,0.6181867609079787,1.2836838960647583,0.6506357192993164
169,77749,0.7941304445266724,1.0904042720794678,,,
169,77799,0.7495520114898682,1.3352187871932983,,,
169,77849,0.7016739249229431,1.1719608306884766,,,
169,77899,0.7354815006256104,1.4483450651168823,,,
169,77949,0.7526443600654602,1.178757905960083,,,
169,77999,1.2648926973342896,0.8613194823265076,,,
169,78049,1.0249886512756348,0.9485467672348022,,,
169,78099,0.5908188819885254,1.6457018852233887,,,
169,78149,0.8016625642776489,1.7044751644134521,,,
169,78199,0.4492296874523163,1.6778990030288696,,,
169,78199,,,0.5865842055185537,1.3225427865982056,0.5849164724349976
170,78249,0.6742086410522461,1.393602967262268,,,
170,78299,1.205986738204956,1.312238335609436,,,
170,78349,0.6644219160079956,1.8483128547668457,,,
170,78399,0.8780297040939331,0.9815154075622559,,,
170,78449,0.8114670515060425,1.3777120113372803,,,
170,78499,0.387510746717453,1.470416784286499,,,
170,78549,0.6393914222717285,1.8126417398452759,,,
170,78599,0.6461911201477051,1.3974578380584717,,,
170,78649,0.6891089677810669,0.9441220760345459,,,
170,78659,,,0.6437406551583525,1.2617424726486206,0.8236528635025024
171,78699,0.4017700254917145,1.3122878074645996,,,
171,78749,0.9241749048233032,1.3445219993591309,,,
171,78799,1.0179932117462158,0.8255242705345154,,,
171,78849,0.8011378645896912,1.028226613998413,,,
171,78899,0.7043254375457764,1.1152013540267944,,,
171,78949,0.8723495006561279,1.2951551675796509,,,
171,78999,0.6106715202331543,1.191815972328186,,,
171,79049,0.7677786350250244,2.4356017112731934,,,
171,79099,0.527564287185669,1.2796154022216797,,,
171,79119,,,0.5778850074758733,1.3273777961730957,0.6792016625404358
172,79149,0.54780513048172,1.6040679216384888,,,
172,79199,0.7686383128166199,1.5834428071975708,,,
172,79249,0.850247859954834,1.3230719566345215,,,
172,79299,0.8939991593360901,1.7297834157943726,,,
172,79349,0.5252370834350586,1.2645621299743652,,,
172,79399,0.8184410333633423,1.1212469339370728,,,
172,79449,0.7241238355636597,1.3455426692962646,,,
172,79499,1.2548366785049438,1.419299602508545,,,
172,79549,1.2658965587615967,1.0708889961242676,,,
172,79579,,,0.699130080195732,1.1516427993774414,0.7674439549446106
173,79599,0.4407556354999542,0.980762243270874,,,
173,79649,0.8657875061035156,1.4814708232879639,,,
173,79699,0.8545164465904236,0.9099130630493164,,,
173,79749,0.38903599977493286,1.7894322872161865,,,
173,79799,0.7468498945236206,1.118384599685669,,,
173,79849,0.8677299618721008,1.2931420803070068,,,
173,79899,1.647571086883545,0.5610568523406982,,,
173,79949,1.1040395498275757,1.1562663316726685,,,
173,79999,0.5524875521659851,1.0899150371551514,,,
173,80039,,,0.6022835394862036,1.2942146062850952,0.6135551333427429
174,80049,0.6402636766433716,1.4795904159545898,,,
174,80099,1.3043218851089478,0.8423588871955872,,,
174,80149,0.9237784743309021,1.4536008834838867,,,
174,80199,0.757659912109375,1.0521661043167114,,,
174,80249,0.8839074373245239,1.4264166355133057,,,
174,80299,1.032801866531372,0.8641563653945923,,,
174,80349,1.2337664365768433,1.4765208959579468,,,
174,80399,0.5265021324157715,1.2977746725082397,,,
174,80449,1.1607048511505127,1.31640625,,,
174,80499,0.9433305263519287,0.9636529088020325,,,
174,80499,,,0.5023786869647955,1.4134316444396973,0.54026859998703
175,80549,0.8299760222434998,1.9186677932739258,,,
175,80599,0.6927262544631958,1.2733066082000732,,,
175,80649,0.856535792350769,1.1499422788619995,,,
175,80699,0.7665410041809082,1.544212818145752,,,
175,80749,0.8153039216995239,0.9014539122581482,,,
175,80799,0.7224460244178772,1.0789620876312256,,,
175,80849,0.3466261625289917,1.2695075273513794,,,
175,80899,0.48383384943008423,1.2789769172668457,,,
175,80949,0.5109138488769531,1.1766992807388306,,,
175,80959,,,0.48810656517602286,1.4062601327896118,0.46657902002334595
176,80999,0.5289931893348694,1.2925249338150024,,,
176,81049,0.7016206979751587,1.3772697448730469,,,
176,81099,0.5681995749473572,1.3940778970718384,,,
176,81149,1.2513436079025269,1.3489617109298706,,,
176,81199,0.5929425954818726,1.484700322151184,,,
176,81249,0.9117302894592285,1.0840277671813965,,,
176,81299,0.750260591506958,1.253216028213501,,,
176,81349,0.663231611251831,1.1020692586898804,,,
176,81399,0.897924542427063,1.6129735708236694,,,
176,81419,,,0.5791083322006253,1.2795296907424927,0.7050745487213135
177,81449,0.5248938798904419,1.5532557964324951,,,
177,81499,0.791942298412323,1.5939440727233887,,,
177,81549,0.6891013979911804,1.9965182542800903,,,
177,81599,1.2857370376586914,0.9681914448738098,,,
177,81649,0.4870169460773468,1.273740530014038,,,
177,81699,0.6182385683059692,1.2872309684753418,,,
177,81749,0.4431629776954651,1.57928466796875,,,
177,81799,0.6514755487442017,0.8821213245391846,,,
177,81849,0.6151490807533264,1.010960340499878,,,
177,81879,,,0.5194372706266142,1.3248776197433472,0.5252349376678467
178,81899,0.5348538756370544,1.814336895942688,,,
178,81949,1.1635048389434814,1.0907261371612549,,,
178,81999,0.6482958793640137,1.3419311046600342,,,
178,82049,1.0739119052886963,1.3973515033721924,,,
178,82099,0.9393010139465332,1.5803275108337402,,,
178,82149,0.8547080159187317,1.1031684875488281,,,
178,82199,0.5640159845352173,1.1275851726531982,,,
178,82249,0.6351590156555176,1.2595752477645874,,,
178,82299,1.1205594539642334,1.2431367635726929,,,
178,82339,,,0.6634497757238005,1.2496337890625,0.8275659084320068
179,82349,0.9363039135932922,1.3011207580566406,,,
179,82399,0.867191731929779,1.6730930805206299,,,
179,82449,0.7461467385292053,1.5507371425628662,,,
179,82499,0.7350002527236938,2.0822274684906006,,,
179,82549,0.8008131384849548,1.2320170402526855,,,
179,82599,0.6791085004806519,1.0862878561019897,,,
179,82649,0.7339872121810913,1.2331247329711914,,,
179,82699,0.46106141805648804,1.0046634674072266,,,
179,82749,1.021169662475586,1.1238794326782227,,,
179,82799,0.7187223434448242,1.248942494392395,,,
179,82799,,,0.526981106429251,1.3257766962051392,0.6603282690048218
180,82849,0.6783586144447327,1.2661058902740479,,,
180,82899,1.0116007328033447,1.06160306930542,,,
180,82949,0.9366119503974915,1.0143529176712036,,,
180,82999,0.5891004204750061,1.2299528121948242,,,
180,83049,0.8739550113677979,0.9441227316856384,,,
180,83099,1.0027039051055908,1.3136096000671387,,,
180,83149,0.8332548141479492,1.8505032062530518,,,
180,83199,0.8549931049346924,1.0733208656311035,,,
180,83249,0.8761016130447388,1.0875095129013062,,,
180,83259,,,0.6026233519097458,1.3006389141082764,0.8166245222091675
181,83299,0.5924368500709534,1.309132695198059,,,
181,83349,0.9834073781967163,1.6321542263031006,,,
181,83399,0.9036096334457397,1.5116691589355469,,,
181,83449,0.9493877291679382,0.9367039203643799,,,
181,83499,0.622529923915863,2.05397629737854,,,
181,83549,0.8797928094863892,1.3759791851043701,,,
181,83599,0.6538982391357422,1.971906304359436,,,
181,83649,0.8264679908752441,1.3467005491256714,,,
181,83699,0.48723816871643066,2.047532558441162,,,
181,83719,,,0.806103031126818,0.9845844507217407,1.0474345684051514
182,83749,0.7093981504440308,1.6993939876556396,,,
182,83799,1.1307942867279053,0.6085010766983032,,,
182,83849,1.236487627029419,1.7363677024841309,,,
182,83899,0.5787272453308105,0.6872676610946655,,,
182,83949,0.9236794710159302,1.8910961151123047,,,
182,83999,0.3935432732105255,1.0858731269836426,,,
182,84049,1.0130345821380615,1.1427109241485596,,,
182,84099,1.0060620307922363,1.8009428977966309,,,
182,84149,0.3705548644065857,0.9603158831596375,,,
182,84179,,,0.5748266956639935,1.2301708459854126,0.7633157968521118
183,84199,0.9867815375328064,1.7349302768707275,,,
183,84249,0.7118770480155945,1.1530277729034424,,,
183,84299,0.4745776355266571,1.5609378814697266,,,
183,84349,0.7032486200332642,1.5957050323486328,,,
183,84399,0.3842667043209076,0.8744555711746216,,,
183,84449,0.695075511932373,1.0360983610153198,,,
183,84499,0.7863501310348511,1.3367211818695068,,,
183,84549,0.8578330278396606,1.5046546459197998,,,
183,84599,0.4878576993942261,1.2511367797851562,,,
183,84639,,,0.5133886094875628,1.379535436630249,0.5949254631996155
184,84649,1.0495857000350952,1.314792513847351,,,
184,84699,0.5734222531318665,1.9891746044158936,,,
184,84749,0.6024461984634399,1.4191749095916748,,,
184,84799,0.34891659021377563,1.995145559310913,,,
184,84849,0.9647917151451111,1.3927545547485352,,,
184,84899,0.613943338394165,1.6094849109649658,,,
184,84949,0.9226169586181641,0.9350266456604004,,,
184,84999,0.6539201736450195,1.8564680814743042,,,
184,85049,0.7050948143005371,1.7107809782028198,,,
184,85099,1.0624815225601196,0.825030505657196,,,
184,85099,,,0.49904852521408183,1.3871989250183105,0.46899786591529846
185,85149,0.8927358388900757,0.8173781633377075,,,
185,85199,0.6328619718551636,1.4801030158996582,,,
185,85249,0.5869026780128479,1.1319867372512817,,,
185,85299,0.7837087512016296,1.1634011268615723,,,
185,85349,0.7975882887840271,0.9713150262832642,,,
185,85399,0.5189000964164734,1.4344048500061035,,,
185,85449,0.829440712928772,0.9704555869102478,,,
185,85499,1.0791243314743042,1.107880711555481,,,
185,85549,0.6301227807998657,1.1828985214233398,,,
185,85559,,,0.5059806986543428,1.396695613861084,0.5806548595428467
186,85599,0.5919138193130493,1.4176931381225586,,,
186,85649,0.6599722504615784,1.3205959796905518,,,
186,85699,0.6963313817977905,1.5072365999221802,,,
186,85749,0.7885466814041138,1.159027099609375,,,
186,85799,0.6095419526100159,0.965622067451477,,,
186,85849,0.46767911314964294,1.2878578901290894,,,
186,85899,0.42433568835258484,1.5211702585220337,,,
186,85949,0.5273296236991882,0.8933721780776978,,,
186,85999,0.6431142091751099,1.5554654598236084,,,
186,86019,,,0.6963436183226859,1.2128472328186035,0.8618012070655823
187,86049,0.6327533721923828,1.2303539514541626,,,
187,86099,0.6920291185379028,1.272862434387207,,,
187,86149,0.6567173004150391,1.2723424434661865,,,
187,86199,0.8113532066345215,1.3987669944763184,,,
187,86249,1.0685553550720215,1.7359073162078857,,,
187,86299,0.6865928173065186,1.131729006767273,,,
187,86349,0.7101725339889526,0.8048653602600098,,,
187,86399,0.3427063524723053,0.9846386909484863,,,
187,86449,0.4712402820587158,1.0394197702407837,,,
187,86479,,,0.506932173440261,1.3803211450576782,0.46569952368736267
188,86499,0.4201465845108032,1.0487034320831299,,,
188,86549,0.5904678106307983,1.2577095031738281,,,
188,86599,0.44984570145606995,1.355722427368164,,,
188,86649,0.6889439821243286,1.031985878944397,,,
188,86699,0.5976665019989014,1.3125109672546387,,,
188,86749,0.5507691502571106,0.8524129390716553,,,
188,86799,0.6959118843078613,1.1040380001068115,,,
188,86849,0.8605504035949707,1.146759033203125,,,
188,86899,0.7326899766921997,0.9584159255027771,,,
188,86939,,,0.6277015087671606,1.3056601285934448,0.6410114765167236
189,86949,0.6471074819564819,1.137762188911438,,,
189,86999,0.932496190071106,0.6627082824707031,,,
189,87049,0.5979534387588501,1.5414392948150635,,,
189,87099,0.4510689973831177,1.1633858680725098,,,
189,87149,0.7729408740997314,1.0910652875900269,,,
189,87199,0.3555464446544647,1.3968284130096436,,,
189,87249,1.1062052249908447,1.3948708772659302,,,
189,87299,0.8387288451194763,1.4597077369689941,,,
189,87349,0.6968729496002197,2.2782671451568604,,,
189,87399,1.1550946235656738,1.0479912757873535,,,
189,87399,,,0.5436319151828191,1.1261521577835083,0.640592634677887
190,87449,1.025815725326538,1.1536214351654053,,,
190,87499,0.9127184152603149,1.736978530883789,,,
190,87549,0.8893590569496155,0.7052099704742432,,,
190,87599,0.8233425617218018,1.3161635398864746,,,
190,87649,0.662635326385498,1.1575522422790527,,,
190,87699,0.5945712327957153,1.5743563175201416,,,
190,87749,0.49699223041534424,1.1343952417373657,,,
190,87799,0.5008719563484192,1.2532389163970947,,,
190,87849,0.7650564908981323,1.4554548263549805,,,
190,87859,,,0.44644556204974856,1.5801222324371338,0.5061524510383606
191,87899,0.837899386882782,1.303825855255127,,,
191,87949,0.9166616201400757,1.4481170177459717,,,
191,87999,0.7289570569992065,1.1016770601272583,,,
191,88049,0.7095835208892822,2.1046881675720215,,,
191,88099,0.7998590469360352,1.6293292045593262,,,
191,88149,0.4210851788520813,1.7686848640441895,,,
191,88199,0.7182151079177856,1.1756037473678589,,,
191,88249,0.48344218730926514,1.2080020904541016,,,
191,88299,0.9312009811401367,0.9656487107276917,,,
191,88319,,,0.5914095419328531,1.2546356916427612,0.7358951568603516
192,88349,0.9768439531326294,0.9542443156242371,,,
192,88399,0.7008134126663208,1.3330507278442383,,,
192,88449,0.6718345284461975,1.7723915576934814,,,
192,88499,0.4615069627761841,1.4423855543136597,,,
192,88549,0.643180251121521,1.1808059215545654,,,
192,88599,0.7522827982902527,1.721787929534912,,,
192,88649,0.6846578121185303,1.1056185960769653,,,
192,88699,0.7544018030166626,1.8198695182800293,,,
192,88749,0.508904218673706,1.589590072631836,,,
192,88779,,,0.6022155770014952,1.281838297843933,0.740355908870697
193,88799,0.8100590705871582,1.0685608386993408,,,
193,88849,0.6472089290618896,1.177314281463623,,,
193,88899,0.7081649303436279,1.8352559804916382,,,
193,88949,1.136246919631958,2.2750959396362305,,,
193,88999,0.582987904548645,0.6683580875396729,,,
193,89049,0.47163665294647217,1.2572301626205444,,,
193,89099,0.881868302822113,0.9843533039093018,,,
193,89149,0.4455181658267975,2.183764934539795,,,
193,89199,0.5675088167190552,1.5294173955917358,,,
193,89239,,,0.4840288160935164,1.3764724731445312,0.4654991626739502
194,89249,0.7734977006912231,0.9619666337966919,,,
194,89299,0.6565505266189575,1.2376818656921387,,,
194,89349,0.7362452745437622,0.938755989074707,,,
194,89399,0.46958786249160767,1.4382474422454834,,,
194,89449,0.8573373556137085,1.1910268068313599,,,
194,89499,0.5736539959907532,1.2660939693450928,,,
194,89549,0.9268398284912109,1.505547285079956,,,
194,89599,0.5522260665893555,1.5043376684188843,,,
194,89649,0.6796095371246338,0.8505518436431885,,,
194,89699,0.5498126745223999,1.2033847570419312,,,
194,89699,,,0.551311675954873,1.36335289478302,0.5274918675422668
195,89749,1.024240493774414,1.8994557857513428,,,
195,89799,0.5859197378158569,0.8777353167533875,,,
195,89849,0.6524471640586853,1.6641504764556885,,,
195,89899,0.6937613487243652,0.96910560131073,,,
195,89949,0.9270355701446533,0.9953286051750183,,,
195,89999,0.5846563577651978,1.5706233978271484,,,
195,90049,0.9731770753860474,0.9270859956741333,,,
195,90099,0.8178934454917908,1.0898823738098145,,,
195,90149,0.7755378484725952,1.443711757659912,,,
195,90159,,,0.5882832676362648,1.2886879444122314,0.6406668424606323
196,90199,0.5969306826591492,1.2576870918273926,,,
196,90249,0.5375667214393616,1.3092281818389893,,,
196,90299,0.7365492582321167,1.2112038135528564,,,
196,90349,0.8304166197776794,1.0883536338806152,,,
196,90399,0.5593354105949402,1.0857068300247192,,,
196,90449,1.1185314655303955,1.0976990461349487,,,
196,90499,0.8616357445716858,1.0437884330749512,,,
196,90549,0.7851669192314148,0.9807932376861572,,,
196,90599,0.6810349225997925,1.535786747932434,,,
196,90619,,,0.5081554981650129,1.3467741012573242,0.5915719866752625
197,90649,0.6981952786445618,1.4669880867004395,,,
197,90699,0.7321451902389526,0.8502904176712036,,,
197,90749,0.3762575387954712,1.2037787437438965,,,
197,90799,0.672609269618988,1.8004975318908691,,,
197,90849,1.1233980655670166,1.7709676027297974,,,
197,90899,0.6995236873626709,1.4794667959213257,,,
197,90949,0.4291023015975952,2.4520199298858643,,,
197,90999,0.6978310942649841,1.065172791481018,,,
197,91049,0.9617169499397278,0.9902493357658386,,,
197,91079,,,0.5153595215441077,1.332594871520996,0.5542945861816406
198,91099,0.7223829627037048,1.0064072608947754,,,
198,91149,0.6641968488693237,1.127625584602356,,,
198,91199,0.6463601589202881,1.3967379331588745,,,
198,91249,0.7914548516273499,1.0305161476135254,,,
198,91299,0.7359586954116821,1.2450945377349854,,,
198,91349,0.7889162302017212,1.2624040842056274,,,
198,91399,0.616557240486145,1.5123040676116943,,,
198,91449,0.7034541964530945,0.939356803894043,,,
198,91499,0.9830824136734009,1.94528067111969,,,
198,91539,,,0.5579719994563002,1.3343570232391357,0.6231037974357605
199,91549,0.6294171810150146,1.3973021507263184,,,
199,91599,0.8592123985290527,1.4002039432525635,,,
199,91649,0.8969114422798157,1.2642474174499512,,,
199,91699,1.1463963985443115,1.008829116821289,,,
199,91749,0.7249410152435303,1.3808543682098389,,,
199,91799,0.7526184320449829,1.1606874465942383,,,
199,91849,0.8383452892303467,2.086178779602051,,,
199,91899,1.0231003761291504,0.9773972034454346,,,
199,91949,0.5187778472900391,1.881098747253418,,,
199,91999,0.4780982732772827,1.4518826007843018,,,
199,91999,,,0.5629332608400163,1.3362131118774414,0.5936927795410156
200,92049,0.7876183986663818,1.3676154613494873,,,
200,92099,1.0440248250961304,2.1681387424468994,,,
200,92149,0.7618370056152344,1.18363618850708,,,
200,92199,0.9211539626121521,1.277099847793579,,,
200,92249,0.4957171082496643,1.5626142024993896,,,
200,92299,0.680600643157959,1.0150928497314453,,,
200,92349,0.8543011546134949,1.0411052703857422,,,
200,92399,0.7041598558425903,0.948040246963501,,,
200,92449,0.6351288557052612,1.0243867635726929,,,
200,92459,,,0.524806306918581,1.3380722999572754,0.5534148216247559
201,92499,0.7124103307723999,1.2300505638122559,,,
201,92549,0.929327666759491,1.2898350954055786,,,
201,92599,0.8475712537765503,1.2119821310043335,,,
201,92649,0.9483422040939331,1.1347233057022095,,,
201,92699,0.8989534974098206,1.4689207077026367,,,
201,92749,0.8135706782341003,1.1829591989517212,,,
201,92799,0.6198337078094482,0.9252162575721741,,,
201,92849,0.6228926181793213,1.3903547525405884,,,
201,92899,0.5800909996032715,1.0731875896453857,,,
201,92919,,,0.48294141633818133,1.4291813373565674,0.48490244150161743
202,92949,0.7360919713973999,0.9944038391113281,,,
202,92999,0.8566741347312927,1.383095383644104,,,
202,93049,0.9761604070663452,1.0422190427780151,,,
202,93099,0.6998577117919922,1.7746987342834473,,,
202,93149,0.7393918633460999,1.2871272563934326,,,
202,93199,0.8331304788589478,1.4259672164916992,,,
202,93249,0.7177349925041199,1.251192569732666,,,
202,93299,1.2250956296920776,1.8053791522979736,,,
202,93349,0.6252380609512329,1.820948600769043,,,
202,93379,,,0.5384667663449776,1.2534534931182861,0.5724889039993286
203,93399,0.4108770489692688,1.5048257112503052,,,
203,93449,0.7135552167892456,1.4436094760894775,,,
203,93499,0.7567883729934692,1.3522533178329468,,,
203,93549,0.5482355356216431,1.5559155941009521,,,
203,93599,0.8016417026519775,0.7223864793777466,,,
203,93649,1.142232060432434,0.8758203387260437,,,
203,93699,1.2804288864135742,1.0812864303588867,,,
203,93749,0.6025320291519165,1.0560072660446167,,,
203,93799,0.41396665573120117,1.3189690113067627,,,
203,93839,,,0.6465950795161071,1.1947219371795654,0.9035612940788269
204,93849,0.7360579967498779,1.1830968856811523,,,
204,93899,0.8683623671531677,1.032759666442871,,,
204,93949,0.6493786573410034,1.6287732124328613,,,
204,93999,0.6955899596214294,0.9721547365188599,,,
204,94049,0.9020779132843018,0.990170419216156,,,
204,94099,0.6459571719169617,1.8021767139434814,,,
204,94149,0.7074127197265625,1.378737449645996,,,
204,94199,1.096916675567627,0.7782082557678223,,,
204,94249,0.7336511015892029,0.9485294818878174,,,
204,94299,0.5801776051521301,1.110184669494629,,,
204,94299,,,0.5135924969416882,1.3925012350082397,0.47901880741119385
205,94349,0.5957884788513184,0.9593193531036377,,,
205,94399,1.5148499011993408,0.8845207691192627,,,
205,94449,0.6869948506355286,1.4151127338409424,,,
205,94499,0.41473284363746643,1.0661879777908325,,,
205,94549,0.6103939414024353,1.4037768840789795,,,
205,94599,1.1910146474838257,1.1516594886779785,,,
205,94649,0.7170198559761047,1.2796518802642822,,,
205,94699,0.5403861999511719,1.3928261995315552,,,
205,94749,0.7574392557144165,1.408860445022583,,,
205,94759,,,0.5200489329889901,1.332354187965393,0.6058875918388367
206,94799,0.677518904209137,0.6630066633224487,,,
206,94849,0.8204954862594604,1.2278716564178467,,,
206,94899,0.9233819842338562,0.9478718042373657,,,
206,94949,0.6482733488082886,1.5128319263458252,,,
206,94999,0.7700415849685669,1.120705485343933,,,
206,95049,0.7275156378746033,0.9297125339508057,,,
206,95099,0.5174167156219482,1.768951654434204,,,
206,95149,0.4839368462562561,1.4120320081710815,,,
206,95199,0.6204986572265625,1.6078479290008545,,,
206,95219,,,0.5072040233790948,1.5675885677337646,0.3351059854030609
207,95249,0.6638205051422119,1.369220495223999,,,
207,95299,0.5008559823036194,1.735897183418274,,,
207,95349,0.6488875150680542,1.5585346221923828,,,
207,95399,0.5472469925880432,1.5158371925354004,,,
207,95449,0.6477683186531067,2.164379596710205,,,
207,95499,1.0362944602966309,0.860905647277832,,,
207,95549,0.8511649966239929,1.1170176267623901,,,
207,95599,0.8922688961029053,1.8713512420654297,,,
207,95649,0.8788666725158691,1.1548445224761963,,,
207,95679,,,0.5943998912600245,1.2169666290283203,0.6808663606643677
208,95699,0.7158112525939941,0.9490125775337219,,,
208,95749,0.7258592844009399,1.5414588451385498,,,
208,95799,0.8922164440155029,1.3960305452346802,,,
208,95849,0.5074436664581299,1.7630877494812012,,,
208,95899,0.8528451919555664,1.5607990026474,,,
208,95949,0.9478811621665955,1.1660120487213135,,,
208,95999,0.716407060623169,1.4709742069244385,,,
208,96049,0.6532768607139587,1.507406234741211,,,
208,96099,0.8915423154830933,1.9765886068344116,,,
208,96139,,,0.5670110099225227,1.3685197830200195,0.5947986841201782
209,96149,0.49470996856689453,1.792987585067749,,,
209,96199,0.7488552331924438,0.9490528106689453,,,
209,96249,0.592575192451477,1.4243581295013428,,,
209,96299,0.5433981418609619,1.4750761985778809,,,
209,96349,0.958035409450531,1.183441400527954,,,
209,96399,1.0238258838653564,1.4359698295593262,,,
209,96449,0.6567490100860596,1.3411405086517334,,,
209,96499,0.4899536371231079,1.394309401512146,,,
209,96549,1.0680038928985596,1.2054522037506104,,,
209,96599,0.5172525644302368,1.5848215818405151,,,
209,96599,,,0.562117711023515,1.3186882734298706,0.5296388864517212
210,96649,0.7616691589355469,1.2324177026748657,,,
210,96699,0.5211790204048157,1.7877670526504517,,,
210,96749,0.693534791469574,1.6631519794464111,,,
210,96799,0.7770484685897827,1.376103162765503,,,
210,96849,0.5914428234100342,1.0779287815093994,,,
210,96899,1.052017092704773,1.865378737449646,,,
210,96949,0.35948580503463745,1.4674047231674194,,,
210,96999,0.8406264781951904,0.9363560676574707,,,
210,97049,0.4757934510707855,0.9365459084510803,,,
210,97059,,,0.5134565719722713,1.3190656900405884,0.5647169947624207
211,97099,0.506978452205658,1.3463408946990967,,,
211,97149,0.5500990152359009,0.794244647026062,,,
211,97199,0.41472041606903076,1.1175532341003418,,,
211,97249,0.7065813541412354,1.2570431232452393,,,
211,97299,0.4558776915073395,0.7712665796279907,,,
211,97349,0.6959578394889832,1.0507488250732422,,,
211,97399,0.5245620012283325,1.3027018308639526,,,
211,97449,0.6083172559738159,1.2570936679840088,,,
211,97499,0.9954371452331543,0.6498205661773682,,,
211,97519,,,0.46574690770694577,1.5546492338180542,0.4755154848098755
212,97549,0.5053119659423828,1.7975943088531494,,,
212,97599,0.4546222686767578,1.7620716094970703,,,
212,97649,0.46972334384918213,1.7379107475280762,,,
212,97699,0.9913130402565002,1.1104673147201538,,,
212,97749,0.8879393339157104,0.8989968299865723,,,
212,97799,0.8934633731842041,1.1817318201065063,,,
212,97849,1.591557502746582,1.261208415031433,,,
212,97899,0.8218523263931274,1.777889609336853,,,
212,97949,0.9369210004806519,1.6782026290893555,,,
212,97979,,,0.6437406551583525,1.2593185901641846,0.7877678275108337
213,97999,0.5665321350097656,1.402983546257019,,,
213,98049,0.7756207585334778,0.750828742980957,,,
213,98099,0.6103885173797607,1.4363389015197754,,,
213,98149,1.1137361526489258,0.9024708271026611,,,
213,98199,0.5124261379241943,1.93606698513031,,,
213,98249,0.7049696445465088,1.2518928050994873,,,
213,98299,1.0910207033157349,0.7686780691146851,,,
213,98349,0.5995411276817322,0.8424431681632996,,,
213,98399,0.5121595859527588,1.321258783340454,,,
213,98439,,,0.6592361016718771,1.2734566926956177,0.7264628410339355
214,98449,0.7391864061355591,1.3852522373199463,,,
214,98499,0.32743844389915466,1.1407548189163208,,,
214,98549,1.2945570945739746,0.8832188844680786,,,
214,98599,0.5417029857635498,1.5565801858901978,,,
214,98649,1.1171963214874268,0.6570460796356201,,,
214,98699,0.768510103225708,1.212087631225586,,,
214,98749,0.8167077302932739,1.5193114280700684,,,
214,98799,1.2863608598709106,1.0939081907272339,,,
214,98849,1.1536452770233154,1.6933430433273315,,,
214,98899,1.053657054901123,1.6477649211883545,,,
214,98899,,,0.7355579719994563,1.229824185371399,0.8239935040473938
215,98949,1.237736701965332,1.2405409812927246,,,
215,98999,0.5190337896347046,1.4454941749572754,,,
215,99049,0.8501566648483276,1.2706773281097412,,,
215,99099,0.5959328413009644,0.8503679633140564,,,
215,99149,0.6738583445549011,1.5449283123016357,,,
215,99199,0.7049294114112854,1.0596153736114502,,,
215,99249,0.5941868424415588,1.1389150619506836,,,
215,99299,0.7710471153259277,1.4856090545654297,,,
215,99349,0.7269505858421326,1.4526448249816895,,,
215,99359,,,0.5675547098001903,1.3326348066329956,0.5816068053245544
216,99399,0.8521741032600403,1.1961889266967773,,,
216,99449,0.7407786846160889,0.9754877090454102,,,
216,99499,0.8534181118011475,0.9198794960975647,,,
216,99549,0.7323042154312134,0.818156898021698,,,
216,99599,1.0095741748809814,0.9251294136047363,,,
216,99649,0.7411876916885376,1.7736167907714844,,,
216,99699,0.6079345941543579,1.3515428304672241,,,
216,99749,0.5842100381851196,1.0861302614212036,,,
216,99799,0.5903201103210449,0.8700895309448242,,,
216,99819,,,0.5532825880114177,1.3228062391281128,0.5134772062301636
217,99849,0.38686060905456543,1.0594327449798584,,,
217,99899,0.6508793830871582,1.9661917686462402,,,
217,99949,0.6158024072647095,1.7730200290679932,,,
217,99999,0.7198054194450378,1.1479558944702148,,,
217,100049,1.2407081127166748,1.0426726341247559,,,
217,100099,0.7041797637939453,1.590344786643982,,,
217,100149,0.7940912246704102,0.8874123096466064,,,
217,100199,0.3744969964027405,1.5287775993347168,,,
217,100249,1.1993496417999268,1.9745365381240845,,,
217,100279,,,0.6633138507543835,1.2584513425827026,0.6473334431648254
218,100299,1.1509058475494385,1.7020471096038818,,,
218,100349,0.6091175079345703,1.7869689464569092,,,
218,100399,0.7234623432159424,0.9605982899665833,,,
218,100449,0.914342999458313,1.121703028678894,,,
218,100499,0.44828924536705017,2.0769848823547363,,,
218,100549,0.6549477577209473,1.656747817993164,,,
218,100599,0.7286434173583984,1.713752269744873,,,
218,100649,0.5815846920013428,1.4490145444869995,,,
218,100699,1.0990629196166992,0.8169269561767578,,,
218,100739,,,0.5687100720402338,1.3093807697296143,0.6023249626159668
219,100749,0.8422702550888062,0.9111026525497437,,,
219,100799,0.6084772348403931,1.066697597503662,,,
219,100849,0.6889716386795044,1.875056505203247,,,
219,100899,0.985693097114563,0.5953758955001831,,,
219,100949,0.631314754486084,0.7742500305175781,,,
219,100999,0.9194276928901672,1.3949339389801025,,,
219,101049,0.7249962091445923,1.4902875423431396,,,
219,101099,0.4862857758998871,1.2613033056259155,,,
219,101149,0.8913266062736511,1.1260979175567627,,,
219,101199,0.4885704815387726,1.1603076457977295,,,
219,101199,,,0.5008155498165013,1.3536452054977417,0.576408326625824
220,101249,0.5612806081771851,1.1859368085861206,,,
220,101299,0.4679166078567505,1.4394075870513916,,,
220,101349,0.419170081615448,1.5539305210113525,,,
220,101399,0.8627482652664185,1.3843449354171753,,,
220,101449,0.6488096714019775,1.5246477127075195,,,
220,101499,0.49728477001190186,1.4849278926849365,,,
220,101549,0.9628137946128845,1.1738357543945312,,,
220,101599,0.6281788945198059,1.1732547283172607,,,
220,101649,0.49071720242500305,1.5891931056976318,,,
220,101659,,,0.5492728014136197,1.3045504093170166,0.6300366520881653
221,101699,0.44852712750434875,1.6653225421905518,,,
221,101749,0.6537675857543945,1.2045224905014038,,,
221,101799,0.8784788846969604,0.7300765514373779,,,
221,101849,0.5739176273345947,0.7423985004425049,,,
221,101899,0.54322350025177,1.4632387161254883,,,
221,101949,0.5729779005050659,1.1734492778778076,,,
221,101999,0.6653079986572266,3.024167537689209,,,
221,102049,0.8878879547119141,1.5155706405639648,,,
221,102099,0.6729971170425415,1.659318208694458,,,
221,102119,,,0.5358162294413483,1.3552584648132324,0.5755468010902405
222,102149,0.722988486289978,1.36344575881958,,,
222,102199,0.5311976075172424,1.2183486223220825,,,
222,102249,0.5893552303314209,1.1273086071014404,,,
222,102299,0.617868959903717,1.4518992900848389,,,
222,102349,0.9163024425506592,1.1314752101898193,,,
222,102399,0.9055842757225037,1.3160200119018555,,,
222,102449,0.6544773578643799,1.4680523872375488,,,
222,102499,0.7165308594703674,1.1381624937057495,,,
222,102549,0.8885340094566345,1.9768882989883423,,,
222,102579,,,0.5538262878890853,1.2904505729675293,0.5596277713775635
223,102599,0.6199278831481934,1.5381910800933838,,,
223,102649,0.7976070046424866,2.439777135848999,,,
223,102699,0.48516130447387695,0.9610743522644043,,,
223,102749,0.8796115517616272,1.2170586585998535,,,
223,102799,0.6065863370895386,1.333860158920288,,,
223,102849,0.7285831570625305,1.2680723667144775,,,
223,102899,0.5992887020111084,1.385094165802002,,,
223,102949,0.8735982775688171,1.622007131576538,,,
223,102999,0.9494929313659668,0.9791489839553833,,,
223,103039,,,0.6052738888133751,1.309124231338501,0.7190320491790771
224,103049,0.9987879991531372,1.6329854726791382,,,
224,103099,0.7633271217346191,1.0380390882492065,,,
224,103149,0.879260778427124,0.9784162044525146,,,
224,103199,0.7638335824012756,1.8192856311798096,,,
224,103249,0.41133958101272583,1.3093854188919067,,,
224,103299,0.5739599466323853,0.9539492130279541,,,
224,103349,0.7058720588684082,1.1827800273895264,,,
224,103399,0.7169913053512573,1.4561352729797363,,,
224,103449,0.5947449207305908,1.231274127960205,,,
224,103499,0.8146591186523438,1.2854119539260864,,,
224,103499,,,0.5174663585700693,1.3050743341445923,0.5637959241867065
225,103549,0.6077463626861572,1.1341800689697266,,,
225,103599,0.899956226348877,1.217996597290039,,,
225,103649,0.7415035367012024,1.4175626039505005,,,
225,103699,0.9802640676498413,1.1492047309875488,,,
225,103749,0.5507378578186035,0.9342589378356934,,,
225,103799,0.540195643901825,1.2409069538116455,,,
225,103849,0.4394334852695465,1.1393368244171143,,,
225,103899,0.5852971076965332,1.189271330833435,,,
225,103949,0.9341572523117065,0.9960547685623169,,,
225,103959,,,0.526505369036292,1.3498499393463135,0.5654220581054688
226,103999,0.7610114812850952,1.2699251174926758,,,
226,104049,0.721222460269928,0.6493024230003357,,,
226,104099,1.0744942426681519,1.2041566371917725,,,
226,104149,0.6166512966156006,1.136756420135498,,,
226,104199,1.2361042499542236,2.1276888847351074,,,
226,104249,0.5195413827896118,0.8626135587692261,,,
226,104299,0.8996011018753052,1.029325008392334,,,
226,104349,0.6040472984313965,1.372632622718811,,,
226,104399,0.7118408679962158,0.8612735271453857,,,
226,104419,,,0.5313307054505912,1.3604669570922852,0.6055651307106018
227,104449,0.6585389375686646,0.7923365831375122,,,
227,104499,0.5306799411773682,1.577505111694336,,,
227,104549,0.5407416820526123,1.882314920425415,,,
227,104599,0.6709596514701843,0.9977887272834778,,,
227,104649,0.7129949331283569,0.8341458439826965,,,
227,104699,0.8927593231201172,0.8083162903785706,,,
227,104749,0.5616434812545776,1.1026873588562012,,,
227,104799,0.8363111019134521,1.0936381816864014,,,
227,104849,0.7181326150894165,1.685030221939087,,,
227,104879,,,0.5558651624303385,1.309249758720398,0.5421472191810608
228,104899,0.4685189723968506,1.5958847999572754,,,
228,104949,0.7453652024269104,1.5488903522491455,,,
228,104999,0.6708841323852539,1.2577087879180908,,,
228,105049,0.7163916230201721,1.3898742198944092,,,
228,105099,0.528714120388031,1.2676491737365723,,,
228,105149,0.38044440746307373,1.383568525314331,,,
228,105199,0.6206165552139282,0.8090783953666687,,,
228,105249,0.5893410444259644,1.2049891948699951,,,
228,105299,0.7506694197654724,1.0757890939712524,,,
228,105339,,,0.5779529699605818,1.2543399333953857,0.6163790225982666
229,105349,0.7153773307800293,1.258420467376709,,,
229,105399,1.0677330493927002,0.9085013270378113,,,
229,105449,0.5819387435913086,0.8535561561584473,,,
229,105499,0.6322243213653564,1.3576115369796753,,,
229,105549,0.5406378507614136,1.414407730102539,,,
229,105599,0.4408722519874573,1.2378714084625244,,,
229,105649,0.7955805063247681,1.3563472032546997,,,
229,105699,1.0946593284606934,0.9590142965316772,,,
229,105749,0.9465060234069824,0.9379661083221436,,,
229,105799,0.5105547308921814,1.4275410175323486,,,
229,105799,,,0.5715644963979883,1.2876911163330078,0.646400511264801
230,105849,0.8497315645217896,1.6227545738220215,,,
230,105899,0.8260241746902466,1.0912327766418457,,,
230,105949,0.7379902005195618,1.2839527130126953,,,
230,105999,0.9371039867401123,0.7145804166793823,,,
230,106049,1.3014756441116333,1.5064692497253418,,,
230,106099,0.7205366492271423,1.4335650205612183,,,
230,106149,0.8805585503578186,1.8043432235717773,,,
230,106199,0.578346312046051,2.699115514755249,,,
230,106249,0.7424350380897522,0.9652214050292969,,,
230,106259,,,0.5443115400299035,1.3319199085235596,0.7721242308616638
231,106299,0.47979819774627686,1.8885141611099243,,,
231,106349,1.04559326171875,0.9233720302581787,,,
231,106399,0.4045591354370117,1.1814196109771729,,,
231,106449,0.5992668867111206,1.5318753719329834,,,
231,106499,0.702776312828064,1.7595213651657104,,,
231,106549,0.6416687965393066,1.6170430183410645,,,
231,106599,1.2757251262664795,1.0768723487854004,,,
231,106649,0.6416657567024231,1.3644964694976807,,,
231,106699,0.9041186571121216,0.9236030578613281,,,
231,106719,,,0.6186624983009379,1.3114755153656006,0.6978643536567688
232,106749,0.7773066759109497,1.4161064624786377,,,
232,106799,0.9958873987197876,1.0147631168365479,,,
232,106849,1.2579960823059082,0.9711242914199829,,,
232,106899,0.839268147945404,1.1581546068191528,,,
232,106949,0.7900287508964539,1.1275650262832642,,,
232,106999,0.6363882422447205,0.8241062164306641,,,
232,107049,0.5462086796760559,1.3240357637405396,,,
232,107099,0.48559799790382385,1.2715054750442505,,,
232,107149,0.8688430786132812,1.3164088726043701,,,
232,107179,,,0.5473698518417833,1.3225882053375244,0.5266093611717224
233,107199,0.45057326555252075,1.2939939498901367,,,
233,107249,0.764358639717102,1.7201449871063232,,,
233,107299,0.42429661750793457,1.918138027191162,,,
233,107349,0.8566781878471375,1.116032361984253,,,
233,107399,0.6144289970397949,1.5591793060302734,,,
233,107449,0.4944824278354645,1.2875666618347168,,,
233,107499,0.4533441662788391,1.802810549736023,,,
233,107549,0.5930707454681396,1.172579050064087,,,
233,107599,0.9231367111206055,1.3228020668029785,,,
233,107639,,,0.51264102215577,1.3408340215682983,0.6898000836372375
234,107649,0.7912531495094299,1.334062099456787,,,
234,107699,1.0422766208648682,1.0082508325576782,,,
234,107749,0.48922550678253174,1.094794750213623,,,
234,107799,0.6274474859237671,1.653887152671814,,,
234,107849,0.7196836471557617,1.0896146297454834,,,
234,107899,0.8814599514007568,1.154765009880066,,,
234,107949,0.8397193551063538,1.764631986618042,,,
234,107999,0.8052314519882202,1.0498194694519043,,,
234,108049,0.6050363779067993,1.8015110492706299,,,
234,108099,0.7407265901565552,0.9798238277435303,,,
234,108099,,,0.5097865977980155,1.3662776947021484,0.56706303358078
235,108149,0.7328559160232544,1.0848965644836426,,,
235,108199,0.48165711760520935,1.1872508525848389,,,
235,108249,0.6218337416648865,1.3665838241577148,,,
235,108299,0.6575500965118408,1.1454095840454102,,,
235,108349,0.6344232559204102,0.916884183883667,,,
235,108399,0.6117513179779053,1.3831161260604858,,,
235,108449,0.6512727737426758,0.9929759502410889,,,
235,108499,0.9314570426940918,1.17616868019104,,,
235,108549,0.3944762945175171,1.2718983888626099,,,
235,108559,,,0.6315074079108333,1.24185311794281,0.6632838249206543
236,108599,0.6493260860443115,1.6746999025344849,,,
236,108649,0.5092618465423584,1.0924444198608398,,,
236,108699,0.4769924283027649,1.1220347881317139,,,
236,108749,0.8005350828170776,0.9259469509124756,,,
236,108799,0.803181529045105,1.2875779867172241,,,
236,108849,0.5460765361785889,1.3476128578186035,,,
236,108899,0.5526670217514038,1.5904242992401123,,,
236,108949,0.7188078761100769,1.0879167318344116,,,
236,108999,0.746806800365448,0.9372775554656982,,,
236,109019,,,0.5067282859861356,1.4150137901306152,0.4952167272567749
237,109049,0.8105412125587463,1.1109869480133057,,,
237,109099,0.6563552618026733,1.1833994388580322,,,
237,109149,0.4414912760257721,1.3073298931121826,,,
237,109199,0.8351407051086426,1.4616256952285767,,,
237,109249,1.1080058813095093,0.9974794387817383,,,
237,109299,0.8428175449371338,1.0129780769348145,,,
237,109349,1.1871469020843506,0.9434012770652771,,,
237,109399,0.5602288246154785,1.5471752882003784,,,
237,109449,0.7633044123649597,1.055821180343628,,,
237,109479,,,0.6049340763898328,1.2939012050628662,0.652884304523468
238,109499,0.8774000406265259,1.0900110006332397,,,
238,109549,0.7503626942634583,2.013331890106201,,,
238,109599,0.3708459138870239,2.1871800422668457,,,
238,109649,0.9921672940254211,0.7517369985580444,,,
238,109699,0.8198584914207458,1.0792206525802612,,,
238,109749,0.7692903280258179,2.0064010620117188,,,
238,109799,0.5908516049385071,1.1175601482391357,,,
238,109849,0.8063960075378418,1.8535091876983643,,,
238,109899,0.7748974561691284,1.5926353931427002,,,
238,109939,,,0.6234878347152372,1.181114673614502,0.66832435131073
239,109949,0.6194844841957092,0.8501139283180237,,,
239,109999,0.7980042695999146,1.3102082014083862,,,
239,110049,0.43247517943382263,0.918014407157898,,,
239,110099,0.6568782329559326,1.298045039176941,,,
239,110149,0.9136855602264404,1.7840065956115723,,,
239,110199,0.7520723342895508,1.8055025339126587,,,
239,110249,0.4338715970516205,1.7222310304641724,,,
239,110299,0.6290404796600342,2.074934959411621,,,
239,110349,0.9530206918716431,1.9137201309204102,,,
239,110399,0.6324428915977478,0.9719541668891907,,,
239,110399,,,0.48314530379230664,1.3455448150634766,0.5060896873474121
240,110449,0.8606202006340027,1.0270618200302124,,,
240,110499,0.7335680723190308,0.8590840101242065,,,
240,110549,1.0165544748306274,0.767189621925354,,,
240,110599,0.8933473825454712,1.4789202213287354,,,
240,110649,0.7179862260818481,1.4438190460205078,,,
240,110699,0.6502505540847778,1.052575707435608,,,
240,110749,1.0217640399932861,0.7947396636009216,,,
240,110799,0.6523292660713196,1.8332099914550781,,,
240,110849,0.5681356191635132,1.243833303451538,,,
240,110859,,,0.6132254995242626,1.2092288732528687,0.6305499076843262
241,110899,1.0689661502838135,1.4823640584945679,,,
241,110949,0.8414305448532104,0.8983341455459595,,,
241,110999,0.7751461863517761,1.4205678701400757,,,
241,111049,1.1904661655426025,1.2454197406768799,,,
241,111099,0.7617913484573364,1.5691518783569336,,,
241,111149,0.9645509719848633,1.1046838760375977,,,
241,111199,0.756903350353241,1.0482853651046753,,,
241,111249,0.7576342225074768,0.8817160725593567,,,
241,111299,0.42055439949035645,1.6635643243789673,,,
241,111319,,,0.5791762946853337,1.335568904876709,0.617070198059082
242,111349,0.6834126710891724,1.3401203155517578,,,
242,111399,1.0471174716949463,0.8215426206588745,,,
242,111449,0.9296857118606567,0.7404101490974426,,,
242,111499,0.5252527594566345,1.8960012197494507,,,
242,111549,0.8935303688049316,1.3889272212982178,,,
242,111599,0.6616733074188232,0.8724117279052734,,,
242,111649,1.183608055114746,0.9051563739776611,,,
242,111699,0.8958538174629211,1.1197702884674072,,,
242,111749,0.5895531177520752,1.2567217350006104,,,
242,111779,,,0.5568166372162566,1.2872776985168457,0.6599822044372559
243,111799,0.7157443761825562,1.756994366645813,,,
243,111849,0.6030963063240051,0.9872108697891235,,,
243,111899,0.5285077095031738,1.9409657716751099,,,
243,111949,0.6283897757530212,1.4047592878341675,,,
243,111999,0.5670384764671326,1.1657216548919678,,,
243,112049,0.589621901512146,1.412771463394165,,,
243,112099,0.8569269180297852,1.8349542617797852,,,
243,112149,0.545557975769043,1.0857423543930054,,,
243,112199,0.39255291223526,1.4004710912704468,,,
243,112239,,,0.525893706673916,1.3892337083816528,0.4621613025665283
244,112249,0.4655454456806183,2.0484061241149902,,,
244,112299,1.1780909299850464,1.3292633295059204,,,
244,112349,0.47992539405822754,1.3122172355651855,,,
244,112399,0.8272253274917603,1.852331280708313,,,
244,112449,0.8485676050186157,1.2464885711669922,,,
244,112499,0.5909126996994019,2.115283250808716,,,
244,112549,0.925624668598175,0.9086661338806152,,,
244,112599,0.9294886589050293,1.4210419654846191,,,
244,112649,0.5300209522247314,1.0479646921157837,,,
244,112699,1.0904312133789062,1.1357485055923462,,,
244,112699,,,0.5318744053282588,1.384048342704773,0.5383674502372742
245,112749,0.6518797874450684,1.4257221221923828,,,
245,112799,0.5882914662361145,1.2299888134002686,,,
245,112849,0.7036817669868469,1.1346631050109863,,,
245,112899,0.5916939973831177,1.7785849571228027,,,
245,112949,0.5879175662994385,1.4527359008789062,,,
245,112999,0.7778638601303101,1.079019546508789,,,
245,113049,0.6056152582168579,0.9323053359985352,,,
245,113099,0.8938559293746948,0.8164612054824829,,,
245,113149,0.6794581413269043,1.6535115242004395,,,
245,113159,,,0.6310996330025825,1.239332914352417,0.7103357911109924
246,113199,0.6089574694633484,1.5072075128555298,,,
246,113249,0.917490541934967,1.5275274515151978,,,
246,113299,0.48868921399116516,1.0309069156646729,,,
246,113349,0.9077491760253906,1.768031358718872,,,
246,113399,0.6195626258850098,1.0008206367492676,,,
246,113449,0.9685137271881104,1.5023109912872314,,,
246,113499,0.6325935125350952,1.1926462650299072,,,
246,113549,0.931363582611084,0.9537460803985596,,,
246,113599,0.746308445930481,0.8017934560775757,,,
246,113619,,,0.6103031126817996,1.2580386400222778,0.7717756628990173
247,113649,0.5315693616867065,1.412879467010498,,,
247,113699,0.5087622404098511,1.1447523832321167,,,
247,113749,0.7327708005905151,1.144303321838379,,,
247,113799,0.5105645656585693,1.3900752067565918,,,
247,113849,0.5285056829452515,1.5235108137130737,,,
247,113899,1.0384184122085571,0.9787402153015137,,,
247,113949,0.7877529859542847,1.024777889251709,,,
247,113999,0.40645626187324524,1.2811903953552246,,,
247,114049,1.219132900238037,0.6429928541183472,,,
247,114079,,,0.5776131575370396,1.2691794633865356,0.6376648545265198
248,114099,0.5089048743247986,1.3085136413574219,,,
248,114149,1.0643728971481323,1.1020019054412842,,,
248,114199,0.6731473207473755,0.7615205645561218,,,
248,114249,0.6533556580543518,1.7326396703720093,,,
248,114299,0.9336175322532654,1.2812402248382568,,,
248,114349,0.8557533025741577,1.176360011100769,,,
248,114399,0.5621488094329834,1.7233604192733765,,,
248,114449,0.665852427482605,0.865398645401001,,,
248,114499,0.7768174409866333,1.5677437782287598,,,
248,114539,,,0.6385755063205111,1.2299050092697144,0.7071458101272583
249,114549,1.0189706087112427,1.6414546966552734,,,
249,114599,0.6126571893692017,1.669388771057129,,,
249,114649,0.8236275911331177,1.5304856300354004,,,
249,114699,1.0047768354415894,0.893307626247406,,,
249,114749,0.6768372654914856,1.219141960144043,,,
249,114799,0.7124003171920776,1.3259459733963013,,,
249,114849,0.5624959468841553,2.2696259021759033,,,
249,114899,0.4898579716682434,1.8859232664108276,,,
249,114949,0.7647243738174438,0.9003479480743408,,,
249,114999,0.9082398414611816,1.253753662109375,,,
249,114999,,,0.5176702460241946,1.3509037494659424,0.5596548914909363
250,115049,0.768602728843689,1.4967131614685059,,,
250,115099,0.6910432577133179,1.1692638397216797,,,
250,115149,0.7959844470024109,0.717241644859314,,,
250,115199,0.7799590229988098,0.8464038372039795,,,
250,115249,0.749236524105072,2.1018166542053223,,,
250,115299,0.5121666193008423,1.4804202318191528,,,
250,115349,0.6013814210891724,1.3267405033111572,,,
250,115399,0.9061397314071655,0.8407363891601562,,,
250,115449,0.5748951435089111,2.3008813858032227,,,
250,115459,,,0.6720810112817724,1.2316601276397705,0.6567004323005676
251,115499,0.7840045094490051,1.8297793865203857,,,
251,115549,1.0114457607269287,0.933234453201294,,,
251,115599,0.744194507598877,1.1777527332305908,,,
251,115649,0.9612167477607727,0.7414711117744446,,,
251,115699,0.5218206644058228,1.6101311445236206,,,
251,115749,0.45508265495300293,1.202932357788086,,,
251,115799,0.8579529523849487,1.276131510734558,,,
251,115849,0.5976643562316895,2.0871787071228027,,,
251,115899,0.6538731455802917,1.1162501573562622,,,
251,115919,,,0.49891260024466494,1.4193040132522583,0.646503746509552
252,115949,0.4474327862262726,1.7553504705429077,,,
252,115999,0.7797415256500244,1.244352102279663,,,
252,116049,0.6065954566001892,1.8039658069610596,,,
252,116099,0.7161689400672913,1.7856148481369019,,,
252,116149,0.7804731130599976,1.9979807138442993,,,
252,116199,0.45902925729751587,1.3542590141296387,,,
252,116249,0.8182112574577332,1.1172267198562622,,,
252,116299,0.8933436870574951,1.0203397274017334,,,
252,116349,1.0538330078125,1.2484290599822998,,,
252,116379,,,0.5521272257713742,1.3499345779418945,0.47061285376548767
253,116399,0.7109342813491821,1.1396234035491943,,,
253,116449,0.5187844038009644,1.3762708902359009,,,
253,116499,0.499496191740036,1.4478319883346558,,,
253,116549,0.3244559168815613,1.7918825149536133,,,
253,116599,0.35854583978652954,2.1937685012817383,,,
253,116649,0.5505709648132324,1.3809975385665894,,,
253,116699,0.3971528708934784,1.5182455778121948,,,
253,116749,0.3691541850566864,3.39449405670166,,,
253,116799,0.9668004512786865,1.0909619331359863,,,
253,116839,,,0.5331656925377192,1.34550940990448,0.5601556897163391
254,116849,0.8278716206550598,1.13704514503479,,,
254,116899,0.6006893515586853,1.7109220027923584,,,
254,116949,0.3390639126300812,1.5664516687393188,,,
254,116999,0.37083137035369873,1.4094445705413818,,,
254,117049,0.8654583692550659,0.9507272243499756,,,
254,117099,0.8046734929084778,0.9251993894577026,,,
254,117149,0.5071202516555786,1.2219043970108032,,,
254,117199,0.6950265169143677,0.9649007320404053,,,
254,117249,0.524085521697998,1.8301187753677368,,,
254,117299,0.9058775901794434,0.9981163144111633,,,
254,117299,,,0.5458067146934892,1.3300964832305908,0.6080746650695801
255,117349,0.7995748519897461,1.1530020236968994,,,
255,117399,0.5942758321762085,1.3457297086715698,,,
255,117449,0.5978184938430786,1.2475675344467163,,,
255,117499,0.6865755319595337,2.101353168487549,,,
255,117549,0.5520101189613342,1.343973994255066,,,
255,117599,0.755719780921936,0.7511692047119141,,,
255,117649,0.6607835292816162,1.524109125137329,,,
255,117699,0.22074782848358154,1.5375202894210815,,,
255,117749,0.9996465444564819,1.3790764808654785,,,
255,117759,,,0.5267772189751257,1.3174853324890137,0.5643266439437866
256,117799,0.4377458095550537,1.1926054954528809,,,
256,117849,0.5521857738494873,1.4904099702835083,,,
256,117899,0.5167573690414429,1.2823470830917358,,,
256,117949,1.0082530975341797,1.1711957454681396,,,
256,117999,0.7896130084991455,0.8750053644180298,,,
256,118049,0.9514419436454773,1.4117136001586914,,,
256,118099,0.33462998270988464,1.5051157474517822,,,
256,118149,1.0737473964691162,1.1210994720458984,,,
256,118199,0.5512200593948364,1.7417120933532715,,,
256,118219,,,0.5635449232023922,1.3119655847549438,0.6002814173698425
257,118249,0.5419068336486816,1.175492763519287,,,
257,118299,0.49207982420921326,1.6068397760391235,,,
257,118349,0.5676014423370361,1.1916825771331787,,,
257,118399,0.7037581205368042,1.8017733097076416,,,
257,118449,0.5546446442604065,1.3400042057037354,,,
257,118499,0.6802802085876465,2.388762950897217,,,
257,118549,0.7446562051773071,1.0640244483947754,,,
257,118599,0.5948536396026611,0.9539014101028442,,,
257,118649,0.6856280565261841,1.2858781814575195,,,
257,118679,,,0.5736033709392415,1.2859562635421753,0.7205106616020203
258,118699,0.6552727222442627,2.091221332550049,,,
258,118749,0.7062863707542419,1.3085352182388306,,,
258,118799,0.3870946168899536,1.2192416191101074,,,
258,118849,0.5745173692703247,1.8451231718063354,,,
258,118899,0.6642776131629944,0.9196346998214722,,,
258,118949,0.5486868619918823,0.9248440265655518,,,
258,118999,0.9942865371704102,1.1105464696884155,,,
258,119049,0.5988962054252625,0.9637545347213745,,,
258,119099,0.9228958487510681,1.062206745147705,,,
258,119139,,,0.5238548321326628,1.3013904094696045,0.5280340313911438
259,119149,0.7083176374435425,1.5804784297943115,,,
259,119199,0.4990300238132477,0.7448391914367676,,,
259,119249,0.6091184020042419,1.7626652717590332,,,
259,119299,0.8728264570236206,1.035658597946167,,,
259,119349,0.6124476194381714,1.3594149351119995,,,
259,119399,0.8864650726318359,1.2186338901519775,,,
259,119449,0.7676050662994385,0.9462422132492065,,,
259,119499,0.42642611265182495,1.5784475803375244,,,
259,119549,0.7348228096961975,1.9135808944702148,,,
259,119599,0.7318599820137024,1.2449215650558472,,,
259,119599,,,0.5129808345793122,1.3768832683563232,0.5027873516082764
260,119649,0.7742233276367188,1.2447881698608398,,,
260,119699,0.8229760527610779,1.4516699314117432,,,
260,119749,0.752586841583252,1.3550211191177368,,,
260,119799,0.7476683855056763,1.0513010025024414,,,
260,119849,0.5715005993843079,1.5277323722839355,,,
260,119899,0.7470109462738037,1.5676950216293335,,,
260,119949,0.638079047203064,1.0111603736877441,,,
260,119999,0.7024243474006653,1.3944027423858643,,,
260,120049,0.6321088671684265,1.5938431024551392,,,
260,120059,,,0.5407774908250645,1.3213273286819458,0.531754732131958
261,120099,0.6067025661468506,1.5816510915756226,,,
261,120149,0.621336042881012,0.9240909814834595,,,
261,120199,0.6312990188598633,1.4584436416625977,,,
261,120249,0.6380014419555664,1.3307886123657227,,,
261,120299,0.8132857084274292,2.050109624862671,,,
261,120349,0.9298554062843323,1.045806646347046,,,
261,120399,0.43807435035705566,1.0994033813476562,,,
261,120449,0.6580684185028076,1.109904408454895,,,
261,120499,0.8383417129516602,1.1758143901824951,,,
261,120519,,,0.5065923610167188,1.3906164169311523,0.48668190836906433
262,120549,0.6066980361938477,1.8309794664382935,,,
262,120599,0.6717131733894348,1.288750171661377,,,
262,120649,0.43231356143951416,1.4276502132415771,,,
262,120699,0.6096738576889038,1.1308751106262207,,,
262,120749,0.5483698844909668,2.099942207336426,,,
262,120799,0.4337528347969055,1.5575705766677856,,,
262,120849,0.7136567831039429,1.6378164291381836,,,
262,120899,0.6251838803291321,1.3153624534606934,,,
262,120949,0.9612323045730591,0.9851579666137695,,,
262,120979,,,0.4840288160935164,1.3913654088974,0.4826093018054962
263,120999,0.64510178565979,2.793949842453003,,,
263,121049,0.42817550897598267,1.9287720918655396,,,
263,121099,0.5004974603652954,1.8322665691375732,,,
263,121149,1.3531253337860107,0.8342223167419434,,,
263,121199,0.3537523150444031,0.9894416332244873,,,
263,121249,0.873023271560669,2.2806904315948486,,,
263,121299,0.7064049243927002,0.7563817501068115,,,
263,121349,0.5937336683273315,1.1370652914047241,,,
263,121399,0.8170109391212463,1.4090235233306885,,,
263,121439,,,0.5496126138371619,1.3228002786636353,0.6029002666473389
264,121449,1.0838509798049927,1.2794471979141235,,,
264,121499,0.7334471344947815,1.609389066696167,,,
264,121549,0.9798713326454163,1.1558701992034912,,,
264,121599,0.805112898349762,0.8394516706466675,,,
264,121649,0.7934149503707886,1.0397493839263916,,,
264,121699,0.5357530117034912,1.803152084350586,,,
264,121749,0.48815956711769104,1.3933148384094238,,,
264,121799,0.6017593145370483,1.1041287183761597,,,
264,121849,0.7248691320419312,0.8917985558509827,,,
264,121899,0.4058064818382263,1.7214668989181519,,,
264,121899,,,0.4808345793122197,1.417343020439148,0.45517420768737793
265,121949,0.820344090461731,1.3423446416854858,,,
265,121999,0.8372991681098938,0.8403577208518982,,,
265,122049,1.1671147346496582,1.129887580871582,,,
265,122099,0.45464590191841125,0.8839085102081299,,,
265,122149,0.4837930202484131,2.172090530395508,,,
265,122199,0.46754980087280273,0.9275382161140442,,,
265,122249,0.6790243983268738,0.9356528520584106,,,
265,122299,0.914598822593689,1.542299747467041,,,
265,122349,0.6009263396263123,1.1873958110809326,,,
265,122359,,,0.6588962892483349,1.2047972679138184,0.8678256273269653
266,122399,0.7819101214408875,1.0640166997909546,,,
266,122449,0.5069584250450134,1.4196137189865112,,,
266,122499,0.8308956623077393,1.462170124053955,,,
266,122549,1.3040746450424194,1.4825248718261719,,,
266,122599,0.5877617001533508,1.0456067323684692,,,
266,122649,0.6393980979919434,1.4247736930847168,,,
266,122699,0.37287086248397827,1.6393464803695679,,,
266,122749,0.7521392703056335,1.831120491027832,,,
266,122799,0.5529037714004517,1.4946807622909546,,,
266,122819,,,0.5625254859317657,1.322324514389038,0.60772305727005
267,122849,0.629808783531189,0.8534712791442871,,,
267,122899,0.4402239918708801,1.6875286102294922,,,
267,122949,0.9156060814857483,1.085033655166626,,,
267,122999,0.48676812648773193,1.7954072952270508,,,
267,123049,0.3300963044166565,1.4561277627944946,,,
267,123099,0.7327649593353271,1.0429019927978516,,,
267,123149,0.6503732204437256,1.190524935722351,,,
267,123199,0.664242148399353,0.9472696781158447,,,
267,123249,0.5051462650299072,1.999326229095459,,,
267,123279,,,0.5847492184314258,1.2819291353225708,0.6201604604721069
268,123299,0.733704686164856,1.3252758979797363,,,
268,123349,0.6962405443191528,1.1037838459014893,,,
268,123399,0.5839147567749023,1.0806570053100586,,,
268,123449,0.8264952301979065,0.7424687147140503,,,
268,123499,0.7879196405410767,0.7500351071357727,,,
268,123549,0.4268348813056946,1.7997992038726807,,,
268,123599,0.8580909371376038,0.8990562558174133,,,
268,123649,0.566819965839386,1.194981575012207,,,
268,123699,0.7802879214286804,2.480752468109131,,,
268,123739,,,0.48294141633818133,1.5034065246582031,0.4363436996936798
269,123749,0.8017653226852417,1.360783576965332,,,
269,123799,0.48137035965919495,1.1842427253723145,,,
269,123849,0.5664474964141846,1.7160483598709106,,,
269,123899,0.74859619140625,1.845413327217102,,,
269,123949,0.41099312901496887,1.0666052103042603,,,
269,123999,0.7283486723899841,1.8402585983276367,,,
269,124049,1.0644493103027344,1.110651969909668,,,
269,124099,1.2400078773498535,1.0488295555114746,,,
269,124149,0.8432196378707886,2.365011215209961,,,
269,124199,0.5294591188430786,2.1940088272094727,,,
269,124199,,,0.6425852929183091,1.27805757522583,1.029135823249817
270,124249,0.5354987382888794,1.5067362785339355,,,
270,124299,0.49970394372940063,1.5827679634094238,,,
270,124349,0.822746753692627,1.4744915962219238,,,
270,124399,0.41519445180892944,1.3663252592086792,,,
270,124449,0.7785352468490601,1.3640873432159424,,,
270,124499,0.5160577297210693,1.68353271484375,,,
270,124549,1.110313892364502,0.661847710609436,,,
270,124599,0.7372473478317261,1.9047894477844238,,,
270,124649,0.3898472189903259,1.5669676065444946,,,
270,124659,,,0.6866929454940872,1.2087684869766235,0.6886093616485596
271,124699,0.5423959493637085,1.0282886028289795,,,
271,124749,0.6948981285095215,1.1741288900375366,,,
271,124799,0.6065519452095032,1.398077368736267,,,
271,124849,0.6020461320877075,1.4336260557174683,,,
271,124899,0.9262834191322327,1.1558696031570435,,,
271,124949,0.8921615481376648,1.6282691955566406,,,
271,124999,0.6901426911354065,1.007023572921753,,,
271,125049,0.7189574241638184,0.972653329372406,,,
271,125099,1.0394268035888672,0.749194860458374,,,
271,125119,,,0.5458067146934892,1.320792317390442,0.6608145833015442
272,125149,0.532187283039093,1.2121163606643677,,,
272,125199,0.3939763307571411,1.2535380125045776,,,
272,125249,0.892562747001648,1.6833468675613403,,,
272,125299,0.6234931945800781,1.1188154220581055,,,
272,125349,0.4826172888278961,1.2038359642028809,,,
272,125399,0.8038651347160339,1.538358211517334,,,
272,125449,0.6221879720687866,1.3763635158538818,,,
272,125499,1.0154309272766113,1.9799317121505737,,,
272,125549,0.5138928890228271,1.2069010734558105,,,
272,125579,,,0.5241266820714965,1.3780056238174438,0.5474914312362671
273,125599,0.6006368398666382,2.18971848487854,,,
273,125649,0.5065591931343079,1.3182357549667358,,,
273,125699,0.5288422107696533,1.369153380393982,,,
273,125749,0.4095633625984192,1.6163477897644043,,,
273,125799,0.6510222554206848,2.090428352355957,,,
273,125849,0.2576829195022583,2.1071810722351074,,,
273,125899,0.5338948369026184,1.7484281063079834,,,
273,125949,0.7260167002677917,0.940200686454773,,,
273,125999,0.8201388120651245,1.638639211654663,,,
273,126039,,,0.662294413483757,1.1907894611358643,0.86299067735672
274,126049,0.5208730697631836,1.9704972505569458,,,
274,126099,0.7748762965202332,0.9000570774078369,,,
274,126149,0.6171529293060303,1.1599900722503662,,,
274,126199,0.6073949337005615,1.544664740562439,,,
274,126249,0.38134506344795227,1.6998395919799805,,,
274,126299,0.7850453853607178,0.945123016834259,,,
274,126349,0.5092955827713013,0.8199962973594666,,,
274,126399,1.053390622138977,2.1982481479644775,,,
274,126449,0.7414575815200806,1.2706276178359985,,,
274,126499,0.446715384721756,1.4551740884780884,,,
274,126499,,,0.48858230256898194,1.4433739185333252,0.48871636390686035
275,126549,0.5512778162956238,1.272353172302246,,,
275,126599,1.0658071041107178,0.8600131273269653,,,
275,126649,0.6162729859352112,1.197404146194458,,,
275,126699,0.5246303081512451,1.861365795135498,,,
275,126749,0.8324365615844727,0.8283528685569763,,,
275,126799,0.4793764650821686,1.6465784311294556,,,
275,126849,0.8834433555603027,1.9460053443908691,,,
275,126899,0.4049481749534607,1.6990365982055664,,,
275,126949,0.5448458790779114,1.7369389533996582,,,
275,126959,,,0.7611118662498301,1.2157167196273804,0.9106905460357666
276,126999,0.6271615028381348,1.5179948806762695,,,
276,127049,0.5955912470817566,1.6807661056518555,,,
276,127099,0.8481339812278748,2.0177955627441406,,,
276,127149,1.1577999591827393,0.8044438362121582,,,
276,127199,0.6145694255828857,1.8605331182479858,,,
276,127249,0.53630530834198,0.9915447235107422,,,
276,127299,0.49436813592910767,1.990492820739746,,,
276,127349,0.8847535848617554,2.29659104347229,,,
276,127399,0.4577609896659851,1.07286536693573,,,
276,127419,,,0.4927280141361968,1.3945074081420898,0.5001760125160217
277,127449,0.7311536073684692,1.1845132112503052,,,
277,127499,0.4634372591972351,1.2657760381698608,,,
277,127549,0.4039492607116699,1.7421488761901855,,,
277,127599,0.5029172301292419,1.9074721336364746,,,
277,127649,0.5221468210220337,1.5598726272583008,,,
277,127699,0.7186169028282166,1.104633092880249,,,
277,127749,0.5863327980041504,1.536785364151001,,,
277,127799,0.8598922491073608,1.715569019317627,,,
277,127849,0.871856153011322,1.0243103504180908,,,
277,127879,,,0.5142721217887726,1.3100981712341309,0.5163243412971497
278,127899,0.6090136766433716,1.9645127058029175,,,
278,127949,0.5715603828430176,1.2683050632476807,,,
278,127999,0.8734526038169861,1.4261672496795654,,,
278,128049,0.5634039044380188,1.44594407081604,,,
278,128099,0.7792733311653137,1.107582926750183,,,
278,128149,0.6730136871337891,2.593508243560791,,,
278,128199,0.8420284986495972,1.5378466844558716,,,
278,128249,0.4123615324497223,1.3764246702194214,,,
278,128299,0.46584951877593994,0.980926513671875,,,
278,128339,,,0.5878075302433057,1.2985243797302246,0.6269068717956543
279,128349,0.6989477872848511,1.2658345699310303,,,
279,128399,0.5826061964035034,1.6585017442703247,,,
279,128449,0.5645551681518555,1.3726413249969482,,,
279,128499,0.4976210594177246,0.9212294816970825,,,
279,128549,0.7293160557746887,1.3144948482513428,,,
279,128599,0.7009233236312866,1.0878424644470215,,,
279,128649,0.44195666909217834,1.6162769794464111,,,
279,128699,1.5713130235671997,0.9594119191169739,,,
279,128749,0.4548274874687195,1.2149372100830078,,,
279,128799,1.2847095727920532,1.436713457107544,,,
279,128799,,,0.638099768927552,1.2707948684692383,0.6744008660316467
280,128849,0.7121658325195312,0.7907207608222961,,,
280,128899,0.9565499424934387,2.0629634857177734,,,
280,128949,0.647736132144928,1.6744534969329834,,,
280,128999,0.5319120287895203,1.4972718954086304,,,
280,129049,1.138831377029419,0.9570299386978149,,,
280,129099,0.9039467573165894,0.9155954718589783,,,
280,129149,0.964106559753418,1.5125545263290405,,,
280,129199,0.48671698570251465,1.4629738330841064,,,
280,129249,0.42178308963775635,1.322582721710205,,,
280,129259,,,0.6195460106021476,1.2320802211761475,0.7084614634513855
281,129299,0.6891254186630249,1.4052770137786865,,,
281,129349,0.6870104670524597,1.9922024011611938,,,
281,129399,0.5463898777961731,1.305487871170044,,,
281,129449,0.4414384663105011,1.2909510135650635,,,
281,129499,0.8890059590339661,1.4821001291275024,,,
281,129549,0.3688545823097229,1.7927954196929932,,,
281,129599,0.8151079416275024,1.8507277965545654,,,
281,129649,0.9691803455352783,1.7196259498596191,,,
281,129699,0.773099422454834,1.2266664505004883,,,
281,129719,,,0.6470708169090662,1.3077234029769897,0.8542560935020447
282,129749,0.39584165811538696,1.1128413677215576,,,
282,129799,0.6443818807601929,1.4609808921813965,,,
282,129849,0.48533138632774353,1.5536603927612305,,,
282,129899,0.9037816524505615,1.1667966842651367,,,
282,129949,0.7065142393112183,1.050504446029663,,,
282,129999,0.9878197312355042,0.743668794631958,,,
282,130049,0.5670095086097717,1.0309116840362549,,,
282,130099,0.6329957246780396,1.0718457698822021,,,
282,130149,0.8226592540740967,0.8481786251068115,,,
282,130179,,,0.6106429251053419,1.3591690063476562,0.53765869140625
283,130199,0.45912688970565796,1.6162503957748413,,,
283,130249,0.8686598539352417,0.7666317224502563,,,
283,130299,0.9617093801498413,1.0207725763320923,,,
283,130349,0.6326106190681458,1.22371244430542,,,
283,130399,0.525052547454834,1.4801286458969116,,,
283,130449,0.7019131183624268,1.5014796257019043,,,
283,130499,0.6902283430099487,1.1753039360046387,,,
283,130549,0.4050638973712921,1.3255748748779297,,,
283,130599,0.6868366003036499,1.178717017173767,,,
283,130639,,,0.5273888813375017,1.3004118204116821,0.6154412627220154
284,130649,0.7938447594642639,1.1896932125091553,,,
284,130699,0.8613704442977905,0.9068325161933899,,,
284,130749,0.42771315574645996,2.1270503997802734,,,
284,130799,0.8844829797744751,1.2120201587677002,,,
284,130849,1.0915627479553223,2.0589029788970947,,,
284,130899,0.7080197930335999,1.6078927516937256,,,
284,130949,0.7680643796920776,1.38336181640625,,,
284,130999,0.6189440488815308,1.454094648361206,,,
284,131049,0.5906558036804199,1.3656513690948486,,,
284,131099,0.5304534435272217,1.1245595216751099,,,
284,131099,,,0.5697974717955688,1.2852156162261963,0.6116479635238647
285,131149,0.6029675006866455,1.0462961196899414,,,
285,131199,0.35685840249061584,1.5972919464111328,,,
285,131249,0.8043079972267151,1.000154733657837,,,
285,131299,0.6231896877288818,1.1575462818145752,,,
285,131349,0.327108234167099,1.3845895528793335,,,
285,131399,0.6976571083068848,0.9853569269180298,,,
285,131449,0.4260019063949585,1.447198748588562,,,
285,131499,0.6120738983154297,1.1629778146743774,,,
285,131549,0.5260723829269409,1.6783976554870605,,,
285,131559,,,0.49592225091749353,1.4931836128234863,0.5368251204490662
286,131599,0.7891910076141357,1.0707049369812012,,,
286,131649,0.7807407379150391,1.5502115488052368,,,
286,131699,0.6775738000869751,1.603170394897461,,,
286,131749,0.887526273727417,1.3211634159088135,,,
286,131799,0.6840953826904297,1.096386194229126,,,
286,131849,0.5899491310119629,1.2666890621185303,,,
286,131899,0.47308892011642456,1.2933714389801025,,,
286,131949,0.7760541439056396,1.6750973463058472,,,
286,131999,0.7399030327796936,1.5042533874511719,,,
286,132019,,,0.5456707897240723,1.3380882740020752,0.5400189757347107
287,132049,0.6836775541305542,0.7713443040847778,,,
287,132099,0.5646238923072815,1.4384523630142212,,,
287,132149,0.7322745323181152,1.8594841957092285,,,
287,132199,0.7661936283111572,0.88454270362854,,,
287,132249,0.5441756248474121,1.1662107706069946,,,
287,132299,0.4223983585834503,1.1278672218322754,,,
287,132349,0.9740985035896301,1.5801093578338623,,,
287,132399,0.8749765753746033,0.9168751835823059,,,
287,132449,1.1781718730926514,1.3864431381225586,,,
287,132479,,,0.6734402609759412,1.2794466018676758,0.876998245716095
288,132499,0.6709882020950317,1.1082508563995361,,,
288,132549,0.7141252160072327,1.2005517482757568,,,
288,132599,0.5387787818908691,1.4819469451904297,,,
288,132649,0.7298686504364014,1.7106964588165283,,,
288,132699,0.4801303744316101,1.139618158340454,,,
288,132749,0.5885118246078491,1.0001742839813232,,,
288,132799,0.5531396865844727,1.2499277591705322,,,
288,132849,0.6082345247268677,1.0174248218536377,,,
288,132899,0.4545139670372009,1.8890076875686646,,,
288,132939,,,0.6628381133614245,1.215825080871582,0.8255670666694641
289,132949,0.5607595443725586,1.3254845142364502,,,
289,132999,1.075697422027588,1.600224494934082,,,
289,133049,0.7617056369781494,1.2150039672851562,,,
289,133099,0.6732195019721985,1.8880069255828857,,,
289,133149,0.6147955656051636,1.128490924835205,,,
289,133199,0.7162153720855713,1.4238643646240234,,,
289,133249,0.6258176565170288,1.219377040863037,,,
289,133299,0.2877083420753479,1.4211257696151733,,,
289,133349,0.8878047466278076,1.617189645767212,,,
289,133399,0.6511999368667603,1.2521353960037231,,,
289,133399,,,0.4589506592361017,1.529977798461914,0.4814094305038452
290,133449,0.6501611471176147,1.1557074785232544,,,
290,133499,0.4307634234428406,1.092195749282837,,,
290,133549,1.1654096841812134,0.8188691139221191,,,
290,133599,0.7231385707855225,1.1408541202545166,,,
290,133649,0.6196370124816895,1.1294007301330566,,,
290,133699,0.3215426206588745,1.8955943584442139,,,
290,133749,0.6999020576477051,1.6203746795654297,,,
290,133799,0.5535682439804077,1.2878471612930298,,,
290,133849,0.4572376608848572,1.7625747919082642,,,
290,133859,,,0.5165148837841511,1.2903138399124146,0.5337260961532593
291,133899,0.7384403944015503,1.0787144899368286,,,
291,133949,0.7855004072189331,1.2015478610992432,,,
291,133999,0.646138072013855,1.7351430654525757,,,
291,134049,1.0582449436187744,1.1897189617156982,,,
291,134099,0.8249607086181641,1.1862623691558838,,,
291,134149,0.9237440824508667,1.102290153503418,,,
291,134199,0.754250168800354,1.456298589706421,,,
291,134249,0.4436867833137512,0.8276737928390503,,,
291,134299,0.7565990686416626,0.9898202419281006,,,
291,134319,,,0.5606904988446377,1.380603551864624,0.5408028364181519
292,134349,0.7119888663291931,1.292551040649414,,,
292,134399,0.6209697723388672,1.362746238708496,,,
292,134449,0.6578962206840515,1.1084895133972168,,,
292,134499,1.0263503789901733,2.106431007385254,,,
292,134549,0.7531861662864685,1.3494313955307007,,,
292,134599,0.6831837892532349,1.5627964735031128,,,
292,134649,0.4928087890148163,0.9840191602706909,,,
292,134699,0.43886905908584595,1.424068570137024,,,
292,134749,0.9052984118461609,2.11885404586792,,,
292,134779,,,0.5303112681799647,1.418664574623108,0.44956234097480774
293,134799,0.5395606160163879,1.2367230653762817,,,
293,134849,0.9131529331207275,1.3450875282287598,,,
293,134899,0.4992084801197052,1.6637465953826904,,,
293,134949,0.5364832878112793,1.216066598892212,,,
293,134999,0.43513917922973633,2.2392756938934326,,,
293,135049,0.5660797357559204,1.4718762636184692,,,
293,135099,0.41612887382507324,2.347628116607666,,,
293,135149,0.5419034957885742,1.0654325485229492,,,
293,135199,0.532039999961853,1.114344596862793,,,
293,135239,,,0.5192333831724888,1.3911715745925903,0.4681840240955353
294,135249,0.4449387788772583,0.9503153562545776,,,
294,135299,0.7943685054779053,0.8153836727142334,,,
294,135349,0.5506308674812317,2.431421995162964,,,
294,135399,0.7454963326454163,0.9144757986068726,,,
294,135449,0.6728126406669617,1.3693938255310059,,,
294,135499,0.7833836674690247,1.4045767784118652,,,
294,135549,0.5507480502128601,1.599336862564087,,,
294,135599,0.5870288610458374,0.723335862159729,,,
294,135649,0.6603173017501831,0.9782838821411133,,,
294,135699,0.4054405689239502,1.357984185218811,,,
294,135699,,,0.4837569661546826,1.3710427284240723,0.581493616104126
295,135749,0.9754972457885742,0.9274100065231323,,,
295,135799,0.696647047996521,1.1986008882522583,,,
295,135849,0.7214047908782959,0.927988588809967,,,
295,135899,0.5683746933937073,1.2364721298217773,,,
295,135949,0.36842161417007446,1.7876722812652588,,,
295,135999,0.42147397994995117,2.013256072998047,,,
295,136049,0.7133761644363403,1.7410948276519775,,,
295,136099,0.6471395492553711,1.1271628141403198,,,
295,136149,0.6907767653465271,1.0697906017303467,,,
295,136159,,,0.5539622128585021,1.3316417932510376,0.685327410697937
296,136199,0.540582537651062,1.279459834098816,,,
296,136249,0.5142472386360168,0.8348538875579834,,,
296,136299,0.43120405077934265,1.3565952777862549,,,
296,136349,0.7021068930625916,1.6481074094772339,,,
296,136399,0.5935841798782349,1.4424861669540405,,,
296,136449,0.7675305604934692,1.738185167312622,,,
296,136499,0.5841106176376343,1.7048580646514893,,,
296,136549,0.44602033495903015,1.10942804813385,,,
296,136599,0.45552676916122437,1.4268524646759033,,,
296,136619,,,0.6677314122604322,1.185381293296814,0.7699205279350281
297,136649,0.5889063477516174,1.2869911193847656,,,
297,136699,1.1297311782836914,1.2549991607666016,,,
297,136749,1.248992919921875,1.3052856922149658,,,
297,136799,0.5452987551689148,1.39901602268219,,,
297,136849,0.9333686828613281,1.36006498336792,,,
297,136899,0.46850961446762085,2.0864109992980957,,,
297,136949,0.5547464489936829,1.7430627346038818,,,
297,136999,0.39606234431266785,1.1670408248901367,,,
297,137049,0.5130512714385986,1.6873748302459717,,,
297,137079,,,0.6061574011145847,1.24058997631073,0.6344365477561951
298,137099,0.6429282426834106,1.2053380012512207,,,
298,137149,0.47512519359588623,1.311737060546875,,,
298,137199,0.5297070741653442,1.4181053638458252,,,
298,137249,0.4932312071323395,0.9106839895248413,,,
298,137299,0.526622474193573,1.7993555068969727,,,
298,137349,0.8823639750480652,1.1989637613296509,,,
298,137399,0.4454509913921356,1.3102434873580933,,,
298,137449,0.47003066539764404,2.248326301574707,,,
298,137499,0.6183022260665894,1.9787447452545166,,,
298,137539,,,0.5986135653119478,1.3153314590454102,0.7640931606292725
299,137549,0.5707717537879944,1.5958452224731445,,,
299,137599,0.5625214576721191,2.1925525665283203,,,
299,137649,0.5338663458824158,1.1536940336227417,,,
299,137699,0.48476219177246094,1.1212425231933594,,,
299,137749,0.8525667786598206,1.5027093887329102,,,
299,137799,0.4698949158191681,1.493114948272705,,,
299,137849,0.6754958629608154,1.2346787452697754,,,
299,137899,0.531947672367096,1.3328540325164795,,,
299,137949,0.7967746257781982,1.000132441520691,,,
299,137999,0.5024335384368896,1.4448894262313843,,,
299,137999,,,0.5019709120565448,1.359709620475769,0.5028024315834045
