epoch,step,train_discriminator_loss,train_generator_loss,validation_discriminator_accuracy,validation_discriminator_loss,validation_generator_loss
0,49,0.6898930072784424,3.2353005409240723,,,
0,99,0.9618821144104004,1.9740537405014038,,,
0,149,0.9075108766555786,1.6999735832214355,,,
0,199,0.7788690328598022,2.344104051589966,,,
0,249,0.7867141962051392,1.6796475648880005,,,
0,299,1.2413501739501953,0.8384232521057129,,,
0,349,1.0690656900405884,1.3168095350265503,,,
0,399,1.1486839056015015,1.063357949256897,,,
0,449,0.8937056064605713,1.1329784393310547,,,
0,459,,,0.47036835666711974,1.452515721321106,0.6549378633499146
1,499,1.2256033420562744,1.0706603527069092,,,
1,549,0.8698707818984985,1.4927592277526855,,,
1,599,0.8713537454605103,1.56050705909729,,,
1,649,0.817152738571167,1.6604712009429932,,,
1,699,0.9202921390533447,1.534703016281128,,,
1,749,0.8726341724395752,1.4142506122589111,,,
1,799,1.0954101085662842,1.0406432151794434,,,
1,849,1.0022132396697998,0.9178824424743652,,,
1,899,0.9961816072463989,1.0417745113372803,,,
1,919,,,0.5906619546010602,1.416290521621704,0.7756031155586243
2,949,1.0938338041305542,0.9457358121871948,,,
2,999,0.9676053524017334,1.2122323513031006,,,
2,1049,0.9390483498573303,1.2860777378082275,,,
2,1099,1.1068369150161743,0.8854050636291504,,,
2,1149,0.9598668217658997,1.4610710144042969,,,
2,1199,1.107151746749878,1.130730390548706,,,
2,1249,1.1285817623138428,1.0936686992645264,,,
2,1299,1.1126899719238281,0.8877110481262207,,,
2,1349,1.163714051246643,0.8987473249435425,,,
2,1379,,,0.33756966154682616,1.6070798635482788,0.63217693567276
3,1399,1.0913218259811401,1.1106524467468262,,,
3,1449,1.4630208015441895,0.747240424156189,,,
3,1499,1.2934397459030151,0.9525892734527588,,,
3,1549,1.1486061811447144,1.0250660181045532,,,
3,1599,1.1734051704406738,1.0854133367538452,,,
3,1649,1.1888991594314575,0.9569339752197266,,,
3,1699,1.399896502494812,0.860044002532959,,,
3,1749,1.3145197629928589,0.8193768262863159,,,
3,1799,1.2062965631484985,0.8754265308380127,,,
3,1839,,,0.5803316569253771,1.339208722114563,0.8061447739601135
4,1849,0.9797071218490601,1.1119446754455566,,,
4,1899,1.09921395778656,0.8940730094909668,,,
4,1949,1.0432522296905518,1.1634175777435303,,,
4,1999,1.1064345836639404,0.9014120101928711,,,
4,2049,1.1473677158355713,0.9922136664390564,,,
4,2099,1.271738052368164,0.8711854219436646,,,
4,2149,1.3682374954223633,0.7865810990333557,,,
4,2199,1.1784043312072754,0.9985380172729492,,,
4,2249,1.2934958934783936,0.7219330072402954,,,
4,2299,1.2235373258590698,1.0520062446594238,,,
4,2299,,,0.6438765801277695,1.2916923761367798,0.8721598386764526
5,2349,1.20488703250885,0.9715715646743774,,,
5,2399,1.0501896142959595,1.0879770517349243,,,
5,2449,1.2119114398956299,1.0162768363952637,,,
5,2499,1.2334351539611816,0.933573842048645,,,
5,2549,1.362823486328125,0.8586367964744568,,,
5,2599,1.2905640602111816,0.9384287595748901,,,
5,2649,1.1000893115997314,1.1476657390594482,,,
5,2699,1.1787947416305542,0.9773125648498535,,,
5,2749,1.1974619626998901,1.01225745677948,,,
5,2759,,,0.6691586244393095,1.2404156923294067,0.9246345162391663
6,2799,1.1860337257385254,0.9422195553779602,,,
6,2849,1.1355600357055664,0.9469626545906067,,,
6,2899,1.1457160711288452,0.956429123878479,,,
6,2949,1.2320799827575684,0.8245757222175598,,,
6,2999,1.0932519435882568,1.053234338760376,,,
6,3049,1.2363834381103516,0.8509775400161743,,,
6,3099,1.3062160015106201,0.9902557134628296,,,
6,3149,1.170985221862793,0.9244649410247803,,,
6,3199,1.1717232465744019,1.242784023284912,,,
6,3219,,,0.6691586244393095,1.2640966176986694,1.0156744718551636
7,3249,1.2431285381317139,1.0199148654937744,,,
7,3299,1.231030821800232,1.1381334066390991,,,
7,3349,1.1072825193405151,1.105046272277832,,,
7,3399,1.2064778804779053,0.8797366619110107,,,
7,3449,1.1562570333480835,0.9187554121017456,,,
7,3499,1.4092754125595093,0.8270491361618042,,,
7,3549,1.2706046104431152,0.8778353333473206,,,
7,3599,1.339203119277954,0.7797717452049255,,,
7,3649,1.0036280155181885,1.2239179611206055,,,
7,3679,,,0.4162022563544923,1.509394645690918,0.720740020275116
8,3699,1.1019890308380127,1.007164478302002,,,
8,3749,1.0809376239776611,0.9867773056030273,,,
8,3799,1.1545430421829224,0.9478811621665955,,,
8,3849,1.1279854774475098,1.025693416595459,,,
8,3899,1.222527265548706,0.8656033277511597,,,
8,3949,1.116635799407959,1.0189498662948608,,,
8,3999,1.2976192235946655,0.9394934177398682,,,
8,4049,1.0554759502410889,0.9738770723342896,,,
8,4099,1.1210086345672607,1.0884300470352173,,,
8,4139,,,0.6372842191110507,1.3081145286560059,0.85956209897995
9,4149,1.2067344188690186,0.7980927228927612,,,
9,4199,1.1726174354553223,1.0087103843688965,,,
9,4249,1.2552357912063599,1.1296746730804443,,,
9,4299,1.181408166885376,0.8985735177993774,,,
9,4349,1.2549248933792114,0.8625195026397705,,,
9,4399,1.2597177028656006,0.9384358525276184,,,
9,4449,1.2006224393844604,0.9103719592094421,,,
9,4499,1.1304214000701904,1.0113006830215454,,,
9,4549,1.2587087154388428,0.8701204061508179,,,
9,4599,1.3187190294265747,0.7891761064529419,,,
9,4599,,,0.45296996058175887,1.4835292100906372,0.6856488585472107
10,4649,1.3328664302825928,0.7831812500953674,,,
10,4699,1.1253554821014404,0.9802243709564209,,,
10,4749,1.1925301551818848,0.9186887145042419,,,
10,4799,1.33101224899292,0.6710870265960693,,,
10,4849,1.2662580013275146,0.8330081701278687,,,
10,4899,1.1896607875823975,0.9515848159790039,,,
10,4949,1.2107017040252686,0.8116620182991028,,,
10,4999,1.257302165031433,0.8619037866592407,,,
10,5049,1.0922235250473022,0.9304795265197754,,,
10,5059,,,0.5428163653663178,1.3926602602005005,0.7472060918807983
11,5099,1.141343593597412,0.9327260255813599,,,
11,5149,1.2378971576690674,0.7871166467666626,,,
11,5199,1.3059887886047363,0.884148359298706,,,
11,5249,1.1859819889068604,0.92388516664505,,,
11,5299,1.2415533065795898,1.0913803577423096,,,
11,5349,1.210007905960083,0.9142504334449768,,,
11,5399,1.3287403583526611,0.9630536437034607,,,
11,5449,1.2058417797088623,0.875562846660614,,,
11,5499,1.1845052242279053,0.9255734086036682,,,
11,5519,,,0.6542068778034525,1.2954620122909546,0.8293270468711853
12,5549,1.2426890134811401,0.9483033418655396,,,
12,5599,1.2309956550598145,0.9385793209075928,,,
12,5649,1.1744797229766846,0.9023759961128235,,,
12,5699,1.381975531578064,0.8737361431121826,,,
12,5749,1.2014751434326172,0.9022436738014221,,,
12,5799,1.1458673477172852,0.9660446643829346,,,
12,5849,1.3531410694122314,0.780573308467865,,,
12,5899,1.2015831470489502,0.8749657869338989,,,
12,5949,1.0131120681762695,1.0817198753356934,,,
12,5979,,,0.6060894386298763,1.3505817651748657,0.7597037553787231
13,5999,1.1239252090454102,0.8552197217941284,,,
13,6049,1.350414514541626,0.764821469783783,,,
13,6099,1.207816481590271,0.8951315879821777,,,
13,6149,1.2258195877075195,1.0965266227722168,,,
13,6199,1.105047345161438,0.9882969260215759,,,
13,6249,1.2685716152191162,0.9571264386177063,,,
13,6299,1.0767438411712646,0.9660310745239258,,,
13,6349,1.1244206428527832,0.9843044281005859,,,
13,6399,1.0825347900390625,1.0164612531661987,,,
13,6439,,,0.4586788092972679,1.369836449623108,0.7403859496116638
14,6449,1.3174948692321777,0.7662768363952637,,,
14,6499,1.1959751844406128,0.9776449799537659,,,
14,6549,1.1179931163787842,0.9129306674003601,,,
14,6599,1.0279905796051025,1.1245331764221191,,,
14,6649,1.234298586845398,0.8662036061286926,,,
14,6699,1.1975147724151611,0.9673187732696533,,,
14,6749,1.227597713470459,0.8737144470214844,,,
14,6799,1.1343694925308228,0.9259352684020996,,,
14,6849,1.3952147960662842,0.7463219165802002,,,
14,6899,1.1261138916015625,0.9417644143104553,,,
14,6899,,,0.558107924425717,1.3653802871704102,0.6849177479743958
15,6949,1.1846790313720703,0.9201974868774414,,,
15,6999,1.2263193130493164,0.8962857723236084,,,
15,7049,1.242161750793457,0.8846889734268188,,,
15,7099,1.1125259399414062,0.83460533618927,,,
15,7149,1.1373977661132812,0.7875054478645325,,,
15,7199,0.9775659441947937,1.099482774734497,,,
15,7249,1.5213263034820557,0.748313307762146,,,
15,7299,1.1860802173614502,0.8623354434967041,,,
15,7349,1.1956634521484375,0.9538586139678955,,,
15,7359,,,0.6722169362511894,1.2185777425765991,0.9413929581642151
16,7399,1.115126132965088,1.0873010158538818,,,
16,7449,1.1267261505126953,0.9414960145950317,,,
16,7499,0.9238137006759644,1.080378532409668,,,
16,7549,1.179824709892273,0.7546461820602417,,,
16,7599,1.217199444770813,0.8918046951293945,,,
16,7649,1.2253079414367676,0.5934959650039673,,,
16,7699,1.16705322265625,0.9738386273384094,,,
16,7749,1.1943902969360352,0.8242271542549133,,,
16,7799,0.9198861122131348,1.092674970626831,,,
16,7819,,,0.5577001495174664,1.3446189165115356,0.7327146530151367
17,7849,1.1901397705078125,1.0564308166503906,,,
17,7899,1.2884588241577148,0.7650748491287231,,,
17,7949,1.463928461074829,0.7336844801902771,,,
17,7999,1.3884227275848389,0.8243511915206909,,,
17,8049,1.3939446210861206,0.7225255966186523,,,
17,8099,1.4313157796859741,0.7890751361846924,,,
17,8149,1.0902689695358276,0.8759735822677612,,,
17,8199,1.3150300979614258,0.9573707580566406,,,
17,8249,1.0595011711120605,0.9168862104415894,,,
17,8279,,,0.44658148701916545,1.4286679029464722,0.7128580212593079
18,8299,1.06632661819458,0.9135642051696777,,,
18,8349,0.9736549854278564,1.1166032552719116,,,
18,8399,1.3111014366149902,0.805288553237915,,,
18,8449,1.0585224628448486,0.9123460054397583,,,
18,8499,1.2337414026260376,0.9279725551605225,,,
18,8549,0.9642465710639954,1.3255219459533691,,,
18,8599,0.9668537378311157,1.112648844718933,,,
18,8649,1.161087989807129,1.061776041984558,,,
18,8699,1.070099115371704,0.9525434970855713,,,
18,8739,,,0.6181867609079787,1.303281307220459,0.7262598276138306
19,8749,1.1923599243164062,1.0373034477233887,,,
19,8799,1.2491105794906616,0.9674021005630493,,,
19,8849,1.0433531999588013,0.9508489370346069,,,
19,8899,1.1507103443145752,0.8360801935195923,,,
19,8949,1.2032450437545776,0.7739319801330566,,,
19,8999,0.9486593008041382,0.9837326407432556,,,
19,9049,1.2204591035842896,0.9589451551437378,,,
19,9099,1.4968366622924805,0.7988631725311279,,,
19,9149,0.9959429502487183,0.7437916994094849,,,
19,9199,1.2073733806610107,0.7139807939529419,,,
19,9199,,,0.5182819083865706,1.3871058225631714,0.6581279039382935
20,9249,1.1060760021209717,0.9425205588340759,,,
20,9299,1.1704185009002686,0.9671071767807007,,,
20,9349,1.1555664539337158,1.080040693283081,,,
20,9399,1.1786763668060303,1.2414436340332031,,,
20,9449,1.2062042951583862,0.7709007859230042,,,
20,9499,1.2997329235076904,0.9000488519668579,,,
20,9549,1.1503081321716309,0.9093747138977051,,,
20,9599,1.4964966773986816,0.913770318031311,,,
20,9649,1.1106328964233398,0.9689915180206299,,,
20,9659,,,0.6315074079108333,1.2672014236450195,0.7393696308135986
21,9699,1.2251405715942383,1.0171144008636475,,,
21,9749,1.0460200309753418,1.1032187938690186,,,
21,9799,1.1348395347595215,0.8881313800811768,,,
21,9849,1.1819850206375122,0.7259334921836853,,,
21,9899,1.1901570558547974,0.7658804655075073,,,
21,9949,0.963198184967041,1.0524449348449707,,,
21,9999,1.0712778568267822,0.9256824851036072,,,
21,10049,1.2158184051513672,0.9754037857055664,,,
21,10099,1.0325934886932373,1.3079679012298584,,,
21,10119,,,0.5853608807938018,1.4277968406677246,0.7191091179847717
22,10149,0.9422251582145691,1.1255309581756592,,,
22,10199,0.8952927589416504,1.0554635524749756,,,
22,10249,0.9844399690628052,1.2107460498809814,,,
22,10299,1.0535553693771362,0.9038306474685669,,,
22,10349,0.9703401923179626,1.085080862045288,,,
22,10399,1.0635199546813965,0.9036704301834106,,,
22,10449,1.1992228031158447,1.0579593181610107,,,
22,10499,1.1007721424102783,0.8241512775421143,,,
22,10549,1.1019052267074585,1.0471395254135132,,,
22,10579,,,0.5,1.4555866718292236,0.6152650117874146
23,10599,1.3035120964050293,0.9235340356826782,,,
23,10649,1.2099709510803223,1.053971529006958,,,
23,10699,1.1717979907989502,1.046694278717041,,,
23,10749,1.1562726497650146,0.9719350337982178,,,
23,10799,0.9866223931312561,0.9529480338096619,,,
23,10849,1.1749885082244873,0.8172849416732788,,,
23,10899,1.1183698177337646,0.7834079265594482,,,
23,10949,0.9349008798599243,1.312780499458313,,,
23,10999,1.1303704977035522,1.102754831314087,,,
23,11039,,,0.6694304743781433,1.2098952531814575,0.9155552387237549
24,11049,1.0392448902130127,0.9601511359214783,,,
24,11099,1.0585405826568604,1.0919246673583984,,,
24,11149,1.0946345329284668,0.968234658241272,,,
24,11199,1.1022179126739502,0.8187340497970581,,,
24,11249,1.2651283740997314,0.648360013961792,,,
24,11299,1.3281832933425903,0.8080508708953857,,,
24,11349,1.2080564498901367,0.9509944915771484,,,
24,11399,0.9006195068359375,1.2517921924591064,,,
24,11449,1.018862009048462,0.9942728281021118,,,
24,11499,1.0713645219802856,1.0490838289260864,,,
24,11499,,,0.6056137012369173,1.3551524877548218,0.844383180141449
25,11549,1.1211533546447754,0.9749197959899902,,,
25,11599,1.0985569953918457,0.9408995509147644,,,
25,11649,1.2738215923309326,0.7546253204345703,,,
25,11699,1.1476562023162842,1.1635746955871582,,,
25,11749,1.1012685298919678,0.8844144940376282,,,
25,11799,1.3343708515167236,0.7798407673835754,,,
25,11849,0.8780868053436279,1.0021283626556396,,,
25,11899,0.8058846592903137,1.2896833419799805,,,
25,11949,0.9502296447753906,1.4791324138641357,,,
25,11959,,,0.52528204431154,1.4222583770751953,0.5615288615226746
26,11999,1.132743239402771,0.8252453804016113,,,
26,12049,1.0217688083648682,1.034806489944458,,,
26,12099,0.9469480514526367,1.289526104927063,,,
26,12149,0.9557833075523376,1.1564756631851196,,,
26,12199,1.0467848777770996,0.9874254465103149,,,
26,12249,1.2647409439086914,0.7554099559783936,,,
26,12299,1.0153099298477173,1.1910405158996582,,,
26,12349,1.153273105621338,0.7838211059570312,,,
26,12399,1.2364003658294678,1.0839976072311401,,,
26,12419,,,0.429251053418513,1.4141793251037598,0.7870873212814331
27,12449,0.9039205312728882,1.200414776802063,,,
27,12499,0.9596163034439087,1.1834396123886108,,,
27,12549,1.1453883647918701,0.9686809778213501,,,
27,12599,0.9682296514511108,1.2569657564163208,,,
27,12649,1.16385018825531,0.6131491661071777,,,
27,12699,1.2548058032989502,1.0088608264923096,,,
27,12749,1.0994963645935059,0.865528404712677,,,
27,12799,1.0057917833328247,1.077467679977417,,,
27,12849,1.3754174709320068,1.5084284543991089,,,
27,12879,,,0.5591953241810521,1.315694808959961,0.6781390905380249
28,12899,0.8942782878875732,0.9886466264724731,,,
28,12949,0.8615392446517944,1.3636870384216309,,,
28,12999,0.957385241985321,0.98353511095047,,,
28,13049,1.3158280849456787,0.8195580840110779,,,
28,13099,0.6165830492973328,1.5817184448242188,,,
28,13149,1.0225553512573242,0.9775152206420898,,,
28,13199,1.1428016424179077,0.8608860373497009,,,
28,13249,0.961970865726471,0.8344075083732605,,,
28,13299,1.2166900634765625,0.8327968120574951,,,
28,13339,,,0.6510126410221557,1.2565960884094238,0.7821530699729919
29,13349,1.0492510795593262,1.087475061416626,,,
29,13399,1.0078277587890625,1.199617862701416,,,
29,13449,1.0086283683776855,1.1068650484085083,,,
29,13499,0.9565333127975464,1.0698120594024658,,,
29,13549,0.8592373132705688,1.0504114627838135,,,
29,13599,0.9967713952064514,1.132003903388977,,,
29,13649,0.9474480748176575,1.0948566198349,,,
29,13699,1.2103495597839355,0.8636960983276367,,,
29,13749,1.2474700212478638,1.0654971599578857,,,
29,13799,0.8298132419586182,1.07297682762146,,,
29,13799,,,0.5304471931493815,1.3299087285995483,0.643214225769043
30,13849,1.095612645149231,1.0172722339630127,,,
30,13899,0.9841734766960144,0.8702907562255859,,,
30,13949,0.9911423921585083,1.2381738424301147,,,
30,13999,0.9290465116500854,0.965312659740448,,,
30,14049,1.2452585697174072,0.8637773990631104,,,
30,14099,1.4565503597259521,0.8560004830360413,,,
30,14149,1.0972486734390259,0.9533157348632812,,,
30,14199,0.85221928358078,0.9044875502586365,,,
30,14249,1.073836088180542,1.2968974113464355,,,
30,14259,,,0.6097594128041322,1.3098739385604858,0.6490892767906189
31,14299,1.1069750785827637,1.0141606330871582,,,
31,14349,0.9500939249992371,0.8314865231513977,,,
31,14399,1.0455974340438843,0.9544748067855835,,,
31,14449,1.182588815689087,0.934227705001831,,,
31,14499,1.101986289024353,1.1360831260681152,,,
31,14549,1.0455641746520996,0.9681990742683411,,,
31,14599,1.2600675821304321,1.0021660327911377,,,
31,14649,1.0034472942352295,1.2907543182373047,,,
31,14699,1.247319221496582,0.813653826713562,,,
31,14719,,,0.6724887861900231,1.228561520576477,0.8850515484809875
32,14749,1.1218953132629395,1.0092439651489258,,,
32,14799,1.035667896270752,0.9323295950889587,,,
32,14849,1.1943750381469727,1.152479887008667,,,
32,14899,1.0063600540161133,1.2521663904190063,,,
32,14949,1.1296156644821167,1.031482458114624,,,
32,14999,0.9304508566856384,0.9361828565597534,,,
32,15049,1.2936124801635742,0.9687937498092651,,,
32,15099,1.0633944272994995,0.9225727915763855,,,
32,15149,1.1672390699386597,1.0039238929748535,,,
32,15179,,,0.665080875356803,1.2922028303146362,0.8712989091873169
33,15199,1.001118779182434,1.0234391689300537,,,
33,15249,0.8531506061553955,1.3892042636871338,,,
33,15299,1.19809889793396,0.7955894470214844,,,
33,15349,0.9330968260765076,1.0789086818695068,,,
33,15399,0.9108238816261292,1.0463273525238037,,,
33,15449,1.2255439758300781,0.7966670989990234,,,
33,15499,0.9043322801589966,0.9701915979385376,,,
33,15549,1.0079424381256104,0.7881938219070435,,,
33,15599,0.9101687669754028,1.3108489513397217,,,
33,15639,,,0.6136332744325133,1.2743141651153564,0.6519736051559448
34,15649,0.9039968252182007,1.1781362295150757,,,
34,15699,1.5116091966629028,1.0973103046417236,,,
34,15749,0.6306454539299011,1.207298755645752,,,
34,15799,0.8633778095245361,1.401890754699707,,,
34,15849,1.0580039024353027,0.9272234439849854,,,
34,15899,0.9695466756820679,1.13424813747406,,,
34,15949,0.8947384357452393,0.871151328086853,,,
34,15999,1.4472122192382812,0.7486163377761841,,,
34,16049,0.8848579525947571,1.0298957824707031,,,
34,16099,0.8822178244590759,1.208154559135437,,,
34,16099,,,0.6809840967785782,1.204281210899353,0.7752432227134705
35,16149,0.904464066028595,0.8947773575782776,,,
35,16199,0.9244720935821533,1.062145471572876,,,
35,16249,0.9772155284881592,1.0946792364120483,,,
35,16299,1.0048295259475708,0.8853709101676941,,,
35,16349,1.2086362838745117,1.0518419742584229,,,
35,16399,0.8471118211746216,0.9383751153945923,,,
35,16449,1.0675544738769531,0.806846559047699,,,
35,16499,0.9805776476860046,1.0417461395263672,,,
35,16549,0.8920552134513855,1.0603950023651123,,,
35,16559,,,0.5694576593720266,1.3766529560089111,0.6705682277679443
36,16599,0.9300178289413452,1.3176679611206055,,,
36,16649,1.3348051309585571,0.8640844821929932,,,
36,16699,0.8847995400428772,1.1205483675003052,,,
36,16749,0.9548704624176025,0.9912830591201782,,,
36,16799,1.2384566068649292,0.8172723054885864,,,
36,16849,0.8769205212593079,0.9012641310691833,,,
36,16899,1.1407948732376099,0.8344817161560059,,,
36,16949,1.1140797138214111,0.8026233315467834,,,
36,16999,1.0439844131469727,0.8256056904792786,,,
36,17019,,,0.6040505640886231,1.2993334531784058,0.6709331274032593
37,17049,1.1171315908432007,0.8706326484680176,,,
37,17099,0.8472063541412354,1.2261406183242798,,,
37,17149,1.0830473899841309,1.2638239860534668,,,
37,17199,1.0138086080551147,1.0224515199661255,,,
37,17249,0.9254169464111328,1.178095817565918,,,
37,17299,0.8735807538032532,1.0493487119674683,,,
37,17349,1.1339553594589233,1.050475001335144,,,
37,17399,1.0343053340911865,1.1513400077819824,,,
37,17449,0.7052028775215149,1.178196907043457,,,
37,17479,,,0.5717004213674052,1.289272665977478,0.6749604940414429
38,17499,0.8505121469497681,0.9907793402671814,,,
38,17549,0.7845345735549927,1.2240065336227417,,,
38,17599,1.3031623363494873,0.9050632119178772,,,
38,17649,0.9814246892929077,0.983390748500824,,,
38,17699,1.0268654823303223,1.0530002117156982,,,
38,17749,1.0460577011108398,1.057966709136963,,,
38,17799,1.1902494430541992,1.1456983089447021,,,
38,17849,0.9035592079162598,0.8612402677536011,,,
38,17899,0.9386518001556396,0.8252824544906616,,,
38,17939,,,0.5844773684925921,1.3324837684631348,0.738524317741394
39,17949,0.9573743343353271,1.5021452903747559,,,
39,17999,1.1881189346313477,0.980545163154602,,,
39,18049,0.9806234836578369,0.7523227334022522,,,
39,18099,1.0313183069229126,0.9134292602539062,,,
39,18149,1.103097915649414,0.9322261810302734,,,
39,18199,1.174127221107483,1.353272795677185,,,
39,18249,1.0840415954589844,0.7708345055580139,,,
39,18299,0.9987755417823792,1.1718096733093262,,,
39,18349,1.1420398950576782,0.760555624961853,,,
39,18399,1.2640607357025146,0.8992612957954407,,,
39,18399,,,0.5422047030039419,1.4355145692825317,0.7249711751937866
40,18449,0.8547375202178955,1.310462236404419,,,
40,18499,0.8406566977500916,1.5227521657943726,,,
40,18549,0.9857094287872314,1.1825528144836426,,,
40,18599,0.8175300359725952,1.1568875312805176,,,
40,18649,0.8836626410484314,1.01408052444458,,,
40,18699,1.1803181171417236,0.7069347500801086,,,
40,18749,0.980257511138916,1.19436514377594,,,
40,18799,0.6921449899673462,1.2065423727035522,,,
40,18849,0.8078020811080933,1.3964310884475708,,,
40,18859,,,0.545466902269947,1.3885077238082886,0.7139886021614075
41,18899,1.2352631092071533,0.6600646376609802,,,
41,18949,0.9304273724555969,0.8802740573883057,,,
41,18999,0.9359196424484253,0.9663846492767334,,,
41,19049,0.8877726197242737,0.9485824704170227,,,
41,19099,0.9810442924499512,1.1679707765579224,,,
41,19149,0.9503929615020752,0.8158578276634216,,,
41,19199,0.9450817108154297,1.044664740562439,,,
41,19249,0.8464245796203613,0.9976524710655212,,,
41,19299,0.8469921350479126,1.0969904661178589,,,
41,19319,,,0.5963708033165692,1.3100323677062988,0.7789553999900818
42,19349,0.8050392866134644,1.1881434917449951,,,
42,19399,1.2339801788330078,0.9286468029022217,,,
42,19449,1.0812082290649414,1.1176393032073975,,,
42,19499,0.9049214124679565,1.1498305797576904,,,
42,19549,0.9406850337982178,1.0208451747894287,,,
42,19599,0.8298890590667725,1.423227310180664,,,
42,19649,0.8208781480789185,1.0225753784179688,,,
42,19699,0.8135947585105896,1.638542652130127,,,
42,19749,0.9553020000457764,1.2422640323638916,,,
42,19779,,,0.6177110235150197,1.3135069608688354,0.8210563659667969
43,19799,0.8685165643692017,1.180785894393921,,,
43,19849,0.6793256998062134,1.3441990613937378,,,
43,19899,1.5399752855300903,0.7427002191543579,,,
43,19949,0.8628114461898804,1.1734910011291504,,,
43,19999,0.8755847811698914,0.8326544761657715,,,
43,20049,1.0229532718658447,0.8793714046478271,,,
43,20099,0.8186047077178955,1.3653064966201782,,,
43,20149,1.0279731750488281,1.116731882095337,,,
43,20199,0.8899760842323303,0.8565077185630798,,,
43,20239,,,0.679420959630284,1.1937278509140015,0.91158527135849
44,20249,1.1183661222457886,1.3166955709457397,,,
44,20299,1.0058751106262207,1.029192328453064,,,
44,20349,1.0577340126037598,1.1143031120300293,,,
44,20399,0.9852854013442993,0.9341450333595276,,,
44,20449,0.8784378170967102,1.1214878559112549,,,
44,20499,0.8163083791732788,1.0599006414413452,,,
44,20549,0.7533838748931885,1.3756110668182373,,,
44,20599,0.9763680696487427,1.17423415184021,,,
44,20649,0.7711360454559326,1.2366920709609985,,,
44,20699,1.5181214809417725,0.847210168838501,,,
44,20699,,,0.6458474921843143,1.2588074207305908,0.7894666790962219
45,20749,1.0391048192977905,0.9677637219429016,,,
45,20799,0.6870040893554688,1.546621322631836,,,
45,20849,0.7895164489746094,1.1319334506988525,,,
45,20899,0.7837908267974854,1.1241356134414673,,,
45,20949,0.8793460130691528,0.992101788520813,,,
45,20999,1.1177595853805542,0.7936911582946777,,,
45,21049,0.8559118509292603,1.0956097841262817,,,
45,21099,1.3285366296768188,1.0431675910949707,,,
45,21149,0.9237207174301147,1.1484625339508057,,,
45,21159,,,0.6383716188663857,1.2877182960510254,0.673464834690094
46,21199,0.775537371635437,1.3901824951171875,,,
46,21249,1.1522822380065918,1.3442537784576416,,,
46,21299,1.3772876262664795,0.6827547550201416,,,
46,21349,0.9987490177154541,0.9959317445755005,,,
46,21399,1.1575583219528198,0.8004571795463562,,,
46,21449,0.8090356588363647,0.9414541125297546,,,
46,21499,1.0996284484863281,0.678998589515686,,,
46,21549,1.3271253108978271,0.9886456727981567,,,
46,21599,0.8179008960723877,0.7628160715103149,,,
46,21619,,,0.7220334375424765,1.1448615789413452,0.7963688373565674
47,21649,1.0005183219909668,1.2160859107971191,,,
47,21699,0.7178879976272583,1.3353203535079956,,,
47,21749,0.876134991645813,0.9169725179672241,,,
47,21799,0.9764220714569092,0.9216092228889465,,,
47,21849,1.176163673400879,1.1369379758834839,,,
47,21899,0.9710640907287598,0.964202880859375,,,
47,21949,0.8214565515518188,1.1845473051071167,,,
47,21999,0.9316801428794861,1.1075456142425537,,,
47,22049,0.8008837699890137,1.3488938808441162,,,
47,22079,,,0.5930406415658557,1.3644472360610962,0.7427202463150024
48,22099,1.2147247791290283,0.8010879755020142,,,
48,22149,1.165252685546875,1.4804484844207764,,,
48,22199,0.8352321982383728,1.1724035739898682,,,
48,22249,1.1706476211547852,1.0997343063354492,,,
48,22299,0.8549879789352417,0.9647449851036072,,,
48,22349,0.754883348941803,1.101943016052246,,,
48,22399,1.0474903583526611,1.057145118713379,,,
48,22449,0.9209774732589722,0.9187149405479431,,,
48,22499,0.7029760479927063,1.3492074012756348,,,
48,22539,,,0.5660595351366046,1.352125883102417,0.7007723450660706
49,22549,1.0747045278549194,1.193864107131958,,,
49,22599,0.8502095937728882,1.3041043281555176,,,
49,22649,1.1073622703552246,1.268815279006958,,,
49,22699,0.9164305925369263,1.165246844291687,,,
49,22749,1.4500986337661743,0.6323822736740112,,,
49,22799,0.6090340614318848,1.2288321256637573,,,
49,22849,0.7408126592636108,1.4697043895721436,,,
49,22899,0.8498713970184326,0.9557906985282898,,,
49,22949,0.9391732215881348,0.859447181224823,,,
49,22999,1.094048261642456,1.1707298755645752,,,
49,22999,,,0.6096234878347152,1.3348220586776733,0.7575936317443848
50,23049,1.3560858964920044,1.054107904434204,,,
50,23099,1.0144720077514648,1.459017038345337,,,
50,23149,0.8733684420585632,1.191192388534546,,,
50,23199,0.9474968314170837,1.3855801820755005,,,
50,23249,1.076192021369934,0.7181552648544312,,,
50,23299,0.8576943278312683,1.1879658699035645,,,
50,23349,1.0977457761764526,1.0326873064041138,,,
50,23399,0.8712239861488342,0.8951371908187866,,,
50,23449,0.9621076583862305,1.3753362894058228,,,
50,23459,,,0.6864210955552535,1.1879076957702637,0.828408420085907
51,23499,1.009305477142334,1.200693964958191,,,
51,23549,1.1641098260879517,0.8222905397415161,,,
51,23599,0.7266207933425903,1.405381679534912,,,
51,23649,0.8249688744544983,1.1787948608398438,,,
51,23699,1.1104944944381714,1.0023404359817505,,,
51,23749,0.9651175141334534,1.3098938465118408,,,
51,23799,0.9476381540298462,0.8496291637420654,,,
51,23849,0.6778702735900879,1.3049147129058838,,,
51,23899,0.9397174715995789,0.9687603712081909,,,
51,23919,,,0.6491776539350279,1.2756602764129639,0.8543687462806702
52,23949,1.0521636009216309,1.1517624855041504,,,
52,23999,1.1811577081680298,0.981860339641571,,,
52,24049,0.7682793736457825,1.1044976711273193,,,
52,24099,0.9244261980056763,1.2412035465240479,,,
52,24149,1.022076964378357,1.1265710592269897,,,
52,24199,0.8776969909667969,0.7595411539077759,,,
52,24249,0.7784661054611206,1.2930457592010498,,,
52,24299,1.078087568283081,0.9231192469596863,,,
52,24349,0.811053991317749,1.2238240242004395,,,
52,24379,,,0.5400299034932717,1.2739707231521606,0.8079448342323303
53,24399,0.9735795259475708,0.9127591848373413,,,
53,24449,0.9657011032104492,0.7340595722198486,,,
53,24499,1.0584968328475952,0.6694857478141785,,,
53,24549,0.9221130609512329,1.3038688898086548,,,
53,24599,0.7794179916381836,1.4737882614135742,,,
53,24649,0.9130542278289795,1.1506011486053467,,,
53,24699,1.0201058387756348,0.8077874183654785,,,
53,24749,0.9680912494659424,1.2115287780761719,,,
53,24799,0.8430564403533936,0.9174374341964722,,,
53,24839,,,0.4762810928367541,1.408456563949585,0.5226066708564758
54,24849,0.6939283609390259,1.5430186986923218,,,
54,24899,1.197850227355957,0.9050131440162659,,,
54,24949,1.2555170059204102,1.12440824508667,,,
54,24999,0.6741148233413696,1.1543989181518555,,,
54,25049,0.793954074382782,1.380277156829834,,,
54,25099,0.6293914914131165,1.2666981220245361,,,
54,25149,0.6666719913482666,1.0775964260101318,,,
54,25199,0.8096412420272827,0.9657993912696838,,,
54,25249,0.9124336838722229,1.5436145067214966,,,
54,25299,1.0591380596160889,1.3097764253616333,,,
54,25299,,,0.6253228218023651,1.2444599866867065,0.8409435749053955
55,25349,0.9553688764572144,1.535131812095642,,,
55,25399,0.7306481003761292,1.437085509300232,,,
55,25449,1.0669595003128052,1.455326795578003,,,
55,25499,1.0596445798873901,1.3103408813476562,,,
55,25549,0.6679874062538147,1.3018869161605835,,,
55,25599,0.9106575846672058,0.9000101089477539,,,
55,25649,0.8735923171043396,0.9109687805175781,,,
55,25699,0.845741868019104,0.7390500903129578,,,
55,25749,0.8332863450050354,1.132380485534668,,,
55,25759,,,0.5618458610846813,1.291433334350586,0.9736669659614563
56,25799,0.7227089405059814,1.252497673034668,,,
56,25849,1.05575692653656,0.9939607977867126,,,
56,25899,0.9940810203552246,0.9434754848480225,,,
56,25949,0.5099743604660034,1.490850806236267,,,
56,25999,1.124997615814209,0.8795836567878723,,,
56,26049,0.6520329117774963,1.4118268489837646,,,
56,26099,0.9670801758766174,0.945766270160675,,,
56,26149,0.8553906679153442,1.2733495235443115,,,
56,26199,1.268463134765625,1.280820369720459,,,
56,26219,,,0.6505369036291967,1.2525616884231567,0.7399291396141052
57,26249,0.7817085981369019,1.4485818147659302,,,
57,26299,0.8908877968788147,1.00496506690979,,,
57,26349,0.8797046542167664,1.0983465909957886,,,
57,26399,0.8978278040885925,0.7030885219573975,,,
57,26449,1.0145083665847778,1.2587499618530273,,,
57,26499,0.8419373631477356,1.574308156967163,,,
57,26549,0.9047434329986572,0.8507389426231384,,,
57,26599,0.9024158120155334,1.023843765258789,,,
57,26649,0.7397358417510986,1.0907185077667236,,,
57,26679,,,0.7510534185129808,1.249434232711792,0.786712110042572
58,26699,0.7785019874572754,1.2352914810180664,,,
58,26749,1.133528709411621,0.7723770141601562,,,
58,26799,1.026653528213501,1.0771164894104004,,,
58,26849,0.9442349672317505,1.0529115200042725,,,
58,26899,1.3047378063201904,1.243571162223816,,,
58,26949,0.7811022400856018,1.244297742843628,,,
58,26999,1.0424861907958984,1.531688928604126,,,
58,27049,0.8094063997268677,1.4707717895507812,,,
58,27099,0.8155422210693359,1.4476282596588135,,,
58,27139,,,0.7707625390784287,1.2340136766433716,0.8730513453483582
59,27149,1.1321661472320557,0.9689412713050842,,,
59,27199,0.9194889068603516,1.255075216293335,,,
59,27249,1.2218055725097656,1.2500019073486328,,,
59,27299,0.7297267317771912,1.707288146018982,,,
59,27349,0.9263665676116943,1.1699799299240112,,,
59,27399,1.0339752435684204,1.0130876302719116,,,
59,27449,0.7003641128540039,0.9452985525131226,,,
59,27499,0.7084954977035522,1.125441074371338,,,
59,27549,0.6182140707969666,1.3837722539901733,,,
59,27599,0.9196271300315857,1.3311598300933838,,,
59,27599,,,0.4509990485252141,1.4282070398330688,0.7890664339065552
60,27649,1.0462307929992676,0.6966040730476379,,,
60,27699,1.1885199546813965,1.1095777750015259,,,
60,27749,0.9710384011268616,0.8246361017227173,,,
60,27799,0.7308965921401978,1.1001970767974854,,,
60,27849,1.04227614402771,0.9701825380325317,,,
60,27899,0.8742607831954956,0.9066884517669678,,,
60,27949,0.7556503415107727,1.3093514442443848,,,
60,27999,0.8636173009872437,1.0493578910827637,,,
60,28049,0.7737216353416443,1.6939616203308105,,,
60,28059,,,0.5693217344026098,1.358176589012146,0.8095274567604065
61,28099,0.7763525247573853,0.9804419279098511,,,
61,28149,0.8149369955062866,1.4521851539611816,,,
61,28199,0.7716543674468994,1.484883189201355,,,
61,28249,0.9423795938491821,1.002197265625,,,
61,28299,0.8123031854629517,0.7972166538238525,,,
61,28349,0.7385962009429932,1.0485036373138428,,,
61,28399,0.8900511860847473,1.095529556274414,,,
61,28449,1.4230434894561768,1.0540659427642822,,,
61,28499,1.2026751041412354,0.9402589797973633,,,
61,28519,,,0.507543835802637,1.4367575645446777,0.6081433892250061
62,28549,0.8233755826950073,1.2686580419540405,,,
62,28599,0.7337273359298706,0.9741137623786926,,,
62,28649,0.78638756275177,1.20107102394104,,,
62,28699,0.9170314073562622,1.1664034128189087,,,
62,28749,0.7845263481140137,1.5826470851898193,,,
62,28799,1.14080011844635,1.034667730331421,,,
62,28849,0.6413463354110718,1.4362218379974365,,,
62,28899,0.8428629636764526,1.3794349431991577,,,
62,28949,1.0443506240844727,0.6748082041740417,,,
62,28979,,,0.6644692129944271,1.2661516666412354,0.8771160840988159
63,28999,0.7732433080673218,1.264817476272583,,,
63,29049,1.0079965591430664,1.4481645822525024,,,
63,29099,0.8580812811851501,1.171983242034912,,,
63,29149,1.1797268390655518,1.1893181800842285,,,
63,29199,0.7829141020774841,1.2800686359405518,,,
63,29249,0.8510252237319946,1.060721516609192,,,
63,29299,1.0241426229476929,1.1140284538269043,,,
63,29349,0.743911862373352,1.126814603805542,,,
63,29399,0.5531866550445557,1.5032958984375,,,
63,29439,,,0.596166915862444,1.3507850170135498,0.7367315888404846
64,29449,0.833345890045166,1.3678582906723022,,,
64,29499,0.6473572254180908,1.2486112117767334,,,
64,29549,0.9619320631027222,1.175872802734375,,,
64,29599,0.9461503028869629,1.1739721298217773,,,
64,29649,1.037381649017334,1.2687287330627441,,,
64,29699,1.0770343542099,1.5196106433868408,,,
64,29749,0.9603283405303955,1.3056015968322754,,,
64,29799,1.2509582042694092,0.9778554439544678,,,
64,29849,0.624170184135437,1.348114252090454,,,
64,29899,1.158090591430664,1.0737206935882568,,,
64,29899,,,0.5883512301209732,1.297471523284912,0.7077217698097229
65,29949,0.9609572887420654,0.9446303844451904,,,
65,29999,1.227871060371399,1.6767313480377197,,,
65,30049,0.7383490204811096,1.2198677062988281,,,
65,30099,1.070328712463379,0.9628671407699585,,,
65,30149,1.131502389907837,1.0954077243804932,,,
65,30199,1.0436618328094482,0.9366803169250488,,,
65,30249,1.160616397857666,1.2029895782470703,,,
65,30299,0.9912019968032837,1.2203080654144287,,,
65,30349,0.9167876839637756,0.6288650035858154,,,
65,30359,,,0.6477504417561506,1.285919189453125,0.7546884417533875
66,30399,0.8330104947090149,1.4241087436676025,,,
66,30449,1.190481185913086,1.0645283460617065,,,
66,30499,0.6859538555145264,1.1893378496170044,,,
66,30549,0.8714842200279236,1.3314188718795776,,,
66,30599,0.7338335514068604,1.1559460163116455,,,
66,30649,1.3660976886749268,0.6295347809791565,,,
66,30699,0.7551996111869812,1.5466784238815308,,,
66,30749,1.145383358001709,0.947311282157898,,,
66,30799,0.8599590063095093,1.008901834487915,,,
66,30819,,,0.518349870871279,1.3770146369934082,0.5658689141273499
67,30849,0.9786984324455261,1.6830101013183594,,,
67,30899,1.1242876052856445,1.0764144659042358,,,
67,30949,0.7247473001480103,1.264874815940857,,,
67,30999,0.8152042627334595,0.9738104343414307,,,
67,31049,1.3409686088562012,1.2037737369537354,,,
67,31099,1.6001579761505127,0.7992168664932251,,,
67,31149,0.9719063639640808,0.9743849039077759,,,
67,31199,0.8182004690170288,1.1308344602584839,,,
67,31249,0.9671053886413574,1.0831539630889893,,,
67,31279,,,0.7400434959902134,1.1783010959625244,0.7371125221252441
68,31299,1.1483995914459229,0.8670299649238586,,,
68,31349,0.9479787349700928,1.0953848361968994,,,
68,31399,0.8356856107711792,1.111830472946167,,,
68,31449,0.86292564868927,1.1568593978881836,,,
68,31499,0.9828711748123169,1.5044169425964355,,,
68,31549,0.8192235827445984,1.0592858791351318,,,
68,31599,0.982906699180603,1.49466073513031,,,
68,31649,1.041815161705017,1.1494524478912354,,,
68,31699,0.8620191812515259,1.0704212188720703,,,
68,31739,,,0.6337501699062118,1.2504085302352905,0.8189799189567566
69,31749,0.7863699197769165,1.5015254020690918,,,
69,31799,0.7373037338256836,1.1584808826446533,,,
69,31849,0.6041009426116943,1.4008570909500122,,,
69,31899,0.881565511226654,0.8595645427703857,,,
69,31949,0.8759522438049316,1.7069389820098877,,,
69,31999,0.8315095901489258,1.5551687479019165,,,
69,32049,1.097936749458313,0.8527346849441528,,,
69,32099,0.7588180303573608,1.416792392730713,,,
69,32149,0.8398775458335876,1.0037394762039185,,,
69,32199,0.7393072843551636,1.233019471168518,,,
69,32199,,,0.5910017670246024,1.318458914756775,0.7319033145904541
70,32249,0.5336303114891052,1.3411271572113037,,,
70,32299,0.8611012697219849,0.7879068851470947,,,
70,32349,0.6806461811065674,1.2879552841186523,,,
70,32399,1.1293004751205444,1.3482675552368164,,,
70,32449,1.10872220993042,1.0464431047439575,,,
70,32499,1.3006062507629395,0.896250307559967,,,
70,32549,1.041695237159729,0.8026893734931946,,,
70,32599,1.1206623315811157,1.1409258842468262,,,
70,32649,0.9556726813316345,0.8546220064163208,,,
70,32659,,,0.6319831453037923,1.2209123373031616,0.7581318616867065
71,32699,1.0334391593933105,0.9882876873016357,,,
71,32749,0.7408614158630371,1.1504454612731934,,,
71,32799,0.9117159247398376,1.0535693168640137,,,
71,32849,0.6811617612838745,1.05039644241333,,,
71,32899,0.8202031850814819,1.4707856178283691,,,
71,32949,1.0646957159042358,1.0507612228393555,,,
71,32999,0.8312917947769165,1.022674798965454,,,
71,33049,1.0365575551986694,0.9892862439155579,,,
71,33099,1.049317479133606,0.7772637009620667,,,
71,33119,,,0.550088351230121,1.3376145362854004,0.6333321332931519
72,33149,0.9617297053337097,1.157851219177246,,,
72,33199,1.0263664722442627,0.8904983997344971,,,
72,33249,0.8391674160957336,1.552262783050537,,,
72,33299,0.8308805823326111,1.164069652557373,,,
72,33349,0.982455849647522,0.9190902709960938,,,
72,33399,0.812095582485199,0.9146218299865723,,,
72,33449,1.139060616493225,1.118845820426941,,,
72,33499,0.8779071569442749,1.1066222190856934,,,
72,33549,0.9695334434509277,1.258948802947998,,,
72,33579,,,0.5697974717955688,1.3216211795806885,0.8059431314468384
73,33599,1.316237449645996,1.3845900297164917,,,
73,33649,1.0146267414093018,1.3487639427185059,,,
73,33699,0.7229079008102417,1.0702050924301147,,,
73,33749,0.8477435111999512,1.2836945056915283,,,
73,33799,1.0895322561264038,1.2489603757858276,,,
73,33849,0.7891478538513184,1.0733938217163086,,,
73,33899,0.7784578800201416,1.154310703277588,,,
73,33949,1.0153753757476807,0.9929217100143433,,,
73,33999,1.0579980611801147,1.2427160739898682,,,
73,34039,,,0.5853608807938018,1.3110415935516357,0.6485028862953186
74,34049,0.9432864785194397,0.712656557559967,,,
74,34099,0.8343240022659302,1.6026697158813477,,,
74,34149,0.6544616222381592,1.0902836322784424,,,
74,34199,0.6017170548439026,1.3382716178894043,,,
74,34249,0.6265960931777954,1.6592273712158203,,,
74,34299,0.745695948600769,1.8376553058624268,,,
74,34349,1.0135838985443115,1.2654361724853516,,,
74,34399,0.9099345207214355,1.7070053815841675,,,
74,34449,0.724812388420105,1.3646247386932373,,,
74,34499,1.0280619859695435,1.0662211179733276,,,
74,34499,,,0.6632458882696751,1.1631518602371216,0.8425692915916443
75,34549,1.2416449785232544,1.193302035331726,,,
75,34599,0.7116763591766357,1.0121407508850098,,,
75,34649,0.9406839609146118,0.794822096824646,,,
75,34699,0.9047337770462036,1.4422003030776978,,,
75,34749,0.9108518362045288,1.1168184280395508,,,
75,34799,0.7132782936096191,0.9255378246307373,,,
75,34849,1.1403639316558838,1.0717185735702515,,,
75,34899,0.5754915475845337,1.4476778507232666,,,
75,34949,0.9485049247741699,0.9285401105880737,,,
75,34959,,,0.5547098001902949,1.2998747825622559,0.5689485669136047
76,34999,0.8937854766845703,1.1624436378479004,,,
76,35049,0.7103574275970459,1.4857707023620605,,,
76,35099,0.9862598180770874,0.849223792552948,,,
76,35149,0.6954235434532166,1.1941568851470947,,,
76,35199,0.5553948879241943,1.195050597190857,,,
76,35249,0.9394118785858154,0.9872086048126221,,,
76,35299,0.8328300714492798,1.2260466814041138,,,
76,35349,0.5397174954414368,1.1174907684326172,,,
76,35399,0.9492526650428772,0.8144829869270325,,,
76,35419,,,0.5736713334239499,1.3066763877868652,0.6131596565246582
77,35449,0.8395382761955261,1.166650652885437,,,
77,35499,0.7774313688278198,1.7190537452697754,,,
77,35549,0.8688323497772217,1.0261142253875732,,,
77,35599,0.9948275089263916,0.8758034706115723,,,
77,35649,0.9288890361785889,1.0454823970794678,,,
77,35699,1.1136455535888672,1.0143219232559204,,,
77,35749,0.7857009172439575,1.0382778644561768,,,
77,35799,0.8676954507827759,1.1132712364196777,,,
77,35849,0.974754810333252,1.0627856254577637,,,
77,35879,,,0.5658556476824793,1.346938133239746,0.6564072370529175
78,35899,1.0789635181427002,0.931800365447998,,,
78,35949,0.8421928286552429,1.2255629301071167,,,
78,35999,1.0149924755096436,1.6999168395996094,,,
78,36049,1.080309510231018,1.1167023181915283,,,
78,36099,0.8050075173377991,1.1000614166259766,,,
78,36149,1.0771586894989014,1.3959242105484009,,,
78,36199,1.3198208808898926,1.075960397720337,,,
78,36249,0.673722505569458,1.1504491567611694,,,
78,36299,1.096301794052124,1.3184900283813477,,,
78,36339,,,0.6551583525893707,1.213815450668335,0.862473726272583
79,36349,0.8611795902252197,1.0608758926391602,,,
79,36399,1.0482889413833618,0.8727411031723022,,,
79,36449,0.8333377838134766,1.1929042339324951,,,
79,36499,0.7537555694580078,1.4264636039733887,,,
79,36549,0.7943555116653442,1.0379362106323242,,,
79,36599,0.9101148843765259,1.888706922531128,,,
79,36649,0.6514996290206909,1.455518364906311,,,
79,36699,0.815977931022644,1.1878143548965454,,,
79,36749,0.8277270793914795,1.2316961288452148,,,
79,36799,1.163877248764038,0.9647495150566101,,,
79,36799,,,0.5600108739975533,1.3785284757614136,0.6994349956512451
80,36849,1.115837812423706,0.929294228553772,,,
80,36899,1.2497440576553345,1.66732656955719,,,
80,36949,0.7849065065383911,1.1078882217407227,,,
80,36999,1.112351655960083,1.3684885501861572,,,
80,37049,0.7077509164810181,1.117716908454895,,,
80,37099,1.1154794692993164,0.8572869896888733,,,
80,37149,0.8021714687347412,1.4870681762695312,,,
80,37199,0.7971779704093933,1.3849849700927734,,,
80,37249,0.9036228656768799,0.925022542476654,,,
80,37259,,,0.5128449096098954,1.2508727312088013,0.7856379151344299
81,37299,0.7405747771263123,0.9019232988357544,,,
81,37349,0.7239980101585388,1.1497108936309814,,,
81,37399,0.7740867137908936,1.190938949584961,,,
81,37449,1.0894839763641357,0.9868651628494263,,,
81,37499,0.9515905380249023,1.3117003440856934,,,
81,37549,0.8376585841178894,1.5613679885864258,,,
81,37599,0.9344204068183899,1.1286897659301758,,,
81,37649,0.7144408226013184,1.4442555904388428,,,
81,37699,1.1677078008651733,2.059446096420288,,,
81,37719,,,0.6173712110914775,1.2207285165786743,0.5966048836708069
82,37749,0.7717658281326294,0.9207868576049805,,,
82,37799,0.8744415044784546,0.7701674103736877,,,
82,37849,1.0585722923278809,0.7978565692901611,,,
82,37899,0.939128041267395,1.3615809679031372,,,
82,37949,1.0584901571273804,1.3315584659576416,,,
82,37999,0.6471148729324341,0.9865400195121765,,,
82,38049,0.9176349639892578,1.3085837364196777,,,
82,38099,0.8180433511734009,1.217252254486084,,,
82,38149,0.9095507860183716,1.3175963163375854,,,
82,38179,,,0.6264781840424086,1.2556583881378174,0.816258430480957
83,38199,0.7790313363075256,1.2995800971984863,,,
83,38249,0.900398313999176,1.1232209205627441,,,
83,38299,0.988953173160553,0.8968722224235535,,,
83,38349,0.7664103507995605,1.439327597618103,,,
83,38399,0.8340845108032227,1.0441854000091553,,,
83,38449,1.0010467767715454,0.726101279258728,,,
83,38499,0.7833117842674255,0.9502606391906738,,,
83,38549,0.5999672412872314,1.4157624244689941,,,
83,38599,1.2195903062820435,1.2645747661590576,,,
83,38639,,,0.7013048797064021,1.1833566427230835,0.8200457096099854
84,38649,0.7514570951461792,1.2302510738372803,,,
84,38699,0.7984923124313354,1.2153472900390625,,,
84,38749,0.9018434286117554,1.2030580043792725,,,
84,38799,0.952785313129425,1.3959354162216187,,,
84,38849,0.7910863161087036,1.0657777786254883,,,
84,38899,0.8122051954269409,1.1703662872314453,,,
84,38949,0.7708936929702759,0.8544228076934814,,,
84,38999,0.8355208039283752,0.9204151630401611,,,
84,39049,0.7273324728012085,0.9646059274673462,,,
84,39099,0.7475857734680176,1.5921517610549927,,,
84,39099,,,0.5050292238684246,1.3158658742904663,0.7250134348869324
85,39149,0.9345504641532898,1.2565810680389404,,,
85,39199,0.9640510082244873,1.0619299411773682,,,
85,39249,0.8085955381393433,1.1561665534973145,,,
85,39299,0.7646938562393188,0.7514708042144775,,,
85,39349,0.6879814863204956,1.2963297367095947,,,
85,39399,1.143275499343872,0.9201368689537048,,,
85,39449,0.8163154125213623,1.3733088970184326,,,
85,39499,1.0073707103729248,1.0509363412857056,,,
85,39549,0.8778080940246582,1.4506267309188843,,,
85,39559,,,0.6509446785374473,1.246670126914978,0.8575395941734314
86,39599,0.7797219753265381,1.5346983671188354,,,
86,39649,0.9225634336471558,1.2989323139190674,,,
86,39699,0.7912361025810242,1.639577865600586,,,
86,39749,0.7398848533630371,1.5740368366241455,,,
86,39799,0.6457693576812744,1.3246333599090576,,,
86,39849,1.4166078567504883,1.6336286067962646,,,
86,39899,0.6470012664794922,1.7276978492736816,,,
86,39949,0.7463237047195435,0.9498433470726013,,,
86,39999,0.5108033418655396,1.3219316005706787,,,
86,40019,,,0.48294141633818133,1.435612678527832,0.47174641489982605
87,40049,0.4801386594772339,1.061792254447937,,,
87,40099,0.5661673545837402,1.44136643409729,,,
87,40149,1.0800706148147583,1.5852657556533813,,,
87,40199,0.8445790410041809,1.145430088043213,,,
87,40249,0.6263382434844971,1.5163333415985107,,,
87,40299,0.7584714889526367,1.1266686916351318,,,
87,40349,0.8718929886817932,1.3803130388259888,,,
87,40399,0.6621518731117249,1.1309738159179688,,,
87,40449,1.1718860864639282,0.9661436080932617,,,
87,40479,,,0.6546146527117032,1.2857340574264526,0.8760419487953186
88,40499,0.9021018147468567,0.8537988066673279,,,
88,40549,0.45224320888519287,1.709424376487732,,,
88,40599,0.9260208606719971,1.060699462890625,,,
88,40649,0.7679256200790405,0.6027210354804993,,,
88,40699,0.6989397406578064,1.7590289115905762,,,
88,40749,0.7472356557846069,1.478086233139038,,,
88,40799,0.9930525422096252,1.4383373260498047,,,
88,40849,1.1568175554275513,0.8067859411239624,,,
88,40899,0.6116724014282227,1.505530595779419,,,
88,40939,,,0.6170313986679353,1.2485769987106323,0.6850845813751221
89,40949,0.8315679430961609,1.117326259613037,,,
89,40999,1.034874677658081,0.7335010766983032,,,
89,41049,0.5766357183456421,1.4633362293243408,,,
89,41099,0.7655475735664368,0.9215510487556458,,,
89,41149,1.0650033950805664,1.2150393724441528,,,
89,41199,0.9203518033027649,0.994688868522644,,,
89,41249,0.6278228163719177,1.4145883321762085,,,
89,41299,0.7476955652236938,1.4090218544006348,,,
89,41349,1.1578941345214844,0.8585700988769531,,,
89,41399,0.4251287281513214,1.3406747579574585,,,
89,41399,,,0.7228489873589778,1.098634958267212,0.952865481376648
90,41449,0.9291874170303345,1.4577538967132568,,,
90,41499,0.7627050280570984,0.7439215183258057,,,
90,41549,1.150513768196106,1.0147240161895752,,,
90,41599,1.090343713760376,1.8160252571105957,,,
90,41649,0.8922959566116333,1.3472903966903687,,,
90,41699,0.7421796321868896,1.4326375722885132,,,
90,41749,0.7363162040710449,1.0579326152801514,,,
90,41799,1.050217628479004,1.1807680130004883,,,
90,41849,1.0833231210708618,1.5573453903198242,,,
90,41859,,,0.6358570069321734,1.2643927335739136,0.7897524237632751
91,41899,1.0006154775619507,0.8040262460708618,,,
91,41949,1.1772663593292236,1.0842379331588745,,,
91,41999,0.5692855715751648,1.4567973613739014,,,
91,42049,0.9071105718612671,0.9571685791015625,,,
91,42099,0.8279864192008972,0.9598089456558228,,,
91,42149,0.779782772064209,0.834912896156311,,,
91,42199,0.8488059639930725,1.0204170942306519,,,
91,42249,1.1156147718429565,1.1259331703186035,,,
91,42299,0.7899501919746399,1.1548086404800415,,,
91,42319,,,0.6951882560826423,1.375264048576355,0.7157739400863647
92,42349,1.0640175342559814,1.4170151948928833,,,
92,42399,1.1961750984191895,0.8698053359985352,,,
92,42449,0.8281295895576477,1.3778876066207886,,,
92,42499,0.669694185256958,1.563650131225586,,,
92,42549,0.5307050943374634,1.213446855545044,,,
92,42599,0.5488647222518921,0.9081911444664001,,,
92,42649,0.6721742153167725,1.7272603511810303,,,
92,42699,1.0835132598876953,0.8528158664703369,,,
92,42749,0.5341465473175049,1.8683550357818604,,,
92,42779,,,0.5988854152507815,1.2901363372802734,0.683946967124939
93,42799,0.9809151887893677,1.0406999588012695,,,
93,42849,0.9152307510375977,0.6483542919158936,,,
93,42899,0.7792782783508301,1.452580213546753,,,
93,42949,0.8759395480155945,1.0477596521377563,,,
93,42999,0.8529335856437683,1.3816688060760498,,,
93,43049,0.5572512745857239,1.460443377494812,,,
93,43099,1.1999828815460205,1.7565820217132568,,,
93,43149,0.6477150917053223,1.2114691734313965,,,
93,43199,0.7691159248352051,1.1027783155441284,,,
93,43239,,,0.6701780617099361,1.2155177593231201,0.9947305917739868
94,43249,0.757923424243927,1.4223065376281738,,,
94,43299,0.7869259119033813,2.2046327590942383,,,
94,43349,0.7162044644355774,1.147336483001709,,,
94,43399,0.6835349798202515,1.0659377574920654,,,
94,43449,0.8069005012512207,1.0920921564102173,,,
94,43499,0.724524974822998,1.0152074098587036,,,
94,43549,0.7224721312522888,1.3191090822219849,,,
94,43599,1.1969822645187378,1.7059162855148315,,,
94,43649,0.8481995463371277,1.2082138061523438,,,
94,43699,0.5876619815826416,1.1894136667251587,,,
94,43699,,,0.6677314122604322,1.1832404136657715,0.8222662806510925
95,43749,0.7401366233825684,1.3119161128997803,,,
95,43799,1.370042324066162,1.326723575592041,,,
95,43849,0.7793163657188416,1.394172191619873,,,
95,43899,0.7446317672729492,0.8846081495285034,,,
95,43949,0.885627269744873,1.4259552955627441,,,
95,43999,1.271432876586914,1.1109966039657593,,,
95,44049,0.6519511342048645,1.6633983850479126,,,
95,44099,1.1304651498794556,1.3097853660583496,,,
95,44149,0.7903770804405212,0.9281944036483765,,,
95,44159,,,0.5430202528204431,1.3854697942733765,0.5971263647079468
96,44199,0.9571762084960938,1.075652837753296,,,
96,44249,0.9678839445114136,0.8782809376716614,,,
96,44299,0.8534818887710571,1.0353598594665527,,,
96,44349,0.8050860166549683,1.3519129753112793,,,
96,44399,1.0375607013702393,0.8255777359008789,,,
96,44449,0.6625936627388,1.2159345149993896,,,
96,44499,1.0582250356674194,1.8141560554504395,,,
96,44549,0.7433950901031494,0.9025371670722961,,,
96,44599,0.7581885457038879,1.5254799127578735,,,
96,44619,,,0.66739159983689,1.2044196128845215,0.7416502833366394
97,44649,0.8775140047073364,1.108542561531067,,,
97,44699,0.7288914322853088,0.9108376502990723,,,
97,44749,0.7281642556190491,0.9629442691802979,,,
97,44799,0.43575209379196167,1.3883483409881592,,,
97,44849,0.8294099569320679,0.9546334743499756,,,
97,44899,0.835391640663147,0.7993158102035522,,,
97,44949,0.931640625,1.009588599205017,,,
97,44999,0.8479874134063721,1.7182210683822632,,,
97,45049,0.923359215259552,1.1775803565979004,,,
97,45079,,,0.5708169090661954,1.3337289094924927,0.7476017475128174
98,45099,1.281564474105835,1.1359317302703857,,,
98,45149,1.0474460124969482,0.9532194137573242,,,
98,45199,0.6347562074661255,1.0684053897857666,,,
98,45249,0.5001499652862549,1.7496880292892456,,,
98,45299,0.6284673810005188,1.2810752391815186,,,
98,45349,0.9903141856193542,0.9460485577583313,,,
98,45399,0.7427194118499756,1.1241018772125244,,,
98,45449,0.7385028600692749,1.5230991840362549,,,
98,45499,0.8262075781822205,1.2477138042449951,,,
98,45539,,,0.6233519097458203,1.1891119480133057,0.7491239309310913
99,45549,0.6718878746032715,1.5803511142730713,,,
99,45599,0.7266738414764404,1.0887665748596191,,,
99,45649,0.685560941696167,1.1376240253448486,,,
99,45699,0.48854899406433105,1.5231574773788452,,,
99,45749,0.8721719980239868,1.3522975444793701,,,
99,45799,0.7259234189987183,0.9671096801757812,,,
99,45849,0.9416910409927368,1.2171751260757446,,,
99,45899,1.0982553958892822,1.183515191078186,,,
99,45949,1.1341876983642578,1.532670021057129,,,
99,45999,0.6174677610397339,1.3013025522232056,,,
99,45999,,,0.6160119613973087,1.2415258884429932,0.7073018550872803
100,46049,0.8669458031654358,1.1593027114868164,,,
100,46099,0.4587183892726898,1.4048057794570923,,,
100,46149,0.9825623035430908,1.2711784839630127,,,
100,46199,0.98479163646698,0.9727365970611572,,,
100,46249,0.7310680150985718,1.4659643173217773,,,
100,46299,0.618523895740509,1.0789475440979004,,,
100,46349,0.9492781758308411,1.5320310592651367,,,
100,46399,0.6306687593460083,1.5290615558624268,,,
100,46449,0.7505484819412231,0.9999771118164062,,,
100,46459,,,0.5366317792578497,1.2933005094528198,0.5914461016654968
101,46499,0.5353790521621704,1.447392225265503,,,
101,46549,1.1144921779632568,0.9066842794418335,,,
101,46599,0.7225942611694336,1.232798457145691,,,
101,46649,1.0411837100982666,0.9847656488418579,,,
101,46699,0.6528676748275757,1.7150341272354126,,,
101,46749,0.8351250290870667,1.2417337894439697,,,
101,46799,0.9402479529380798,1.3649876117706299,,,
101,46849,0.6353194713592529,1.6684857606887817,,,
101,46899,0.9363306760787964,1.5926218032836914,,,
101,46919,,,0.62206062253636,1.2396173477172852,0.7493902444839478
102,46949,0.8693699836730957,0.6674419641494751,,,
102,46999,0.7645354270935059,1.92409086227417,,,
102,47049,0.8033124804496765,1.267307996749878,,,
102,47099,1.491746187210083,0.6782724857330322,,,
102,47149,0.9379151463508606,1.1174155473709106,,,
102,47199,0.9935673475265503,1.6185004711151123,,,
102,47249,0.6919820308685303,1.3493694067001343,,,
102,47299,1.2276488542556763,1.093080997467041,,,
102,47349,0.7710971236228943,1.080156922340393,,,
102,47379,,,0.632866657605002,1.2115137577056885,0.7049154043197632
103,47399,0.8609613180160522,1.5005232095718384,,,
103,47449,0.8690938949584961,1.4964045286178589,,,
103,47499,0.9314836263656616,1.3362312316894531,,,
103,47549,0.6915967464447021,0.9902529716491699,,,
103,47599,1.1156673431396484,1.426527500152588,,,
103,47649,0.8487796187400818,0.9496827125549316,,,
103,47699,1.0951610803604126,1.19962477684021,,,
103,47749,0.9243435859680176,1.3872429132461548,,,
103,47799,1.0724292993545532,0.9633215069770813,,,
103,47839,,,0.5597390240587196,1.3425334692001343,0.596519410610199
104,47849,0.8887734413146973,1.5601446628570557,,,
104,47899,0.8368754386901855,1.0526553392410278,,,
104,47949,0.837880551815033,1.322596549987793,,,
104,47999,0.6948645114898682,1.1315078735351562,,,
104,48049,1.3529599905014038,1.092285394668579,,,
104,48099,0.8656966686248779,0.7728760242462158,,,
104,48149,0.9151051044464111,1.3630597591400146,,,
104,48199,0.6862745881080627,1.2898249626159668,,,
104,48249,0.6991921067237854,1.3039021492004395,,,
104,48299,0.6816421747207642,1.6394325494766235,,,
104,48299,,,0.6471387793937746,1.2115713357925415,0.9412477016448975
105,48349,0.6657702922821045,1.0800001621246338,,,
105,48399,0.7457380294799805,1.559812307357788,,,
105,48449,0.9287458658218384,1.435697078704834,,,
105,48499,0.6752222776412964,1.452143907546997,,,
105,48549,0.8345012664794922,0.9999486804008484,,,
105,48599,0.8735895752906799,1.4790360927581787,,,
105,48649,0.44720685482025146,1.2018544673919678,,,
105,48699,0.6479965448379517,2.0296921730041504,,,
105,48749,0.9246069192886353,0.9960708618164062,,,
105,48759,,,0.5875356803044719,1.3567339181900024,0.5759239792823792
106,48799,0.5711507201194763,1.235680103302002,,,
106,48849,0.6516517400741577,1.120010495185852,,,
106,48899,0.7182258367538452,1.341773509979248,,,
106,48949,0.7528388500213623,1.5756802558898926,,,
106,48999,0.9714136123657227,0.9662375450134277,,,
106,49049,0.7128812670707703,1.4380061626434326,,,
106,49099,1.2654210329055786,1.129671335220337,,,
106,49149,0.4565035104751587,1.48099946975708,,,
106,49199,0.7821464538574219,1.2614326477050781,,,
106,49219,,,0.5542340627973359,1.3383949995040894,0.6214702725410461
107,49249,0.7232739925384521,0.9630241394042969,,,
107,49299,0.8805339336395264,1.0010576248168945,,,
107,49349,0.8038685321807861,1.002276062965393,,,
107,49399,0.7536792755126953,1.2952454090118408,,,
107,49449,0.6110437512397766,1.4020533561706543,,,
107,49499,0.9261016845703125,1.5603597164154053,,,
107,49549,0.5916069746017456,0.9241244792938232,,,
107,49599,0.7910167574882507,1.2301173210144043,,,
107,49649,0.8446473479270935,0.9686756134033203,,,
107,49679,,,0.6257985591953242,1.1811668872833252,0.7980324029922485
108,49699,0.9533578753471375,1.2832286357879639,,,
108,49749,0.7455523014068604,1.6375536918640137,,,
108,49799,0.4441912770271301,1.4911086559295654,,,
108,49849,0.8819526433944702,0.9111343622207642,,,
108,49899,1.0549595355987549,1.2530429363250732,,,
108,49949,0.5627539157867432,1.28631591796875,,,
108,49999,0.5787361860275269,1.8959922790527344,,,
108,50049,0.5820286870002747,1.0421212911605835,,,
108,50099,0.9118335843086243,1.3057620525360107,,,
108,50139,,,0.607584613293462,1.2874664068222046,0.6204752922058105
109,50149,0.6010308265686035,1.1330082416534424,,,
109,50199,1.4155254364013672,0.852667510509491,,,
109,50249,0.6867045164108276,0.9696798324584961,,,
109,50299,0.9767985939979553,0.7010499238967896,,,
109,50349,0.7411748766899109,2.5649163722991943,,,
109,50399,0.9581775665283203,1.0679763555526733,,,
109,50449,1.0988357067108154,1.232027292251587,,,
109,50499,1.0067261457443237,1.5197957754135132,,,
109,50549,0.6336740851402283,1.235565185546875,,,
109,50599,0.6606253981590271,1.6437768936157227,,,
109,50599,,,0.6067011009922523,1.2307988405227661,0.6654943823814392
110,50649,0.8984271287918091,0.9158563017845154,,,
110,50699,0.927480936050415,1.0422221422195435,,,
110,50749,1.100079894065857,1.089752197265625,,,
110,50799,0.8677988052368164,0.7873884439468384,,,
110,50849,0.9475907683372498,0.9771908521652222,,,
110,50899,0.7185538411140442,1.174774169921875,,,
110,50949,0.8203146457672119,0.8881788849830627,,,
110,50999,1.0541954040527344,1.1633507013320923,,,
110,51049,0.6417340040206909,1.2220593690872192,,,
110,51059,,,0.5354084545330977,1.3870089054107666,0.7184334993362427
111,51099,1.2898337841033936,1.0868995189666748,,,
111,51149,0.835161566734314,1.5219128131866455,,,
111,51199,0.555262565612793,1.4129977226257324,,,
111,51249,1.3121254444122314,1.385467529296875,,,
111,51299,0.7260616421699524,1.216962456703186,,,
111,51349,0.9497732520103455,1.1785913705825806,,,
111,51399,1.0572543144226074,0.9154594540596008,,,
111,51449,0.7671725153923035,1.3916637897491455,,,
111,51499,0.8855499625205994,1.3787016868591309,,,
111,51519,,,0.5785646323229577,1.3191865682601929,0.645247757434845
112,51549,0.4735502004623413,1.4354275465011597,,,
112,51599,0.8246021270751953,1.0652772188186646,,,
112,51649,0.9492413997650146,0.9778096079826355,,,
112,51699,0.7551202774047852,0.8882530331611633,,,
112,51749,1.342437982559204,1.2160478830337524,,,
112,51799,0.7172589302062988,1.0345758199691772,,,
112,51849,0.6814258098602295,1.2231898307800293,,,
112,51899,0.4818306863307953,1.910466194152832,,,
112,51949,0.8005737662315369,1.2765191793441772,,,
112,51979,,,0.659847764034253,1.1835304498672485,0.7915641069412231
113,51999,0.822371780872345,1.4042994976043701,,,
113,52049,1.1559653282165527,1.4489117860794067,,,
113,52099,0.8237981796264648,1.0791237354278564,,,
113,52149,0.8935133218765259,1.3157613277435303,,,
113,52199,1.1674144268035889,1.6840956211090088,,,
113,52249,0.48494356870651245,1.76185941696167,,,
113,52299,0.6991144418716431,1.500565528869629,,,
113,52349,0.8925588130950928,1.2572699785232544,,,
113,52399,0.7124590873718262,1.2557185888290405,,,
113,52439,,,0.626546146527117,1.30560302734375,0.7795624136924744
114,52449,0.7571331262588501,1.5942809581756592,,,
114,52499,0.538470983505249,1.0165631771087646,,,
114,52549,0.8092086911201477,1.5122555494308472,,,
114,52599,0.7375725507736206,1.17689847946167,,,
114,52649,0.7711660265922546,1.1992225646972656,,,
114,52699,0.9862792491912842,0.9614938497543335,,,
114,52749,0.7782464027404785,1.4738121032714844,,,
114,52799,0.6906207799911499,1.8897285461425781,,,
114,52849,0.8285514116287231,1.0582752227783203,,,
114,52899,0.8963948488235474,1.2088344097137451,,,
114,52899,,,0.6364686692945494,1.291299819946289,0.7505383491516113
115,52949,0.7595154047012329,1.1126172542572021,,,
115,52999,0.7174595594406128,0.9991000294685364,,,
115,53049,0.7659355401992798,1.2083845138549805,,,
115,53099,0.9493026733398438,1.376288890838623,,,
115,53149,0.4863978624343872,1.443890929222107,,,
115,53199,0.8307719230651855,1.2144646644592285,,,
115,53249,0.5812376737594604,1.4002418518066406,,,
115,53299,0.9944252967834473,1.578747272491455,,,
115,53349,0.9921903014183044,1.3177928924560547,,,
115,53359,,,0.5556612749762131,1.2833881378173828,0.6970417499542236
116,53399,0.7925249338150024,1.12345290184021,,,
116,53449,0.9644702672958374,1.0647099018096924,,,
116,53499,0.6478838920593262,1.5182592868804932,,,
116,53549,0.5869287848472595,1.347691535949707,,,
116,53599,0.7652219533920288,1.3538565635681152,,,
116,53649,0.8616288900375366,0.9311878681182861,,,
116,53699,0.8185221552848816,1.0705782175064087,,,
116,53749,0.9210988879203796,1.502455711364746,,,
116,53799,0.6621834635734558,1.2826893329620361,,,
116,53819,,,0.5914775044175615,1.280617117881775,0.660264790058136
117,53849,0.9081827402114868,1.1370048522949219,,,
117,53899,0.5782896876335144,1.173348069190979,,,
117,53949,0.9721797108650208,0.8189653158187866,,,
117,53999,1.0665336847305298,0.68215012550354,,,
117,54049,0.9013330936431885,1.0309295654296875,,,
117,54099,1.0053188800811768,0.8179455995559692,,,
117,54149,0.7175730466842651,0.9192520380020142,,,
117,54199,1.2020230293273926,1.2792291641235352,,,
117,54249,0.5061689019203186,1.3053984642028809,,,
117,54279,,,0.621313035204567,1.2270989418029785,0.6620808839797974
118,54299,1.0096423625946045,1.3256762027740479,,,
118,54349,0.6369361281394958,1.5437921285629272,,,
118,54399,0.5635899901390076,0.9513475298881531,,,
118,54449,0.6854038834571838,1.693793773651123,,,
118,54499,0.6117160320281982,1.3487703800201416,,,
118,54549,0.9579482078552246,1.0822951793670654,,,
118,54599,0.8839755058288574,0.7621799111366272,,,
118,54649,0.7649503946304321,1.6573474407196045,,,
118,54699,0.8249486684799194,0.9713093638420105,,,
118,54739,,,0.49266005165148835,1.2720156908035278,0.7629179358482361
119,54749,0.8541799783706665,1.0772347450256348,,,
119,54799,0.6589943170547485,1.191760778427124,,,
119,54849,1.2344905138015747,0.7575794458389282,,,
119,54899,0.7092930674552917,0.9472230076789856,,,
119,54949,0.9197089076042175,1.0998742580413818,,,
119,54999,0.7675555944442749,1.1487805843353271,,,
119,55049,0.890029788017273,0.943842887878418,,,
119,55099,1.0156915187835693,1.4227890968322754,,,
119,55149,1.0062751770019531,0.7728402614593506,,,
119,55199,0.9058736562728882,1.3838121891021729,,,
119,55199,,,0.5750305831181188,1.2411223649978638,0.7225884795188904
120,55249,0.8681761622428894,1.0947831869125366,,,
120,55299,0.963509738445282,0.9024968147277832,,,
120,55349,0.7898117303848267,1.7971503734588623,,,
120,55399,0.9098309278488159,1.1870522499084473,,,
120,55449,1.1754460334777832,0.7817031145095825,,,
120,55499,0.5443236231803894,1.2613593339920044,,,
120,55549,1.0342955589294434,0.9792079925537109,,,
120,55599,0.9340071678161621,0.8403052091598511,,,
120,55649,0.8324612379074097,1.2529716491699219,,,
120,55659,,,0.48824249014543974,1.374308705329895,0.7325627207756042
121,55699,1.0046744346618652,0.8641334176063538,,,
121,55749,0.7007691860198975,1.1671712398529053,,,
121,55799,0.630085825920105,1.5925381183624268,,,
121,55849,0.8226935267448425,1.1445879936218262,,,
121,55899,0.9433115124702454,1.2681254148483276,,,
121,55949,0.6346654891967773,1.4327311515808105,,,
121,55999,0.688093364238739,1.0537105798721313,,,
121,56049,0.47385555505752563,1.1092910766601562,,,
121,56099,0.8432592153549194,1.039000153541565,,,
121,56119,,,0.5461465271170314,1.3682411909103394,0.5969162583351135
122,56149,0.9497214555740356,1.7085131406784058,,,
122,56199,0.6874101161956787,1.087803840637207,,,
122,56249,0.7183465957641602,0.8718559741973877,,,
122,56299,0.679161787033081,1.2196329832077026,,,
122,56349,0.7896803021430969,0.8840107917785645,,,
122,56399,0.6240694522857666,1.0299873352050781,,,
122,56449,0.8840376138687134,1.4260625839233398,,,
122,56499,0.785211443901062,1.2000489234924316,,,
122,56549,0.7199276685714722,1.0159938335418701,,,
122,56579,,,0.6434008427348104,1.2784146070480347,0.7691630721092224
123,56599,0.7515377402305603,1.379503607749939,,,
123,56649,0.7124265432357788,1.1064152717590332,,,
123,56699,1.103662371635437,1.159456729888916,,,
123,56749,0.7441662549972534,1.2513782978057861,,,
123,56799,0.9856505990028381,1.014350175857544,,,
123,56849,0.8491305112838745,1.2350172996520996,,,
123,56899,0.914765477180481,0.9616529941558838,,,
123,56949,0.6824983358383179,1.2845393419265747,,,
123,56999,1.0756500959396362,0.9452419877052307,,,
123,57039,,,0.7019165420687781,1.1543619632720947,0.755564272403717
124,57049,0.963064432144165,1.1809636354446411,,,
124,57099,0.7930735349655151,1.63764488697052,,,
124,57149,0.9379920959472656,1.2406153678894043,,,
124,57199,0.7443819046020508,1.168218731880188,,,
124,57249,0.8827618360519409,1.0309303998947144,,,
124,57299,0.47438138723373413,0.9891678094863892,,,
124,57349,0.9338788390159607,1.1144349575042725,,,
124,57399,0.5758256912231445,1.6158758401870728,,,
124,57449,0.6566944122314453,1.786898136138916,,,
124,57499,0.6344252824783325,1.331477403640747,,,
124,57499,,,0.6259344841647411,1.316851019859314,0.831229031085968
125,57549,0.5920833945274353,1.050130009651184,,,
125,57599,0.836117148399353,0.8834848999977112,,,
125,57649,0.7710145711898804,1.578805685043335,,,
125,57699,1.2123229503631592,1.3503109216690063,,,
125,57749,0.7776292562484741,1.3552320003509521,,,
125,57799,0.552216649055481,0.9870861768722534,,,
125,57849,0.8653673529624939,0.8257272839546204,,,
125,57899,0.7856698632240295,1.076011061668396,,,
125,57949,0.6653676629066467,1.3134021759033203,,,
125,57959,,,0.6261383716188664,1.2043088674545288,0.7323278188705444
126,57999,1.103990077972412,0.9751823544502258,,,
126,58049,0.7668628096580505,1.0796754360198975,,,
126,58099,1.10350501537323,1.3503618240356445,,,
126,58149,0.8063862323760986,1.6897952556610107,,,
126,58199,1.0783158540725708,0.9530495405197144,,,
126,58249,0.661712646484375,1.7805278301239014,,,
126,58299,0.9507615566253662,0.7604509592056274,,,
126,58349,0.7797371745109558,1.7820943593978882,,,
126,58399,0.8415998816490173,0.8235076069831848,,,
126,58419,,,0.6039826016039146,1.2829813957214355,0.6478248238563538
127,58449,0.8938745260238647,1.369093418121338,,,
127,58499,0.9062381386756897,1.541504979133606,,,
127,58549,0.8995870351791382,0.9790465831756592,,,
127,58599,0.8162173628807068,1.100339412689209,,,
127,58649,0.862799882888794,0.876645565032959,,,
127,58699,1.014132022857666,1.535165548324585,,,
127,58749,0.5459320545196533,1.7897875308990479,,,
127,58799,0.7109390497207642,1.5866068601608276,,,
127,58849,0.9406853914260864,0.8272084593772888,,,
127,58879,,,0.6325948076661683,1.2763844728469849,0.8452669978141785
128,58899,0.7796239256858826,2.134631633758545,,,
128,58949,0.8833736777305603,1.5578718185424805,,,
128,58999,0.7658006548881531,1.2315235137939453,,,
128,59049,0.9368388652801514,0.6269418597221375,,,
128,59099,0.8522216081619263,0.9040777683258057,,,
128,59149,0.7028893828392029,1.114670753479004,,,
128,59199,1.026572346687317,0.9612916111946106,,,
128,59249,0.848968505859375,1.3320562839508057,,,
128,59299,0.7360090017318726,1.4593071937561035,,,
128,59339,,,0.6401386434688052,1.2889056205749512,0.7639568448066711
129,59349,0.6752620935440063,1.1195950508117676,,,
129,59399,0.913869321346283,1.0213837623596191,,,
129,59449,1.0952403545379639,1.3603039979934692,,,
129,59499,0.5734882354736328,1.6881359815597534,,,
129,59549,1.1320087909698486,2.226646661758423,,,
129,59599,0.6655075550079346,2.0779733657836914,,,
129,59649,0.9760209918022156,1.5400124788284302,,,
129,59699,1.1067490577697754,0.9849347472190857,,,
129,59749,0.8939806818962097,1.2069287300109863,,,
129,59799,1.0541856288909912,1.3106478452682495,,,
129,59799,,,0.6279053962212858,1.2338768243789673,0.7331267595291138
130,59849,0.9064409732818604,1.575673222541809,,,
130,59899,0.974807858467102,0.7626701593399048,,,
130,59949,0.6716153621673584,1.4038692712783813,,,
130,59999,0.48531022667884827,1.2922186851501465,,,
130,60049,0.9544019103050232,1.270702600479126,,,
130,60099,0.7567388415336609,1.4056724309921265,,,
130,60149,0.7847608327865601,1.1529041528701782,,,
130,60199,0.3778466284275055,1.5584852695465088,,,
130,60249,0.8793509602546692,2.3403873443603516,,,
130,60259,,,0.662294413483757,1.2048678398132324,0.9148722290992737
131,60299,0.7194624543190002,1.1897430419921875,,,
131,60349,0.5394579172134399,1.0474472045898438,,,
131,60399,0.48245036602020264,1.264829158782959,,,
131,60449,0.9746603965759277,1.1097490787506104,,,
131,60499,0.7494418621063232,1.4649899005889893,,,
131,60549,0.7747067213058472,1.1953352689743042,,,
131,60599,0.8272138237953186,1.3755064010620117,,,
131,60649,0.6079397201538086,1.266905426979065,,,
131,60699,0.6410456895828247,1.3878252506256104,,,
131,60719,,,0.48681527796656243,1.477178692817688,0.5170456767082214
132,60749,0.47265496850013733,1.4726920127868652,,,
132,60799,0.6981886625289917,1.1758906841278076,,,
132,60849,0.8566460013389587,0.961487889289856,,,
132,60899,0.5754055976867676,1.1404082775115967,,,
132,60949,0.9984208941459656,0.9279178380966187,,,
132,60999,0.7226403951644897,0.9111241102218628,,,
132,61049,0.8880825042724609,1.0009115934371948,,,
132,61099,0.9736840128898621,1.0233652591705322,,,
132,61149,0.8665342330932617,0.9847840070724487,,,
132,61179,,,0.6476824792714422,1.23928701877594,0.6937850117683411
133,61199,0.5159702301025391,1.69578218460083,,,
133,61249,0.6712307929992676,1.2428700923919678,,,
133,61299,0.9462692737579346,1.013418436050415,,,
133,61349,0.661959707736969,0.9015659093856812,,,
133,61399,0.5814749002456665,0.9669601917266846,,,
133,61449,0.7065020203590393,1.1295244693756104,,,
133,61499,0.6634818911552429,1.408517599105835,,,
133,61549,0.7000656127929688,0.9141926765441895,,,
133,61599,0.9738346934318542,0.8103686571121216,,,
133,61639,,,0.5082914231344298,1.3249428272247314,0.6190826892852783
134,61649,0.693122148513794,1.5050621032714844,,,
134,61699,0.8458779454231262,0.9686135649681091,,,
134,61749,0.8063730597496033,0.982977032661438,,,
134,61799,0.38669389486312866,1.1736814975738525,,,
134,61849,0.8898854851722717,1.378648042678833,,,
134,61899,0.8846445083618164,1.2781248092651367,,,
134,61949,0.6797550916671753,1.1878037452697754,,,
134,61999,0.7442420125007629,1.4002726078033447,,,
134,62049,0.8179693818092346,1.3256590366363525,,,
134,62099,1.0231415033340454,1.7379813194274902,,,
134,62099,,,0.6054777762675003,1.2385352849960327,0.7848166823387146
135,62149,0.6107430458068848,1.1137725114822388,,,
135,62199,0.5445191264152527,1.1604430675506592,,,
135,62249,0.5664360523223877,1.7923283576965332,,,
135,62299,0.5482447147369385,1.133898377418518,,,
135,62349,0.6935977935791016,1.2840571403503418,,,
135,62399,0.787087619304657,1.6320748329162598,,,
135,62449,0.6335572600364685,1.592760682106018,,,
135,62499,0.6353617310523987,1.265697717666626,,,
135,62549,0.6207234859466553,1.5631146430969238,,,
135,62559,,,0.5597390240587196,1.2685391902923584,0.6681917905807495
136,62599,0.7790037393569946,1.444406270980835,,,
136,62649,1.0975685119628906,1.0877912044525146,,,
136,62699,0.7497351169586182,1.003061294555664,,,
136,62749,1.1046075820922852,1.001577377319336,,,
136,62799,0.6971819996833801,1.5518532991409302,,,
136,62849,0.7961010932922363,0.8282555341720581,,,
136,62899,0.8017860054969788,0.884181022644043,,,
136,62949,0.8525727391242981,1.694826602935791,,,
136,62999,0.6300331354141235,1.1010476350784302,,,
136,63019,,,0.4840967785782248,1.4580823183059692,0.4834074079990387
137,63049,0.4820367693901062,1.3539471626281738,,,
137,63099,1.2851786613464355,0.9452796578407288,,,
137,63149,0.7902891635894775,1.2096154689788818,,,
137,63199,1.0454449653625488,0.9956179261207581,,,
137,63249,0.8296909332275391,1.0659546852111816,,,
137,63299,0.8272571563720703,1.1202235221862793,,,
137,63349,1.0286026000976562,1.2463021278381348,,,
137,63399,0.7382030487060547,1.609086513519287,,,
137,63449,1.0544319152832031,0.9642590284347534,,,
137,63479,,,0.4814462416745956,1.3603097200393677,0.7822496294975281
138,63499,1.4149070978164673,1.1785732507705688,,,
138,63549,0.7715966701507568,1.3848308324813843,,,
138,63599,1.3086907863616943,2.131322145462036,,,
138,63649,0.5029195547103882,1.1907858848571777,,,
138,63699,0.978148341178894,1.3939974308013916,,,
138,63749,0.6568864583969116,1.8446757793426514,,,
138,63799,1.0340709686279297,1.0800971984863281,,,
138,63849,0.8925753831863403,1.297534465789795,,,
138,63899,0.844266951084137,1.1512540578842163,,,
138,63939,,,0.5140002718499388,1.333691120147705,0.5690383911132812
139,63949,0.654331624507904,2.6785953044891357,,,
139,63999,0.8264495730400085,1.4476656913757324,,,
139,64049,0.7687002420425415,1.5525697469711304,,,
139,64099,0.8568530678749084,0.7472518086433411,,,
139,64149,0.7169743776321411,1.0736489295959473,,,
139,64199,1.0786445140838623,0.8038443922996521,,,
139,64249,0.5321274995803833,0.970565915107727,,,
139,64299,0.7268637418746948,1.1833703517913818,,,
139,64349,0.6406804919242859,0.9045698642730713,,,
139,64399,1.3648087978363037,1.2555588483810425,,,
139,64399,,,0.5648362104118526,1.2882798910140991,0.6595324873924255
140,64449,0.538215696811676,0.8593496680259705,,,
140,64499,0.3611266016960144,2.624497413635254,,,
140,64549,1.0305681228637695,1.3335973024368286,,,
140,64599,0.42656949162483215,1.6417315006256104,,,
140,64649,0.7470899820327759,0.8891564607620239,,,
140,64699,0.8677926063537598,1.1898037195205688,,,
140,64749,0.8056783676147461,1.1952259540557861,,,
140,64799,0.7834014296531677,1.1858088970184326,,,
140,64849,0.7528041005134583,1.789747953414917,,,
140,64859,,,0.670313986679353,1.1810170412063599,0.7762290835380554
141,64899,0.6037851572036743,1.5239156484603882,,,
141,64949,0.6921350359916687,1.3686707019805908,,,
141,64999,0.6417337656021118,1.2876838445663452,,,
141,65049,0.4198981821537018,1.3507851362228394,,,
141,65099,0.872313380241394,0.8093343377113342,,,
141,65149,0.5604913830757141,1.5681142807006836,,,
141,65199,0.740683376789093,1.2821416854858398,,,
141,65249,0.5751324892044067,1.5264832973480225,,,
141,65299,0.9772427678108215,1.178492784500122,,,
141,65319,,,0.6376240315345929,1.260794758796692,0.675385594367981
142,65349,0.6972631812095642,1.0303555727005005,,,
142,65399,0.4693871736526489,1.3431341648101807,,,
142,65449,0.5595024824142456,1.5047719478607178,,,
142,65499,0.5721567273139954,1.0322928428649902,,,
142,65549,0.38827377557754517,0.9648756384849548,,,
142,65599,0.75808185338974,1.3561370372772217,,,
142,65649,0.7010408639907837,1.3185930252075195,,,
142,65699,0.6850201487541199,1.0835423469543457,,,
142,65749,0.4381113648414612,1.2185440063476562,,,
142,65779,,,0.5685061845861085,1.3122416734695435,0.7214047908782959
143,65799,0.5911784172058105,1.4311442375183105,,,
143,65849,1.008616328239441,1.2633118629455566,,,
143,65899,0.7554230093955994,1.3704662322998047,,,
143,65949,0.41835078597068787,1.723586916923523,,,
143,65999,1.0372741222381592,0.6625932455062866,,,
143,66049,0.5794771909713745,1.5208814144134521,,,
143,66099,0.6869398355484009,1.0779235363006592,,,
143,66149,0.6621543765068054,1.102708101272583,,,
143,66199,0.9683053493499756,1.1161481142044067,,,
143,66239,,,0.6056816637216257,1.2848213911056519,0.6736205816268921
144,66249,0.6063685417175293,1.0059564113616943,,,
144,66299,0.4071314036846161,1.395850419998169,,,
144,66349,0.45531392097473145,0.8856414556503296,,,
144,66399,0.7644203305244446,1.2102301120758057,,,
144,66449,0.7112830877304077,1.3964552879333496,,,
144,66499,0.8824688196182251,1.0685549974441528,,,
144,66549,1.0533397197723389,1.1625820398330688,,,
144,66599,0.7505766153335571,1.6035176515579224,,,
144,66649,0.5194692015647888,1.0916885137557983,,,
144,66699,0.5857270956039429,1.1787927150726318,,,
144,66699,,,0.7055865162430338,1.1621679067611694,0.8340377807617188
145,66749,0.9486173987388611,0.9742968082427979,,,
145,66799,0.7104699015617371,1.5377593040466309,,,
145,66849,0.569398045539856,1.1405773162841797,,,
145,66899,1.006105899810791,1.504218339920044,,,
145,66949,0.9056726694107056,1.2079602479934692,,,
145,66999,0.8421773910522461,1.1017574071884155,,,
145,67049,0.972375750541687,0.9033428430557251,,,
145,67099,0.9481508135795593,1.3304458856582642,,,
145,67149,0.9324758648872375,0.9385066032409668,,,
145,67159,,,0.6050020388745413,1.389150619506836,0.6708383560180664
146,67199,0.7685710787773132,0.8964126110076904,,,
146,67249,0.7684673070907593,1.8618104457855225,,,
146,67299,0.7365409731864929,0.8121942281723022,,,
146,67349,1.0291268825531006,1.3521509170532227,,,
146,67399,0.8015638589859009,0.9492098093032837,,,
146,67449,0.5573917031288147,1.4058018922805786,,,
146,67499,0.8466686606407166,0.9896960258483887,,,
146,67549,0.9290871620178223,0.8285834193229675,,,
146,67599,0.8174803853034973,1.0079632997512817,,,
146,67619,,,0.4971455756422455,1.3871101140975952,0.534817099571228
147,67649,0.5362880229949951,1.363171935081482,,,
147,67699,0.6066230535507202,1.4999239444732666,,,
147,67749,1.0531370639801025,1.2043397426605225,,,
147,67799,0.4654858112335205,1.5877773761749268,,,
147,67849,0.9886960983276367,1.4478271007537842,,,
147,67899,0.6931148767471313,1.4902589321136475,,,
147,67949,0.5801709890365601,1.4948160648345947,,,
147,67999,0.606825590133667,1.3445931673049927,,,
147,68049,0.7251027226448059,1.2082667350769043,,,
147,68079,,,0.6661003126274296,1.2235980033874512,0.8150740265846252
148,68099,1.0106487274169922,1.4578633308410645,,,
148,68149,0.8448803424835205,1.3131235837936401,,,
148,68199,0.5602989196777344,1.2854719161987305,,,
148,68249,0.7373919486999512,1.0787084102630615,,,
148,68299,0.49187374114990234,1.2024199962615967,,,
148,68349,0.6721382737159729,2.1406710147857666,,,
148,68399,0.6167985796928406,0.8367830514907837,,,
148,68449,0.45576775074005127,2.039120674133301,,,
148,68499,0.9136373400688171,0.6561189293861389,,,
148,68539,,,0.520184857958407,1.354737639427185,0.49754267930984497
149,68549,0.8611986637115479,1.2079428434371948,,,
149,68599,0.8742050528526306,1.903151035308838,,,
149,68649,0.7079125046730042,1.9085357189178467,,,
149,68699,0.9570443630218506,1.1030724048614502,,,
149,68749,0.7132977247238159,1.1088268756866455,,,
149,68799,0.7036137580871582,1.6778051853179932,,,
149,68849,0.6151027679443359,1.2570276260375977,,,
149,68899,0.7716076374053955,1.7956345081329346,,,
149,68949,0.9188287854194641,1.0907485485076904,,,
149,68999,0.9228553771972656,1.1365337371826172,,,
149,68999,,,0.5785646323229577,1.3122289180755615,0.6187441349029541
150,69049,0.7769262194633484,1.2392809391021729,,,
150,69099,1.186626672744751,1.5326313972473145,,,
150,69149,0.7003685832023621,1.2491048574447632,,,
150,69199,0.7372682094573975,1.277881383895874,,,
150,69249,1.6775457859039307,1.1169672012329102,,,
150,69299,0.5870308876037598,1.047267198562622,,,
150,69349,0.6919626593589783,1.0563126802444458,,,
150,69399,1.1575355529785156,0.6173127889633179,,,
150,69449,1.0181431770324707,1.199544072151184,,,
150,69459,,,0.524670381949164,1.3854708671569824,0.5621078014373779
151,69499,0.6961150169372559,1.5236866474151611,,,
151,69549,0.6259955167770386,1.2241264581680298,,,
151,69599,0.9756119847297668,1.2200886011123657,,,
151,69649,1.1188037395477295,1.1789036989212036,,,
151,69699,0.9111876487731934,1.5087761878967285,,,
151,69749,0.7524384260177612,1.2091169357299805,,,
151,69799,0.5326112508773804,1.2974109649658203,,,
151,69849,0.4703231155872345,1.4277759790420532,,,
151,69899,0.7628923654556274,2.136732578277588,,,
151,69919,,,0.5953513660459426,1.3162122964859009,0.7471342086791992
152,69949,1.21707284450531,1.8206087350845337,,,
152,69999,0.8208855390548706,1.1373543739318848,,,
152,70049,0.5952945947647095,1.0724403858184814,,,
152,70099,0.8642311096191406,0.7375571727752686,,,
152,70149,0.7622590661048889,1.1426310539245605,,,
152,70199,0.6273669004440308,0.9228460788726807,,,
152,70249,0.566037118434906,1.0607095956802368,,,
152,70299,0.9333680868148804,0.8999048471450806,,,
152,70349,0.6117330193519592,1.14253830909729,,,
152,70379,,,0.5660595351366046,1.3380261659622192,0.639680802822113
153,70399,0.8214969038963318,1.3999392986297607,,,
153,70449,0.7999441623687744,0.8993757963180542,,,
153,70499,0.9394207000732422,1.355591893196106,,,
153,70549,0.8891303539276123,0.9857301115989685,,,
153,70599,0.6046889424324036,0.9522792100906372,,,
153,70649,1.0756995677947998,0.9128746390342712,,,
153,70699,1.1749615669250488,1.1937215328216553,,,
153,70749,0.7822389602661133,1.4630647897720337,,,
153,70799,1.1567046642303467,1.020193338394165,,,
153,70839,,,0.47899959222509175,1.4141244888305664,0.948596179485321
154,70849,0.685223400592804,1.1127190589904785,,,
154,70899,0.8967465162277222,1.0029596090316772,,,
154,70949,0.9855225086212158,1.6934959888458252,,,
154,70999,0.7713209390640259,0.9700510501861572,,,
154,71049,0.7017658948898315,1.5795247554779053,,,
154,71099,0.8983798623085022,0.7231563329696655,,,
154,71149,0.5838368535041809,1.0724141597747803,,,
154,71199,1.0591180324554443,0.9182727336883545,,,
154,71249,0.7052589654922485,1.025449275970459,,,
154,71299,0.3828001618385315,1.5482666492462158,,,
154,71299,,,0.5875356803044719,1.2974801063537598,0.7973861694335938
155,71349,0.7096912264823914,1.306100845336914,,,
155,71399,0.5873218774795532,1.4752891063690186,,,
155,71449,0.7892457842826843,1.291748046875,,,
155,71499,0.693162202835083,1.3450040817260742,,,
155,71549,1.1309967041015625,1.599395990371704,,,
155,71599,0.642173171043396,1.4436309337615967,,,
155,71649,0.776110053062439,1.2960728406906128,,,
155,71699,0.8657347559928894,1.0620167255401611,,,
155,71749,0.8991862535476685,1.1411832571029663,,,
155,71759,,,0.5099225227674323,1.402343988418579,0.5928071737289429
156,71799,0.4628112316131592,1.1358258724212646,,,
156,71849,0.5426832437515259,1.5547269582748413,,,
156,71899,0.8663592338562012,1.6129066944122314,,,
156,71949,0.5735125541687012,1.1816740036010742,,,
156,71999,0.7564853429794312,1.4907822608947754,,,
156,72049,0.6368280649185181,1.3179905414581299,,,
156,72099,0.819400429725647,0.9404283761978149,,,
156,72149,0.7014915347099304,1.5331916809082031,,,
156,72199,1.1055800914764404,1.208855152130127,,,
156,72219,,,0.6546146527117032,1.1922857761383057,0.8353767991065979
157,72249,0.8057161569595337,1.509365200996399,,,
157,72299,0.9806349277496338,1.4103330373764038,,,
157,72349,0.6318074464797974,1.5704392194747925,,,
157,72399,0.6585160493850708,1.2683265209197998,,,
157,72449,0.6350938677787781,1.44823157787323,,,
157,72499,0.755071759223938,1.3201446533203125,,,
157,72549,0.8573854565620422,0.6831812262535095,,,
157,72599,0.9840719699859619,0.9207132458686829,,,
157,72649,1.0371153354644775,1.1032639741897583,,,
157,72679,,,0.6671197498980562,1.1955997943878174,0.7844303250312805
158,72699,1.1074821949005127,1.2088260650634766,,,
158,72749,0.5041790008544922,1.7410805225372314,,,
158,72799,0.8053303360939026,1.450033187866211,,,
158,72849,0.9599452018737793,0.8025907278060913,,,
158,72899,0.7179945111274719,1.3323596715927124,,,
158,72949,0.9636913537979126,1.3127381801605225,,,
158,72999,0.5250160694122314,1.6130456924438477,,,
158,73049,0.7498143911361694,1.2118139266967773,,,
158,73099,0.8526098728179932,1.3847723007202148,,,
158,73139,,,0.6823433464727471,1.1758465766906738,0.9026950001716614
159,73149,0.735278844833374,1.1117885112762451,,,
159,73199,0.5593039989471436,1.124108076095581,,,
159,73249,0.6956448554992676,1.1805905103683472,,,
159,73299,0.7160402536392212,1.134103536605835,,,
159,73349,0.6720829010009766,1.0540169477462769,,,
159,73399,1.0315656661987305,1.9468908309936523,,,
159,73449,0.4137842655181885,1.9544240236282349,,,
159,73499,0.747376024723053,0.9521160125732422,,,
159,73549,0.801352858543396,1.7203373908996582,,,
159,73599,0.8089077472686768,1.030578851699829,,,
159,73599,,,0.5895065923610168,1.3790466785430908,0.6287294030189514
160,73649,1.0356494188308716,0.7688072323799133,,,
160,73699,0.7450984716415405,1.2237963676452637,,,
160,73749,0.7063374519348145,1.0717494487762451,,,
160,73799,0.6582450866699219,1.0841306447982788,,,
160,73849,0.5835591554641724,1.212113857269287,,,
160,73899,1.533696174621582,1.4553110599517822,,,
160,73949,0.5766744613647461,1.436345100402832,,,
160,73999,0.6604666113853455,1.1334655284881592,,,
160,74049,0.8790215849876404,1.7916979789733887,,,
160,74059,,,0.578292782384124,1.3079475164413452,0.6097853779792786
161,74099,1.2035576105117798,0.781994104385376,,,
161,74149,1.2525016069412231,1.8188245296478271,,,
161,74199,0.5183987617492676,1.219559907913208,,,
161,74249,0.4918674826622009,1.2857860326766968,,,
161,74299,1.0400794744491577,0.9450574517250061,,,
161,74349,0.49925410747528076,1.2726457118988037,,,
161,74399,0.5894157290458679,1.2114166021347046,,,
161,74449,0.4480974078178406,1.5332181453704834,,,
161,74499,0.7335395812988281,1.4232640266418457,,,
161,74519,,,0.501087399755335,1.4911364316940308,0.4955946207046509
162,74549,0.8253320455551147,1.1516258716583252,,,
162,74599,0.9768786430358887,0.9113503694534302,,,
162,74649,1.0626708269119263,1.4454654455184937,,,
162,74699,0.5870012044906616,1.5055612325668335,,,
162,74749,0.7396829128265381,1.1028645038604736,,,
162,74799,0.7673689126968384,1.144700527191162,,,
162,74849,0.8131849765777588,1.3377699851989746,,,
162,74899,1.6010065078735352,1.6397103071212769,,,
162,74949,0.7302175760269165,1.0905784368515015,,,
162,74979,,,0.5154274840288161,1.3302679061889648,0.5079193115234375
163,74999,0.606472373008728,1.0814073085784912,,,
163,75049,0.9125520586967468,1.7899057865142822,,,
163,75099,0.7812951803207397,1.508526086807251,,,
163,75149,0.7851651906967163,1.0271925926208496,,,
163,75199,0.46800899505615234,1.199425220489502,,,
163,75249,0.836081326007843,1.9293040037155151,,,
163,75299,0.5076106786727905,0.9430922269821167,,,
163,75349,0.7190003991127014,1.5040414333343506,,,
163,75399,0.7719709873199463,0.8570711612701416,,,
163,75439,,,0.5148837841511485,1.3198859691619873,0.5739611983299255
164,75449,0.8501651287078857,1.3400030136108398,,,
164,75499,1.079961895942688,1.216189980506897,,,
164,75549,0.6911112070083618,1.221299648284912,,,
164,75599,0.7322993278503418,1.4080889225006104,,,
164,75649,0.7392234802246094,0.9807765483856201,,,
164,75699,0.45236557722091675,1.792188286781311,,,
164,75749,0.40170034766197205,1.3958660364151,,,
164,75799,1.2577464580535889,1.1665303707122803,,,
164,75849,0.9372315406799316,2.0408449172973633,,,
164,75899,0.7624971866607666,0.6954037547111511,,,
164,75899,,,0.7608400163109963,0.9814974665641785,0.6642733812332153
165,75949,0.9399498701095581,1.7009483575820923,,,
165,75999,0.5315958261489868,1.1174945831298828,,,
165,76049,0.6137462854385376,1.3815696239471436,,,
165,76099,0.8169629573822021,1.5895209312438965,,,
165,76149,0.6072353720664978,1.2611430883407593,,,
165,76199,0.9494222402572632,0.8257306814193726,,,
165,76249,0.5263082981109619,1.2858681678771973,,,
165,76299,0.8341717720031738,1.2749680280685425,,,
165,76349,0.8061844706535339,1.122149109840393,,,
165,76359,,,0.544379502514612,1.3165034055709839,0.5440717339515686
166,76399,0.7305532097816467,1.3534058332443237,,,
166,76449,0.6343987584114075,1.86998450756073,,,
166,76499,0.6615526676177979,1.0873059034347534,,,
166,76549,0.839317798614502,0.9864728450775146,,,
166,76599,0.9313575029373169,1.9801812171936035,,,
166,76649,0.6113273501396179,1.8903552293777466,,,
166,76699,0.8103911280632019,0.9506586194038391,,,
166,76749,1.0952646732330322,0.7784907817840576,,,
166,76799,0.7922052145004272,1.162712574005127,,,
166,76819,,,0.5459426396629061,1.3697606325149536,0.5856850147247314
167,76849,0.963985800743103,0.8841632604598999,,,
167,76899,0.6221203207969666,1.374252438545227,,,
167,76949,0.6309071779251099,2.2829537391662598,,,
167,76999,0.9587723016738892,1.4498180150985718,,,
167,77049,0.8458511829376221,1.2645787000656128,,,
167,77099,0.9885565638542175,0.8385910987854004,,,
167,77149,1.1479532718658447,0.7584260106086731,,,
167,77199,0.8149378299713135,0.6373573541641235,,,
167,77249,0.8721926212310791,1.2761383056640625,,,
167,77279,,,0.6313035204567079,1.314430594444275,0.6829831600189209
168,77299,0.8910170793533325,0.9316847324371338,,,
168,77349,0.8673939108848572,1.2613213062286377,,,
168,77399,0.6093951463699341,1.0717523097991943,,,
168,77449,0.6869238018989563,1.415849208831787,,,
168,77499,0.8303689956665039,1.5492093563079834,,,
168,77549,0.8917685151100159,1.1994867324829102,,,
168,77599,0.6855192184448242,1.0656170845031738,,,
168,77649,1.1026538610458374,1.488785982131958,,,
168,77699,0.8724136352539062,1.099595546722412,,,
168,77739,,,0.5390784287073536,1.370674729347229,0.6079745292663574
169,77749,0.6545813083648682,1.2308008670806885,,,
169,77799,0.7249569892883301,1.1472197771072388,,,
169,77849,0.6689597964286804,1.648202657699585,,,
169,77899,0.862527072429657,0.9981674551963806,,,
169,77949,0.42875146865844727,1.6408932209014893,,,
169,77999,0.7535428404808044,1.7266331911087036,,,
169,78049,0.755570650100708,1.1138720512390137,,,
169,78099,0.8045397400856018,1.1386103630065918,,,
169,78149,0.903108537197113,0.8666020631790161,,,
169,78199,0.9140224456787109,1.6025097370147705,,,
169,78199,,,0.49232023922794615,1.57881498336792,0.4546818137168884
170,78249,0.7379211187362671,1.0546932220458984,,,
170,78299,0.7452728152275085,1.758289098739624,,,
170,78349,0.689469575881958,1.1904923915863037,,,
170,78399,0.7341676354408264,1.146758794784546,,,
170,78449,0.8306066989898682,1.060004472732544,,,
170,78499,0.6978214979171753,1.1514811515808105,,,
170,78549,0.5955924987792969,1.6377978324890137,,,
170,78599,0.9941666126251221,1.4495513439178467,,,
170,78649,0.9191156029701233,1.1589609384536743,,,
170,78659,,,0.7227810248742694,1.1977213621139526,0.7887361645698547
171,78699,0.9681078195571899,0.7950520515441895,,,
171,78749,0.8255197405815125,1.0412027835845947,,,
171,78799,0.6907928586006165,1.3764829635620117,,,
171,78849,0.8651165962219238,0.9139348864555359,,,
171,78899,0.5655364990234375,1.8313219547271729,,,
171,78949,0.9888900518417358,0.6151231527328491,,,
171,78999,0.7573121786117554,1.1186702251434326,,,
171,79049,1.110018014907837,0.7353515625,,,
171,79099,0.8909968137741089,1.7550565004348755,,,
171,79119,,,0.8391327986951203,1.1066490411758423,0.9301591515541077
172,79149,0.48222795128822327,1.2769733667373657,,,
172,79199,0.5752138495445251,1.6392452716827393,,,
172,79249,0.9187853932380676,1.261169195175171,,,
172,79299,0.7312841415405273,0.8613840937614441,,,
172,79349,0.8147531747817993,1.5663306713104248,,,
172,79399,0.6917367577552795,1.7695446014404297,,,
172,79449,0.8643360137939453,1.0556915998458862,,,
172,79499,0.6105912327766418,0.9796658754348755,,,
172,79549,1.0037733316421509,1.2498867511749268,,,
172,79579,,,0.5722441212450727,1.263925313949585,0.6046297550201416
173,79599,0.7386681437492371,1.268322229385376,,,
173,79649,0.6280986070632935,1.27299165725708,,,
173,79699,0.674963653087616,0.8571510314941406,,,
173,79749,0.5930694341659546,1.3138813972473145,,,
173,79799,0.6560811996459961,1.2750811576843262,,,
173,79849,0.7035650610923767,1.4292018413543701,,,
173,79899,0.43735766410827637,0.8617124557495117,,,
173,79949,0.739787220954895,1.6195361614227295,,,
173,79999,0.893903374671936,1.0384645462036133,,,
173,80039,,,0.5479135517194509,1.2767401933670044,0.6229374408721924
174,80049,0.8719903826713562,1.3721667528152466,,,
174,80099,0.8404332399368286,1.377077579498291,,,
174,80149,0.773738443851471,1.3630766868591309,,,
174,80199,1.2708845138549805,1.5717763900756836,,,
174,80249,0.7516195774078369,1.2402539253234863,,,
174,80299,0.6291384696960449,1.5976368188858032,,,
174,80349,0.7150270938873291,1.9439043998718262,,,
174,80399,0.7264132499694824,0.6149189472198486,,,
174,80449,0.572902500629425,1.1688485145568848,,,
174,80499,0.7511812448501587,1.4630353450775146,,,
174,80499,,,0.5997009650672829,1.3202760219573975,0.718414843082428
175,80549,0.5541254281997681,1.5635831356048584,,,
175,80599,0.7446783781051636,1.3933959007263184,,,
175,80649,0.7887787818908691,1.4608103036880493,,,
175,80699,0.7358576059341431,1.1745672225952148,,,
175,80749,1.0195144414901733,0.960067868232727,,,
175,80799,0.5673582553863525,1.5748708248138428,,,
175,80849,0.6920084953308105,0.8627734184265137,,,
175,80899,0.7569137811660767,1.322669267654419,,,
175,80949,0.8210802674293518,1.1295355558395386,,,
175,80959,,,0.5910697295093109,1.298075795173645,0.6411116719245911
176,80999,0.8590984344482422,1.7997773885726929,,,
176,81049,0.5169832706451416,1.5838953256607056,,,
176,81099,1.0958973169326782,1.2062079906463623,,,
176,81149,0.9792501926422119,1.0615508556365967,,,
176,81199,0.6680763363838196,1.4948055744171143,,,
176,81249,0.8330786824226379,1.1231262683868408,,,
176,81299,0.6894252300262451,0.9388856887817383,,,
176,81349,0.6341784596443176,1.37323796749115,,,
176,81399,0.5988994240760803,0.8916773200035095,,,
176,81419,,,0.6563816773141226,1.2098602056503296,0.7017619609832764
177,81449,0.7058108448982239,1.300816297531128,,,
177,81499,0.7327561378479004,1.097346544265747,,,
177,81549,0.5774003267288208,1.6350606679916382,,,
177,81599,0.7730189561843872,1.795817255973816,,,
177,81649,0.7643868923187256,1.6970009803771973,,,
177,81699,0.8147595524787903,0.9797306060791016,,,
177,81749,0.5714346170425415,1.4842100143432617,,,
177,81799,0.8079823851585388,1.6717400550842285,,,
177,81849,0.9137217402458191,1.6440086364746094,,,
177,81879,,,0.5342530922930543,1.3690690994262695,0.6117449402809143
178,81899,0.7524545192718506,1.1740310192108154,,,
178,81949,0.6572072505950928,2.167332410812378,,,
178,81999,0.8501989841461182,1.4565759897232056,,,
178,82049,0.4463595747947693,1.0958998203277588,,,
178,82099,0.4713265895843506,1.8070554733276367,,,
178,82149,0.6790677309036255,1.0708591938018799,,,
178,82199,0.679203987121582,1.210523247718811,,,
178,82249,0.7302798628807068,0.8377991914749146,,,
178,82299,0.593661904335022,1.2595908641815186,,,
178,82339,,,0.6360608943862988,1.3093832731246948,0.685729444026947
179,82349,0.772585928440094,1.2875332832336426,,,
179,82399,0.5888028144836426,0.9323818683624268,,,
179,82449,0.4215949773788452,0.9212490320205688,,,
179,82499,0.6274784803390503,1.4359288215637207,,,
179,82549,0.8383241295814514,1.6193331480026245,,,
179,82599,0.6665674448013306,1.3604233264923096,,,
179,82649,0.664303183555603,1.0877598524093628,,,
179,82699,0.796640932559967,0.7892970442771912,,,
179,82749,0.6120421886444092,1.1058497428894043,,,
179,82799,0.756633996963501,1.6813981533050537,,,
179,82799,,,0.6511485659915727,1.2322485446929932,0.7563090324401855
180,82849,0.681949257850647,1.7832801342010498,,,
180,82899,0.7849290370941162,1.0000073909759521,,,
180,82949,0.9129821062088013,1.0961167812347412,,,
180,82999,0.5917497277259827,0.9828230142593384,,,
180,83049,0.6269927620887756,1.0366265773773193,,,
180,83099,0.6355162858963013,1.3029446601867676,,,
180,83149,1.0485107898712158,1.5650235414505005,,,
180,83199,0.790953516960144,0.979226291179657,,,
180,83249,0.8580623865127563,1.095507025718689,,,
180,83259,,,0.5430882153051516,1.372870683670044,0.5523749589920044
181,83299,0.6936857104301453,1.3032164573669434,,,
181,83349,0.4840341806411743,2.003434181213379,,,
181,83399,0.7337702512741089,1.3660049438476562,,,
181,83449,0.6574296355247498,1.770682454109192,,,
181,83499,0.5286278128623962,1.1499052047729492,,,
181,83549,0.6433005332946777,1.594569206237793,,,
181,83599,1.0104522705078125,0.7941015958786011,,,
181,83649,0.7738253474235535,1.1402909755706787,,,
181,83699,0.6371362209320068,1.8261544704437256,,,
181,83719,,,0.5708169090661954,1.336565613746643,0.6370069980621338
182,83749,0.4248030185699463,0.9645536541938782,,,
182,83799,0.6690813899040222,1.0729255676269531,,,
182,83849,0.7169661521911621,2.3368330001831055,,,
182,83899,0.6542352437973022,1.310179352760315,,,
182,83949,0.779598593711853,1.0870164632797241,,,
182,83999,0.9250218272209167,1.7927560806274414,,,
182,84049,0.6137667894363403,1.4108638763427734,,,
182,84099,0.8940255045890808,1.1817543506622314,,,
182,84149,0.65776526927948,1.0670799016952515,,,
182,84179,,,0.5665352725295637,1.2329156398773193,0.8179470300674438
183,84199,0.6668206453323364,1.9010356664657593,,,
183,84249,0.8739392757415771,1.5946234464645386,,,
183,84299,0.6113762259483337,1.0334522724151611,,,
183,84349,1.061816692352295,1.0916438102722168,,,
183,84399,0.6217008233070374,0.8612291812896729,,,
183,84449,0.8373452425003052,0.8432385921478271,,,
183,84499,0.6979560852050781,1.7513518333435059,,,
183,84549,0.7526140213012695,0.9189410209655762,,,
183,84599,0.5646824836730957,1.8345947265625,,,
183,84639,,,0.6030311268179964,1.2860487699508667,0.6900002360343933
184,84649,0.6071200966835022,1.4740359783172607,,,
184,84699,0.7140330076217651,1.0104451179504395,,,
184,84749,0.7279483079910278,0.8840754628181458,,,
184,84799,0.4254172444343567,1.5883314609527588,,,
184,84849,0.7426126599311829,1.3648414611816406,,,
184,84899,0.6040263772010803,1.1159290075302124,,,
184,84949,0.6060537695884705,1.3830839395523071,,,
184,84999,0.5198948383331299,1.0385401248931885,,,
184,85049,0.8202253580093384,1.3673641681671143,,,
184,85099,0.8676572442054749,1.09793221950531,,,
184,85099,,,0.5634089982329754,1.3176023960113525,0.6050505638122559
185,85149,0.8097050189971924,1.0744564533233643,,,
185,85199,0.6810046434402466,1.2458140850067139,,,
185,85249,0.5291106700897217,2.389085292816162,,,
185,85299,0.4918029010295868,2.6083736419677734,,,
185,85349,0.7290705442428589,1.0099412202835083,,,
185,85399,0.6063114404678345,1.166874885559082,,,
185,85449,0.6554684638977051,1.3998115062713623,,,
185,85499,0.5045984983444214,1.2227392196655273,,,
185,85549,0.9753689169883728,1.2308049201965332,,,
185,85559,,,0.5327579176294686,1.316270351409912,0.5756456255912781
186,85599,0.6829275488853455,1.2287787199020386,,,
186,85649,0.6903752088546753,1.37770414352417,,,
186,85699,0.8137883543968201,1.3096033334732056,,,
186,85749,0.4538755416870117,1.0599796772003174,,,
186,85799,0.43113410472869873,1.3225901126861572,,,
186,85849,0.3814384937286377,1.3523623943328857,,,
186,85899,0.5036828517913818,1.4201128482818604,,,
186,85949,0.5487236380577087,1.9594078063964844,,,
186,85999,0.5138165950775146,1.1411123275756836,,,
186,86019,,,0.6550903901046622,1.2684571743011475,0.7385766506195068
187,86049,0.5553590059280396,1.4148223400115967,,,
187,86099,0.7476108074188232,1.224888563156128,,,
187,86149,0.5376485586166382,1.407536268234253,,,
187,86199,0.620947003364563,1.1767895221710205,,,
187,86249,0.5669856071472168,1.4973739385604858,,,
187,86299,0.5670305490493774,1.023723840713501,,,
187,86349,0.6695952415466309,2.127692699432373,,,
187,86399,0.6545330286026001,1.3264477252960205,,,
187,86449,0.44889307022094727,2.093538761138916,,,
187,86479,,,0.5862443930950115,1.3113905191421509,0.6879647970199585
188,86499,0.4867226481437683,1.217449426651001,,,
188,86549,0.5679622888565063,0.8133203387260437,,,
188,86599,0.8683678507804871,0.8245233297348022,,,
188,86649,1.0101654529571533,1.1040960550308228,,,
188,86699,0.8872508406639099,1.5125961303710938,,,
188,86749,0.5225942134857178,1.1102079153060913,,,
188,86799,0.581612229347229,1.394127607345581,,,
188,86849,0.5726090669631958,1.535473346710205,,,
188,86899,0.7577826976776123,1.1027946472167969,,,
188,86939,,,0.5658556476824793,1.3444547653198242,0.577728271484375
189,86949,0.8867506980895996,1.1478979587554932,,,
189,86999,1.045250415802002,1.0692261457443237,,,
189,87049,0.9135562777519226,2.37223219871521,,,
189,87099,0.5580365657806396,1.606889247894287,,,
189,87149,0.9344460964202881,1.5268133878707886,,,
189,87199,0.6606212854385376,2.0769119262695312,,,
189,87249,0.6870065331459045,1.129227638244629,,,
189,87299,0.802588164806366,1.0115008354187012,,,
189,87349,0.8322941064834595,0.8797904253005981,,,
189,87399,0.5651444792747498,1.478472352027893,,,
189,87399,,,0.644420280005437,1.2669681310653687,0.7395304441452026
190,87449,1.0468504428863525,1.2809536457061768,,,
190,87499,0.9024405479431152,0.9269846677780151,,,
190,87549,0.8590471744537354,0.9062273502349854,,,
190,87599,0.656075119972229,1.3415801525115967,,,
190,87649,0.5523432493209839,1.9059717655181885,,,
190,87699,0.6729437708854675,1.630751371383667,,,
190,87749,0.6048252582550049,0.8147560358047485,,,
190,87799,1.4037315845489502,0.8258165121078491,,,
190,87849,0.7837411165237427,1.2675411701202393,,,
190,87859,,,0.4904852521408183,1.461877703666687,0.4993239641189575
191,87899,1.0621707439422607,1.2799010276794434,,,
191,87949,1.1970666646957397,1.9694879055023193,,,
191,87999,0.658467173576355,1.599367380142212,,,
191,88049,0.48974597454071045,1.7100372314453125,,,
191,88099,0.666648268699646,0.841438889503479,,,
191,88149,0.8086693286895752,2.166693925857544,,,
191,88199,0.4525901675224304,1.5151288509368896,,,
191,88249,0.6998790502548218,1.5590925216674805,,,
191,88299,0.5431239008903503,1.9184205532073975,,,
191,88319,,,0.6080603506864211,1.3042315244674683,0.590620756149292
192,88349,0.9238482713699341,1.0168211460113525,,,
192,88399,1.2010924816131592,1.1562740802764893,,,
192,88449,0.6779963374137878,1.3510898351669312,,,
192,88499,0.9117039442062378,0.9906629323959351,,,
192,88549,0.7457166314125061,1.535768985748291,,,
192,88599,0.6729429364204407,0.9338921308517456,,,
192,88649,0.6640716791152954,0.9054145216941833,,,
192,88699,0.8380768299102783,1.2347071170806885,,,
192,88749,1.0541965961456299,1.6863524913787842,,,
192,88779,,,0.5632730732635585,1.2642440795898438,0.6134536266326904
193,88799,0.6734450459480286,2.1120266914367676,,,
193,88849,0.5321528315544128,1.2876805067062378,,,
193,88899,0.6502633094787598,2.5579593181610107,,,
193,88949,0.5268198847770691,2.50748348236084,,,
193,88999,0.9104903340339661,1.896578311920166,,,
193,89049,0.5740655064582825,1.7390387058258057,,,
193,89099,0.7752184867858887,0.770811915397644,,,
193,89149,0.5405036807060242,1.0344743728637695,,,
193,89199,1.1766070127487183,1.1630077362060547,,,
193,89239,,,0.55579719994563,1.3365063667297363,0.571935772895813
194,89249,1.3471567630767822,2.191523313522339,,,
194,89299,0.8903403878211975,1.0518643856048584,,,
194,89349,1.0944606065750122,0.9132274389266968,,,
194,89399,0.6211020946502686,1.4652414321899414,,,
194,89449,0.8051737546920776,1.047785997390747,,,
194,89499,0.7256214618682861,1.9603697061538696,,,
194,89549,0.8942532539367676,0.9464099407196045,,,
194,89599,0.46445298194885254,1.6943707466125488,,,
194,89649,0.8787742257118225,0.8832641243934631,,,
194,89699,0.9435954093933105,1.3114709854125977,,,
194,89699,,,0.5070001359249694,1.4594740867614746,0.6245810985565186
195,89749,0.8780796527862549,1.1158926486968994,,,
195,89799,0.6075160503387451,1.7115440368652344,,,
195,89849,0.5275596976280212,1.2206220626831055,,,
195,89899,0.6123228669166565,1.1102617979049683,,,
195,89949,0.4713903069496155,1.4075756072998047,,,
195,89999,0.7000148892402649,1.507088303565979,,,
195,90049,0.5518621206283569,1.0489110946655273,,,
195,90099,0.47442513704299927,1.2300925254821777,,,
195,90149,0.5457810163497925,1.3531808853149414,,,
195,90159,,,0.5761859453581623,1.3080992698669434,0.6297537088394165
196,90199,0.8547455072402954,1.0841742753982544,,,
196,90249,0.614730715751648,1.4925611019134521,,,
196,90299,0.6926145553588867,1.2222727537155151,,,
196,90349,0.600130558013916,1.4155800342559814,,,
196,90399,0.53746497631073,1.5005569458007812,,,
196,90449,0.676085352897644,1.2442774772644043,,,
196,90499,1.033912181854248,0.8041204810142517,,,
196,90549,0.6231939792633057,1.4643690586090088,,,
196,90599,0.8883628845214844,1.1820844411849976,,,
196,90619,,,0.7108875900502922,1.1865609884262085,0.7943750023841858
197,90649,0.7466064095497131,0.8293572664260864,,,
197,90699,0.7856201529502869,1.013153076171875,,,
197,90749,0.672308087348938,1.013519525527954,,,
197,90799,0.6847870945930481,1.1951451301574707,,,
197,90849,0.8493264317512512,0.8050670623779297,,,
197,90899,0.6266942024230957,1.1557207107543945,,,
197,90949,0.7498661279678345,0.7816673517227173,,,
197,90999,1.0615973472595215,1.546525001525879,,,
197,91049,0.45682430267333984,1.4097611904144287,,,
197,91079,,,0.636400706809841,1.2075753211975098,0.7368768453598022
198,91099,1.0083281993865967,1.6332814693450928,,,
198,91149,0.7306298017501831,1.5060689449310303,,,
198,91199,0.9217661023139954,0.7703092098236084,,,
198,91249,0.3236519396305084,1.1821269989013672,,,
198,91299,0.47578829526901245,1.3145852088928223,,,
198,91349,0.4042823016643524,1.6588181257247925,,,
198,91399,0.6311806440353394,1.532764196395874,,,
198,91449,0.7726930379867554,0.8819174766540527,,,
198,91499,0.8409523367881775,0.8422498106956482,,,
198,91539,,,0.4774364550767976,1.307625412940979,0.6843621134757996
199,91549,0.8418095707893372,1.8002145290374756,,,
199,91599,0.9084033966064453,1.116707444190979,,,
199,91649,0.5864413380622864,2.012044906616211,,,
199,91699,0.703060507774353,1.1340737342834473,,,
199,91749,0.5089680552482605,0.8959144353866577,,,
199,91799,0.7675550580024719,1.0465439558029175,,,
199,91849,0.9103975296020508,1.4350841045379639,,,
199,91899,1.3632557392120361,1.6455199718475342,,,
199,91949,1.0703320503234863,0.9239311814308167,,,
199,91999,0.43324828147888184,0.7068280577659607,,,
199,91999,,,0.5331656925377192,1.305416464805603,0.5044792890548706
200,92049,0.7259637117385864,1.3693561553955078,,,
200,92099,0.5163878202438354,1.8147516250610352,,,
200,92149,0.731645405292511,1.4472156763076782,,,
200,92199,0.6111922264099121,1.3637831211090088,,,
200,92249,0.8070499897003174,1.3914350271224976,,,
200,92299,0.7928720712661743,1.5254385471343994,,,
200,92349,0.7609425783157349,0.7303417921066284,,,
200,92399,0.7569786906242371,1.0296014547348022,,,
200,92449,1.1359055042266846,0.6612750291824341,,,
200,92459,,,0.6582166644012505,1.2399770021438599,0.807631254196167
201,92499,0.41632646322250366,1.3263012170791626,,,
201,92549,0.8653210997581482,1.207660436630249,,,
201,92599,0.3540959358215332,1.6028705835342407,,,
201,92649,0.9278257489204407,1.4719457626342773,,,
201,92699,0.43792933225631714,1.3723163604736328,,,
201,92749,0.5724048018455505,1.6899051666259766,,,
201,92799,0.8728862404823303,1.1009790897369385,,,
201,92849,0.4976802170276642,1.0792909860610962,,,
201,92899,0.586654782295227,0.9502913951873779,,,
201,92919,,,0.558719586788093,1.315502643585205,0.6736982464790344
202,92949,0.7943668961524963,1.6440355777740479,,,
202,92999,0.7784062027931213,1.4066035747528076,,,
202,93049,0.5720701813697815,1.4522331953048706,,,
202,93099,0.6826525926589966,2.0841457843780518,,,
202,93149,1.1559447050094604,1.0023672580718994,,,
202,93199,0.7032417058944702,1.5122153759002686,,,
202,93249,1.2417974472045898,1.2252638339996338,,,
202,93299,0.7561032772064209,1.4416133165359497,,,
202,93349,0.8210009336471558,1.358942985534668,,,
202,93379,,,0.5722441212450727,1.3212107419967651,0.6189945936203003
203,93399,0.8791062235832214,1.1771600246429443,,,
203,93449,0.8191657066345215,1.24154531955719,,,
203,93499,0.5677638053894043,1.033799409866333,,,
203,93549,0.57900071144104,1.00404953956604,,,
203,93599,0.6431643962860107,1.837063193321228,,,
203,93649,0.48994818329811096,1.2134778499603271,,,
203,93699,0.899834156036377,1.0296101570129395,,,
203,93749,0.4733623266220093,1.5537309646606445,,,
203,93799,1.2812376022338867,0.9494568705558777,,,
203,93839,,,0.6226043224140274,1.2542695999145508,0.653533935546875
204,93849,0.6584846377372742,1.3641636371612549,,,
204,93899,0.6238338947296143,0.9994465112686157,,,
204,93949,0.5966092348098755,1.5513842105865479,,,
204,93999,0.9870510101318359,1.036952018737793,,,
204,94049,0.7189028859138489,1.6937810182571411,,,
204,94099,0.7118387222290039,1.6616201400756836,,,
204,94149,0.8437923192977905,1.4649901390075684,,,
204,94199,1.2130558490753174,0.9997907280921936,,,
204,94249,0.6610715389251709,1.1658616065979004,,,
204,94299,0.6336391568183899,1.6780412197113037,,,
204,94299,,,0.6496533913279869,1.2144328355789185,0.8398105502128601
205,94349,0.5623676180839539,1.4701968431472778,,,
205,94399,0.8883099555969238,1.2208764553070068,,,
205,94449,0.9557210206985474,1.18303382396698,,,
205,94499,0.6462485790252686,0.9826071262359619,,,
205,94549,0.6762083768844604,1.386451005935669,,,
205,94599,1.0250275135040283,1.808750033378601,,,
205,94649,0.7469382286071777,1.097799301147461,,,
205,94699,0.6011802554130554,1.8271478414535522,,,
205,94749,0.8178220987319946,1.9618672132492065,,,
205,94759,,,0.5591273616963436,1.2638331651687622,0.6289454698562622
206,94799,0.8873972296714783,1.6231749057769775,,,
206,94849,0.42954814434051514,1.3631519079208374,,,
206,94899,0.6874386072158813,1.5856199264526367,,,
206,94949,0.8187013268470764,1.2190730571746826,,,
206,94999,0.6727579832077026,1.0047481060028076,,,
206,95049,0.6472883820533752,0.9111087322235107,,,
206,95099,0.919261634349823,0.7916178703308105,,,
206,95149,0.8496881127357483,1.2434000968933105,,,
206,95199,0.6605961322784424,1.6175777912139893,,,
206,95219,,,0.5700693217344026,1.3531312942504883,0.6096543073654175
207,95249,0.7562736868858337,0.9273729920387268,,,
207,95299,0.8247183561325073,1.1247602701187134,,,
207,95349,0.7145010828971863,1.0765632390975952,,,
207,95399,0.6637304425239563,1.043401837348938,,,
207,95449,1.028278112411499,1.3565073013305664,,,
207,95499,0.8263407945632935,1.009845495223999,,,
207,95549,0.7926057577133179,0.9850975275039673,,,
207,95599,0.9344526529312134,1.5101557970046997,,,
207,95649,0.7720494270324707,1.2840601205825806,,,
207,95679,,,0.5748266956639935,1.3086973428726196,0.7468959093093872
208,95699,1.2539846897125244,0.9809840321540833,,,
208,95749,0.7320858240127563,1.0963189601898193,,,
208,95799,0.46607154607772827,2.0829715728759766,,,
208,95849,0.41842418909072876,1.3018089532852173,,,
208,95899,0.9677317142486572,1.065928339958191,,,
208,95949,0.5562624931335449,1.3518028259277344,,,
208,95999,0.5211905241012573,1.5916192531585693,,,
208,96049,0.9752612113952637,0.7298763990402222,,,
208,96099,0.6399717330932617,1.4554219245910645,,,
208,96139,,,0.5118254723392687,1.395112156867981,0.6348544955253601
209,96149,1.169532299041748,0.9782867431640625,,,
209,96199,0.34801459312438965,1.1117901802062988,,,
209,96249,1.131849765777588,0.9186627268791199,,,
209,96299,0.7443414330482483,1.032996654510498,,,
209,96349,0.7819503545761108,1.5111119747161865,,,
209,96399,0.5556505918502808,1.7113428115844727,,,
209,96449,0.7351210713386536,0.9220314621925354,,,
209,96499,0.4093098044395447,0.9410370588302612,,,
209,96549,0.5155126452445984,2.290128469467163,,,
209,96599,0.501009464263916,1.2422035932540894,,,
209,96599,,,0.5498165012912872,1.3113223314285278,0.5334590673446655
210,96649,0.37627971172332764,1.5147902965545654,,,
210,96699,1.1535453796386719,1.208714246749878,,,
210,96749,0.6972413063049316,1.1728506088256836,,,
210,96799,0.6752121448516846,1.1055229902267456,,,
210,96849,0.7689510583877563,0.9132945537567139,,,
210,96899,0.8717983365058899,1.7604602575302124,,,
210,96949,1.0236172676086426,1.744776725769043,,,
210,96999,1.061265230178833,0.7087934613227844,,,
210,97049,0.7075544595718384,1.088440179824829,,,
210,97059,,,0.5891667799374745,1.3209482431411743,0.546248733997345
211,97099,0.7953941822052002,0.966964840888977,,,
211,97149,0.6184154748916626,1.5824716091156006,,,
211,97199,0.5597292184829712,1.0396798849105835,,,
211,97249,0.3659329116344452,1.1654086112976074,,,
211,97299,0.6474353671073914,0.9209269285202026,,,
211,97349,0.4899514615535736,1.3861422538757324,,,
211,97399,0.6589152812957764,1.3614873886108398,,,
211,97449,0.544467031955719,1.3186511993408203,,,
211,97499,0.49753114581108093,1.322073221206665,,,
211,97519,,,0.4955144760092429,1.4009037017822266,0.4965062737464905
212,97549,0.5414021015167236,1.7848896980285645,,,
212,97599,0.6199910044670105,1.4737434387207031,,,
212,97649,0.4534815549850464,1.0987097024917603,,,
212,97699,1.0512440204620361,1.4050121307373047,,,
212,97749,0.6215311884880066,1.5337097644805908,,,
212,97799,0.5962774753570557,1.5519778728485107,,,
212,97849,0.8256322145462036,1.2095423936843872,,,
212,97899,1.0450561046600342,1.600013017654419,,,
212,97949,0.5880329608917236,1.2465121746063232,,,
212,97979,,,0.5330977300530108,1.4575282335281372,0.5325658917427063
213,97999,0.49235546588897705,1.2809412479400635,,,
213,98049,0.5263218879699707,1.047593116760254,,,
213,98099,0.7037307024002075,0.9267231225967407,,,
213,98149,0.8419300317764282,1.6772894859313965,,,
213,98199,0.6917849779129028,0.8875547647476196,,,
213,98249,0.6021074652671814,1.900376796722412,,,
213,98299,0.5799596905708313,2.0721983909606934,,,
213,98349,0.43659746646881104,1.2783982753753662,,,
213,98399,0.5024001598358154,1.573758840560913,,,
213,98439,,,0.6822074215033301,1.227440357208252,0.9490585327148438
214,98449,0.74495530128479,1.4565925598144531,,,
214,98499,0.367220938205719,1.356969952583313,,,
214,98549,0.674155592918396,1.100844144821167,,,
214,98599,0.4885844588279724,1.4437212944030762,,,
214,98649,0.48257195949554443,1.5320699214935303,,,
214,98699,0.7964739203453064,2.3653202056884766,,,
214,98749,0.827390193939209,1.2599070072174072,,,
214,98799,0.8910216093063354,0.992023766040802,,,
214,98849,0.773452639579773,1.1238009929656982,,,
214,98899,0.3969342112541199,1.7441014051437378,,,
214,98899,,,0.5751665080875357,1.3058357238769531,0.564314603805542
215,98949,0.508823812007904,1.809058666229248,,,
215,98999,0.5641900897026062,1.7329413890838623,,,
215,99049,0.7489500641822815,1.6039520502090454,,,
215,99099,0.6535077691078186,1.122969150543213,,,
215,99149,0.5605008006095886,1.6579461097717285,,,
215,99199,0.4533112049102783,1.2921061515808105,,,
215,99249,0.480263352394104,1.3003578186035156,,,
215,99299,0.6620784401893616,1.1492421627044678,,,
215,99349,0.46689867973327637,1.7542119026184082,,,
215,99359,,,0.47668886774500474,1.3758540153503418,0.6356552839279175
216,99399,0.8427114486694336,1.5554451942443848,,,
216,99449,0.48212939500808716,1.786766529083252,,,
216,99499,0.35538992285728455,1.4893430471420288,,,
216,99549,0.7318360209465027,1.658174753189087,,,
216,99599,1.0109013319015503,1.19321870803833,,,
216,99649,1.0082197189331055,1.2656598091125488,,,
216,99699,0.46641045808792114,1.2307032346725464,,,
216,99749,0.4777374267578125,1.543853998184204,,,
216,99799,0.6143063902854919,0.7126531600952148,,,
216,99819,,,0.6778578224819899,1.1911710500717163,1.039844036102295
217,99849,1.2658743858337402,0.9413260221481323,,,
217,99899,0.4494030177593231,1.751208782196045,,,
217,99949,0.544893205165863,1.9126423597335815,,,
217,99999,0.573829174041748,1.1486575603485107,,,
217,100049,0.5743145942687988,1.1457782983779907,,,
217,100099,1.4682341814041138,1.3361809253692627,,,
217,100149,0.7600495219230652,1.6637717485427856,,,
217,100199,0.59090256690979,1.2556626796722412,,,
217,100249,0.7879225015640259,1.3802075386047363,,,
217,100279,,,0.6688188120157673,1.2460325956344604,0.7900840044021606
218,100299,0.5665560364723206,1.0927009582519531,,,
218,100349,0.6326731443405151,1.6260181665420532,,,
218,100399,0.5985949039459229,1.4470981359481812,,,
218,100449,0.4370701313018799,1.6262025833129883,,,
218,100499,0.5456050634384155,1.431649923324585,,,
218,100549,0.6847534775733948,1.1272263526916504,,,
218,100599,0.7665548920631409,0.6928051710128784,,,
218,100649,1.0540822744369507,0.8775904774665833,,,
218,100699,0.640730619430542,1.4200265407562256,,,
218,100739,,,0.584613293462009,1.3025602102279663,0.6781637668609619
219,100749,0.5193611979484558,1.1882649660110474,,,
219,100799,0.5089226365089417,1.565109372138977,,,
219,100849,0.766261637210846,1.3584058284759521,,,
219,100899,0.47848954796791077,1.2553074359893799,,,
219,100949,0.8024886846542358,1.6814231872558594,,,
219,100999,0.7487797737121582,0.9945624470710754,,,
219,101049,0.7166848182678223,1.3381869792938232,,,
219,101099,0.6714245080947876,1.133349895477295,,,
219,101149,0.6136779189109802,1.3625050783157349,,,
219,101199,0.8516562581062317,1.7880991697311401,,,
219,101199,,,0.49429115128449097,1.2763147354125977,0.735114336013794
220,101249,0.9646130204200745,2.0220189094543457,,,
220,101299,0.843865692615509,1.2004122734069824,,,
220,101349,0.3826783299446106,2.148374557495117,,,
220,101399,0.6332422494888306,1.1078038215637207,,,
220,101449,0.6800228357315063,1.5293376445770264,,,
220,101499,0.6519046425819397,1.6993520259857178,,,
220,101549,0.6664472222328186,0.9747287034988403,,,
220,101599,0.6153597235679626,1.3936376571655273,,,
220,101649,0.7224586009979248,1.1864864826202393,,,
220,101659,,,0.6093516378958814,1.2478177547454834,0.649706244468689
221,101699,0.7457044124603271,1.6076722145080566,,,
221,101749,0.4981755316257477,2.0510811805725098,,,
221,101799,0.6433545351028442,0.744933009147644,,,
221,101849,0.8341786861419678,1.1046786308288574,,,
221,101899,0.6761527061462402,1.1243512630462646,,,
221,101949,0.5455949306488037,0.9874109625816345,,,
221,101999,0.7519491910934448,1.2655479907989502,,,
221,102049,0.7650266885757446,1.5392353534698486,,,
221,102099,0.754530668258667,1.1214702129364014,,,
221,102119,,,0.6460513796384396,1.2401790618896484,0.6156339645385742
222,102149,0.6316630840301514,1.3281800746917725,,,
222,102199,0.8478410243988037,1.5178052186965942,,,
222,102249,0.6600441932678223,1.6676642894744873,,,
222,102299,0.9629912972450256,1.22221839427948,,,
222,102349,0.7987064719200134,1.741746187210083,,,
222,102399,0.7097676992416382,1.1779687404632568,,,
222,102449,1.118487000465393,0.8670955300331116,,,
222,102499,0.5291719436645508,1.3206911087036133,,,
222,102549,0.39367038011550903,1.1520172357559204,,,
222,102579,,,0.6879842327035477,1.1661341190338135,0.9003483057022095
223,102599,0.7046201229095459,1.735898494720459,,,
223,102649,0.7139296531677246,0.9036526679992676,,,
223,102699,0.3883194923400879,1.3207138776779175,,,
223,102749,0.5097901225090027,1.4860222339630127,,,
223,102799,0.6498125791549683,1.3972035646438599,,,
223,102849,0.438606321811676,1.4303460121154785,,,
223,102899,0.5020486116409302,1.7012282609939575,,,
223,102949,0.4057181775569916,2.2793803215026855,,,
223,102999,0.8611451387405396,1.4511083364486694,,,
223,103039,,,0.6888677450047573,1.2483257055282593,0.734521210193634
224,103049,0.698818564414978,1.160510540008545,,,
224,103099,0.7879890203475952,1.5917327404022217,,,
224,103149,0.8314478397369385,1.9555422067642212,,,
224,103199,0.8824636936187744,1.1053457260131836,,,
224,103249,0.6904101371765137,1.0927186012268066,,,
224,103299,0.6237181425094604,2.1101300716400146,,,
224,103349,1.026728868484497,1.5474169254302979,,,
224,103399,0.8171778917312622,1.0775516033172607,,,
224,103449,0.6722849607467651,1.4504585266113281,,,
224,103499,0.49752023816108704,1.7881152629852295,,,
224,103499,,,0.6188663857550633,1.2191940546035767,0.6535376310348511
225,103549,1.1274709701538086,1.574485182762146,,,
225,103599,0.6720271706581116,1.4040930271148682,,,
225,103649,0.9548768997192383,1.1799108982086182,,,
225,103699,0.855528712272644,1.0521552562713623,,,
225,103749,0.8332369327545166,1.1674776077270508,,,
225,103799,0.8671382069587708,0.789253294467926,,,
225,103849,0.9369808435440063,0.7753626108169556,,,
225,103899,0.6500306129455566,1.724846363067627,,,
225,103949,0.818150520324707,1.3981354236602783,,,
225,103959,,,0.5229713198314531,1.3499281406402588,0.6035688519477844
226,103999,0.44640451669692993,1.6094691753387451,,,
226,104049,0.8903210163116455,0.9592941403388977,,,
226,104099,0.6622662544250488,1.4575562477111816,,,
226,104149,0.4898722469806671,1.4947277307510376,,,
226,104199,0.4874950051307678,2.10825514793396,,,
226,104249,0.5788486003875732,1.8544119596481323,,,
226,104299,0.7041404843330383,1.6357011795043945,,,
226,104349,0.762362003326416,1.649271845817566,,,
226,104399,1.2457934617996216,1.1157758235931396,,,
226,104419,,,0.6566535272529563,1.225689172744751,0.7962755560874939
227,104449,0.40529927611351013,1.5167057514190674,,,
227,104499,0.516090989112854,1.204308032989502,,,
227,104549,0.4488976001739502,1.137935757637024,,,
227,104599,0.6645646095275879,1.2890039682388306,,,
227,104649,0.9133304357528687,0.9750309586524963,,,
227,104699,0.6878291368484497,2.199796438217163,,,
227,104749,0.588554322719574,2.0250792503356934,,,
227,104799,0.9883971810340881,1.3457202911376953,,,
227,104849,0.8454717397689819,0.9821763634681702,,,
227,104879,,,0.627157808889493,1.2121880054473877,0.7085074186325073
228,104899,0.6022565960884094,1.8139941692352295,,,
228,104949,0.6035983562469482,1.0105441808700562,,,
228,104999,0.7301040887832642,2.5187363624572754,,,
228,105049,0.6318114995956421,1.1540477275848389,,,
228,105099,0.7417150735855103,2.2295477390289307,,,
228,105149,0.5872992873191833,0.9561783075332642,,,
228,105199,0.8246853947639465,1.664443850517273,,,
228,105249,0.5119636654853821,1.4897220134735107,,,
228,105299,0.9162842631340027,2.029965877532959,,,
228,105339,,,0.5118934348239772,1.4062275886535645,0.5249018669128418
229,105349,0.7994306087493896,1.7562556266784668,,,
229,105399,0.800805389881134,0.9913661479949951,,,
229,105449,1.251517653465271,1.3078477382659912,,,
229,105499,0.6091940402984619,1.4237900972366333,,,
229,105549,0.46052804589271545,1.5195322036743164,,,
229,105599,0.5997821092605591,0.9650423526763916,,,
229,105649,1.1788709163665771,1.1430087089538574,,,
229,105699,1.131922960281372,1.3239980936050415,,,
229,105749,0.6489627957344055,1.6671370267868042,,,
229,105799,0.732371985912323,0.9404999613761902,,,
229,105799,,,0.5188935707489466,1.356961727142334,0.5598909854888916
230,105849,0.7674435377120972,1.3342812061309814,,,
230,105899,0.7550259232521057,1.4008328914642334,,,
230,105949,0.6145868301391602,1.1504902839660645,,,
230,105999,0.7159103751182556,1.3664478063583374,,,
230,106049,0.9568979740142822,1.0659363269805908,,,
230,106099,0.5852253437042236,1.715059518814087,,,
230,106149,0.8723083138465881,1.1110516786575317,,,
230,106199,0.629155695438385,0.8479236960411072,,,
230,106249,1.2499432563781738,1.9410514831542969,,,
230,106259,,,0.60941960038059,1.315719485282898,0.752270519733429
231,106299,0.40243369340896606,1.3864487409591675,,,
231,106349,0.8302010297775269,1.7280375957489014,,,
231,106399,0.49040961265563965,0.9543112516403198,,,
231,106449,0.7588320374488831,1.5589994192123413,,,
231,106499,1.2050215005874634,1.500723123550415,,,
231,106549,0.6050114631652832,1.6371034383773804,,,
231,106599,0.7427015900611877,1.2274415493011475,,,
231,106649,0.7659344673156738,1.0992825031280518,,,
231,106699,0.6940639615058899,1.28358793258667,,,
231,106719,,,0.6109147750441756,1.3115037679672241,0.6645338535308838
232,106749,0.5863590240478516,0.9816327691078186,,,
232,106799,0.644521951675415,1.5857619047164917,,,
232,106849,0.5659523010253906,1.407608985900879,,,
232,106899,0.5541445016860962,1.4181742668151855,,,
232,106949,0.8471546173095703,1.3029760122299194,,,
232,106999,0.8889995813369751,0.8545321822166443,,,
232,107049,0.6323788166046143,1.603678822517395,,,
232,107099,0.8084293007850647,1.3191113471984863,,,
232,107149,0.5893818140029907,1.2306119203567505,,,
232,107179,,,0.501087399755335,1.2624627351760864,0.6962822079658508
233,107199,1.527414321899414,1.3154445886611938,,,
233,107249,0.7711212635040283,1.1145249605178833,,,
233,107299,0.7259088754653931,1.0778108835220337,,,
233,107349,0.5063941478729248,1.6389960050582886,,,
233,107399,0.908104658126831,2.091139793395996,,,
233,107449,0.39152348041534424,1.5486019849777222,,,
233,107499,0.5303151607513428,1.1727626323699951,,,
233,107549,0.7656169533729553,1.1121068000793457,,,
233,107599,0.41029268503189087,1.3815035820007324,,,
233,107639,,,0.5307190430882153,1.270513653755188,0.5601932406425476
234,107649,0.6478723883628845,0.9221818447113037,,,
234,107699,0.6391936540603638,1.3060059547424316,,,
234,107749,0.3456953763961792,1.3846564292907715,,,
234,107799,1.0819118022918701,1.2456164360046387,,,
234,107849,0.6856288909912109,1.2399934530258179,,,
234,107899,0.8603435158729553,1.9648171663284302,,,
234,107949,0.535365879535675,1.4886316061019897,,,
234,107999,0.4018133282661438,1.6323028802871704,,,
234,108049,0.7962998747825623,1.2568244934082031,,,
234,108099,0.7521166801452637,2.159029245376587,,,
234,108099,,,0.7233247247519369,1.169248104095459,0.9002367258071899
235,108149,0.6645820736885071,0.9196306467056274,,,
235,108199,0.8713845014572144,1.8671324253082275,,,
235,108249,1.0931352376937866,1.4872616529464722,,,
235,108299,0.721556544303894,0.8750308156013489,,,
235,108349,0.87031090259552,1.165979266166687,,,
235,108399,1.0816760063171387,0.9835633039474487,,,
235,108449,0.4889709949493408,1.6814923286437988,,,
235,108499,0.8950358629226685,0.91084885597229,,,
235,108549,0.6197285056114197,1.2654613256454468,,,
235,108559,,,0.59895337773549,1.255765676498413,0.5783869028091431
236,108599,0.477367103099823,2.092045545578003,,,
236,108649,1.0361169576644897,1.422634243965149,,,
236,108699,0.5337468981742859,1.713388204574585,,,
236,108749,0.4333137273788452,1.5556244850158691,,,
236,108799,0.4089730679988861,1.509855031967163,,,
236,108849,1.0389004945755005,1.0698673725128174,,,
236,108899,0.44176703691482544,1.5098061561584473,,,
236,108949,0.8750870227813721,1.3507769107818604,,,
236,108999,0.6609309911727905,2.0489227771759033,,,
236,109019,,,0.6080603506864211,1.2667064666748047,0.6782703995704651
237,109049,0.6533459424972534,1.6869432926177979,,,
237,109099,0.33634060621261597,1.6180169582366943,,,
237,109149,0.4100242853164673,2.090540885925293,,,
237,109199,0.6542303562164307,0.7891619205474854,,,
237,109249,0.6114043593406677,1.3831013441085815,,,
237,109299,0.8047614097595215,1.7895283699035645,,,
237,109349,0.8759709000587463,1.338156819343567,,,
237,109399,0.5277755260467529,1.3005094528198242,,,
237,109449,1.058868408203125,1.2673637866973877,,,
237,109479,,,0.557496262063341,1.2903259992599487,0.5912022590637207
238,109499,0.4814859628677368,1.9469976425170898,,,
238,109549,0.661292552947998,1.221463680267334,,,
238,109599,0.63295978307724,1.7903196811676025,,,
238,109649,0.7700461149215698,1.4140310287475586,,,
238,109699,0.6565893888473511,1.4215781688690186,,,
238,109749,0.650687575340271,1.2301609516143799,,,
238,109799,0.615983247756958,1.3121545314788818,,,
238,109849,0.4673709273338318,1.392951488494873,,,
238,109899,0.8168826699256897,1.2396609783172607,,,
238,109939,,,0.6096914503194237,1.2360334396362305,0.7329919338226318
239,109949,1.0802160501480103,0.8381295204162598,,,
239,109999,0.5000076293945312,1.3036359548568726,,,
239,110049,0.9532020092010498,1.339759349822998,,,
239,110099,0.64505535364151,1.3481090068817139,,,
239,110149,0.5987331867218018,0.9485900402069092,,,
239,110199,0.5161609649658203,1.821693778038025,,,
239,110249,0.7856875061988831,0.7942978143692017,,,
239,110299,0.7419511675834656,1.1344043016433716,,,
239,110349,0.6124520301818848,1.118523120880127,,,
239,110399,0.5434224605560303,1.4492568969726562,,,
239,110399,,,0.5603506864210955,1.3168827295303345,0.5721110105514526
240,110449,0.43696099519729614,1.4055683612823486,,,
240,110499,0.6246724128723145,1.6266019344329834,,,
240,110549,0.4610708951950073,1.0538288354873657,,,
240,110599,0.830179750919342,1.1977484226226807,,,
240,110649,0.5929487943649292,1.6923112869262695,,,
240,110699,0.6391603946685791,1.2106308937072754,,,
240,110749,0.43087238073349,1.9240429401397705,,,
240,110799,0.9629861116409302,1.517524003982544,,,
240,110849,0.4697452485561371,2.1518354415893555,,,
240,110859,,,0.5742829957863259,1.252663254737854,0.6041886806488037
241,110899,0.44674766063690186,1.58438241481781,,,
241,110949,0.5149102210998535,2.1662511825561523,,,
241,110999,0.47407299280166626,1.0212465524673462,,,
241,111049,0.6250675916671753,1.503791332244873,,,
241,111099,0.9684524536132812,1.0601208209991455,,,
241,111149,0.5494839549064636,1.822901725769043,,,
241,111199,0.3754099905490875,1.6264346837997437,,,
241,111249,0.6974562406539917,1.4382350444793701,,,
241,111299,0.4541367292404175,1.2501230239868164,,,
241,111319,,,0.4709120565447873,1.5058988332748413,0.4416810870170593
242,111349,0.4175547659397125,1.4942948818206787,,,
242,111399,0.706795871257782,1.3333218097686768,,,
242,111449,0.45664674043655396,1.1048377752304077,,,
242,111499,1.0677998065948486,0.8040916323661804,,,
242,111549,1.1697335243225098,1.7763707637786865,,,
242,111599,0.9996647834777832,1.7246994972229004,,,
242,111649,0.9101738333702087,0.8970764875411987,,,
242,111699,0.9987181425094604,1.7928564548492432,,,
242,111749,0.5310500264167786,1.430969476699829,,,
242,111779,,,0.6093516378958814,1.2747567892074585,0.7473350763320923
243,111799,0.8198007345199585,1.6773536205291748,,,
243,111849,1.0575511455535889,1.0751585960388184,,,
243,111899,0.7219393253326416,0.9609183073043823,,,
243,111949,0.7797754406929016,0.8878690600395203,,,
243,111999,0.5520045757293701,1.6841223239898682,,,
243,112049,0.653136134147644,0.6822828054428101,,,
243,112099,0.7033036947250366,1.8825013637542725,,,
243,112149,0.7731455564498901,1.210604190826416,,,
243,112199,0.5804511308670044,1.3944588899612427,,,
243,112239,,,0.4842327035476417,1.4954149723052979,0.4109003245830536
244,112249,0.5570646524429321,1.5305821895599365,,,
244,112299,0.5999942421913147,1.191450595855713,,,
244,112349,0.8628201484680176,1.1625523567199707,,,
244,112399,0.7723732590675354,1.2544724941253662,,,
244,112449,0.911827027797699,1.3918691873550415,,,
244,112499,0.638233482837677,1.3165361881256104,,,
244,112549,0.6245511174201965,1.319291591644287,,,
244,112599,0.5788159966468811,1.7021859884262085,,,
244,112649,0.44984257221221924,1.1873257160186768,,,
244,112699,0.653863787651062,1.1329257488250732,,,
244,112699,,,0.5173304336006525,1.3510770797729492,0.5527835488319397
245,112749,0.5740554928779602,1.2169384956359863,,,
245,112799,0.8401483297348022,1.5635743141174316,,,
245,112849,0.590215265750885,1.6476008892059326,,,
245,112899,0.6828942894935608,0.809924840927124,,,
245,112949,0.4952550530433655,1.7989892959594727,,,
245,112999,0.9472229480743408,1.1270923614501953,,,
245,113049,0.6360087990760803,1.0115790367126465,,,
245,113099,0.8738744854927063,1.3021641969680786,,,
245,113149,0.986329197883606,0.9567429423332214,,,
245,113159,,,0.5467581894794074,1.32627272605896,0.6312172412872314
246,113199,0.9294967651367188,1.6978504657745361,,,
246,113249,0.49289605021476746,1.2831779718399048,,,
246,113299,0.4049479365348816,1.6589710712432861,,,
246,113349,0.983181357383728,1.2574248313903809,,,
246,113399,0.9818819761276245,0.7299082279205322,,,
246,113449,0.5476105213165283,1.6616063117980957,,,
246,113499,0.572810173034668,1.8330117464065552,,,
246,113549,0.3280267119407654,0.9659988880157471,,,
246,113599,0.6702607870101929,1.3594963550567627,,,
246,113619,,,0.654138915318744,1.2377067804336548,0.7150169610977173
247,113649,0.7362054586410522,1.3334109783172607,,,
247,113699,0.8335944414138794,0.950038731098175,,,
247,113749,0.7400083541870117,1.3711843490600586,,,
247,113799,0.6490961909294128,1.550732970237732,,,
247,113849,0.43295007944107056,1.6605615615844727,,,
247,113899,0.5045437812805176,1.048034429550171,,,
247,113949,0.46219784021377563,1.019240140914917,,,
247,113999,0.7563865780830383,1.1053109169006348,,,
247,114049,0.5479782223701477,1.2392328977584839,,,
247,114079,,,0.5718363463368221,1.277031660079956,0.6192415356636047
248,114099,0.7565556764602661,1.4950952529907227,,,
248,114149,0.7821646332740784,1.3627699613571167,,,
248,114199,0.7078761458396912,0.8833968639373779,,,
248,114249,0.5148276090621948,1.1028568744659424,,,
248,114299,0.688385009765625,0.8782192468643188,,,
248,114349,0.5721545219421387,2.024012327194214,,,
248,114399,0.8571134805679321,1.1985896825790405,,,
248,114449,0.3374696373939514,1.0992388725280762,,,
248,114499,0.6613473892211914,0.9398664236068726,,,
248,114539,,,0.5534185129808346,1.2969766855239868,0.6177082657814026
249,114549,0.5896449089050293,0.9446818828582764,,,
249,114599,0.5210272669792175,1.4221099615097046,,,
249,114649,0.35657697916030884,1.3419277667999268,,,
249,114699,0.48806092143058777,0.8440549969673157,,,
249,114749,0.4003279209136963,1.7799186706542969,,,
249,114799,1.3819036483764648,1.520916223526001,,,
249,114849,0.510506272315979,1.2206830978393555,,,
249,114899,1.1299529075622559,1.112431287765503,,,
249,114949,0.7387903928756714,1.5075888633728027,,,
249,114999,1.7086684703826904,1.4951776266098022,,,
249,114999,,,0.7126546146527117,1.1911646127700806,0.8964558243751526
250,115049,0.614896297454834,1.56781005859375,,,
250,115099,0.756524920463562,1.1743505001068115,,,
250,115149,0.7996523380279541,1.4256384372711182,,,
250,115199,1.2358624935150146,0.7649571299552917,,,
250,115249,0.6076677441596985,1.3155176639556885,,,
250,115299,0.6051326394081116,0.8798196911811829,,,
250,115349,0.43789875507354736,1.99759840965271,,,
250,115399,0.9008039832115173,1.7954117059707642,,,
250,115449,0.6258647441864014,1.2139400243759155,,,
250,115459,,,0.4779121924697567,1.4866057634353638,0.4401123821735382
251,115499,0.44681012630462646,1.7682756185531616,,,
251,115549,0.4168463349342346,1.2656991481781006,,,
251,115599,0.5859559774398804,1.2547801733016968,,,
251,115649,0.5048130750656128,1.2266271114349365,,,
251,115699,0.46307802200317383,1.8091750144958496,,,
251,115749,0.6106327772140503,0.6676555275917053,,,
251,115799,0.7221870422363281,1.2727434635162354,,,
251,115849,0.597141444683075,1.6249728202819824,,,
251,115899,0.7620067596435547,1.5002553462982178,,,
251,115919,,,0.6193421231480223,1.2231124639511108,0.6968550086021423
252,115949,0.6163794994354248,1.0044004917144775,,,
252,115999,0.6172004342079163,1.2794837951660156,,,
252,116049,0.667803943157196,0.8794091939926147,,,
252,116099,0.9973052144050598,0.6592745780944824,,,
252,116149,0.8281851410865784,0.7366457581520081,,,
252,116199,0.45798856019973755,1.6314499378204346,,,
252,116249,0.5863176584243774,1.318643569946289,,,
252,116299,0.766510009765625,0.9288818836212158,,,
252,116349,0.5801339745521545,1.4127036333084106,,,
252,116379,,,0.6682071496533913,1.2030243873596191,0.7740554213523865
253,116399,0.5769668817520142,1.3132286071777344,,,
253,116449,0.3173149526119232,2.3481621742248535,,,
253,116499,0.5160144567489624,1.421568512916565,,,
253,116549,0.7632899284362793,1.079827070236206,,,
253,116599,0.6594570279121399,2.070887565612793,,,
253,116649,0.6298472285270691,1.128990650177002,,,
253,116699,0.6698608994483948,1.0558838844299316,,,
253,116749,0.4743286371231079,2.0657835006713867,,,
253,116799,0.7136732339859009,0.9404350519180298,,,
253,116839,,,0.5574282995786326,1.325087070465088,0.6018076539039612
254,116849,0.5543559789657593,1.4911830425262451,,,
254,116899,0.5375807285308838,1.3556904792785645,,,
254,116949,0.3316463828086853,1.6629219055175781,,,
254,116999,0.7222291231155396,0.8465976715087891,,,
254,117049,0.9341965913772583,1.1273441314697266,,,
254,117099,0.398632287979126,1.8406646251678467,,,
254,117149,0.8574678897857666,2.242758274078369,,,
254,117199,0.4104638695716858,1.3618967533111572,,,
254,117249,0.6830435991287231,1.6593774557113647,,,
254,117299,0.7278351783752441,2.040588140487671,,,
254,117299,,,0.602963164333288,1.3171879053115845,0.8264477252960205
255,117349,0.8891639709472656,0.9214709401130676,,,
255,117399,0.8240472078323364,1.8965519666671753,,,
255,117449,0.7172321081161499,1.2382848262786865,,,
255,117499,0.9250236749649048,1.5126595497131348,,,
255,117549,0.710935652256012,1.705202341079712,,,
255,117599,0.5391556024551392,2.1813228130340576,,,
255,117649,0.5942379832267761,1.2245666980743408,,,
255,117699,0.6966894268989563,0.9743340015411377,,,
255,117749,0.5718032121658325,1.8996272087097168,,,
255,117759,,,0.49537855103982603,1.4639726877212524,0.4695047438144684
256,117799,0.7468864917755127,1.160865068435669,,,
256,117849,0.8064870834350586,1.1011924743652344,,,
256,117899,0.3629310727119446,1.1283358335494995,,,
256,117949,0.4920163154602051,1.356950044631958,,,
256,117999,0.3828757405281067,1.3262956142425537,,,
256,118049,0.612053632736206,1.6941503286361694,,,
256,118099,0.6793732643127441,2.52144455909729,,,
256,118149,0.9003496170043945,2.004459857940674,,,
256,118199,0.984915018081665,1.1390955448150635,,,
256,118219,,,0.5480494766888677,1.3282936811447144,0.5725844502449036
257,118249,0.6469773054122925,1.670109510421753,,,
257,118299,0.8297591209411621,1.753113031387329,,,
257,118349,0.5410480499267578,1.544798731803894,,,
257,118399,1.1227672100067139,1.38141667842865,,,
257,118449,0.797417163848877,1.2708637714385986,,,
257,118499,0.6040891408920288,1.899824857711792,,,
257,118549,0.3373829424381256,1.9170963764190674,,,
257,118599,0.5796902775764465,1.445857286453247,,,
257,118649,0.8467156291007996,1.264402151107788,,,
257,118679,,,0.5196411580807394,1.4156690835952759,0.4772161841392517
258,118699,0.5126112103462219,0.9298773407936096,,,
258,118749,0.7925020456314087,0.9802064895629883,,,
258,118799,0.5650235414505005,1.2628583908081055,,,
258,118849,0.7566379904747009,1.5244258642196655,,,
258,118899,1.9320513010025024,1.4408522844314575,,,
258,118949,0.9406226873397827,1.6175450086593628,,,
258,118999,0.6855242252349854,1.0119349956512451,,,
258,119049,0.7271828651428223,1.0436317920684814,,,
258,119099,0.5239966511726379,1.5938969850540161,,,
258,119139,,,0.5528068506184586,1.3478384017944336,0.6434482336044312
259,119149,1.0538814067840576,1.6383497714996338,,,
259,119199,0.48894861340522766,1.5517603158950806,,,
259,119249,0.9709094762802124,1.534414291381836,,,
259,119299,0.384156733751297,1.6685646772384644,,,
259,119349,0.44804373383522034,1.3997396230697632,,,
259,119399,0.871428906917572,1.5722930431365967,,,
259,119449,0.83122318983078,2.2115495204925537,,,
259,119499,0.9726800918579102,0.9650548100471497,,,
259,119549,0.5302507877349854,1.388240933418274,,,
259,119599,0.5462790727615356,1.1902036666870117,,,
259,119599,,,0.6129536495854289,1.233336091041565,0.707992672920227
260,119649,0.5023560523986816,1.095992922782898,,,
260,119699,0.3460208773612976,1.5001842975616455,,,
260,119749,0.4805119037628174,1.843306064605713,,,
260,119799,0.5596876740455627,2.1215295791625977,,,
260,119849,0.9482687711715698,1.171354055404663,,,
260,119899,0.8937921524047852,1.2674665451049805,,,
260,119949,0.6945294141769409,1.6166400909423828,,,
260,119999,0.3912241458892822,0.6280536651611328,,,
260,120049,0.5722445249557495,1.1493983268737793,,,
260,120059,,,0.6977708305015632,1.1451716423034668,0.7732698917388916
261,120099,0.7033573389053345,0.9365705251693726,,,
261,120149,0.7811194658279419,1.0967211723327637,,,
261,120199,0.8112054467201233,1.1062555313110352,,,
261,120249,0.48371225595474243,1.3137717247009277,,,
261,120299,0.3583872318267822,1.4189561605453491,,,
261,120349,0.26988428831100464,1.3350799083709717,,,
261,120399,0.7303339838981628,1.5181739330291748,,,
261,120449,0.6282440423965454,1.5208383798599243,,,
261,120499,0.8383985161781311,1.432741641998291,,,
261,120519,,,0.5726518961533233,1.2961441278457642,0.6750626564025879
262,120549,1.0474965572357178,1.1447155475616455,,,
262,120599,0.6089005470275879,1.5996954441070557,,,
262,120649,0.6881630420684814,1.4829938411712646,,,
262,120699,0.2230159044265747,1.5841450691223145,,,
262,120749,0.5085651874542236,1.0686819553375244,,,
262,120799,1.102240800857544,1.1606336832046509,,,
262,120849,0.5372499823570251,1.8002657890319824,,,
262,120899,0.5311384201049805,0.9927754402160645,,,
262,120949,0.6163313388824463,2.09324049949646,,,
262,120979,,,0.5139323093652304,1.35211181640625,0.4860290288925171
263,120999,0.4472651779651642,1.5502479076385498,,,
263,121049,0.35892820358276367,1.26322603225708,,,
263,121099,0.3753175437450409,1.333711862564087,,,
263,121149,0.6612852215766907,1.5281541347503662,,,
263,121199,0.5611775517463684,1.1816258430480957,,,
263,121249,0.6922866702079773,1.5692992210388184,,,
263,121299,0.7830901145935059,0.9240937232971191,,,
263,121349,0.5033060312271118,1.6164019107818604,,,
263,121399,0.7415971755981445,1.6024668216705322,,,
263,121439,,,0.4836890036699742,1.4989312887191772,0.42874446511268616
264,121449,0.9021565914154053,1.4059760570526123,,,
264,121499,0.4786244034767151,1.63911771774292,,,
264,121549,0.6836059093475342,1.2828445434570312,,,
264,121599,0.5656108856201172,1.6990618705749512,,,
264,121649,0.8153289556503296,1.6774554252624512,,,
264,121699,0.8418822288513184,1.4915156364440918,,,
264,121749,0.8365379571914673,0.8897048234939575,,,
264,121799,0.9011567831039429,1.1610751152038574,,,
264,121849,0.6298671960830688,1.3883097171783447,,,
264,121899,0.6360156536102295,1.1553581953048706,,,
264,121899,,,0.45371754791355173,1.3487744331359863,0.635585367679596
265,121949,0.38301125168800354,1.313920259475708,,,
265,121999,0.6049875020980835,1.203491449356079,,,
265,122049,0.5570558905601501,1.9096410274505615,,,
265,122099,0.47583115100860596,1.2775853872299194,,,
265,122149,0.6915342807769775,2.056586742401123,,,
265,122199,0.5379278063774109,1.2493135929107666,,,
265,122249,0.5661748647689819,1.4200174808502197,,,
265,122299,1.1055809259414673,1.2017567157745361,,,
265,122349,0.7062965631484985,1.1819443702697754,,,
265,122359,,,0.4554845725159712,1.5902873277664185,0.3857007920742035
266,122399,0.9545321464538574,1.318831205368042,,,
266,122449,0.7239813208580017,1.1169588565826416,,,
266,122499,0.6111871600151062,0.9138236045837402,,,
266,122549,0.9291257858276367,1.152551531791687,,,
266,122599,0.6162174940109253,1.6341103315353394,,,
266,122649,0.7707017064094543,1.8716251850128174,,,
266,122699,0.6092867851257324,1.1197367906570435,,,
266,122749,0.9382346272468567,1.1178936958312988,,,
266,122799,0.6018383502960205,1.2578976154327393,,,
266,122819,,,0.5244664944950388,1.3623324632644653,0.5961276292800903
267,122849,0.900054931640625,1.100355863571167,,,
267,122899,0.8080174922943115,1.553518533706665,,,
267,122949,0.5449392199516296,1.0831124782562256,,,
267,122999,1.0437116622924805,0.7847791314125061,,,
267,123049,0.7101595401763916,0.7466679215431213,,,
267,123099,0.4390077590942383,1.1095216274261475,,,
267,123149,0.8714350461959839,0.7512202262878418,,,
267,123199,0.9598466753959656,1.1213749647140503,,,
267,123249,0.7812012434005737,1.111964464187622,,,
267,123279,,,0.6706537991028952,1.1610581874847412,0.8434572815895081
268,123299,0.6096222400665283,1.4874545335769653,,,
268,123349,0.5308279991149902,1.2453440427780151,,,
268,123399,0.6218756437301636,1.0767372846603394,,,
268,123449,0.955578088760376,1.4325833320617676,,,
268,123499,0.4822627305984497,1.298933506011963,,,
268,123549,1.2398656606674194,1.5662965774536133,,,
268,123599,0.5265843868255615,2.041593313217163,,,
268,123649,0.7374231815338135,0.9096898436546326,,,
268,123699,0.47923505306243896,1.709165096282959,,,
268,123739,,,0.6103031126817996,1.2433446645736694,0.6454215049743652
269,123749,0.3627946972846985,1.354649543762207,,,
269,123799,0.3523554801940918,1.8483531475067139,,,
269,123849,0.43674927949905396,1.9785518646240234,,,
269,123899,0.37761783599853516,1.73591947555542,,,
269,123949,0.7359901070594788,1.1585478782653809,,,
269,123999,0.7982592582702637,1.7091405391693115,,,
269,124049,0.4709196388721466,1.673978328704834,,,
269,124099,1.0842314958572388,0.94322669506073,,,
269,124149,0.569898247718811,1.0431163311004639,,,
269,124199,0.4855838716030121,2.2401959896087646,,,
269,124199,,,0.6207693353268996,1.3138482570648193,0.9091351628303528
270,124249,0.9746966361999512,1.4946280717849731,,,
270,124299,0.7042840123176575,2.006141185760498,,,
270,124349,0.8092431426048279,1.15712308883667,,,
270,124399,0.7736276388168335,0.9941884279251099,,,
270,124449,0.6297642588615417,0.9568583965301514,,,
270,124499,1.0224182605743408,0.7358314990997314,,,
270,124549,0.3190121352672577,1.6395270824432373,,,
270,124599,0.5338351726531982,2.0492658615112305,,,
270,124649,1.376063346862793,0.6149009466171265,,,
270,124659,,,0.5753024330569526,1.2930408716201782,0.6705247759819031
271,124699,0.9364420175552368,2.38834285736084,,,
271,124749,0.6131970882415771,1.3018689155578613,,,
271,124799,0.43254464864730835,1.3572112321853638,,,
271,124849,0.7127097249031067,1.2150311470031738,,,
271,124899,0.8035339713096619,0.9946058392524719,,,
271,124949,0.8259328603744507,0.8846259117126465,,,
271,124999,1.7886037826538086,1.1288162469863892,,,
271,125049,0.719829797744751,1.0533732175827026,,,
271,125099,0.6495038270950317,1.8692963123321533,,,
271,125119,,,0.6269539214353677,1.2484102249145508,0.8452978134155273
272,125149,0.6399796009063721,1.4538698196411133,,,
272,125199,0.4244723320007324,1.0027557611465454,,,
272,125249,0.5385891795158386,1.5529017448425293,,,
272,125299,0.7835415601730347,1.3627405166625977,,,
272,125349,0.5928889513015747,0.9242265224456787,,,
272,125399,0.7025861740112305,0.9571037292480469,,,
272,125449,0.760741114616394,1.292400598526001,,,
272,125499,0.42527246475219727,1.2556812763214111,,,
272,125549,0.4427415132522583,1.1344071626663208,,,
272,125579,,,0.5198450455348648,1.400394320487976,0.49641335010528564
273,125599,0.5038440227508545,2.667226791381836,,,
273,125649,0.6458303928375244,2.1137235164642334,,,
273,125699,0.5770476460456848,1.7494773864746094,,,
273,125749,0.7670660018920898,1.4317171573638916,,,
273,125799,0.4986759424209595,2.0708727836608887,,,
273,125849,0.6310892105102539,1.1018470525741577,,,
273,125899,0.5312296748161316,1.4921269416809082,,,
273,125949,0.6035090684890747,1.1537646055221558,,,
273,125999,0.4505630135536194,1.8807971477508545,,,
273,126039,,,0.5504281636536632,1.3567070960998535,0.45984983444213867
274,126049,0.8852458000183105,0.973371148109436,,,
274,126099,0.6941354274749756,1.0767226219177246,,,
274,126149,0.35216665267944336,2.135089874267578,,,
274,126199,0.5010076761245728,2.001525402069092,,,
274,126249,0.3945188522338867,1.4786715507507324,,,
274,126299,0.40510082244873047,1.6969780921936035,,,
274,126349,0.6172525882720947,0.7693121433258057,,,
274,126399,0.8229972124099731,1.4924496412277222,,,
274,126449,0.7999521493911743,2.369882106781006,,,
274,126499,0.8685399889945984,1.6244330406188965,,,
274,126499,,,0.5751665080875357,1.3744335174560547,0.7202072739601135
275,126549,0.8403938412666321,1.778397798538208,,,
275,126599,1.1755850315093994,1.3806732892990112,,,
275,126649,0.6295816898345947,1.9699381589889526,,,
275,126699,1.0778675079345703,0.9924801588058472,,,
275,126749,0.7117295861244202,1.6471905708312988,,,
275,126799,0.4202302098274231,1.2818629741668701,,,
275,126849,0.923020601272583,1.7476599216461182,,,
275,126899,0.8604428172111511,0.7952064275741577,,,
275,126949,0.5307736396789551,1.0293123722076416,,,
275,126959,,,0.49218431425852927,1.3823527097702026,0.4978400766849518
276,126999,0.6032111644744873,0.8905917406082153,,,
276,127049,0.6053638458251953,1.7155709266662598,,,
276,127099,0.5614192485809326,1.336320161819458,,,
276,127149,0.9558688998222351,1.3122750520706177,,,
276,127199,0.7556948661804199,1.3347864151000977,,,
276,127249,0.7243748903274536,1.1383901834487915,,,
276,127299,0.6422524452209473,1.6321055889129639,,,
276,127349,0.8310697078704834,1.0947908163070679,,,
276,127399,0.6230143308639526,1.8573157787322998,,,
276,127419,,,0.5848171809161343,1.276570439338684,0.5912885069847107
277,127449,0.3635500371456146,2.089611530303955,,,
277,127499,0.33260780572891235,1.8221839666366577,,,
277,127549,0.873221755027771,1.2122350931167603,,,
277,127599,0.872956395149231,1.1340103149414062,,,
277,127649,0.6916743516921997,1.1467936038970947,,,
277,127699,0.3795045018196106,1.9529683589935303,,,
277,127749,0.48432457447052,2.0309317111968994,,,
277,127799,1.0642249584197998,1.1759400367736816,,,
277,127849,0.7552160620689392,1.8445723056793213,,,
277,127879,,,0.6607992388201712,1.2016795873641968,0.8140469193458557
278,127899,0.6259642839431763,1.184287667274475,,,
278,127949,1.4460464715957642,1.0782835483551025,,,
278,127999,0.6417791843414307,1.1641135215759277,,,
278,128049,0.4338759183883667,1.3250854015350342,,,
278,128099,1.088096022605896,1.787844181060791,,,
278,128149,0.5158246755599976,1.1293518543243408,,,
278,128199,0.64139723777771,1.2695443630218506,,,
278,128249,0.4545828700065613,1.6643474102020264,,,
278,128299,1.1241188049316406,2.4840550422668457,,,
278,128339,,,0.5130487970640206,1.2700494527816772,0.5349617004394531
279,128349,0.5144511461257935,2.0914878845214844,,,
279,128399,0.7953073978424072,0.9618543982505798,,,
279,128449,0.6729430556297302,1.5201917886734009,,,
279,128499,0.9561639428138733,1.152994155883789,,,
279,128549,1.0365748405456543,1.8195888996124268,,,
279,128599,0.7182410955429077,1.073394536972046,,,
279,128649,0.9173033237457275,1.1367645263671875,,,
279,128699,0.8014697432518005,1.3272817134857178,,,
279,128749,1.1259124279022217,1.511136531829834,,,
279,128799,1.2491739988327026,2.6336827278137207,,,
279,128799,,,0.5760500203887454,1.2998747825622559,0.6974973678588867
280,128849,0.5698705315589905,1.5460635423660278,,,
280,128899,0.48302578926086426,1.1457343101501465,,,
280,128949,0.6068615913391113,1.8323664665222168,,,
280,128999,0.4777154326438904,2.066948413848877,,,
280,129049,0.7490884065628052,1.1221399307250977,,,
280,129099,0.6489045023918152,1.6659492254257202,,,
280,129149,0.5736008882522583,1.0201313495635986,,,
280,129199,0.47852951288223267,1.4112625122070312,,,
280,129249,0.9428067207336426,2.3372626304626465,,,
280,129259,,,0.6387793937746364,1.21597421169281,0.794349730014801
281,129299,0.5816131830215454,0.9473646879196167,,,
281,129349,0.5224310159683228,0.9214504957199097,,,
281,129399,1.1942225694656372,2.2813568115234375,,,
281,129449,0.3803746700286865,1.036694049835205,,,
281,129499,0.6795600652694702,1.2689303159713745,,,
281,129549,0.5783727765083313,1.1306778192520142,,,
281,129599,0.5343967080116272,1.1487866640090942,,,
281,129649,0.3995177745819092,1.6324067115783691,,,
281,129699,1.0329935550689697,1.2972487211227417,,,
281,129719,,,0.7472475193693081,1.1682415008544922,0.8569978475570679
282,129749,0.7867244482040405,0.9956092834472656,,,
282,129799,0.5004082322120667,1.4708175659179688,,,
282,129849,0.5592676997184753,1.166168212890625,,,
282,129899,1.1246833801269531,0.7466891407966614,,,
282,129949,0.5690944194793701,1.4123780727386475,,,
282,129999,0.5473661422729492,1.2295793294906616,,,
282,130049,0.5071569681167603,1.304767370223999,,,
282,130099,0.6567350029945374,1.2318066358566284,,,
282,130149,0.5661531686782837,1.3442738056182861,,,
282,130179,,,0.5062525485931766,1.4222328662872314,0.4847179651260376
283,130199,0.5239560008049011,1.713547706604004,,,
283,130249,0.8868709802627563,0.9107868671417236,,,
283,130299,1.2520345449447632,0.5859658122062683,,,
283,130349,0.5405526161193848,1.4612849950790405,,,
283,130399,1.317122220993042,1.6835861206054688,,,
283,130449,0.48322078585624695,1.225949764251709,,,
283,130499,0.5731552243232727,1.0507726669311523,,,
283,130549,0.8009718656539917,0.7602232098579407,,,
283,130599,0.8054852485656738,1.575351595878601,,,
283,130639,,,0.6283131711295364,1.1990046501159668,0.7294699549674988
284,130649,0.47871434688568115,1.1621118783950806,,,
284,130699,0.5847805738449097,1.3798655271530151,,,
284,130749,0.6773593425750732,1.3201653957366943,,,
284,130799,1.2081482410430908,0.8946391940116882,,,
284,130849,0.7463968992233276,1.0053110122680664,,,
284,130899,0.5661323070526123,1.475685954093933,,,
284,130949,0.744796872138977,1.0289700031280518,,,
284,130999,1.0010731220245361,1.323899507522583,,,
284,131049,0.5969325304031372,1.1893677711486816,,,
284,131099,0.5303269028663635,1.2270623445510864,,,
284,131099,,,0.564428435503602,1.3272340297698975,0.5503562688827515
285,131149,0.5896205306053162,1.1791017055511475,,,
285,131199,0.9426453113555908,1.1976287364959717,,,
285,131249,0.4808036983013153,1.092018723487854,,,
285,131299,0.5240979194641113,1.1748816967010498,,,
285,131349,0.5861632227897644,1.7895331382751465,,,
285,131399,0.6583020687103271,0.8404353260993958,,,
285,131449,0.6839880347251892,1.2215617895126343,,,
285,131499,0.3028275966644287,1.4493287801742554,,,
285,131549,0.303261935710907,2.059436798095703,,,
285,131559,,,0.5937202664129401,1.3123371601104736,0.615622878074646
286,131599,0.799422025680542,1.1185166835784912,,,
286,131649,0.34643638134002686,1.3852412700653076,,,
286,131699,0.2714361548423767,0.8946419954299927,,,
286,131749,0.5746703743934631,0.9461923837661743,,,
286,131799,0.4765602946281433,1.7944819927215576,,,
286,131849,0.6968312859535217,1.6258909702301025,,,
286,131899,0.6113089323043823,1.0939396619796753,,,
286,131949,0.6206960678100586,2.150968074798584,,,
286,131999,0.8585878610610962,0.6992846131324768,,,
286,132019,,,0.6064972135381269,1.2973769903182983,0.7164506912231445
287,132049,0.9102669954299927,1.2102794647216797,,,
287,132099,0.6674110293388367,1.2169349193572998,,,
287,132149,0.7433717250823975,1.694328784942627,,,
287,132199,0.6436755061149597,0.9325093030929565,,,
287,132249,0.9265735745429993,1.181969404220581,,,
287,132299,0.9779687523841858,1.4693803787231445,,,
287,132349,0.5875338912010193,1.1998990774154663,,,
287,132399,0.8175809383392334,1.3220000267028809,,,
287,132449,0.6038337349891663,1.5910320281982422,,,
287,132479,,,0.5371754791355172,1.3159736394882202,0.566089928150177
288,132499,0.8717676401138306,0.9576988816261292,,,
288,132549,0.4554150402545929,1.1393078565597534,,,
288,132599,0.41680917143821716,0.9042012691497803,,,
288,132649,0.8496570587158203,1.5256321430206299,,,
288,132699,0.9596360921859741,0.9367692470550537,,,
288,132749,0.7248852252960205,1.2961289882659912,,,
288,132799,0.5896417498588562,1.4324156045913696,,,
288,132849,0.49840453267097473,1.2824426889419556,,,
288,132899,0.760163426399231,1.0746394395828247,,,
288,132939,,,0.6152643740655158,1.268757939338684,0.5834625959396362
289,132949,0.4374060034751892,1.823960542678833,,,
289,132999,0.383696973323822,1.4345083236694336,,,
289,133049,0.2775118052959442,1.210785150527954,,,
289,133099,0.39464271068573,2.0647783279418945,,,
289,133149,0.5758137702941895,1.0397566556930542,,,
289,133199,0.6845128536224365,1.3061261177062988,,,
289,133249,0.8143039345741272,1.1179137229919434,,,
289,133299,0.3228856325149536,2.412022352218628,,,
289,133349,0.5021463632583618,1.9534357786178589,,,
289,133399,1.2632553577423096,1.8013124465942383,,,
289,133399,,,0.6306238956096235,1.2832221984863281,0.5871509909629822
290,133449,0.7675480842590332,1.743440866470337,,,
290,133499,0.46979403495788574,1.456027865409851,,,
290,133549,0.4906386435031891,1.2434790134429932,,,
290,133599,0.8830600380897522,1.2160011529922485,,,
290,133649,0.4875866174697876,1.4734981060028076,,,
290,133699,0.9574781060218811,1.40593421459198,,,
290,133749,0.5545956492424011,1.512061595916748,,,
290,133799,0.7290176749229431,1.3149126768112183,,,
290,133849,0.8156644701957703,1.009616732597351,,,
290,133859,,,0.5569525621856735,1.317920446395874,0.5992357134819031
291,133899,0.6741100549697876,0.7070178985595703,,,
291,133949,0.44930219650268555,2.1264138221740723,,,
291,133999,1.0702060461044312,1.125563621520996,,,
291,134049,0.46393293142318726,1.5514243841171265,,,
291,134099,0.5404655337333679,0.8124048709869385,,,
291,134149,0.7165188789367676,0.6986590623855591,,,
291,134199,0.6378054022789001,1.2823485136032104,,,
291,134249,0.6779217720031738,1.2119817733764648,,,
291,134299,0.5369715690612793,1.2043235301971436,,,
291,134319,,,0.6729645235829822,1.2128969430923462,0.9011083245277405
292,134349,0.798195481300354,1.2033195495605469,,,
292,134399,1.0472090244293213,1.2333636283874512,,,
292,134449,0.45637381076812744,1.857736587524414,,,
292,134499,0.5956124067306519,1.5373318195343018,,,
292,134549,0.5156874656677246,1.9781064987182617,,,
292,134599,0.3449203073978424,1.1020874977111816,,,
292,134649,0.7344199419021606,1.5895169973373413,,,
292,134699,0.6199742555618286,1.2756927013397217,,,
292,134749,0.5136263370513916,1.3881043195724487,,,
292,134779,,,0.48627157808889493,1.4264640808105469,0.44608303904533386
293,134799,0.6967868208885193,1.0840009450912476,,,
293,134849,0.528365969657898,1.2811837196350098,,,
293,134899,0.376257985830307,1.3012183904647827,,,
293,134949,0.827114462852478,0.9345574378967285,,,
293,134999,0.39879390597343445,1.409293293952942,,,
293,135049,1.2760461568832397,1.2262351512908936,,,
293,135099,0.6180526614189148,1.8105323314666748,,,
293,135149,0.8928896188735962,1.3515675067901611,,,
293,135199,0.65172278881073,1.118935465812683,,,
293,135239,,,0.5481174391735761,1.2479324340820312,0.6133517622947693
294,135249,0.814663827419281,1.5187385082244873,,,
294,135299,0.3985455632209778,1.620495319366455,,,
294,135349,0.6636536121368408,1.6638777256011963,,,
294,135399,0.7620332837104797,1.0830042362213135,,,
294,135449,0.6372016668319702,1.32635498046875,,,
294,135499,0.7664374113082886,1.032523274421692,,,
294,135549,0.5606839060783386,1.3416392803192139,,,
294,135599,0.6968987584114075,2.0960891246795654,,,
294,135649,0.973155677318573,1.3103492259979248,,,
294,135699,0.4222714900970459,1.9927594661712646,,,
294,135699,,,0.6897512573059671,1.1843810081481934,0.7586914896965027
295,135749,0.7761207818984985,1.288846731185913,,,
295,135799,1.289731502532959,1.0899543762207031,,,
295,135849,0.6136413216590881,0.9225221276283264,,,
295,135899,0.8155461549758911,1.4729551076889038,,,
295,135949,0.4809924364089966,1.0370707511901855,,,
295,135999,0.5856881141662598,1.5122565031051636,,,
295,136049,0.7439610362052917,2.0026025772094727,,,
295,136099,0.49704647064208984,1.2489609718322754,,,
295,136149,0.8962819576263428,1.6247966289520264,,,
295,136159,,,0.5725159711839065,1.3121943473815918,0.5927107334136963
296,136199,0.7999047040939331,1.8179019689559937,,,
296,136249,0.8506589531898499,1.3283147811889648,,,
296,136299,0.8510596752166748,1.0694897174835205,,,
296,136349,0.8670418858528137,1.8697562217712402,,,
296,136399,0.43667852878570557,1.286851406097412,,,
296,136449,0.5794510245323181,1.1026021242141724,,,
296,136499,0.7868117094039917,0.9805863499641418,,,
296,136549,0.3468480110168457,1.5329468250274658,,,
296,136599,0.7946426272392273,1.1024203300476074,,,
296,136619,,,0.6234878347152372,1.2510207891464233,0.6896034479141235
297,136649,0.5983045101165771,1.5574750900268555,,,
297,136699,0.539850115776062,1.6450414657592773,,,
297,136749,0.5325549840927124,1.7706197500228882,,,
297,136799,0.5160695314407349,1.1674017906188965,,,
297,136849,0.5873838067054749,1.3485662937164307,,,
297,136899,0.5289270281791687,1.349800944328308,,,
297,136949,0.3673836588859558,0.8998293280601501,,,
297,136999,0.48271116614341736,3.150935173034668,,,
297,137049,0.5530973672866821,1.170820951461792,,,
297,137079,,,0.6047301889357075,1.2847819328308105,0.7255837321281433
298,137099,0.8816070556640625,1.030722737312317,,,
298,137149,0.6051254272460938,1.1957967281341553,,,
298,137199,0.8449479937553406,1.3812649250030518,,,
298,137249,0.6139781475067139,2.1281180381774902,,,
298,137299,0.5569378137588501,1.5485461950302124,,,
298,137349,0.5027128458023071,1.012387752532959,,,
298,137399,0.5622426271438599,1.0193674564361572,,,
298,137449,0.6655439734458923,1.082129955291748,,,
298,137499,0.640853226184845,1.3366789817810059,,,
298,137539,,,0.5591953241810521,1.3472851514816284,0.48573216795921326
299,137549,0.40324270725250244,1.7541379928588867,,,
299,137599,0.4921419620513916,1.8280607461929321,,,
299,137649,0.6886895298957825,1.4247887134552002,,,
299,137699,0.6449856162071228,1.276747465133667,,,
299,137749,0.49808287620544434,1.451911449432373,,,
299,137799,0.3377801179885864,2.277416467666626,,,
299,137849,0.5859510898590088,1.1028006076812744,,,
299,137899,0.5293045043945312,1.1531838178634644,,,
299,137949,0.41859567165374756,1.672846794128418,,,
299,137999,0.7428979873657227,1.0767267942428589,,,
299,137999,,,0.4845045534864755,1.525199294090271,0.35180437564849854
