epoch,knn_accuracy,step,train_discriminator_loss,train_generator_loss,validation_discriminator_loss,validation_generator_loss
0,,49,0.2560638189315796,0.9956862330436707,,
0,,99,0.011352411471307278,1.0038124322891235,,
0,,149,0.0002095984818879515,0.9991856813430786,,
0,,199,0.00011721714690793306,1.0124343633651733,,
0,,249,9.688667341833934e-05,1.0016833543777466,,
0,,299,0.00015817044186405838,1.020326852798462,,
0,,349,0.00010739654680946842,1.01213538646698,,
0,,399,0.00024128436052706093,1.0013823509216309,,
0,,449,9.069731459021568e-05,1.000230073928833,,
0,0.5666607022285461,459,,,0.5796292424201965,0.07848097383975983
1,,499,7.200684194685891e-05,0.9974729418754578,,
1,,549,7.933657616376877e-05,1.001102089881897,,
1,,599,0.0002283101057400927,0.9926584959030151,,
1,,649,5.679918103851378e-05,0.9964054822921753,,
1,,699,0.00023408785637002438,1.018747329711914,,
1,,749,0.00028659269446507096,0.9724074602127075,,
1,,799,3.169963019900024e-05,1.000386118888855,,
1,,849,8.618907304480672e-05,0.988053560256958,,
1,,899,3.2035764888860285e-05,1.0042725801467896,,
1,0.5701732635498047,919,,,0.549373984336853,0.0976845845580101
2,,949,0.00019205216085538268,1.0176231861114502,,
2,,999,0.0003039108996745199,1.0054564476013184,,
2,,1049,0.00026281989994458854,1.0057059526443481,,
2,,1099,9.966576180886477e-05,1.006691575050354,,
2,,1149,3.070833918172866e-05,0.9983469843864441,,
2,,1199,0.0004925765097141266,0.961170494556427,,
2,,1249,4.790120874531567e-05,1.0051708221435547,,
2,,1299,7.20213502063416e-05,0.9988734722137451,,
2,,1349,2.4815341021167114e-05,1.0050702095031738,,
2,0.5766883492469788,1379,,,0.5090941190719604,0.13495971262454987
3,,1399,0.0007112601306289434,1.0426535606384277,,
3,,1449,7.114409527275711e-05,1.0096629858016968,,
3,,1499,7.602403638884425e-05,0.9921485185623169,,
3,,1549,7.073828601278365e-05,1.0038418769836426,,
3,,1599,5.9368885558797047e-05,1.000504970550537,,
3,,1649,0.0002236699656350538,1.0002591609954834,,
3,,1699,0.00011247764632571489,1.0002598762512207,,
3,,1749,0.0004952555755153298,0.9901717901229858,,
3,,1799,9.190577839035541e-05,1.016369104385376,,
3,0.580757737159729,1839,,,0.4914492964744568,0.18428605794906616
4,,1849,1.4155377357383259e-05,0.9991745948791504,,
4,,1899,1.2790048458555248e-05,0.9998648762702942,,
4,,1949,0.00020094553474336863,1.0065796375274658,,
4,,1999,0.0005237151635810733,1.0589851140975952,,
4,,2049,0.00022289967455435544,1.005751132965088,,
4,,2099,4.481444557313807e-05,1.01287841796875,,
4,,2149,4.854202052229084e-05,0.9963488578796387,,
4,,2199,0.00017052888870239258,0.9865900278091431,,
4,,2249,3.9956808905117214e-05,1.0001074075698853,,
4,,2299,0.0001300255098612979,0.9849962592124939,,
4,0.596416175365448,2299,,,0.565424919128418,0.09496910125017166
5,,2349,6.448940257541835e-05,1.0029895305633545,,
5,,2399,0.0019550512079149485,1.0603519678115845,,
5,,2449,0.00032937797368504107,0.9988223314285278,,
5,,2499,0.00021109532099217176,0.9993987083435059,,
5,,2549,0.0004556116764433682,1.0219988822937012,,
5,,2599,0.0005508860340341926,1.0101020336151123,,
5,,2649,0.0013215441722422838,0.9800599813461304,,
5,,2699,0.0002516132954042405,0.9932689666748047,,
5,,2749,0.24373291432857513,0.6038135886192322,,
5,0.5703158378601074,2759,,,0.40174102783203125,0.27662065625190735
6,,2799,0.002299001906067133,1.0074176788330078,,
6,,2849,0.002666870830580592,1.02101469039917,,
6,,2899,0.0015959787415340543,1.0758345127105713,,
6,,2949,0.0011239312589168549,1.0610442161560059,,
6,,2999,0.0026243580505251884,0.9754014611244202,,
6,,3049,0.0030042557045817375,0.9868096113204956,,
6,,3099,0.005603483412414789,0.9203498363494873,,
6,,3149,0.00631849467754364,0.9504640102386475,,
6,,3199,0.005426425952464342,0.999491274356842,,
6,0.5802343487739563,3219,,,0.6769315004348755,0.2165999412536621
7,,3249,0.003950628452003002,0.9669056534767151,,
7,,3299,0.009510338306427002,1.0807563066482544,,
7,,3349,0.11534518748521805,1.032641887664795,,
7,,3399,0.007214380893856287,0.9853328466415405,,
7,,3449,0.020212648436427116,1.1598416566848755,,
7,,3499,0.16430339217185974,0.69491046667099,,
7,,3549,0.005612356122583151,0.971443235874176,,
7,,3599,0.04052838683128357,0.9144015312194824,,
7,,3649,0.028551962226629257,0.9481416940689087,,
7,0.560553252696991,3679,,,0.3628919720649719,0.6111907958984375
8,,3699,0.3454105257987976,1.1026220321655273,,
8,,3749,0.043617259711027145,1.0176682472229004,,
8,,3799,0.040495917201042175,1.0855693817138672,,
8,,3849,0.2649901211261749,1.449141502380371,,
8,,3899,0.10550624132156372,1.0202504396438599,,
8,,3949,0.012100580148398876,1.1894910335540771,,
8,,3999,0.06378868222236633,0.987545371055603,,
8,,4049,0.11851893365383148,1.6157851219177246,,
8,,4099,0.1469576060771942,1.0375804901123047,,
8,0.5311920642852783,4139,,,0.35802745819091797,0.6388790011405945
9,,4149,0.4986371099948883,1.2593576908111572,,
9,,4199,0.08678803592920303,1.2971692085266113,,
9,,4249,0.22888733446598053,2.2036023139953613,,
9,,4299,0.09647850692272186,0.9127287268638611,,
9,,4349,0.06280036270618439,1.0467839241027832,,
9,,4399,0.042449090629816055,1.434860348701477,,
9,,4449,0.03562110289931297,1.062210202217102,,
9,,4499,0.06525218486785889,1.6446685791015625,,
9,,4549,0.09277990460395813,1.1002438068389893,,
9,,4599,0.10511839389801025,1.338840365409851,,
9,0.506029486656189,4599,,,0.357023149728775,0.7097771167755127
10,,4649,0.04803856462240219,1.1924030780792236,,
10,,4699,0.061811819672584534,1.0559892654418945,,
10,,4749,0.14383487403392792,1.5221946239471436,,
10,,4799,0.05358060449361801,1.0889089107513428,,
10,,4849,0.37303775548934937,1.014905333518982,,
10,,4899,0.12860408425331116,1.3179727792739868,,
10,,4949,0.12047470360994339,0.9235098361968994,,
10,,4999,0.1297965794801712,1.410057783126831,,
10,,5049,0.1205979436635971,1.465150237083435,,
10,0.4993652105331421,5059,,,0.3021097779273987,0.7543144226074219
11,,5099,0.12017703801393509,1.2731220722198486,,
11,,5149,0.12404608726501465,1.2651355266571045,,
11,,5199,0.16715091466903687,1.0874652862548828,,
11,,5249,0.16334468126296997,1.0264885425567627,,
11,,5299,0.05191600322723389,1.1631293296813965,,
11,,5349,0.09461335092782974,1.0130693912506104,,
11,,5399,0.07985987514257431,1.724837064743042,,
11,,5449,0.07022452354431152,1.7466459274291992,,
11,,5499,0.11396646499633789,1.0160114765167236,,
11,0.5219328999519348,5519,,,0.2951321005821228,0.6217060089111328
12,,5549,0.0797964408993721,1.3616554737091064,,
12,,5599,0.11854462325572968,1.3476125001907349,,
12,,5649,0.08510635793209076,1.344695806503296,,
12,,5699,0.05845075473189354,1.49845290184021,,
12,,5749,0.09520099312067032,1.1482092142105103,,
12,,5799,0.10579653084278107,1.5532326698303223,,
12,,5849,0.06927059590816498,1.0303910970687866,,
12,,5899,0.08494879305362701,1.0509229898452759,,
12,,5949,0.08020340651273727,1.2800297737121582,,
12,0.5228840112686157,5979,,,0.4073309004306793,1.184309959411621
13,,5999,0.11878921091556549,1.0224558115005493,,
13,,6049,0.07627902925014496,1.1904497146606445,,
13,,6099,0.056584324687719345,2.0279011726379395,,
13,,6149,0.14569446444511414,1.0275166034698486,,
13,,6199,0.047927919775247574,1.2847011089324951,,
13,,6249,0.11392427980899811,0.996402382850647,,
13,,6299,0.14923930168151855,1.4902236461639404,,
13,,6349,0.22868196666240692,1.765681266784668,,
13,,6399,0.18876799941062927,0.7449300289154053,,
13,0.5379722118377686,6439,,,0.35976994037628174,0.6244931817054749
14,,6449,0.05606403201818466,1.4700469970703125,,
14,,6499,0.140638530254364,1.1685631275177002,,
14,,6549,0.12748512625694275,1.4970238208770752,,
14,,6599,0.22922289371490479,0.9412932395935059,,
14,,6649,0.21269409358501434,1.1934973001480103,,
14,,6699,0.09047465771436691,1.1474369764328003,,
14,,6749,0.1226295605301857,1.5705230236053467,,
14,,6799,0.10099834203720093,1.4871370792388916,,
14,,6849,0.09023775905370712,1.0015109777450562,,
14,,6899,0.1003490686416626,1.2670705318450928,,
14,0.5414847731590271,6899,,,0.3097502589225769,0.6651370525360107
15,,6949,0.08456222712993622,1.4644873142242432,,
15,,6999,0.08606117963790894,1.540205717086792,,
15,,7049,0.10049918293952942,1.508208990097046,,
15,,7099,0.11572323739528656,1.4488495588302612,,
15,,7149,0.12221723794937134,1.1726155281066895,,
15,,7199,0.07860510796308517,1.2163429260253906,,
15,,7249,0.06853726506233215,1.2912054061889648,,
15,,7299,0.1121748760342598,0.7820130586624146,,
15,,7349,0.1839958280324936,1.4279245138168335,,
15,0.5643709897994995,7359,,,0.30949854850769043,0.6185939908027649
16,,7399,0.08135045319795609,1.4265233278274536,,
16,,7449,0.17390063405036926,1.0537720918655396,,
16,,7499,0.09839380532503128,1.416874885559082,,
16,,7549,0.0723213255405426,1.0345885753631592,,
16,,7599,0.08546765148639679,0.8112322092056274,,
16,,7649,0.14262036979198456,1.3655844926834106,,
16,,7699,0.34515273571014404,0.5339012145996094,,
16,,7749,0.07576031982898712,1.1244463920593262,,
16,,7799,0.04949631169438362,1.364562749862671,,
16,0.5592970252037048,7819,,,0.31070390343666077,0.5358649492263794
17,,7849,0.2093333899974823,0.8483769297599792,,
17,,7899,0.08833206444978714,1.229794979095459,,
17,,7949,0.06670677661895752,1.4342257976531982,,
17,,7999,0.07872994989156723,0.8051197528839111,,
17,,8049,0.12461775541305542,0.9019107222557068,,
17,,8099,0.09730394184589386,1.5883209705352783,,
17,,8149,0.07141464948654175,1.2620238065719604,,
17,,8199,0.037524156272411346,0.9994608163833618,,
17,,8249,0.07009542733430862,0.7861669063568115,,
17,0.5579383373260498,8279,,,0.3184273838996887,0.5274487137794495
18,,8299,0.1099608838558197,0.7837851047515869,,
18,,8349,0.09214085340499878,1.5955841541290283,,
18,,8399,0.12385477125644684,0.8239690065383911,,
18,,8449,0.06436657905578613,1.1762230396270752,,
18,,8499,0.06243029981851578,1.3466447591781616,,
18,,8549,0.18541119992733002,1.7726435661315918,,
18,,8599,0.08111851662397385,1.2993965148925781,,
18,,8649,0.13800367712974548,1.275020718574524,,
18,,8699,0.16059568524360657,0.824445366859436,,
18,0.549269437789917,8739,,,0.38236701488494873,0.6766538023948669
19,,8749,0.32877492904663086,0.6128299832344055,,
19,,8799,0.32683002948760986,0.5266112089157104,,
19,,8849,0.16604489088058472,1.64003586769104,,
19,,8899,0.10394860059022903,1.4601340293884277,,
19,,8949,0.05772149935364723,1.0764005184173584,,
19,,8999,0.1555756777524948,0.8808600306510925,,
19,,9049,0.09628567844629288,1.006877064704895,,
19,,9099,0.05946270003914833,1.207132339477539,,
19,,9149,0.06915665417909622,1.470472812652588,,
19,,9199,0.16214516758918762,0.940893828868866,,
19,0.5529178380966187,9199,,,0.37617141008377075,0.5373882055282593
20,,9249,0.17440137267112732,1.1640517711639404,,
20,,9299,0.04594554379582405,0.8502777218818665,,
20,,9349,0.07122593373060226,1.420027494430542,,
20,,9399,0.0220063254237175,1.4702270030975342,,
20,,9449,0.02439665049314499,1.1129310131072998,,
20,,9499,0.05335565656423569,0.8595603108406067,,
20,,9549,0.020240942016243935,1.2381477355957031,,
20,,9599,0.05697539076209068,1.0663187503814697,,
20,,9649,0.02583383023738861,1.298291563987732,,
20,0.5516950488090515,9659,,,0.35767754912376404,0.5365557074546814
21,,9699,0.03009065054357052,0.9048703908920288,,
21,,9749,0.05435258150100708,0.8785754442214966,,
21,,9799,0.0597255676984787,1.265920639038086,,
21,,9849,0.06705589592456818,1.0117347240447998,,
21,,9899,0.48617100715637207,1.3857793807983398,,
21,,9949,0.035967014729976654,1.1108474731445312,,
21,,9999,0.2703251540660858,1.552660346031189,,
21,,10049,0.045191340148448944,0.815715491771698,,
21,,10099,0.092715784907341,0.870835542678833,,
21,0.5680261254310608,10119,,,0.3541562259197235,0.4872044622898102
22,,10149,0.11105645447969437,0.857707679271698,,
22,,10199,0.07710167020559311,0.9803518056869507,,
22,,10249,0.05517324432730675,0.9833924770355225,,
22,,10299,0.13152319192886353,1.0453107357025146,,
22,,10349,0.09795939177274704,0.8631171584129333,,
22,,10399,0.04245805740356445,1.0643987655639648,,
22,,10449,0.036421582102775574,1.2034077644348145,,
22,,10499,0.027433864772319794,1.572847843170166,,
22,,10549,0.074854776263237,0.9456269145011902,,
22,0.5683936476707458,10579,,,0.35866859555244446,0.537234365940094
23,,10599,0.055205054581165314,0.8301447629928589,,
23,,10649,0.031885940581560135,1.046689510345459,,
23,,10699,0.03399720788002014,1.1904075145721436,,
23,,10749,0.0676971971988678,1.1850172281265259,,
23,,10799,0.03508622199296951,1.0956101417541504,,
23,,10849,0.023151207715272903,0.8117214441299438,,
23,,10899,0.015394609421491623,1.183167815208435,,
23,,10949,0.01781497150659561,1.4401167631149292,,
23,,10999,0.048994239419698715,1.3111956119537354,,
23,0.5652753114700317,11039,,,0.3394836485385895,0.5112714767456055
24,,11049,0.07195226848125458,1.3490403890609741,,
24,,11099,0.03509708121418953,0.8406130075454712,,
24,,11149,0.030995110049843788,1.0683590173721313,,
24,,11199,0.06431155651807785,1.0416843891143799,,
24,,11249,0.046840228140354156,1.3661088943481445,,
24,,11299,0.07407393306493759,1.742303490638733,,
24,,11349,0.18288017809391022,1.151268482208252,,
24,,11399,0.03015880286693573,1.4011353254318237,,
24,,11449,0.07231280207633972,0.9684010744094849,,
24,,11499,0.03726287558674812,0.8405239582061768,,
24,0.5575173497200012,11499,,,0.3106471300125122,0.49206042289733887
25,,11549,0.03247857093811035,1.2794071435928345,,
25,,11599,0.06662027537822723,0.8019111752510071,,
25,,11649,0.015536785125732422,1.0236921310424805,,
25,,11699,0.11195587366819382,0.7462939023971558,,
25,,11749,0.040989335626363754,1.3140084743499756,,
25,,11799,0.06072347238659859,1.0691074132919312,,
25,,11849,0.049665771424770355,1.1067224740982056,,
25,,11899,0.037533048540353775,0.9245284199714661,,
25,,11949,0.09025458246469498,1.2011137008666992,,
25,0.5539780855178833,11959,,,0.3718796968460083,0.4215545952320099
26,,11999,0.03858645260334015,1.3464288711547852,,
26,,12049,0.037376340478658676,1.1128188371658325,,
26,,12099,0.03154826909303665,1.2631645202636719,,
26,,12149,0.10952180624008179,0.7090440392494202,,
26,,12199,0.04006730392575264,0.7120144367218018,,
26,,12249,0.015018980950117111,0.9585263729095459,,
26,,12299,0.09868404269218445,1.2854136228561401,,
26,,12349,0.060909807682037354,1.5146361589431763,,
26,,12399,0.015591555275022984,1.3032552003860474,,
26,0.5471155643463135,12419,,,0.3605552315711975,0.4047543704509735
27,,12449,0.14347369968891144,1.5944809913635254,,
27,,12499,0.013731070794165134,1.1175307035446167,,
27,,12549,0.012658857740461826,1.1306779384613037,,
27,,12599,0.01571301929652691,0.9776944518089294,,
27,,12649,0.12488370388746262,1.2802059650421143,,
27,,12699,0.029430493712425232,0.9316673278808594,,
27,,12749,0.02232316881418228,1.0738976001739502,,
27,,12799,0.02659035101532936,0.8184910416603088,,
27,,12849,0.11622604727745056,0.526180624961853,,
27,0.5522318482398987,12879,,,0.38663917779922485,0.46757981181144714
28,,12899,0.028396442532539368,1.0843734741210938,,
28,,12949,0.024646732956171036,1.0118577480316162,,
28,,12999,0.010520350188016891,0.9412596821784973,,
28,,13049,0.02420065738260746,0.9487329721450806,,
28,,13099,0.05804378539323807,1.4692223072052002,,
28,,13149,0.021712321788072586,1.238387942314148,,
28,,13199,0.03331644833087921,1.0143269300460815,,
28,,13249,0.09209371358156204,1.0833970308303833,,
28,,13299,0.030065318569540977,1.4160585403442383,,
28,0.5613818764686584,13339,,,0.3413795232772827,0.37726902961730957
29,,13349,0.018232330679893494,1.198939323425293,,
29,,13399,0.09432956576347351,0.6334154605865479,,
29,,13449,0.036664389073848724,0.8008037805557251,,
29,,13499,0.02307266555726528,1.178182601928711,,
29,,13549,0.044340573251247406,1.6381504535675049,,
29,,13599,0.015162492170929909,1.0909380912780762,,
29,,13649,0.07764654606580734,1.3564167022705078,,
29,,13699,0.0351334884762764,1.28006112575531,,
29,,13749,0.030098289251327515,0.819328784942627,,
29,,13799,0.04199732095003128,1.228397011756897,,
29,0.5477748513221741,13799,,,0.36974507570266724,0.4500259459018707
30,,13849,0.059299908578395844,1.2839001417160034,,
30,,13899,0.20595845580101013,0.6227388381958008,,
30,,13949,0.05836447700858116,0.8834472894668579,,
30,,13999,0.046780191361904144,1.3306756019592285,,
30,,14049,0.014478364959359169,1.038405418395996,,
30,,14099,0.05305011570453644,0.8879135847091675,,
30,,14149,0.06303710490465164,0.9863936901092529,,
30,,14199,0.0198061540722847,1.4230780601501465,,
30,,14249,0.016529090702533722,0.9093130826950073,,
30,0.5666674375534058,14259,,,0.32144561409950256,0.4180363714694977
31,,14299,0.07856865227222443,0.8270169496536255,,
31,,14349,0.005332935135811567,1.2109390497207642,,
31,,14399,0.09253375232219696,1.2617063522338867,,
31,,14449,0.08676698803901672,0.9376638531684875,,
31,,14499,0.1486556977033615,1.422012448310852,,
31,,14549,0.11291655153036118,1.255277156829834,,
31,,14599,0.07182957231998444,1.000727891921997,,
31,,14649,0.045601412653923035,0.5048351287841797,,
31,,14699,0.034524112939834595,1.3753912448883057,,
31,0.5491468906402588,14719,,,0.3459809422492981,0.37382107973098755
32,,14749,0.009984694421291351,1.4493556022644043,,
32,,14799,0.015413947403430939,0.8325176239013672,,
32,,14849,0.01519305631518364,1.1364870071411133,,
32,,14899,0.025458626449108124,1.0545566082000732,,
32,,14949,0.05455775186419487,0.9717103838920593,,
32,,14999,0.03478527069091797,1.0238549709320068,,
32,,15049,0.020216621458530426,1.181957483291626,,
32,,15099,0.025762252509593964,1.1037811040878296,,
32,,15149,0.008046720176935196,1.0895500183105469,,
32,0.5714161396026611,15179,,,0.33329319953918457,0.4043336510658264
33,,15199,0.03848724812269211,0.8983696103096008,,
33,,15249,0.038170747458934784,0.8241562843322754,,
33,,15299,0.022073868662118912,1.199948787689209,,
33,,15349,0.043654508888721466,0.9138940572738647,,
33,,15399,0.055199671536684036,0.7541651129722595,,
33,,15449,0.09636452049016953,0.6463875770568848,,
33,,15499,0.07441731542348862,0.6764755249023438,,
33,,15549,0.048890069127082825,0.9353598356246948,,
33,,15599,0.031105834990739822,0.9658899903297424,,
33,0.5753831267356873,15639,,,0.3496277332305908,0.4682144820690155
34,,15649,0.052654966711997986,1.1457622051239014,,
34,,15699,0.023497523739933968,0.8599553108215332,,
34,,15749,0.013207183219492435,1.0449414253234863,,
34,,15799,0.016309566795825958,1.0106419324874878,,
34,,15849,0.016431540250778198,0.7981132864952087,,
34,,15899,0.030958859249949455,1.623244285583496,,
34,,15949,0.02146836742758751,0.8181113004684448,,
34,,15999,0.08165670931339264,0.7139288187026978,,
34,,16049,0.0791172906756401,1.3692857027053833,,
34,,16099,0.010731037706136703,1.0444834232330322,,
34,0.5591611862182617,16099,,,0.33717331290245056,0.4436241090297699
35,,16149,0.011337678879499435,1.1958203315734863,,
35,,16199,0.08662187308073044,0.9703516960144043,,
35,,16249,0.014481503516435623,1.2140907049179077,,
35,,16299,0.03412315994501114,1.0151736736297607,,
35,,16349,0.08786233514547348,1.459815263748169,,
35,,16399,0.09721404314041138,0.6992127895355225,,
35,,16449,0.010858124122023582,0.9402086138725281,,
35,,16499,0.07312876731157303,1.6808897256851196,,
35,,16549,0.11948363482952118,0.6264938712120056,,
35,0.5500646233558655,16559,,,0.4110853672027588,0.3972508907318115
36,,16599,0.09632878005504608,1.2165944576263428,,
36,,16649,0.0314205177128315,1.418931484222412,,
36,,16699,0.029046855866909027,0.9842913746833801,,
36,,16749,0.008236845023930073,1.0486377477645874,,
36,,16799,0.05551233887672424,0.7370696067810059,,
36,,16849,0.02316317893564701,1.30238938331604,,
36,,16899,0.027087558060884476,0.8820824027061462,,
36,,16949,0.019649449735879898,1.0770153999328613,,
36,,16999,0.04392273351550102,1.349318027496338,,
36,0.5464094877243042,17019,,,0.35742315649986267,0.297218918800354
37,,17049,0.007888184860348701,0.9807549715042114,,
37,,17099,0.0436360239982605,0.5507889986038208,,
37,,17149,0.014038890600204468,1.2727253437042236,,
37,,17199,0.013917881064116955,1.102916955947876,,
37,,17249,0.05682159215211868,0.9773886203765869,,
37,,17299,0.01570879854261875,1.1022441387176514,,
37,,17349,0.008890252560377121,1.0948795080184937,,
37,,17399,0.01114528626203537,1.0093309879302979,,
37,,17449,0.03627220541238785,1.040045976638794,,
37,0.5674625635147095,17479,,,0.34761953353881836,0.4000146985054016
38,,17499,0.032011087983846664,1.4345149993896484,,
38,,17549,0.025011150166392326,1.3733060359954834,,
38,,17599,0.013517514802515507,1.0162707567214966,,
38,,17649,0.011614687740802765,0.9490612149238586,,
38,,17699,0.037140704691410065,0.5780056715011597,,
38,,17749,0.03152523189783096,1.2457444667816162,,
38,,17799,0.038831453770399094,1.2595088481903076,,
38,,17849,0.029195908457040787,0.9423567056655884,,
38,,17899,0.050169914960861206,0.7446142435073853,,
38,0.5571364760398865,17939,,,0.35850396752357483,0.36350569128990173
39,,17949,0.013203753158450127,1.353132724761963,,
39,,17999,0.019269362092018127,0.9480172991752625,,
39,,18049,0.032881662249565125,0.8086906671524048,,
39,,18099,0.04670988768339157,0.9525237083435059,,
39,,18149,0.018231218680739403,0.8269528150558472,,
39,,18199,0.00971446093171835,1.110334873199463,,
39,,18249,0.01605125516653061,0.9842497706413269,,
39,,18299,0.0197499580681324,1.1562966108322144,,
39,,18349,0.04987455531954765,0.9483749270439148,,
39,,18399,0.03962090611457825,1.018001675605774,,
39,0.5582435131072998,18399,,,0.3306940495967865,0.44117555022239685
40,,18449,0.023673471063375473,1.1729116439819336,,
40,,18499,0.040843524038791656,1.3757137060165405,,
40,,18549,0.042857326567173004,1.0980830192565918,,
40,,18599,0.021826650947332382,0.8091393709182739,,
40,,18649,0.03158818930387497,0.9696206450462341,,
40,,18699,0.04326089471578598,0.7142545580863953,,
40,,18749,0.012075546197593212,0.7925178408622742,,
40,,18799,0.035935744643211365,0.8783340454101562,,
40,,18849,0.022274289280176163,1.3177578449249268,,
40,0.5665181875228882,18859,,,0.3840275704860687,0.39620640873908997
41,,18899,0.05821138620376587,0.9765355587005615,,
41,,18949,0.07335162907838821,0.7719988822937012,,
41,,18999,0.03249148279428482,0.8814706802368164,,
41,,19049,0.03872505575418472,0.8831781148910522,,
41,,19099,0.03560371324419975,1.0582432746887207,,
41,,19149,0.16848397254943848,1.1643779277801514,,
41,,19199,0.030558981001377106,1.1301032304763794,,
41,,19249,0.008482486940920353,0.9588958621025085,,
41,,19299,0.033043596893548965,0.8366029262542725,,
41,0.580247700214386,19319,,,0.3537106215953827,0.3423982858657837
42,,19349,0.027664480730891228,0.9063153266906738,,
42,,19399,0.06955984234809875,0.8697566986083984,,
42,,19449,0.029136473312973976,0.8366519212722778,,
42,,19499,0.08621393144130707,1.2584611177444458,,
42,,19549,0.004752916283905506,1.092779278755188,,
42,,19599,0.013747289776802063,1.1871156692504883,,
42,,19649,0.06459260731935501,1.051281213760376,,
42,,19699,0.011622624471783638,1.0367116928100586,,
42,,19749,0.05194143205881119,0.9833912253379822,,
42,0.5753563642501831,19779,,,0.2976755201816559,0.49259284138679504
43,,19799,0.026492681354284286,1.0010098218917847,,
43,,19849,0.051196131855249405,0.9351704120635986,,
43,,19899,0.021936986595392227,1.433271050453186,,
43,,19949,0.06180174648761749,1.3180186748504639,,
43,,19999,0.008556663058698177,1.1065094470977783,,
43,,20049,0.010691970586776733,1.2673081159591675,,
43,,20099,0.03974092751741409,0.6607226133346558,,
43,,20149,0.020958127453923225,1.1022961139678955,,
43,,20199,0.15036019682884216,1.788002848625183,,
43,0.5601256489753723,20239,,,0.33993563055992126,0.4654372036457062
44,,20249,0.038976509124040604,1.33785080909729,,
44,,20299,0.01668156497180462,1.1649537086486816,,
44,,20349,0.013475628569722176,0.964307963848114,,
44,,20399,0.014009559527039528,1.1634728908538818,,
44,,20449,0.023380259051918983,1.4125425815582275,,
44,,20499,0.10175716876983643,0.9940309524536133,,
44,,20549,0.07402278482913971,0.9690432548522949,,
44,,20599,0.060080863535404205,0.9270330667495728,,
44,,20649,0.030410785228013992,0.7387447357177734,,
44,,20699,0.07835803925991058,1.5097805261611938,,
44,0.5678969025611877,20699,,,0.376921147108078,0.47639548778533936
45,,20749,0.0374361127614975,0.9681367874145508,,
45,,20799,0.06678538024425507,0.8139325380325317,,
45,,20849,0.023602569475769997,1.0977694988250732,,
45,,20899,0.006827383767813444,1.0316734313964844,,
45,,20949,0.027231041342020035,1.0397825241088867,,
45,,20999,0.047563765197992325,0.8000253438949585,,
45,,21049,0.03360620141029358,1.0064125061035156,,
45,,21099,0.01599690318107605,1.4379329681396484,,
45,,21149,0.03928831219673157,1.0835449695587158,,
45,0.5748128890991211,21159,,,0.374830961227417,0.4577428996562958
46,,21199,0.03433164209127426,0.767322301864624,,
46,,21249,0.01438798476010561,1.0133492946624756,,
46,,21299,0.016499903053045273,1.1102958917617798,,
46,,21349,0.014023331925272942,1.089373230934143,,
46,,21399,0.0582006573677063,1.0906020402908325,,
46,,21449,0.018930956721305847,1.4682960510253906,,
46,,21499,0.012787191197276115,1.1580281257629395,,
46,,21549,0.012327413074672222,0.9571429491043091,,
46,,21599,0.28558674454689026,2.9074203968048096,,
46,0.5480399131774902,21619,,,0.3694487512111664,0.45974019169807434
47,,21649,0.033164698630571365,0.6929022669792175,,
47,,21699,0.02827351540327072,1.147108793258667,,
47,,21749,0.030968837440013885,0.7234516143798828,,
47,,21799,0.00909084640443325,0.960784912109375,,
47,,21849,0.035378143191337585,1.0607364177703857,,
47,,21899,0.08716477453708649,0.9521790742874146,,
47,,21949,0.03718564659357071,1.2194262742996216,,
47,,21999,0.06960096955299377,0.8114811778068542,,
47,,22049,0.01200295239686966,0.8417581915855408,,
47,0.549955427646637,22079,,,0.41224122047424316,0.39739885926246643
48,,22099,0.020022034645080566,1.0320453643798828,,
48,,22149,0.03526093810796738,0.9654425382614136,,
48,,22199,0.08779512345790863,0.7054176330566406,,
48,,22249,0.016709676012396812,1.3315006494522095,,
48,,22299,0.04855816438794136,1.377852439880371,,
48,,22349,0.01941179484128952,1.025350570678711,,
48,,22399,0.036301713436841965,0.8126971125602722,,
48,,22449,0.0758754163980484,0.6864988803863525,,
48,,22499,0.0102753397077322,1.2819234132766724,,
48,0.5593103766441345,22539,,,0.38071364164352417,0.2595045864582062
49,,22549,0.01777990162372589,0.9642003774642944,,
49,,22599,0.04805804044008255,0.7482670545578003,,
49,,22649,0.029642773792147636,0.836836040019989,,
49,,22699,0.042235106229782104,0.7406497597694397,,
49,,22749,0.06370621174573898,0.9213985204696655,,
49,,22799,0.0916835367679596,0.6788302659988403,,
49,,22849,0.03750165179371834,1.5874183177947998,,
49,,22899,0.017904262989759445,1.1409070491790771,,
49,,22949,0.10571549832820892,1.4384430646896362,,
49,,22999,0.015802616253495216,0.6545053720474243,,
49,0.5613484382629395,22999,,,0.3660586476325989,0.37014883756637573
50,,23049,0.03116021491587162,0.7962802648544312,,
50,,23099,0.017508767545223236,0.9232265949249268,,
50,,23149,0.024088585749268532,1.2139039039611816,,
50,,23199,0.011354932561516762,0.7897047996520996,,
50,,23249,0.08302676677703857,0.5074868202209473,,
50,,23299,0.034600213170051575,0.9174776077270508,,
50,,23349,0.052472472190856934,0.6243458986282349,,
50,,23399,0.12957090139389038,1.4653313159942627,,
50,,23449,0.027579329907894135,0.9828169345855713,,
50,0.5680328011512756,23459,,,0.3862780034542084,0.3661515712738037
51,,23499,0.057070404291152954,0.8008745908737183,,
51,,23549,0.016272805631160736,1.0458998680114746,,
51,,23599,0.028414374217391014,1.0038185119628906,,
51,,23649,0.014672432094812393,1.1957662105560303,,
51,,23699,0.019848061725497246,1.1200661659240723,,
51,,23749,0.025985317304730415,1.4189263582229614,,
51,,23799,0.037581346929073334,0.7835767269134521,,
51,,23849,0.02002125233411789,1.0308936834335327,,
51,,23899,0.007326807826757431,1.170508623123169,,
51,0.5622928738594055,23919,,,0.3903510272502899,0.38129764795303345
52,,23949,0.02332238107919693,0.8452445268630981,,
52,,23999,0.047221265733242035,0.7408652901649475,,
52,,24049,0.005823357496410608,1.1201958656311035,,
52,,24099,0.00874406099319458,1.257594347000122,,
52,,24149,0.008305368945002556,0.9067919254302979,,
52,,24199,0.017746279016137123,0.9471662640571594,,
52,,24249,0.007145761512219906,1.219860553741455,,
52,,24299,0.01629282906651497,1.7868722677230835,,
52,,24349,0.016895156353712082,0.9639802575111389,,
52,0.5685428380966187,24379,,,0.38056856393814087,0.2912342846393585
53,,24399,0.02159610204398632,0.8976629972457886,,
53,,24449,0.05251939222216606,0.8651014566421509,,
53,,24499,0.006505320779979229,0.9735774993896484,,
53,,24549,0.05875008553266525,1.5849205255508423,,
53,,24599,0.09762226790189743,1.7191568613052368,,
53,,24649,0.007987280376255512,0.892754077911377,,
53,,24699,0.01718919351696968,1.0447306632995605,,
53,,24749,0.050611063838005066,0.7124914526939392,,
53,,24799,0.010153276845812798,0.9270941019058228,,
53,0.5712936520576477,24839,,,0.39626944065093994,0.44684019684791565
54,,24849,0.03816625475883484,1.1564664840698242,,
54,,24899,0.042594049125909805,0.7437854409217834,,
54,,24949,0.04000483453273773,1.2589941024780273,,
54,,24999,0.013371128588914871,0.9176666736602783,,
54,,25049,0.02815014310181141,0.905798077583313,,
54,,25099,0.014261353760957718,1.4383115768432617,,
54,,25149,0.016094909980893135,0.9981195330619812,,
54,,25199,0.025445012375712395,0.9063174724578857,,
54,,25249,0.014473456889390945,0.9232168197631836,,
54,,25299,0.10121413320302963,1.287513256072998,,
54,0.5681619644165039,25299,,,0.3775283396244049,0.46255025267601013
55,,25349,0.06123754382133484,0.8249660134315491,,
55,,25399,0.008378296159207821,1.0639193058013916,,
55,,25449,0.022534716874361038,1.204284906387329,,
55,,25499,0.03375060483813286,0.9758910536766052,,
55,,25549,0.14239215850830078,1.8431885242462158,,
55,,25599,0.031583525240421295,1.0714694261550903,,
55,,25649,0.00838274322450161,1.1147451400756836,,
55,,25699,0.08602812886238098,0.7643699049949646,,
55,,25749,0.058783236891031265,0.4789067506790161,,
55,0.5631214380264282,25759,,,0.34658128023147583,0.4333896040916443
56,,25799,0.014965181238949299,1.0951976776123047,,
56,,25849,0.012908374890685081,1.1002000570297241,,
56,,25899,0.1368904560804367,0.583050549030304,,
56,,25949,0.015160012058913708,1.0635769367218018,,
56,,25999,0.005580620840191841,0.8018874526023865,,
56,,26049,0.12372943013906479,0.4546504616737366,,
56,,26099,0.01377149112522602,0.9773616194725037,,
56,,26149,0.011026671156287193,0.9963120222091675,,
56,,26199,0.010314847342669964,0.9543108940124512,,
56,0.5620077252388,26219,,,0.3560848534107208,0.3853693902492523
57,,26249,0.03803987428545952,1.1734955310821533,,
57,,26299,0.016322951763868332,0.7729904055595398,,
57,,26349,0.016778768971562386,0.9658552408218384,,
57,,26399,0.014872550033032894,1.026208758354187,,
57,,26449,0.0138814402744174,0.9862173795700073,,
57,,26499,0.09549020230770111,0.9436486959457397,,
57,,26549,0.019021790474653244,1.057442307472229,,
57,,26599,0.06828360259532928,0.9122524261474609,,
57,,26649,0.061670299619436264,0.6453971862792969,,
57,0.5684403777122498,26679,,,0.3545600473880768,0.4243643879890442
58,,26699,0.01329170260578394,1.0718374252319336,,
58,,26749,0.026726335287094116,0.6328914165496826,,
58,,26799,0.029524439945816994,1.039773941040039,,
58,,26849,0.046022217720746994,0.8833237290382385,,
58,,26899,0.00701014744117856,1.243116855621338,,
58,,26949,0.029891487210989,1.1930873394012451,,
58,,26999,0.009725465439260006,0.8285317420959473,,
58,,27049,0.04480457678437233,0.866728663444519,,
58,,27099,0.0063559748232364655,1.2097402811050415,,
58,0.550594687461853,27139,,,0.367868572473526,0.43706294894218445
59,,27149,0.008474632166326046,1.4681673049926758,,
59,,27199,0.14150939881801605,0.8900126218795776,,
59,,27249,0.2427641600370407,1.381686806678772,,
59,,27299,0.021113839000463486,0.7990938425064087,,
59,,27349,0.02076931856572628,0.755815863609314,,
59,,27399,0.1044202521443367,1.1522499322891235,,
59,,27449,0.03145159035921097,0.7964275479316711,,
59,,27499,0.012670575641095638,1.0084110498428345,,
59,,27549,0.010086992755532265,1.1416895389556885,,
59,,27599,0.01238102838397026,0.8281151652336121,,
59,0.5564771890640259,27599,,,0.38668927550315857,0.38266563415527344
60,,27649,0.014189380221068859,0.9698820114135742,,
60,,27699,0.00772494962438941,0.9717615246772766,,
60,,27749,0.010145306587219238,1.319139003753662,,
60,,27799,0.0059843361377716064,1.123653769493103,,
60,,27849,0.016667570918798447,1.242114782333374,,
60,,27899,0.023913700133562088,1.2396492958068848,,
60,,27949,0.09112481772899628,0.9009733200073242,,
60,,27999,0.0281123798340559,1.1264662742614746,,
60,,28049,0.02794954553246498,0.9956382513046265,,
60,0.5476590394973755,28059,,,0.3644471764564514,0.42981868982315063
61,,28099,0.008867122232913971,1.0292553901672363,,
61,,28149,0.021183956414461136,1.3432471752166748,,
61,,28199,0.01632709987461567,1.1106634140014648,,
61,,28249,0.012013567611575127,0.8146677613258362,,
61,,28299,0.015285864472389221,1.1831891536712646,,
61,,28349,0.04484934359788895,0.7239135503768921,,
61,,28399,0.01555780041962862,1.066422700881958,,
61,,28449,0.008462043479084969,0.9626504182815552,,
61,,28499,0.058718491345644,0.771013081073761,,
61,0.5515658259391785,28519,,,0.3702555298805237,0.31149646639823914
62,,28549,0.013839451596140862,1.1185764074325562,,
62,,28599,0.014076732099056244,0.9630722999572754,,
62,,28649,0.014834130182862282,1.0607216358184814,,
62,,28699,0.010772026143968105,1.2091102600097656,,
62,,28749,0.012589839287102222,1.3301595449447632,,
62,,28799,0.028943946585059166,1.1577510833740234,,
62,,28849,0.021889904513955116,0.7865552306175232,,
62,,28899,0.007310026325285435,1.0086904764175415,,
62,,28949,0.010513273999094963,0.998698353767395,,
62,0.5746970772743225,28979,,,0.36871516704559326,0.4400266110897064
63,,28999,0.04763093218207359,0.770446240901947,,
63,,29049,0.020228426903486252,1.0188658237457275,,
63,,29099,0.013216079212725163,1.032500982284546,,
63,,29149,0.008632889948785305,0.9950758814811707,,
63,,29199,0.011866454966366291,1.0964276790618896,,
63,,29249,0.035527683794498444,1.0066077709197998,,
63,,29299,0.020430032163858414,1.5033867359161377,,
63,,29349,0.06679244339466095,1.4352829456329346,,
63,,29399,0.0062682307325303555,1.2526118755340576,,
63,0.5548267364501953,29439,,,0.2802051305770874,0.46583864092826843
64,,29449,0.021363232284784317,0.9445325136184692,,
64,,29499,0.10115111619234085,0.7705733180046082,,
64,,29549,0.06161583214998245,0.6159654855728149,,
64,,29599,0.016839036718010902,1.0066243410110474,,
64,,29649,0.015135737136006355,0.5983960628509521,,
64,,29699,0.025311242789030075,0.9708312749862671,,
64,,29749,0.141516774892807,1.173130750656128,,
64,,29799,0.014012085273861885,1.0349600315093994,,
64,,29849,0.027413055300712585,1.372245192527771,,
64,,29899,0.03418314456939697,1.2064340114593506,,
64,0.5786306262016296,29899,,,0.32376429438591003,0.4198864996433258
65,,29949,0.07784905284643173,1.0619271993637085,,
65,,29999,0.005833763629198074,1.3722455501556396,,
65,,30049,0.044044967740774155,1.1217118501663208,,
65,,30099,0.008363782428205013,1.0547597408294678,,
65,,30149,0.016970625147223473,1.305641770362854,,
65,,30199,0.08519714325666428,0.9151437878608704,,
65,,30249,0.01730274222791195,0.7679782509803772,,
65,,30299,0.03549269959330559,1.1561912298202515,,
65,,30349,0.015730377286672592,1.0332095623016357,,
65,0.5503363609313965,30359,,,0.3697170317173004,0.395845890045166
66,,30399,0.06537067890167236,0.8914783000946045,,
66,,30449,0.008727975189685822,1.126199722290039,,
66,,30499,0.011142564937472343,1.0594549179077148,,
66,,30549,0.03185449540615082,1.333200216293335,,
66,,30599,0.017474204301834106,0.8665707111358643,,
66,,30649,0.014493230730295181,0.959580659866333,,
66,,30699,0.008501319214701653,1.0213470458984375,,
66,,30749,0.08719764649868011,1.0367608070373535,,
66,,30799,0.013399193063378334,1.407536506652832,,
66,0.5593371391296387,30819,,,0.3436153829097748,0.4817030131816864
67,,30849,0.05698125809431076,0.8519134521484375,,
67,,30899,0.049936432391405106,0.7017697095870972,,
67,,30949,0.03459346294403076,0.7828429937362671,,
67,,30999,0.1985400915145874,1.209043025970459,,
67,,31049,0.02728065475821495,1.2928450107574463,,
67,,31099,0.009221519343554974,0.9772522449493408,,
67,,31149,0.010158543474972248,1.1861337423324585,,
67,,31199,0.008817020803689957,1.0549839735031128,,
67,,31249,0.007286293897777796,1.2199995517730713,,
67,0.5689638257026672,31279,,,0.3797253966331482,0.30607232451438904
68,,31299,0.014222890138626099,1.0015079975128174,,
68,,31349,0.05654844641685486,1.105271816253662,,
68,,31399,0.013807501643896103,1.1892484426498413,,
68,,31449,0.010013479739427567,1.0301413536071777,,
68,,31499,0.009360150434076786,0.8652677536010742,,
68,,31549,0.012508722022175789,1.0383551120758057,,
68,,31599,0.02502579241991043,0.7239128947257996,,
68,,31649,0.018418191000819206,1.0150740146636963,,
68,,31699,0.04116731137037277,1.3391594886779785,,
68,0.5668099522590637,31739,,,0.45243480801582336,0.5827620625495911
69,,31749,0.02973136678338051,1.050799012184143,,
69,,31799,0.04978436604142189,0.9040179252624512,,
69,,31849,0.02091626636683941,1.400708794593811,,
69,,31899,0.013802211731672287,1.016334056854248,,
69,,31949,0.024595271795988083,1.0175288915634155,,
69,,31999,0.010370157659053802,1.0344475507736206,,
69,,32049,0.06653523445129395,0.7901030778884888,,
69,,32099,0.03675951063632965,1.2978129386901855,,
69,,32149,0.04271184653043747,0.9892616271972656,,
69,,32199,0.013865765184164047,1.2791550159454346,,
69,0.5491335391998291,32199,,,0.362798810005188,0.587185263633728
70,,32249,0.0281917005777359,0.8804115653038025,,
70,,32299,0.026080435141921043,0.7726025581359863,,
70,,32349,0.005638538859784603,1.013518214225769,,
70,,32399,0.06401059031486511,0.8265907168388367,,
70,,32449,0.04743916168808937,1.1204149723052979,,
70,,32499,0.0219237320125103,1.158782720565796,,
70,,32549,0.041886527091264725,1.44948148727417,,
70,,32599,0.007122373674064875,0.7676378488540649,,
70,,32649,0.38931524753570557,0.8927319645881653,,
70,0.5565729737281799,32659,,,0.4136529862880707,0.3913147747516632
71,,32699,0.02009180374443531,1.0705972909927368,,
71,,32749,0.023116284981369972,0.8200870156288147,,
71,,32799,0.02687976323068142,0.8843144178390503,,
71,,32849,0.031145062297582626,1.134401559829712,,
71,,32899,0.010942421853542328,0.9324707984924316,,
71,,32949,0.057741738855838776,0.7228293418884277,,
71,,32999,0.03349385783076286,1.306422233581543,,
71,,33049,0.017410727217793465,0.9792805910110474,,
71,,33099,0.026497045531868935,1.0957796573638916,,
71,0.5562254786491394,33119,,,0.369202584028244,0.3934862017631531
72,,33149,0.02799282968044281,1.2720433473587036,,
72,,33199,0.02453976683318615,1.1003665924072266,,
72,,33249,0.039157748222351074,0.6487487554550171,,
72,,33299,0.0588245652616024,0.8096761703491211,,
72,,33349,0.027934642508625984,0.7509509921073914,,
72,,33399,0.05778835713863373,0.8636274337768555,,
72,,33449,0.016736729070544243,0.8845701217651367,,
72,,33499,0.01883610337972641,1.40577232837677,,
72,,33549,0.011070003733038902,0.9006866216659546,,
72,0.5590587258338928,33579,,,0.36970582604408264,0.4772476553916931
73,,33599,0.010026941075921059,1.2247023582458496,,
73,,33649,0.01450342871248722,1.0798723697662354,,
73,,33699,0.011360940523445606,1.2622817754745483,,
73,,33749,0.035829752683639526,0.8952277302742004,,
73,,33799,0.01572408527135849,0.9477666020393372,,
73,,33849,0.04090993106365204,1.452669620513916,,
73,,33899,0.007812730967998505,1.0489857196807861,,
73,,33949,0.020429015159606934,0.9162609577178955,,
73,,33999,0.012348530814051628,0.9143943786621094,,
73,0.5651394128799438,34039,,,0.36414018273353577,0.4532293379306793
74,,34049,0.015910916030406952,1.1423994302749634,,
74,,34099,0.07335721701383591,1.32963228225708,,
74,,34149,0.01475544460117817,1.0880975723266602,,
74,,34199,0.031110730022192,1.3166961669921875,,
74,,34249,0.007945180870592594,0.885804295539856,,
74,,34299,0.022480685263872147,0.9527243375778198,,
74,,34349,0.02176511660218239,1.1836037635803223,,
74,,34399,0.1036018505692482,1.1252915859222412,,
74,,34449,0.03389808535575867,1.0087629556655884,,
74,,34499,0.013843665830790997,0.8975895643234253,,
74,0.5773877501487732,34499,,,0.37594667077064514,0.3175424337387085
75,,34549,0.01806018128991127,1.1312717199325562,,
75,,34599,0.015388188883662224,1.2643033266067505,,
75,,34649,0.021572232246398926,1.0221023559570312,,
75,,34699,0.07297651469707489,0.6513681411743164,,
75,,34749,0.015063452534377575,1.0446088314056396,,
75,,34799,0.01849948614835739,1.3890995979309082,,
75,,34849,0.06147659569978714,0.7174232006072998,,
75,,34899,0.027294529601931572,1.1092028617858887,,
75,,34949,0.04043595865368843,1.1286547183990479,,
75,0.5630056262016296,34959,,,0.3511546850204468,0.40608564019203186
76,,34999,0.0166013240814209,1.0635769367218018,,
76,,35049,0.014281617477536201,0.9111146926879883,,
76,,35099,0.023524537682533264,1.0238717794418335,,
76,,35149,0.011896161362528801,0.9412169456481934,,
76,,35199,0.04454321041703224,1.2594106197357178,,
76,,35249,0.013336310163140297,1.0329320430755615,,
76,,35299,0.02315887250006199,1.0603891611099243,,
76,,35349,0.007894238457083702,1.0324349403381348,,
76,,35399,0.011210983619093895,1.4412758350372314,,
76,0.5500913262367249,35419,,,0.34336355328559875,0.40201738476753235
77,,35449,0.023310532793402672,1.32955002784729,,
77,,35499,0.01483168639242649,0.9613897800445557,,
77,,35549,0.014050483703613281,0.8847136497497559,,
77,,35599,0.06988050043582916,1.1182265281677246,,
77,,35649,0.21568399667739868,1.347718596458435,,
77,,35699,0.010791603475809097,1.2858836650848389,,
77,,35749,0.005668912082910538,0.9528982639312744,,
77,,35799,0.10224241018295288,1.1414573192596436,,
77,,35849,0.0074861785396933556,1.0445064306259155,,
77,0.5681486129760742,35879,,,0.3877047598361969,0.3378608524799347
78,,35899,0.006300189066678286,1.289932131767273,,
78,,35949,0.01308121532201767,0.8867078423500061,,
78,,35999,0.009252277202904224,1.1826726198196411,,
78,,36049,0.02594657801091671,1.248195767402649,,
78,,36099,0.024018079042434692,0.9553077220916748,,
78,,36149,0.04430048167705536,0.7300351858139038,,
78,,36199,0.012487316504120827,1.1357700824737549,,
78,,36249,0.010588789358735085,1.1502368450164795,,
78,,36299,0.0285443477332592,1.1196441650390625,,
78,0.5571364760398865,36339,,,0.35470816493034363,0.44960492849349976
79,,36349,0.014933619648218155,1.0900144577026367,,
79,,36399,0.020711490884423256,1.1465513706207275,,
79,,36449,0.009744662791490555,0.8000508546829224,,
79,,36499,0.12432193011045456,1.4824094772338867,,
79,,36549,0.005159038119018078,0.9382768869400024,,
79,,36599,0.014868448488414288,1.020492434501648,,
79,,36649,0.007707690820097923,1.0041033029556274,,
79,,36699,0.012542594224214554,0.8693820238113403,,
79,,36749,0.009182986803352833,1.0640654563903809,,
79,,36799,0.01766466535627842,0.7992987632751465,,
79,0.5578225255012512,36799,,,0.3001248836517334,0.46805715560913086
80,,36849,0.0054285889491438866,0.9590160846710205,,
80,,36899,0.040077757090330124,1.2482566833496094,,
80,,36949,0.0330168791115284,0.7194620966911316,,
80,,36999,0.00953943096101284,1.129593014717102,,
80,,37049,0.03193008527159691,0.8526895046234131,,
80,,37099,0.005482119508087635,1.0538398027420044,,
80,,37149,0.07099510729312897,0.9492549896240234,,
80,,37199,0.024820096790790558,1.0495481491088867,,
80,,37249,0.03115227073431015,1.2249293327331543,,
80,0.5571298003196716,37259,,,0.382098913192749,0.3747432231903076
81,,37299,0.01374757383018732,1.4801346063613892,,
81,,37349,0.00799645110964775,1.1610738039016724,,
81,,37399,0.01896335929632187,0.8464217185974121,,
81,,37449,0.019974470138549805,1.095888614654541,,
81,,37499,0.02042948268353939,1.0175288915634155,,
81,,37549,0.03629128634929657,0.7518428564071655,,
81,,37599,0.08631858974695206,1.4547250270843506,,
81,,37649,0.012604659423232079,0.9484453201293945,,
81,,37699,0.0065026856027543545,1.2721786499023438,,
81,0.5748262405395508,37719,,,0.3763863742351532,0.33434903621673584
82,,37749,0.006015312392264605,0.9554300308227539,,
82,,37799,0.020661327987909317,1.2441470623016357,,
82,,37849,0.016168316826224327,1.1671123504638672,,
82,,37899,0.0495276041328907,0.7510154247283936,,
82,,37949,0.016809454187750816,0.8956628441810608,,
82,,37999,0.01601298712193966,1.0556316375732422,,
82,,38049,0.08476875722408295,0.4065692722797394,,
82,,38099,0.015676839277148247,1.536478877067566,,
82,,38149,0.006851622834801674,0.9352840185165405,,
82,0.5727481245994568,38179,,,0.36882326006889343,0.35359078645706177
83,,38199,0.00670611159875989,1.1137635707855225,,
83,,38249,0.008554155938327312,0.8333307504653931,,
83,,38299,0.005543972831219435,0.9688336849212646,,
83,,38349,0.00953452568501234,1.1545226573944092,,
83,,38399,0.012210589833557606,1.0149509906768799,,
83,,38449,0.01780683919787407,1.0614498853683472,,
83,,38499,0.01592513918876648,1.1105122566223145,,
83,,38549,0.005685371812433004,0.8707970380783081,,
83,,38599,0.013295282609760761,1.018852949142456,,
83,0.5719395875930786,38639,,,0.3692108690738678,0.4779047667980194
84,,38649,0.007631986867636442,0.7745388746261597,,
84,,38699,0.008755018934607506,1.053734302520752,,
84,,38749,0.02193600870668888,0.9682507514953613,,
84,,38799,0.011897871270775795,1.0216304063796997,,
84,,38849,0.012073412537574768,1.2406001091003418,,
84,,38899,0.017473243176937103,0.6456570625305176,,
84,,38949,0.13103409111499786,1.532386302947998,,
84,,38999,0.012085062451660633,0.8194518089294434,,
84,,39049,0.01435147412121296,1.26070237159729,,
84,,39099,0.015273289754986763,0.8564931154251099,,
84,0.5572522878646851,39099,,,0.3916322588920593,0.33528468012809753
85,,39149,0.0166009534150362,0.9681011438369751,,
85,,39199,0.01614384539425373,1.1960402727127075,,
85,,39249,0.007943324744701385,1.3083693981170654,,
85,,39299,0.004729285836219788,0.937126874923706,,
85,,39349,0.010223394259810448,1.0251023769378662,,
85,,39399,0.01895599067211151,1.217139482498169,,
85,,39449,0.032194096595048904,0.829667329788208,,
85,,39499,0.012247364036738873,1.0296239852905273,,
85,,39549,0.012538830749690533,0.9021010398864746,,
85,0.5686920881271362,39559,,,0.390516996383667,0.4479106664657593
86,,39599,0.020082762464880943,0.8766309022903442,,
86,,39649,0.011016661301255226,0.9904820919036865,,
86,,39699,0.012251007370650768,0.834454357624054,,
86,,39749,0.05388815701007843,0.8074334859848022,,
86,,39799,0.04708543419837952,1.55692458152771,,
86,,39849,0.02706335298717022,1.283138394355774,,
86,,39899,0.00630019698292017,1.0489850044250488,,
86,,39949,0.014576584100723267,0.8163223266601562,,
86,,39999,0.011851785704493523,0.9471663236618042,,
86,0.5591678619384766,40019,,,0.3445713520050049,0.3578530550003052
87,,40049,0.026973674073815346,1.2257684469223022,,
87,,40099,0.024961093440651894,1.1490275859832764,,
87,,40149,0.03510119765996933,1.0232017040252686,,
87,,40199,0.011999846436083317,1.1780283451080322,,
87,,40249,0.0107430936768651,0.7752686738967896,,
87,,40299,0.06270376592874527,0.8265407681465149,,
87,,40349,0.01030130498111248,0.9791821241378784,,
87,,40399,0.04225645586848259,1.4850287437438965,,
87,,40449,0.017290817573666573,1.0701732635498047,,
87,0.5654312372207642,40479,,,0.4367856979370117,0.2479514479637146
88,,40499,0.003378896974027157,1.2190279960632324,,
88,,40549,0.008798433467745781,1.0177263021469116,,
88,,40599,0.013014613650739193,1.045127511024475,,
88,,40649,0.033598218113183975,0.8797798752784729,,
88,,40699,0.009197878651320934,1.1024727821350098,,
88,,40749,0.0869196280837059,0.7370238900184631,,
88,,40799,0.008637109771370888,0.9905897974967957,,
88,,40849,0.018138889223337173,1.270899772644043,,
88,,40899,0.012828793376684189,0.9416325688362122,,
88,0.5734675526618958,40939,,,0.19913612306118011,0.48494845628738403
89,,40949,0.008970649912953377,1.1222467422485352,,
89,,40999,0.0665430873632431,1.4550893306732178,,
89,,41049,0.09205793589353561,0.6086820363998413,,
89,,41099,0.00646214559674263,1.3263435363769531,,
89,,41149,0.04307451844215393,0.7817167639732361,,
89,,41199,0.060634203255176544,1.1580545902252197,,
89,,41249,0.024586958810687065,1.0757180452346802,,
89,,41299,0.005682182498276234,1.0964124202728271,,
89,,41349,0.033049724996089935,1.1051898002624512,,
89,,41399,0.0087280897423625,1.0274124145507812,,
89,0.5718304514884949,41399,,,0.4001358449459076,0.4069415330886841
90,,41449,0.04892023652791977,1.472881555557251,,
90,,41499,0.08638116717338562,0.8852603435516357,,
90,,41549,0.07562021911144257,0.6443008184432983,,
90,,41599,0.014198791235685349,0.9405413866043091,,
90,,41649,0.009433489292860031,1.0119173526763916,,
90,,41699,0.00943443551659584,1.158376932144165,,
90,,41749,0.011814359575510025,0.7736992835998535,,
90,,41799,0.020655907690525055,1.1960058212280273,,
90,,41849,0.059965115040540695,0.7462546825408936,,
90,0.5754721760749817,41859,,,0.37790605425834656,0.43764621019363403
91,,41899,0.008126276545226574,1.1107349395751953,,
91,,41949,0.015471304766833782,1.012567162513733,,
91,,41999,0.011558011174201965,0.8016314506530762,,
91,,42049,0.019325122237205505,0.9772244691848755,,
91,,42099,0.034644946455955505,1.1622731685638428,,
91,,42149,0.01496652141213417,1.050586462020874,,
91,,42199,0.0035642352886497974,1.0267534255981445,,
91,,42249,0.016185475513339043,1.0229839086532593,,
91,,42299,0.004680289886891842,1.0273780822753906,,
91,0.5644801259040833,42319,,,0.3865451514720917,0.34099164605140686
92,,42349,0.009103412739932537,0.968010663986206,,
92,,42399,0.011240271851420403,1.5560224056243896,,
92,,42449,0.006978739984333515,1.2044715881347656,,
92,,42499,0.04120130091905594,1.1098566055297852,,
92,,42549,0.02713746204972267,0.7984663248062134,,
92,,42599,0.019108666107058525,1.1179150342941284,,
92,,42649,0.00727167259901762,0.7264666557312012,,
92,,42699,0.004379266873002052,1.024383306503296,,
92,,42749,0.006406813859939575,0.991370677947998,,
92,0.5686854124069214,42779,,,0.4023355543613434,0.38395756483078003
93,,42799,0.01582198590040207,0.8198437690734863,,
93,,42849,0.016399310901761055,0.8383663892745972,,
93,,42899,0.023890450596809387,0.8757447004318237,,
93,,42949,0.1654096245765686,0.6449288129806519,,
93,,42999,0.009871476329863071,1.1394240856170654,,
93,,43049,0.009939244017004967,0.9215250611305237,,
93,,43099,0.012551861815154552,1.028627634048462,,
93,,43149,0.010573798790574074,0.9174790382385254,,
93,,43199,0.007471081335097551,0.9321190714836121,,
93,0.562041163444519,43239,,,0.4188138246536255,0.5528857707977295
94,,43249,0.01075376383960247,1.0006401538848877,,
94,,43299,0.008671778254210949,0.9867619872093201,,
94,,43349,0.005658501759171486,0.9029513597488403,,
94,,43399,0.012582574039697647,0.8652926683425903,,
94,,43449,0.006403143517673016,1.0485516786575317,,
94,,43499,0.006932522635906935,0.9289981126785278,,
94,,43549,0.012929673306643963,1.0839592218399048,,
94,,43599,0.011260215193033218,0.8555200099945068,,
94,,43649,0.012256463058292866,0.8889914155006409,,
94,,43699,0.0029749195091426373,1.1857564449310303,,
94,0.5810762643814087,43699,,,0.441078245639801,0.5380945205688477
95,,43749,0.012630797922611237,0.9819784164428711,,
95,,43799,0.013908682391047478,1.1085457801818848,,
95,,43849,0.01124395802617073,1.2914001941680908,,
95,,43899,0.017623189836740494,0.9728356003761292,,
95,,43949,0.01585441455245018,1.107738971710205,,
95,,43999,0.0052324580028653145,0.8111674785614014,,
95,,44049,0.023306988179683685,0.8571387529373169,,
95,,44099,0.012197403237223625,0.926705539226532,,
95,,44149,0.15856559574604034,0.39412814378738403,,
95,0.5692222118377686,44159,,,0.48848089575767517,0.5934329032897949
96,,44199,0.019825493916869164,0.9607869982719421,,
96,,44249,0.013486292213201523,1.099008560180664,,
96,,44299,0.028693795204162598,0.9650588035583496,,
96,,44349,0.1431833803653717,1.3434275388717651,,
96,,44399,0.017179029062390327,0.8626483678817749,,
96,,44449,0.10026471316814423,0.7356739044189453,,
96,,44499,0.5655491948127747,0.9001737833023071,,
96,,44549,0.043670132756233215,0.9632223844528198,,
96,,44599,0.026586728170514107,0.937495231628418,,
96,0.5689437985420227,44619,,,0.4421011209487915,0.5066924095153809
97,,44649,0.01915084943175316,1.0501680374145508,,
97,,44699,0.021359536796808243,0.9528868198394775,,
97,,44749,0.028100771829485893,1.3653007745742798,,
97,,44799,0.006231609731912613,0.9001384973526001,,
97,,44849,0.030413560569286346,1.0112413167953491,,
97,,44899,0.028978494927287102,0.80567467212677,,
97,,44949,0.008663346990942955,1.1450573205947876,,
97,,44999,0.02538956329226494,0.7722892761230469,,
97,,45049,0.006674208678305149,0.9314972162246704,,
97,0.5790248513221741,45079,,,0.41523662209510803,0.5797736644744873
98,,45099,0.02099422737956047,0.7948076725006104,,
98,,45149,0.006594576872885227,1.1788274049758911,,
98,,45199,0.013701612129807472,0.9447292685508728,,
98,,45249,0.08776093274354935,1.1650030612945557,,
98,,45299,0.009730322286486626,0.9208104610443115,,
98,,45349,0.03928975388407707,1.0316832065582275,,
98,,45399,0.04971133917570114,0.9462563991546631,,
98,,45449,0.008805757388472557,1.0976157188415527,,
98,,45499,0.028093382716178894,1.002875566482544,,
98,0.5719395875930786,45539,,,0.35451510548591614,0.4316043257713318
99,,45549,0.01803506165742874,0.819206714630127,,
99,,45599,0.010821588337421417,0.8981497883796692,,
99,,45649,0.0088609354570508,1.0415576696395874,,
99,,45699,0.004681703168898821,1.1092214584350586,,
99,,45749,0.03600384294986725,0.9509124755859375,,
99,,45799,0.015566008165478706,1.0786323547363281,,
99,,45849,0.12759320437908173,1.041740894317627,,
99,,45899,0.0036224103532731533,1.0364488363265991,,
99,,45949,0.013177387416362762,0.7586224675178528,,
99,,45999,0.010454805567860603,0.5868651866912842,,
99,0.5791741013526917,45999,,,0.4006400406360626,0.42621365189552307
100,,46049,0.015696384012699127,1.0522066354751587,,
100,,46099,0.007190753240138292,1.037570595741272,,
100,,46149,0.006753443740308285,1.059091567993164,,
100,,46199,0.007126216776669025,0.9796056747436523,,
100,,46249,0.04281946271657944,0.8762344717979431,,
100,,46299,0.010002508759498596,1.0684399604797363,,
100,,46349,0.005956803448498249,0.9430570602416992,,
100,,46399,0.006031529977917671,1.0090450048446655,,
100,,46449,0.010159730911254883,1.0317456722259521,,
100,0.5604040622711182,46459,,,0.46855831146240234,0.5663232207298279
101,,46499,0.013421150855720043,0.9758545160293579,,
101,,46549,0.026676131412386894,0.5516529083251953,,
101,,46599,0.011625966057181358,1.1643421649932861,,
101,,46649,0.02598430961370468,0.7008934617042542,,
101,,46699,0.005026073195040226,1.3033335208892822,,
101,,46749,0.017343971878290176,0.8173221349716187,,
101,,46799,0.02502632513642311,1.0882117748260498,,
101,,46849,0.11384022235870361,1.1828477382659912,,
101,,46899,0.13640433549880981,1.17185378074646,,
101,0.5733049511909485,46919,,,0.3846770226955414,0.3591884970664978
102,,46949,0.007819274440407753,0.8093849420547485,,
102,,46999,0.008486421778798103,0.9734276533126831,,
102,,47049,0.007961810566484928,0.8911560773849487,,
102,,47099,0.023600522428750992,1.173391580581665,,
102,,47149,0.00630829855799675,1.0372745990753174,,
102,,47199,0.018628135323524475,1.0412734746932983,,
102,,47249,0.0036546560004353523,1.1770988702774048,,
102,,47299,0.012597054243087769,0.9809340834617615,,
102,,47349,0.03811994194984436,0.9347672462463379,,
102,0.5704584121704102,47379,,,0.42946362495422363,0.39106082916259766
103,,47399,0.008160038851201534,1.0566641092300415,,
103,,47449,0.0019503533840179443,0.9015260934829712,,
103,,47499,0.1607351452112198,0.7558681964874268,,
103,,47549,0.003954644780606031,1.0279545783996582,,
103,,47599,0.006804291158914566,1.0553683042526245,,
103,,47649,0.055411338806152344,1.3066550493240356,,
103,,47699,0.033734604716300964,0.9648088216781616,,
103,,47749,0.021503645926713943,1.206430196762085,,
103,,47799,0.010738077573478222,0.7478992938995361,,
103,0.581205427646637,47839,,,0.3694866895675659,0.3910995423793793
104,,47849,0.013597633689641953,0.7744119167327881,,
104,,47899,0.003762309905141592,1.2195874452590942,,
104,,47949,0.0039003961719572544,1.1401681900024414,,
104,,47999,0.014613526873290539,1.0491164922714233,,
104,,48049,0.024301711469888687,1.1121327877044678,,
104,,48099,0.029962673783302307,1.035376787185669,,
104,,48149,0.03686850890517235,1.1309077739715576,,
104,,48199,0.007810540962964296,1.0106256008148193,,
104,,48249,0.02433168701827526,1.3436906337738037,,
104,,48299,0.029502714052796364,1.1633789539337158,,
104,0.5709952116012573,48299,,,0.3974475562572479,0.44636157155036926
105,,48349,0.008216303773224354,1.0927637815475464,,
105,,48399,0.018733946606516838,1.01961088180542,,
105,,48449,0.005734957754611969,1.0173406600952148,,
105,,48499,0.018089989200234413,1.093916654586792,,
105,,48549,0.015820978209376335,1.1177899837493896,,
105,,48599,0.005768835078924894,1.084326148033142,,
105,,48649,0.011999201029539108,0.933310866355896,,
105,,48699,0.008095341734588146,0.9684510231018066,,
105,,48749,0.00648591760545969,1.1376652717590332,,
105,0.5689371228218079,48759,,,0.4545345902442932,0.542442798614502
106,,48799,0.005297291092574596,0.8959376811981201,,
106,,48849,0.0068654511123895645,0.9937455654144287,,
106,,48899,0.020380374044179916,1.1428134441375732,,
106,,48949,0.02114919014275074,0.8274508118629456,,
106,,48999,0.015796387568116188,0.8400918245315552,,
106,,49049,0.018089057877659798,0.8798519372940063,,
106,,49099,0.017583103850483894,0.9698244333267212,,
106,,49149,0.005174183286726475,1.0119911432266235,,
106,,49199,0.008861822076141834,0.9671614766120911,,
106,0.5640725493431091,49219,,,0.42373359203338623,0.47888755798339844
107,,49249,0.007436844520270824,1.0576518774032593,,
107,,49299,0.009943753480911255,1.0211777687072754,,
107,,49349,0.002013477962464094,1.067366123199463,,
107,,49399,0.0043043456971645355,0.9679360389709473,,
107,,49449,0.004142368212342262,0.9506555795669556,,
107,,49499,0.0032776533626019955,1.0205276012420654,,
107,,49549,0.0053395479917526245,0.9609686136245728,,
107,,49599,0.01728120818734169,0.7659703493118286,,
107,,49649,0.013065909966826439,1.1498361825942993,,
107,0.5841811895370483,49679,,,0.32778990268707275,0.4202653467655182
108,,49699,0.003202873282134533,0.999150276184082,,
108,,49749,0.007664897479116917,1.029653549194336,,
108,,49799,0.01798020489513874,1.06363844871521,,
108,,49849,0.012432003393769264,1.1121829748153687,,
108,,49899,0.0077274939976632595,1.1746890544891357,,
108,,49949,0.03306565806269646,0.42273539304733276,,
108,,49999,0.02831665426492691,1.114039421081543,,
108,,50049,0.01584726758301258,1.0252223014831543,,
108,,50099,0.024606525897979736,0.9594495892524719,,
108,0.5580809116363525,50139,,,0.3632391095161438,0.4449671804904938
109,,50149,0.040630895644426346,1.1271817684173584,,
109,,50199,0.014296801760792732,0.8780508637428284,,
109,,50249,0.007103335112333298,0.9739183783531189,,
109,,50299,0.03942780941724777,0.8259356021881104,,
109,,50349,0.005730734206736088,0.944041907787323,,
109,,50399,0.00559875275939703,0.8165205717086792,,
109,,50449,0.3687898814678192,1.2212164402008057,,
109,,50499,0.005939172115176916,0.9786296486854553,,
109,,50549,0.007105860393494368,1.0362145900726318,,
109,,50599,0.022742388769984245,0.8287340998649597,,
109,0.5734608769416809,50599,,,0.40329307317733765,0.3231826424598694
110,,50649,0.019268067553639412,1.3225369453430176,,
110,,50699,0.021359417587518692,0.9890868663787842,,
110,,50749,0.003417748026549816,1.109849214553833,,
110,,50799,0.006764956749975681,1.0937488079071045,,
110,,50849,0.0062636504881083965,0.9797319173812866,,
110,,50899,0.002635470125824213,0.9268201589584351,,
110,,50949,0.0028877854347229004,1.0863864421844482,,
110,,50999,0.00880257785320282,1.0507433414459229,,
110,,51049,0.016855185851454735,1.1942884922027588,,
110,0.5780871510505676,51059,,,0.49181562662124634,0.564175546169281
111,,51099,0.01665303483605385,1.1300101280212402,,
111,,51149,0.005209082271903753,0.8546765446662903,,
111,,51199,0.007174465339630842,0.9861094355583191,,
111,,51249,0.1423112154006958,1.0000553131103516,,
111,,51299,0.004920910112559795,1.0906672477722168,,
111,,51349,0.003855946473777294,1.0531270503997803,,
111,,51399,0.024313151836395264,0.8688629865646362,,
111,,51449,0.009169233031570911,0.9512704014778137,,
111,,51499,0.36975306272506714,1.5045047998428345,,
111,0.5699149370193481,51519,,,0.4485844075679779,0.34136220812797546
112,,51549,0.0196269229054451,1.087604284286499,,
112,,51599,0.01203763484954834,0.839961051940918,,
112,,51649,0.006229364313185215,1.032876968383789,,
112,,51699,0.004939098842442036,0.9173183441162109,,
112,,51749,0.08701646327972412,0.9545599222183228,,
112,,51799,0.009920082055032253,1.0064420700073242,,
112,,51849,0.019397791475057602,0.9850854873657227,,
112,,51899,0.008110701106488705,1.053985357284546,,
112,,51949,0.003950164653360844,1.027806282043457,,
112,0.5864909887313843,51979,,,0.5087082386016846,0.4706500768661499
113,,51999,0.005820636637508869,1.0582417249679565,,
113,,52049,0.018170321360230446,0.9937723278999329,,
113,,52099,0.031113596633076668,1.2641462087631226,,
113,,52149,0.004552502650767565,1.0362920761108398,,
113,,52199,0.31866469979286194,1.1863858699798584,,
113,,52249,0.020642222836613655,0.8106547594070435,,
113,,52299,0.005820964928716421,1.1154961585998535,,
113,,52349,0.008318545296788216,0.9927336573600769,,
113,,52399,0.008772889152169228,1.1656606197357178,,
113,0.565580427646637,52439,,,0.3822837769985199,0.47949814796447754
114,,52449,0.18673428893089294,0.668332576751709,,
114,,52499,0.03175673633813858,1.3349957466125488,,
114,,52549,0.006189619656652212,1.0200566053390503,,
114,,52599,0.022220909595489502,1.0233235359191895,,
114,,52649,0.015895076096057892,0.8776613473892212,,
114,,52699,0.006676411721855402,0.9131360650062561,,
114,,52749,0.06347294896841049,0.8598685264587402,,
114,,52799,0.014748521149158478,1.1555500030517578,,
114,,52849,0.03188566863536835,0.8041014671325684,,
114,,52899,0.007825764827430248,0.8842533826828003,,
114,0.562584638595581,52899,,,0.45360371470451355,0.5254509449005127
115,,52949,0.03645509481430054,0.8755470514297485,,
115,,52999,0.015520608052611351,1.4483015537261963,,
115,,53049,0.008807854726910591,1.1665910482406616,,
115,,53099,0.01150547619909048,1.202479600906372,,
115,,53149,0.0061861611902713776,0.6750319600105286,,
115,,53199,0.0171407088637352,0.9233757257461548,,
115,,53249,0.01130690984427929,1.01277756690979,,
115,,53299,0.004726933315396309,0.9281476736068726,,
115,,53349,0.026647966355085373,0.8857135772705078,,
115,0.5741536021232605,53359,,,0.5298799872398376,0.5844449996948242
116,,53399,0.006752879358828068,0.9476944208145142,,
116,,53449,0.004643826279789209,1.1029810905456543,,
116,,53499,0.011231951415538788,1.0782265663146973,,
116,,53549,0.01563117280602455,0.9058008790016174,,
116,,53599,0.02166670560836792,1.0492565631866455,,
116,,53649,0.2201620638370514,1.0314565896987915,,
116,,53699,0.019032767042517662,0.9177740216255188,,
116,,53749,0.006413322873413563,0.9936792254447937,,
116,,53799,0.0061104269698262215,1.047769546508789,,
116,0.5782029628753662,53819,,,0.5061758756637573,0.5304785370826721
117,,53849,0.0033200071193277836,1.0014557838439941,,
117,,53899,0.006111692171543837,0.9838632941246033,,
117,,53949,0.008548062294721603,1.0974335670471191,,
117,,53999,0.00860951840877533,1.1154868602752686,,
117,,54049,0.004153828136622906,0.8959335684776306,,
117,,54099,0.006870788522064686,0.9088293313980103,,
117,,54149,0.005644454620778561,1.0442485809326172,,
117,,54199,0.008249208331108093,1.1352604627609253,,
117,,54249,0.01263006404042244,1.1110684871673584,,
117,0.5705875754356384,54279,,,0.3882991671562195,0.4071635901927948
118,,54299,0.04799365624785423,1.4336729049682617,,
118,,54349,0.026228636503219604,0.6406338810920715,,
118,,54399,0.008299163542687893,0.9979772567749023,,
118,,54449,0.006514574401080608,1.0007047653198242,,
118,,54499,0.01097504235804081,0.9748153686523438,,
118,,54549,0.01616961508989334,0.9020313024520874,,
118,,54599,0.0561264231801033,1.5232137441635132,,
118,,54649,0.020400267094373703,1.2138551473617554,,
118,,54699,0.006359938532114029,0.987183690071106,,
118,0.5654512643814087,54739,,,0.38753339648246765,0.46771857142448425
119,,54749,0.03572732210159302,1.1057045459747314,,
119,,54799,0.004888725467026234,1.0525670051574707,,
119,,54849,0.006540532223880291,1.0172394514083862,,
119,,54899,0.05939403548836708,1.2228374481201172,,
119,,54949,0.009966369718313217,1.1365517377853394,,
119,,54999,0.021747305989265442,0.9791792631149292,,
119,,55049,0.01152435690164566,0.9701224565505981,,
119,,55099,0.004991451743990183,1.0819611549377441,,
119,,55149,0.015061871148645878,1.1285369396209717,,
119,,55199,0.2752551734447479,1.1903756856918335,,
119,0.5654312372207642,55199,,,0.4038161635398865,0.2928612530231476
120,,55249,0.08573681861162186,1.155158281326294,,
120,,55299,0.042346272617578506,0.8818976879119873,,
120,,55349,0.03557610511779785,1.0091264247894287,,
120,,55399,0.011550701223313808,0.9156508445739746,,
120,,55449,0.014543699100613594,1.407739281654358,,
120,,55499,0.019066886976361275,0.9098981022834778,,
120,,55549,0.025973636656999588,1.0313780307769775,,
120,,55599,0.014265735633671284,0.9216793775558472,,
120,,55649,0.005619965493679047,0.9704273343086243,,
120,0.5616201758384705,55659,,,0.4074973464012146,0.3802489638328552
121,,55699,0.00954210851341486,1.1142667531967163,,
121,,55749,0.004324187524616718,1.047275185585022,,
121,,55799,0.00448449794203043,1.0698137283325195,,
121,,55849,0.07404083013534546,1.3998430967330933,,
121,,55899,0.0136407520622015,0.913959801197052,,
121,,55949,0.008115929551422596,0.9909207224845886,,
121,,55999,0.00851382128894329,1.0065853595733643,,
121,,56049,0.03773118928074837,0.9711963534355164,,
121,,56099,0.027781374752521515,0.9047195911407471,,
121,0.5752071738243103,56119,,,0.3777860999107361,0.4054820239543915
122,,56149,0.008461826480925083,0.7187061309814453,,
122,,56199,0.09671228379011154,1.141347050666809,,
122,,56249,0.025698043406009674,0.9333914518356323,,
122,,56299,0.010961654596030712,1.1425509452819824,,
122,,56349,0.01826896332204342,0.9698758125305176,,
122,,56399,0.012167400680482388,1.1255733966827393,,
122,,56449,0.01408434472978115,0.9926201105117798,,
122,,56499,0.009607752785086632,1.1030726432800293,,
122,,56549,0.008662931621074677,1.242149829864502,,
122,0.5681619644165039,56579,,,0.39413148164749146,0.4241301119327545
123,,56599,0.00526473019272089,1.0697784423828125,,
123,,56649,0.0034367225598543882,1.0907340049743652,,
123,,56699,0.011483653448522091,1.0189323425292969,,
123,,56749,0.012656128033995628,1.0626572370529175,,
123,,56799,0.00879794079810381,0.7931867241859436,,
123,,56849,0.005704928655177355,1.076772689819336,,
123,,56899,0.0072722663171589375,0.9596006870269775,,
123,,56949,0.007554953917860985,1.1443960666656494,,
123,,56999,0.0071640536189079285,0.9873003959655762,,
123,0.5726189613342285,57039,,,0.4221556484699249,0.5068159103393555
124,,57049,0.015956679359078407,0.9526661038398743,,
124,,57099,0.006921053864061832,1.046750545501709,,
124,,57149,0.020075945183634758,1.0503652095794678,,
124,,57199,0.004926485009491444,1.132556438446045,,
124,,57249,0.012189981527626514,0.9591852426528931,,
124,,57299,0.018679093569517136,1.1459906101226807,,
124,,57349,0.046101897954940796,1.0046122074127197,,
124,,57399,0.0038266468327492476,1.0003634691238403,,
124,,57449,0.005654565524309874,0.9648705720901489,,
124,,57499,0.06845457851886749,0.8774845004081726,,
124,0.5723405480384827,57499,,,0.4284954369068146,0.5460794568061829
125,,57549,0.009992950595915318,0.8916078805923462,,
125,,57599,0.01096322014927864,0.9735784530639648,,
125,,57649,0.00285292137414217,0.9851563572883606,,
125,,57699,0.012317107059061527,1.0248808860778809,,
125,,57749,0.019296135753393173,0.8454089164733887,,
125,,57799,0.03268115222454071,1.0409265756607056,,
125,,57849,0.0054406663402915,0.9028562307357788,,
125,,57899,0.007011249661445618,1.1315629482269287,,
125,,57949,0.008859187364578247,1.0445327758789062,,
125,0.5601256489753723,57959,,,0.4698592722415924,0.5320624113082886
126,,57999,0.019039634615182877,1.158490538597107,,
126,,58049,0.0021996572613716125,1.038867473602295,,
126,,58099,0.0031026601791381836,1.0239449739456177,,
126,,58149,0.0039089154452085495,0.9808692932128906,,
126,,58199,0.002860770095139742,1.0804637670516968,,
126,,58249,0.0018405183218419552,0.9255099296569824,,
126,,58299,0.003114533144980669,0.9078205823898315,,
126,,58349,0.0032605116721242666,0.9710219502449036,,
126,,58399,0.002923912601545453,1.0726900100708008,,
126,0.5968371629714966,58419,,,0.4334993362426758,0.528830349445343
127,,58449,0.008814929984509945,0.953366756439209,,
127,,58499,0.0068062348291277885,0.9826910495758057,,
127,,58549,0.0038696082774549723,1.0108754634857178,,
127,,58599,0.005915333051234484,0.9054571986198425,,
127,,58649,0.04062824696302414,1.2770699262619019,,
127,,58699,0.03349510580301285,1.2841238975524902,,
127,,58749,0.008521455340087414,1.1500141620635986,,
127,,58799,0.011627386324107647,0.979581356048584,,
127,,58849,0.020187631249427795,0.7751041054725647,,
127,0.5700708031654358,58879,,,0.4238017797470093,0.3834826648235321
128,,58899,0.021883349865674973,1.1399240493774414,,
128,,58949,0.010713418014347553,0.9906948804855347,,
128,,58999,0.006374088115990162,1.1285698413848877,,
128,,59049,0.010319254361093044,1.0924663543701172,,
128,,59099,0.010432951152324677,0.8572822213172913,,
128,,59149,0.05091509968042374,0.9546710252761841,,
128,,59199,0.013228073716163635,1.08888578414917,,
128,,59249,0.003831857582554221,1.137168288230896,,
128,,59299,0.010250629857182503,0.8951941728591919,,
128,0.5576799511909485,59339,,,0.46071290969848633,0.5489410758018494
129,,59349,0.02682947739958763,0.9532626867294312,,
129,,59399,0.005517669953405857,1.0571770668029785,,
129,,59449,0.16314157843589783,1.2738995552062988,,
129,,59499,0.004553227219730616,1.0273923873901367,,
129,,59549,0.004700391087681055,1.0884610414505005,,
129,,59599,0.007240028586238623,0.9578765630722046,,
129,,59649,0.01562579534947872,1.0270720720291138,,
129,,59699,0.003346396377310157,0.988666296005249,,
129,,59749,0.014175388030707836,1.003597378730774,,
129,,59799,0.02036597579717636,1.0350444316864014,,
129,0.5682844519615173,59799,,,0.46026748418807983,0.5203263759613037
130,,59849,0.007884196005761623,1.1485140323638916,,
130,,59899,0.004462160170078278,1.0212681293487549,,
130,,59949,0.008029389195144176,0.9269721508026123,,
130,,59999,0.013537631370127201,0.8446192741394043,,
130,,60049,0.003346954705193639,1.0719671249389648,,
130,,60099,0.005172218196094036,0.9686742424964905,,
130,,60149,0.02731623686850071,0.7640604972839355,,
130,,60199,0.015942100435495377,0.7807210087776184,,
130,,60249,0.011395758017897606,1.1113795042037964,,
130,0.5609475374221802,60259,,,0.42560458183288574,0.4516858160495758
131,,60299,0.006772376596927643,1.1171739101409912,,
131,,60349,0.011003340594470501,0.9365030527114868,,
131,,60399,0.023259514942765236,0.9258887767791748,,
131,,60449,0.040019258856773376,1.2715375423431396,,
131,,60499,0.014853956177830696,1.2116332054138184,,
131,,60549,0.02523118443787098,1.0802977085113525,,
131,,60599,0.007902142591774464,0.9028223156929016,,
131,,60649,0.008729683235287666,1.1548019647598267,,
131,,60699,0.0224995668977499,1.3580312728881836,,
131,0.564079225063324,60719,,,0.41881608963012695,0.510497510433197
132,,60749,0.010238340124487877,0.9587612152099609,,
132,,60799,0.010012384504079819,1.0213191509246826,,
132,,60849,0.006642881780862808,1.0705070495605469,,
132,,60899,0.009614448994398117,1.0993626117706299,,
132,,60949,0.016655918210744858,1.026890516281128,,
132,,60999,0.016374077647924423,0.9867033958435059,,
132,,61049,0.014946079812943935,1.0601439476013184,,
132,,61099,0.004614264704287052,0.917689323425293,,
132,,61149,0.003691674442961812,0.9295807480812073,,
132,0.557693362236023,61179,,,0.551239013671875,0.6366479992866516
133,,61199,0.01159236952662468,1.180249810218811,,
133,,61249,0.0035608718171715736,0.9746518135070801,,
133,,61299,0.005911662708967924,1.0121302604675293,,
133,,61349,0.00314697646535933,1.0625593662261963,,
133,,61399,0.0020495401695370674,0.9957625865936279,,
133,,61449,0.003819881472736597,1.0072178840637207,,
133,,61499,0.08591917902231216,0.8591959476470947,,
133,,61549,0.006644615437835455,0.983400821685791,,
133,,61599,0.006158106029033661,1.0419878959655762,,
133,0.5734542012214661,61639,,,0.402474969625473,0.3452792167663574
134,,61649,0.023350520059466362,0.9794536232948303,,
134,,61699,0.004556831903755665,0.9304013252258301,,
134,,61749,0.03588036820292473,0.9396501779556274,,
134,,61799,0.02249116450548172,1.0404319763183594,,
134,,61849,0.03701581060886383,1.4003430604934692,,
134,,61899,0.0046577355824410915,1.056885004043579,,
134,,61949,0.005429841578006744,0.9288163185119629,,
134,,61999,0.05554014444351196,0.816826343536377,,
134,,62049,0.004606081638485193,1.0199962854385376,,
134,,62099,0.00672975555062294,0.9619439840316772,,
134,0.5549692511558533,62099,,,0.41348350048065186,0.27268514037132263
135,,62149,0.008458497002720833,1.1787185668945312,,
135,,62199,0.017176438122987747,1.0489442348480225,,
135,,62249,0.013619578443467617,1.1541204452514648,,
135,,62299,0.017441507428884506,1.0715932846069336,,
135,,62349,0.020103663206100464,0.9086241722106934,,
135,,62399,0.010492892004549503,1.121527910232544,,
135,,62449,0.03904850780963898,0.9049270153045654,,
135,,62499,0.012614217586815357,1.227112054824829,,
135,,62549,0.005729212891310453,1.2468006610870361,,
135,0.553447961807251,62559,,,0.4029291868209839,0.40067869424819946
136,,62599,0.022820889949798584,0.9399385452270508,,
136,,62649,0.025910118594765663,1.5051543712615967,,
136,,62699,0.016865521669387817,1.0328032970428467,,
136,,62749,0.022988377138972282,0.9292411804199219,,
136,,62799,0.02319919504225254,1.099672794342041,,
136,,62849,0.11924093216657639,1.0163264274597168,,
136,,62899,0.00389039795845747,1.1591118574142456,,
136,,62949,0.0061730267480015755,1.1632909774780273,,
136,,62999,0.0034869126975536346,1.0227150917053223,,
136,0.5628296732902527,63019,,,0.45154935121536255,0.40643271803855896
137,,63049,0.0499347448348999,1.2970170974731445,,
137,,63099,0.013291608542203903,1.082963228225708,,
137,,63149,0.018051452934741974,1.0672131776809692,,
137,,63199,0.06579769402742386,0.7292566895484924,,
137,,63249,0.0090744998306036,1.0795533657073975,,
137,,63299,0.08790286630392075,0.6663542985916138,,
137,,63349,0.03453106805682182,1.148764729499817,,
137,,63399,0.011846102774143219,0.8800119161605835,,
137,,63449,0.010872873477637768,0.9094057083129883,,
137,0.5712869763374329,63479,,,0.4850872755050659,0.1887623518705368
138,,63499,0.0030235766898840666,1.152981162071228,,
138,,63549,0.007911315187811852,0.9765571355819702,,
138,,63599,0.01367984339594841,1.085827350616455,,
138,,63649,0.004064183682203293,1.0835497379302979,,
138,,63699,0.016896847635507584,1.050896167755127,,
138,,63749,0.009003756567835808,0.9559895992279053,,
138,,63799,0.03287791088223457,0.7639459371566772,,
138,,63849,0.008991137146949768,1.193817138671875,,
138,,63899,0.003390247467905283,0.9781926274299622,,
138,0.5508931875228882,63939,,,0.38770079612731934,0.4214955270290375
139,,63949,0.01345556415617466,1.2089449167251587,,
139,,63999,0.046702880412340164,0.80474853515625,,
139,,64049,0.024775711819529533,1.0281093120574951,,
139,,64099,0.01430567353963852,0.7523673176765442,,
139,,64149,0.009103572927415371,1.134511947631836,,
139,,64199,0.005035310052335262,0.7940237522125244,,
139,,64249,0.0070309117436409,0.9678088426589966,,
139,,64299,0.006927903741598129,1.02588951587677,,
139,,64349,0.011323471553623676,1.011857032775879,,
139,,64399,0.006522729992866516,0.9148836135864258,,
139,0.5571431517601013,64399,,,0.3816257417201996,0.40893399715423584
140,,64449,0.009268883615732193,0.881941556930542,,
140,,64499,0.007034062407910824,1.1575661897659302,,
140,,64549,0.00798826664686203,0.9203194379806519,,
140,,64599,0.004404096864163876,0.9464624524116516,,
140,,64649,0.013527698814868927,0.7647249102592468,,
140,,64699,0.005176893435418606,0.9218972325325012,,
140,,64749,0.012096036225557327,1.2692880630493164,,
140,,64799,0.021840695291757584,0.8868014216423035,,
140,,64849,0.045671164989471436,1.191489577293396,,
140,0.5334550738334656,64859,,,0.3622094690799713,0.39291778206825256
141,,64899,0.010557407513260841,0.990034282207489,,
141,,64949,0.03249446302652359,0.8810762166976929,,
141,,64999,0.014171826653182507,1.1560330390930176,,
141,,65049,0.009408055804669857,0.9697768688201904,,
141,,65099,0.01683051325380802,0.9940823316574097,,
141,,65149,0.013824233785271645,1.025834083557129,,
141,,65199,0.006206582300364971,0.9597909450531006,,
141,,65249,0.04895767569541931,0.7277722358703613,,
141,,65299,0.00521376496180892,0.9471422433853149,,
141,0.5488618016242981,65319,,,0.4150625169277191,0.41637182235717773
142,,65349,0.013356688432395458,1.1075127124786377,,
142,,65399,0.07798431813716888,0.659902811050415,,
142,,65449,0.47684991359710693,0.24212229251861572,,
142,,65499,0.0136627908796072,1.0515196323394775,,
142,,65549,0.16940370202064514,0.9447092413902283,,
142,,65599,0.00946232583373785,1.0147130489349365,,
142,,65649,0.004985615145415068,1.0303723812103271,,
142,,65699,0.004153999499976635,0.9145429730415344,,
142,,65749,0.015897832810878754,0.978426456451416,,
142,0.5667765736579895,65779,,,0.4010835289955139,0.312889963388443
143,,65799,0.022213241085410118,1.0869107246398926,,
143,,65849,0.00580558180809021,1.043525218963623,,
143,,65899,0.019741440191864967,0.9180999398231506,,
143,,65949,0.004379374906420708,0.9693740606307983,,
143,,65999,0.004948092624545097,1.0202387571334839,,
143,,66049,0.005392876919358969,1.0201575756072998,,
143,,66099,0.027853161096572876,0.8934942483901978,,
143,,66149,0.005758722312748432,0.9363603591918945,,
143,,66199,0.008623754605650902,0.9190237522125244,,
143,0.5565863251686096,66239,,,0.38362938165664673,0.42392203211784363
144,,66249,0.04930494725704193,1.4428374767303467,,
144,,66299,0.018584230914711952,0.8425220251083374,,
144,,66349,0.013723506592214108,1.06374990940094,,
144,,66399,0.0063287923112511635,1.054071307182312,,
144,,66449,0.01443580910563469,1.0153725147247314,,
144,,66499,0.012144520878791809,1.0027083158493042,,
144,,66549,0.006337405182421207,1.0325143337249756,,
144,,66599,0.007080988027155399,1.0785202980041504,,
144,,66649,0.007447568234056234,0.9183541536331177,,
144,,66699,0.21906931698322296,0.23160916566848755,,
144,0.5627338886260986,66699,,,0.3680565357208252,0.32734328508377075
145,,66749,0.01618954911828041,1.5386013984680176,,
145,,66799,0.011854508891701698,1.3474841117858887,,
145,,66849,0.01091332733631134,0.9017462730407715,,
145,,66899,0.006642363965511322,1.0125892162322998,,
145,,66949,0.0019271282944828272,1.0707299709320068,,
145,,66999,0.002547771669924259,1.003303050994873,,
145,,67049,0.005284161772578955,0.8501853942871094,,
145,,67099,0.007842674851417542,0.9872095584869385,,
145,,67149,0.01198442094027996,1.0237607955932617,,
145,0.5716946125030518,67159,,,0.4422413110733032,0.5557688474655151
146,,67199,0.008233344182372093,0.8831089735031128,,
146,,67249,0.007976229302585125,1.1470292806625366,,
146,,67299,0.012215642258524895,0.8196868896484375,,
146,,67349,0.006472358014434576,0.9860986471176147,,
146,,67399,0.045362357050180435,0.8143341541290283,,
146,,67449,0.024770479649305344,1.113356590270996,,
146,,67499,0.015699611976742744,0.9446073770523071,,
146,,67549,0.005034900736063719,0.9746643304824829,,
146,,67599,0.012450800277292728,1.1889405250549316,,
146,0.5642017126083374,67619,,,0.40176504850387573,0.3174075782299042
147,,67649,0.004093965515494347,0.9098606109619141,,
147,,67699,0.012655537575483322,0.8930656909942627,,
147,,67749,0.03275986760854721,1.0684618949890137,,
147,,67799,0.00952296331524849,0.9571341276168823,,
147,,67849,0.035160355269908905,0.8530264496803284,,
147,,67899,0.04963455721735954,1.0595817565917969,,
147,,67949,0.0054893833585083485,1.040830373764038,,
147,,67999,0.007078040856868029,1.218949556350708,,
147,,68049,0.004487568512558937,0.9865554571151733,,
147,0.5533254742622375,68079,,,0.41136273741722107,0.4440913200378418
148,,68099,0.01369099784642458,0.9961415529251099,,
148,,68149,0.009101029485464096,1.0708903074264526,,
148,,68199,0.03634180128574371,0.7212105393409729,,
148,,68249,0.013747144490480423,0.8701171875,,
148,,68299,0.016120612621307373,1.1333589553833008,,
148,,68349,0.009320791810750961,1.0601298809051514,,
148,,68399,0.0051159025169909,1.0015145540237427,,
148,,68449,0.019708411768078804,1.2225115299224854,,
148,,68499,0.004770568106323481,0.9749293327331543,,
148,0.5527753233909607,68539,,,0.44494619965553284,0.4332864284515381
149,,68549,0.017465949058532715,0.5942134261131287,,
149,,68599,0.0028781299479305744,0.9350255131721497,,
149,,68649,0.0026047523133456707,1.0094194412231445,,
149,,68699,0.001966905314475298,0.986364483833313,,
149,,68749,0.004107466898858547,0.9729119539260864,,
149,,68799,0.008098200894892216,0.8574342727661133,,
149,,68849,0.006619696971029043,1.0353107452392578,,
149,,68899,0.004008047748357058,1.1346080303192139,,
149,,68949,0.005517400801181793,0.984639048576355,,
149,,68999,0.005927717313170433,0.9181215763092041,,
149,0.5685361623764038,68999,,,0.6378498077392578,0.6422989368438721
150,,69049,0.00767115131020546,0.9838958382606506,,
150,,69099,0.002096508163958788,0.9864789247512817,,
150,,69149,0.0035743454936891794,1.0202579498291016,,
150,,69199,0.00219863373786211,1.007206916809082,,
150,,69249,0.003094268962740898,1.0605840682983398,,
150,,69299,0.0023864919785410166,0.8983372449874878,,
150,,69349,0.005680907052010298,0.9542598128318787,,
150,,69399,0.019175514578819275,0.8933432698249817,,
150,,69449,0.007067811209708452,0.984062671661377,,
150,0.5602414608001709,69459,,,0.6637710928916931,0.6955469846725464
151,,69499,0.011028772220015526,1.0193474292755127,,
151,,69549,0.018719393759965897,1.065061330795288,,
151,,69599,0.02652285434305668,0.9568231105804443,,
151,,69649,0.01617812179028988,1.3749126195907593,,
151,,69699,0.09544698894023895,1.1462316513061523,,
151,,69749,0.039153940975666046,0.8980076313018799,,
151,,69799,0.052710700780153275,0.9485020637512207,,
151,,69849,0.008553152903914452,0.7725237607955933,,
151,,69899,0.058227263391017914,0.9229492545127869,,
151,0.5414981245994568,69919,,,0.408317506313324,0.3760046660900116
152,,69949,0.016385983675718307,0.8217030763626099,,
152,,69999,0.004307405091822147,0.9990851283073425,,
152,,70049,0.010059766471385956,1.0644583702087402,,
152,,70099,0.023640915751457214,1.0176197290420532,,
152,,70149,0.006457798182964325,0.9487371444702148,,
152,,70199,0.011680451221764088,1.1011440753936768,,
152,,70249,0.02020398899912834,1.1343131065368652,,
152,,70299,0.1193033903837204,0.4940130114555359,,
152,,70349,0.03520805016160011,1.2430963516235352,,
152,0.5514299869537354,70379,,,0.4768739640712738,0.5469869375228882
153,,70399,0.013446670025587082,1.0980820655822754,,
153,,70449,0.011639483273029327,1.1320087909698486,,
153,,70499,0.057970814406871796,0.7030913233757019,,
153,,70549,0.01468108780682087,0.9021578431129456,,
153,,70599,0.005095615051686764,1.1817706823349,,
153,,70649,0.014758996665477753,1.1360853910446167,,
153,,70699,0.009173781611025333,0.9578860402107239,,
153,,70749,0.020148497074842453,0.9107660055160522,,
153,,70799,0.011521639302372932,1.0137314796447754,,
153,0.5519533753395081,70839,,,0.49497169256210327,0.6318976879119873
154,,70849,0.0043964325450360775,1.1162570714950562,,
154,,70899,0.003238630946725607,0.942698061466217,,
154,,70949,0.0063629052601754665,1.0841374397277832,,
154,,70999,0.030017279088497162,1.080995798110962,,
154,,71049,0.014543140307068825,0.9124218225479126,,
154,,71099,0.01028380449861288,0.9456630349159241,,
154,,71149,0.007516678422689438,0.9938046932220459,,
154,,71199,0.0035690770018845797,1.0141212940216064,,
154,,71249,0.011649022810161114,0.8411258459091187,,
154,,71299,0.010522991418838501,0.9556021690368652,,
154,0.5474629998207092,71299,,,0.4464489817619324,0.4896024167537689
155,,71349,0.006645053159445524,1.1084363460540771,,
155,,71399,0.007987480610609055,1.0929977893829346,,
155,,71449,0.005335038527846336,0.9759417176246643,,
155,,71499,0.007786376867443323,0.8902812600135803,,
155,,71549,0.007621695753186941,1.089308500289917,,
155,,71599,0.009611664339900017,1.0286905765533447,,
155,,71649,0.006324484013020992,0.9410709142684937,,
155,,71699,0.1334100216627121,0.6518740653991699,,
155,,71749,0.0031284987926483154,1.0513696670532227,,
155,0.5549492239952087,71759,,,0.3965971767902374,0.47742101550102234
156,,71799,0.006168541498482227,1.0233302116394043,,
156,,71849,0.010699748061597347,0.9328832626342773,,
156,,71899,0.006866211071610451,1.0312199592590332,,
156,,71949,0.005256337113678455,0.9142422676086426,,
156,,71999,0.0030991756357252598,1.0017931461334229,,
156,,72049,0.004195307847112417,0.946670413017273,,
156,,72099,0.0042642587795853615,0.9431694746017456,,
156,,72149,0.00695456750690937,0.9786077737808228,,
156,,72199,0.00214790808968246,1.0434744358062744,,
156,0.5660905241966248,72219,,,0.48947444558143616,0.6199539303779602
157,,72249,0.010695010423660278,1.0002515316009521,,
157,,72299,0.008812387473881245,0.9799268841743469,,
157,,72349,0.010476935654878616,0.9565244913101196,,
157,,72399,0.008739182725548744,1.1218500137329102,,
157,,72449,0.7352403998374939,1.38322114944458,,
157,,72499,0.012164860963821411,1.0312596559524536,,
157,,72549,0.029140831902623177,0.8488755822181702,,
157,,72599,0.0329073891043663,0.8497793674468994,,
157,,72649,0.008482790552079678,0.8441954851150513,,
157,0.5258731245994568,72679,,,0.3873685896396637,0.4633599519729614
158,,72699,0.009805554524064064,0.8664737343788147,,
158,,72749,0.007610970176756382,1.1105276346206665,,
158,,72799,0.008269499987363815,0.9528104066848755,,
158,,72849,0.011751817539334297,0.932443380355835,,
158,,72899,0.007662396878004074,1.145148515701294,,
158,,72949,0.02004304714500904,1.083810806274414,,
158,,72999,0.006151881068944931,1.0694255828857422,,
158,,73049,0.031673137098550797,0.8623000383377075,,
158,,73099,0.2367289960384369,1.0381277799606323,,
158,0.5591745376586914,73139,,,0.4323069453239441,0.4820745885372162
159,,73149,0.017574502155184746,1.2105076313018799,,
159,,73199,0.004732577595859766,0.9283835887908936,,
159,,73249,0.0047493684105575085,1.116845965385437,,
159,,73299,0.00470646470785141,0.9653850793838501,,
159,,73349,0.004951409995555878,0.9780700206756592,,
159,,73399,0.0052998261526227,1.0782544612884521,,
159,,73449,0.0031413498800247908,0.9189493060112,,
159,,73499,0.0032344984356313944,1.0000264644622803,,
159,,73549,0.017989976331591606,1.0039410591125488,,
159,,73599,0.011897856369614601,0.8844248652458191,,
159,0.5604307651519775,73599,,,0.4499473571777344,0.47103023529052734
160,,73649,0.009986667893826962,1.1217548847198486,,
160,,73699,0.0014181705191731453,1.0363324880599976,,
160,,73749,0.0023580025881528854,0.9709879159927368,,
160,,73799,0.0020927966106683016,1.0174880027770996,,
160,,73849,0.00787785742431879,0.8546355366706848,,
160,,73899,0.015356665477156639,1.544052004814148,,
160,,73949,0.0063122971914708614,0.9367307424545288,,
160,,73999,0.03766116872429848,0.9476953744888306,,
160,,74049,0.012637708336114883,0.9121525287628174,,
160,0.5776728391647339,74059,,,0.572245717048645,0.6375732421875
161,,74099,0.0017135870875790715,0.962855339050293,,
161,,74149,0.002100608544424176,0.9580427408218384,,
161,,74199,0.004423073027282953,1.137824296951294,,
161,,74249,0.006201250944286585,0.9005263447761536,,
161,,74299,0.015312621369957924,0.9800755977630615,,
161,,74349,0.010302754119038582,0.9803361296653748,,
161,,74399,0.009909181855618954,1.1556861400604248,,
161,,74449,0.0032778247259557247,1.0870299339294434,,
161,,74499,0.0024090162478387356,1.0018458366394043,,
161,0.553209662437439,74519,,,0.5582055449485779,0.6064811944961548
162,,74549,0.003429423552006483,1.0349197387695312,,
162,,74599,0.009125862270593643,0.8618959188461304,,
162,,74649,0.004974317736923695,1.0551931858062744,,
162,,74699,0.008102241903543472,1.0621079206466675,,
162,,74749,0.03174589201807976,0.9331585168838501,,
162,,74799,0.030553316697478294,1.266953945159912,,
162,,74849,0.007737479172646999,0.8287716507911682,,
162,,74899,0.0194968543946743,0.9465993642807007,,
162,,74949,0.005588279105722904,0.9540723562240601,,
162,0.5450507998466492,74979,,,0.4047175943851471,0.4873460829257965
163,,74999,0.012068093754351139,0.8955628871917725,,
163,,75049,0.005585243459790945,0.9992748498916626,,
163,,75099,0.006486810278147459,1.0168797969818115,,
163,,75149,0.0431724488735199,1.4203745126724243,,
163,,75199,0.019511278718709946,0.9092365503311157,,
163,,75249,0.00852043554186821,1.1025364398956299,,
163,,75299,0.013586128130555153,1.2249796390533447,,
163,,75349,0.003863994497805834,1.1705455780029297,,
163,,75399,0.0054799774661660194,1.1523281335830688,,
163,0.5653020143508911,75439,,,0.41741105914115906,0.30037960410118103
164,,75449,0.020843125879764557,0.9669145345687866,,
164,,75499,0.026912380009889603,0.8710818290710449,,
164,,75549,0.03258614242076874,0.9770315885543823,,
164,,75599,0.011976317502558231,1.2630553245544434,,
164,,75649,0.008339661173522472,1.0421228408813477,,
164,,75699,0.010185817256569862,0.8554609417915344,,
164,,75749,0.03925592452287674,0.8712028861045837,,
164,,75799,0.022547369822859764,1.0538146495819092,,
164,,75849,0.009080737829208374,0.9984503388404846,,
164,,75899,0.14741533994674683,0.6738097667694092,,
164,0.5409813523292542,75899,,,0.37173786759376526,0.36736923456192017
165,,75949,0.26924651861190796,1.1703133583068848,,
165,,75999,0.013845606707036495,0.8929160833358765,,
165,,76049,0.01298229768872261,0.953066349029541,,
165,,76099,0.007275111507624388,0.8179094195365906,,
165,,76149,0.035734690725803375,0.870893120765686,,
165,,76199,0.021354325115680695,0.8693951368331909,,
165,,76249,0.007542031817138195,1.0030286312103271,,
165,,76299,0.05425747483968735,1.1405308246612549,,
165,,76349,0.007480229251086712,0.8826959133148193,,
165,0.550356388092041,76359,,,0.38794347643852234,0.35557717084884644
166,,76399,0.015467019751667976,1.1594643592834473,,
166,,76449,0.006308281794190407,1.0802098512649536,,
166,,76499,0.016212617978453636,1.1068224906921387,,
166,,76549,0.019923139363527298,1.0214698314666748,,
166,,76599,0.019427858293056488,1.0848313570022583,,
166,,76649,0.015637535601854324,1.200029969215393,,
166,,76699,0.005538527853786945,1.0767649412155151,,
166,,76749,0.012858031317591667,0.9266406297683716,,
166,,76799,0.010760992765426636,1.0482089519500732,,
166,0.5555060505867004,76819,,,0.560213029384613,0.6247104406356812
167,,76849,0.004400935489684343,0.8723796606063843,,
167,,76899,0.006892414763569832,0.9581075310707092,,
167,,76949,0.004504683893173933,1.0139639377593994,,
167,,76999,0.0020267004147171974,0.9833541512489319,,
167,,77049,0.005868058651685715,1.0972669124603271,,
167,,77099,0.0019110238645225763,1.0307427644729614,,
167,,77149,0.0016531618312001228,1.00984787940979,,
167,,77199,0.016187110915780067,0.9779219627380371,,
167,,77249,0.006117602810263634,0.9837596416473389,,
167,0.570736825466156,77279,,,0.4705609977245331,0.5520954728126526
168,,77299,0.006940190214663744,1.1269882917404175,,
168,,77349,0.003199166851118207,1.0200748443603516,,
168,,77399,0.011263305321335793,0.9563524723052979,,
168,,77449,0.0031756609678268433,1.0795292854309082,,
168,,77499,0.025174487382173538,0.8059791922569275,,
168,,77549,0.017113428562879562,1.1192872524261475,,
168,,77599,0.007674724794924259,0.7413695454597473,,
168,,77649,0.008997505530714989,1.0545200109481812,,
168,,77699,0.003747511189430952,1.066284418106079,,
168,0.5613685250282288,77739,,,0.7907836437225342,0.8897073268890381
169,,77749,0.0022213440388441086,0.9953117966651917,,
169,,77799,0.0020215469412505627,0.9424914121627808,,
169,,77849,0.0009903865866363049,0.9807432293891907,,
169,,77899,0.0021549020893871784,1.051988124847412,,
169,,77949,0.005543605890125036,0.9738930463790894,,
169,,77999,0.008496720343828201,1.1186025142669678,,
169,,78049,0.0018177509773522615,1.0619858503341675,,
169,,78099,0.004870893433690071,1.0245379209518433,,
169,,78149,0.00969870388507843,1.0907282829284668,,
169,,78199,0.004224413074553013,1.046399474143982,,
169,0.5795616507530212,78199,,,0.5512875914573669,0.6360222101211548
170,,78249,0.001642179093323648,0.9629486799240112,,
170,,78299,0.019614944234490395,1.0441241264343262,,
170,,78349,0.003366264281794429,1.037536859512329,,
170,,78399,0.00331892934627831,0.9902732968330383,,
170,,78449,0.0027870892081409693,0.9728155136108398,,
170,,78499,0.01518911775201559,0.9744880199432373,,
170,,78549,0.004571272060275078,0.9916709065437317,,
170,,78599,0.004545240197330713,1.1592166423797607,,
170,,78649,0.01308013591915369,1.0657503604888916,,
170,0.5670549869537354,78659,,,0.33791375160217285,0.42593178153038025
171,,78699,0.005756412632763386,1.0685651302337646,,
171,,78749,0.001787495450116694,0.9448201060295105,,
171,,78799,0.0026871163863688707,0.9654501080513,,
171,,78849,0.0015600353945046663,1.0269972085952759,,
171,,78899,0.003501148894429207,1.0507559776306152,,
171,,78949,0.006375460419803858,1.0224871635437012,,
171,,78999,0.001895806984975934,1.0248074531555176,,
171,,79049,0.0026149675250053406,1.05118727684021,,
171,,79099,0.0013252017088234425,0.986282229423523,,
171,0.5684403777122498,79119,,,0.7682263851165771,0.6731246709823608
172,,79149,0.002797662280499935,1.0182790756225586,,
172,,79199,0.000896806304808706,1.0253722667694092,,
172,,79249,0.0009568115929141641,1.0058833360671997,,
172,,79299,0.0012565997894853354,1.02492094039917,,
172,,79349,0.0023016054183244705,1.031765103340149,,
172,,79399,0.0014508473686873913,0.9973183870315552,,
172,,79449,0.0005496227531693876,1.024715781211853,,
172,,79499,0.001234578900039196,1.025862216949463,,
172,,79549,0.0008129539201036096,1.0228573083877563,,
172,0.5688413381576538,79579,,,0.4878116548061371,0.5111733675003052
173,,79599,0.0018004882149398327,1.139467477798462,,
173,,79649,0.009682669304311275,1.0696656703948975,,
173,,79699,0.010859299451112747,1.250378131866455,,
173,,79749,0.004497303627431393,1.0077756643295288,,
173,,79799,0.003706924617290497,0.9565245509147644,,
173,,79849,0.004812188446521759,0.9502190947532654,,
173,,79899,0.011645372956991196,1.0954804420471191,,
173,,79949,0.003051547333598137,0.9793076515197754,,
173,,79999,0.00484481081366539,1.110634684562683,,
173,0.5630056262016296,80039,,,0.6539479494094849,0.711893618106842
174,,80049,0.010815802030265331,1.0055413246154785,,
174,,80099,0.026717189699411392,1.0210752487182617,,
174,,80149,0.004378477111458778,0.949843168258667,,
174,,80199,0.028311975300312042,1.1591533422470093,,
174,,80249,0.010983781889081001,0.8470620512962341,,
174,,80299,0.020053740590810776,1.1708874702453613,,
174,,80349,0.0018153309356421232,0.9995278716087341,,
174,,80399,0.0059781610034406185,1.0816551446914673,,
174,,80449,0.002283826470375061,0.9903521537780762,,
174,,80499,0.013815968297421932,0.921321451663971,,
174,0.5647518634796143,80499,,,0.6415634155273438,0.6105327010154724
175,,80549,0.0025134545285254717,0.9624688029289246,,
175,,80599,0.13916923105716705,0.5376003980636597,,
175,,80649,0.0042164139449596405,0.9999966025352478,,
175,,80699,0.0069267963990569115,1.163248896598816,,
175,,80749,0.008188610896468163,1.0257278680801392,,
175,,80799,0.008663921616971493,0.9528048038482666,,
175,,80849,0.01773028075695038,1.044660210609436,,
175,,80899,0.01096807699650526,0.980714738368988,,
175,,80949,0.003229424124583602,1.025853157043457,,
175,0.5510089993476868,80959,,,0.45140790939331055,0.4756566882133484
176,,80999,0.01015927828848362,0.9646716117858887,,
176,,81049,0.012390527874231339,0.922042727470398,,
176,,81099,0.004954864736646414,1.033435583114624,,
176,,81149,0.0038992566987872124,0.974492073059082,,
176,,81199,0.016421861946582794,1.0355117321014404,,
176,,81249,0.007725754287093878,0.965983510017395,,
176,,81299,0.0230739563703537,0.7667863965034485,,
176,,81349,0.00975020881742239,1.036970853805542,,
176,,81399,0.007148611359298229,0.9318861365318298,,
176,0.5601256489753723,81419,,,0.44257816672325134,0.405013769865036
177,,81449,0.004695434123277664,1.0927541255950928,,
177,,81499,0.030851470306515694,0.9914993047714233,,
177,,81549,0.006581874564290047,1.0415334701538086,,
177,,81599,0.0231475792825222,1.45753812789917,,
177,,81649,0.005004699341952801,1.0253195762634277,,
177,,81699,0.28307652473449707,1.1514296531677246,,
177,,81749,0.014754270203411579,1.3318276405334473,,
177,,81799,0.013576074503362179,0.8690245151519775,,
177,,81849,0.006303703878074884,1.0735290050506592,,
177,0.5440863370895386,81879,,,0.482138454914093,0.4789532721042633
178,,81899,0.004998517222702503,0.9636318683624268,,
178,,81949,0.0262070894241333,0.979401707649231,,
178,,81999,0.0038980895187705755,1.08533775806427,,
178,,82049,0.004122497513890266,1.0182842016220093,,
178,,82099,0.00953858532011509,1.1527836322784424,,
178,,82149,0.001780916703864932,1.0857439041137695,,
178,,82199,0.008534329012036324,0.9313307404518127,,
178,,82249,0.008934169076383114,1.0289733409881592,,
178,,82299,0.006304431706666946,0.9271402359008789,,
178,0.5484475493431091,82339,,,0.4576691687107086,0.5103692412376404
179,,82349,0.004558616317808628,1.0903891324996948,,
179,,82399,0.0052005937322974205,1.0797815322875977,,
179,,82449,0.002707931911572814,1.0264701843261719,,
179,,82499,0.006357263308018446,0.9877919554710388,,
179,,82549,0.00446380814537406,0.8935515880584717,,
179,,82599,0.0025624309200793505,1.0209145545959473,,
179,,82649,0.007506182882934809,0.9272057414054871,,
179,,82699,0.010347943753004074,0.8846205472946167,,
179,,82749,0.018525760620832443,1.157823085784912,,
179,,82799,0.006093158386647701,1.0707162618637085,,
179,0.5564638376235962,82799,,,0.40463951230049133,0.4169190227985382
180,,82849,0.006797431968152523,1.0888863801956177,,
180,,82899,0.004637503996491432,0.896005392074585,,
180,,82949,0.006985997315496206,0.9642975330352783,,
180,,82999,0.02255701646208763,0.8766994476318359,,
180,,83049,0.007714287377893925,1.014977216720581,,
180,,83099,0.07143451273441315,1.0349760055541992,,
180,,83149,0.0041430615819990635,0.9922709465026855,,
180,,83199,0.004191090352833271,1.0386186838150024,,
180,,83249,0.007286448031663895,1.0262305736541748,,
180,0.5543990731239319,83259,,,0.4466893970966339,0.3617187440395355
181,,83299,0.0110256876796484,0.8485521078109741,,
181,,83349,0.031938377767801285,0.9999740719795227,,
181,,83399,0.009774677455425262,0.9640963077545166,,
181,,83449,0.0052789063192903996,1.0827065706253052,,
181,,83499,0.01013548020273447,1.198476791381836,,
181,,83549,0.003220222657546401,0.9888949394226074,,
181,,83599,0.003369436599314213,1.0279409885406494,,
181,,83649,0.0021538813598454,0.940261721611023,,
181,,83699,0.007356439717113972,0.9687219858169556,,
181,0.5533455014228821,83719,,,0.6006781458854675,0.6242828965187073
182,,83749,0.0026974999345839024,1.193579912185669,,
182,,83799,0.012125616893172264,1.1408436298370361,,
182,,83849,0.0030370105523616076,1.1162681579589844,,
182,,83899,0.0050383638590574265,1.0081292390823364,,
182,,83949,0.0033263186924159527,0.9815524816513062,,
182,,83999,0.04115265607833862,0.6981552243232727,,
182,,84049,0.02640470862388611,0.7376662492752075,,
182,,84099,0.011944269761443138,1.1454862356185913,,
182,,84149,0.00943531934171915,1.1762213706970215,,
182,0.5628563761711121,84179,,,0.4507262110710144,0.4606083333492279
183,,84199,0.016775943338871002,1.0828152894973755,,
183,,84249,0.008632998913526535,1.1655584573745728,,
183,,84299,0.007981454953551292,1.1069068908691406,,
183,,84349,0.00911407545208931,0.806400716304779,,
183,,84399,0.0024189797695726156,1.012500286102295,,
183,,84449,0.004342294298112392,1.0365501642227173,,
183,,84499,0.0015976708382368088,1.0605063438415527,,
183,,84549,0.007333140820264816,1.1836369037628174,,
183,,84599,0.00923364982008934,1.2138292789459229,,
183,0.5669257640838623,84639,,,0.5640127658843994,0.6005213856697083
184,,84649,0.006078032776713371,1.0035817623138428,,
184,,84699,0.0021330490708351135,0.9981128573417664,,
184,,84749,0.002477722242474556,1.0313341617584229,,
184,,84799,0.002119040582329035,0.9711151719093323,,
184,,84849,0.0014176545664668083,1.1041297912597656,,
184,,84899,0.0007551049347966909,0.9862001538276672,,
184,,84949,0.0023477075155824423,1.0063591003417969,,
184,,84999,0.0025059152394533157,0.980726957321167,,
184,,85049,0.0023447296116501093,1.016202688217163,,
184,,85099,0.00419682776555419,0.8993424773216248,,
184,0.5488484501838684,85099,,,0.4967564046382904,0.5327798128128052
185,,85149,0.0008785115787759423,0.9692674279212952,,
185,,85199,0.00683223269879818,1.065291166305542,,
185,,85249,0.002643333515152335,1.0086127519607544,,
185,,85299,0.0012338969390839338,1.0092878341674805,,
185,,85349,0.0032707101199775934,1.0748119354248047,,
185,,85399,0.017053814604878426,1.0852190256118774,,
185,,85449,0.01461530476808548,0.9276056289672852,,
185,,85499,0.011186240240931511,0.7883539199829102,,
185,,85549,0.014038088731467724,0.487265944480896,,
185,0.5567222237586975,85559,,,0.5289725065231323,0.5637027621269226
186,,85599,0.004245733842253685,0.9930811524391174,,
186,,85649,0.02076152339577675,0.849117636680603,,
186,,85699,0.004753325134515762,1.0600982904434204,,
186,,85749,0.009372768923640251,0.9031494855880737,,
186,,85799,0.006836993154138327,0.9493639469146729,,
186,,85849,0.02338068187236786,0.9820011854171753,,
186,,85899,0.004994025453925133,0.983187198638916,,
186,,85949,0.0030724890530109406,0.9823592305183411,,
186,,85999,0.0062679084949195385,1.1830971240997314,,
186,0.5603082776069641,86019,,,0.4162499010562897,0.30031925439834595
187,,86049,0.012183613143861294,0.8355711698532104,,
187,,86099,0.006343246903270483,1.0052247047424316,,
187,,86149,0.04264623671770096,0.8960795402526855,,
187,,86199,0.00985411461442709,0.9968001842498779,,
187,,86249,0.004478808492422104,1.1916728019714355,,
187,,86299,0.008427624590694904,0.9698837399482727,,
187,,86349,0.00559068750590086,0.9903625249862671,,
187,,86399,0.005830868612974882,0.9994484782218933,,
187,,86449,0.008191686123609543,1.025046706199646,,
187,0.5524211525917053,86479,,,0.40335479378700256,0.33399277925491333
188,,86499,0.18201743066310883,0.6023514270782471,,
188,,86549,0.019776884466409683,1.0343701839447021,,
188,,86599,0.006680382415652275,0.8758894801139832,,
188,,86649,0.008562998846173286,1.183053731918335,,
188,,86699,0.0029070833697915077,0.9773901700973511,,
188,,86749,0.027202904224395752,0.945428729057312,,
188,,86799,0.012256886810064316,0.9773499965667725,,
188,,86849,0.00753649091348052,1.084809422492981,,
188,,86899,0.004542443435639143,1.054210901260376,,
188,0.5452134013175964,86939,,,0.6411835551261902,0.64994215965271
189,,86949,0.0018486951012164354,0.9775853157043457,,
189,,86999,0.0035522410180419683,1.0590741634368896,,
189,,87049,0.0038378143217414618,1.0085158348083496,,
189,,87099,0.014959799125790596,1.1288139820098877,,
189,,87149,0.005206012167036533,1.0023460388183594,,
189,,87199,0.006932590622454882,1.115077018737793,,
189,,87249,0.008324049413204193,1.034956693649292,,
189,,87299,0.06061443313956261,1.077894926071167,,
189,,87349,0.006244055461138487,0.9240334033966064,,
189,,87399,0.014845142140984535,1.2499186992645264,,
189,0.5616602897644043,87399,,,0.7489060759544373,0.8135374188423157
190,,87449,0.004180865827947855,0.9952303171157837,,
190,,87499,0.0022096128668636084,0.9957691431045532,,
190,,87549,0.0015145980287343264,0.983616828918457,,
190,,87599,0.012276816181838512,0.951472282409668,,
190,,87649,0.003051942912861705,1.101505994796753,,
190,,87699,0.004946800880134106,0.9376541376113892,,
190,,87749,0.0030198164749890566,1.01314115524292,,
190,,87799,0.00299136177636683,0.9891842603683472,,
190,,87849,0.0019549569115042686,0.9980716705322266,,
190,0.5682777762413025,87859,,,0.5086845755577087,0.49688953161239624
191,,87899,0.002172114560380578,1.0003023147583008,,
191,,87949,0.0033534518443048,0.9877797365188599,,
191,,87999,0.02036658674478531,1.1350396871566772,,
191,,88049,0.006958466488867998,1.026780128479004,,
191,,88099,0.020362842828035355,1.266097068786621,,
191,,88149,0.003529156791046262,0.9967257976531982,,
191,,88199,0.015211189165711403,0.9283527135848999,,
191,,88249,0.007712735794484615,1.09775710105896,,
191,,88299,0.009858192875981331,0.9237316846847534,,
191,0.5553367733955383,88319,,,0.4247516393661499,0.589595377445221
192,,88349,0.006793351843953133,0.9347229599952698,,
192,,88399,0.005062466487288475,0.9712777137756348,,
192,,88449,0.012045125477015972,1.0115782022476196,,
192,,88499,0.026470493525266647,1.1580729484558105,,
192,,88549,0.006993889342993498,1.0015227794647217,,
192,,88599,0.003383359871804714,1.0337774753570557,,
192,,88649,0.002315811812877655,0.9701626300811768,,
192,,88699,0.0014264759374782443,1.0003931522369385,,
192,,88749,0.004969832021743059,1.009953260421753,,
192,0.5502004623413086,88779,,,0.47194796800613403,0.42593711614608765
193,,88799,0.011869675479829311,1.2755262851715088,,
193,,88849,0.023251958191394806,0.7483848333358765,,
193,,88899,0.007506403606384993,0.9225672483444214,,
193,,88949,0.0063046663999557495,0.9456372857093811,,
193,,88999,0.0038591083139181137,1.0811786651611328,,
193,,89049,0.005898403935134411,0.9580073952674866,,
193,,89099,0.0022211829200387,1.007493257522583,,
193,,89149,0.008460065349936485,0.9407657384872437,,
193,,89199,0.010088611394166946,1.1566359996795654,,
193,0.5583660006523132,89239,,,0.4742577075958252,0.2738269567489624
194,,89249,0.04147610440850258,1.1672859191894531,,
194,,89299,0.03087596595287323,0.7811273336410522,,
194,,89349,0.006351526826620102,0.7810975313186646,,
194,,89399,0.009678875096142292,1.1549429893493652,,
194,,89449,0.003907041624188423,1.0002689361572266,,
194,,89499,0.00751158781349659,0.8940802812576294,,
194,,89549,0.00831960141658783,0.9599449038505554,,
194,,89599,0.007988681085407734,0.9081352353096008,,
194,,89649,0.009906865656375885,1.0429023504257202,,
194,,89699,0.004973427392542362,0.9969693422317505,,
194,0.5370612144470215,89699,,,0.5205466151237488,0.5716656446456909
195,,89749,0.1006978452205658,1.1909961700439453,,
195,,89799,0.03540167957544327,0.6996320486068726,,
195,,89849,0.026303626596927643,1.0327078104019165,,
195,,89899,0.0068048457615077496,1.0446722507476807,,
195,,89949,0.01108971145004034,0.9298520088195801,,
195,,89999,0.007089053746312857,0.8688193559646606,,
195,,90049,0.01706555113196373,1.0178182125091553,,
195,,90099,0.005341874435544014,0.9677163362503052,,
195,,90149,0.0019308743067085743,0.9781635999679565,,
195,0.5548601150512695,90159,,,0.7437989115715027,0.8194088339805603
196,,90199,0.0039543164893984795,0.9674356579780579,,
196,,90249,0.07724609225988388,0.8829008340835571,,
196,,90299,0.007313728332519531,0.9806671142578125,,
196,,90349,0.010494465939700603,0.9150522947311401,,
196,,90399,0.007332693785429001,0.9459308981895447,,
196,,90449,0.06265611946582794,0.5387603044509888,,
196,,90499,0.03923708572983742,1.1808221340179443,,
196,,90549,0.02400979772210121,0.816144585609436,,
196,,90599,0.025095103308558464,1.0966130495071411,,
196,0.5344462990760803,90619,,,0.509762167930603,0.5590461492538452
197,,90649,0.0030221336055547,1.0714327096939087,,
197,,90699,0.011239038780331612,1.0147037506103516,,
197,,90749,0.010453704744577408,0.9548648595809937,,
197,,90799,0.003310074331238866,1.1223578453063965,,
197,,90849,0.009773854166269302,0.9445088505744934,,
197,,90899,0.420343816280365,0.9104857444763184,,
197,,90949,0.007190721109509468,1.0107550621032715,,
197,,90999,0.006780676543712616,1.1971759796142578,,
197,,91049,0.011326557025313377,0.899427056312561,,
197,0.5341477990150452,91079,,,0.4133608639240265,0.47472885251045227
198,,91099,0.008356237784028053,1.0326533317565918,,
198,,91149,0.0036755655892193317,0.8715717792510986,,
198,,91199,0.008961223997175694,0.7974591255187988,,
198,,91249,0.004758807830512524,1.059525489807129,,
198,,91299,0.01643988862633705,1.2912476062774658,,
198,,91349,0.010937290266156197,1.0975874662399292,,
198,,91399,0.0057732705026865005,1.142193078994751,,
198,,91449,0.033253878355026245,1.3771400451660156,,
198,,91499,0.004450587090104818,0.9285372495651245,,
198,0.5351189374923706,91539,,,0.4557836055755615,0.5455247759819031
199,,91549,0.04088051989674568,1.1973726749420166,,
199,,91599,0.00840114988386631,0.9826688766479492,,
199,,91649,0.023216091096401215,1.1257023811340332,,
199,,91699,0.003916141577064991,0.9497471451759338,,
199,,91749,0.016144394874572754,1.1834429502487183,,
199,,91799,0.003584058489650488,1.0061148405075073,,
199,,91849,0.0293838270008564,0.7806823253631592,,
199,,91899,0.030551834031939507,0.933394193649292,,
199,,91949,0.013432823121547699,1.0111629962921143,,
199,,91999,0.01561119593679905,0.9521872401237488,,
199,0.5452890992164612,91999,,,0.4029897153377533,0.4411817789077759
200,,92049,0.018010109663009644,0.937857985496521,,
200,,92099,0.0065820044837892056,1.0406856536865234,,
200,,92149,0.016297323629260063,0.9419472217559814,,
200,,92199,0.0029812182765454054,0.9852578639984131,,
200,,92249,0.003610052401199937,1.1640605926513672,,
200,,92299,0.02097037434577942,0.794452428817749,,
200,,92349,0.0030297948978841305,1.1164740324020386,,
200,,92399,0.002830756362527609,0.9897162318229675,,
200,,92449,0.0033763274550437927,0.9804942607879639,,
200,0.5526461005210876,92459,,,0.7981032729148865,0.865781843662262
201,,92499,0.0014256115537136793,0.9996803998947144,,
201,,92549,0.0020263521000742912,0.9893696308135986,,
201,,92599,0.002144083147868514,0.9524847865104675,,
201,,92649,0.021995533257722855,1.1257483959197998,,
201,,92699,0.011533644050359726,0.9853235483169556,,
201,,92749,0.009263411164283752,1.0141932964324951,,
201,,92799,0.004736148286610842,1.022432565689087,,
201,,92849,0.03915607929229736,1.2374296188354492,,
201,,92899,0.03280826658010483,1.3848134279251099,,
201,0.5609341859817505,92919,,,0.6695100665092468,0.7562745213508606
202,,92949,0.011414697393774986,0.9427233934402466,,
202,,92999,0.007223144173622131,1.2467888593673706,,
202,,93049,0.003546994412317872,1.2058892250061035,,
202,,93099,0.0022475470323115587,1.0387816429138184,,
202,,93149,0.0039672343991696835,0.9640858173370361,,
202,,93199,0.003167825983837247,0.9934790730476379,,
202,,93249,0.008434862829744816,1.1060972213745117,,
202,,93299,0.0095920879393816,0.8978049755096436,,
202,,93349,0.00593486987054348,1.11246919631958,,
202,0.554806649684906,93379,,,0.34453466534614563,0.5138786435127258
203,,93399,0.008209573104977608,0.9247742891311646,,
203,,93449,0.16788335144519806,0.4815542697906494,,
203,,93499,0.011501728557050228,0.7532267570495605,,
203,,93549,0.010644298046827316,1.1778284311294556,,
203,,93599,0.015931911766529083,0.9070841670036316,,
203,,93649,0.020989689975976944,0.8470225930213928,,
203,,93699,0.01067720353603363,1.0089144706726074,,
203,,93749,0.007028580643236637,0.979686439037323,,
203,,93799,0.01916675642132759,1.2471015453338623,,
203,0.5385156869888306,93839,,,0.4176902174949646,0.3530651032924652
204,,93849,0.019170837476849556,1.1027467250823975,,
204,,93899,0.024756131693720818,0.9233881831169128,,
204,,93949,0.004005719441920519,1.0544402599334717,,
204,,93999,0.009595735929906368,1.0287196636199951,,
204,,94049,0.0019401910249143839,1.0018372535705566,,
204,,94099,0.0014226480852812529,0.9240134954452515,,
204,,94149,0.12566539645195007,0.776099443435669,,
204,,94199,0.025580497458577156,1.0847859382629395,,
204,,94249,0.027730602771043777,0.771075963973999,,
204,,94299,0.007385932840406895,1.0201064348220825,,
204,0.544514000415802,94299,,,0.4571547508239746,0.5052524209022522
205,,94349,0.0037286165170371532,0.9344342947006226,,
205,,94399,0.006617133505642414,0.8087848424911499,,
205,,94449,0.008479547686874866,1.1709575653076172,,
205,,94499,0.008582400158047676,1.043468952178955,,
205,,94549,0.0022492390125989914,0.9474654793739319,,
205,,94599,0.010085693560540676,0.9923433661460876,,
205,,94649,0.0147893400862813,0.9628734588623047,,
205,,94699,0.00318961963057518,1.027787446975708,,
205,,94749,0.007779939565807581,1.018190860748291,,
205,0.5618852376937866,94759,,,0.47751808166503906,0.48901641368865967
206,,94799,0.003289723303169012,0.9991855621337891,,
206,,94849,0.012170836329460144,0.9756059050559998,,
206,,94899,0.0019228142919018865,1.0186020135879517,,
206,,94949,0.0028000655584037304,1.0169992446899414,,
206,,94999,0.0017989586340263486,1.0561699867248535,,
206,,95049,0.009190555661916733,1.1633694171905518,,
206,,95099,0.0016001347685232759,1.0096853971481323,,
206,,95149,0.0017613957170397043,0.9317464232444763,,
206,,95199,0.004210555925965309,0.9066473841667175,,
206,0.5676184892654419,95219,,,0.7271051406860352,0.7534475922584534
207,,95249,0.004033414181321859,0.916384220123291,,
207,,95299,0.0033915818203240633,0.9831886291503906,,
207,,95349,0.0026444466784596443,0.9985839128494263,,
207,,95399,0.022753842175006866,0.9074326753616333,,
207,,95449,0.0028875137213617563,0.8690158128738403,,
207,,95499,0.00227713817730546,1.019535779953003,,
207,,95549,0.022429373115301132,1.2254523038864136,,
207,,95599,0.007409216836094856,0.8917750120162964,,
207,,95649,0.005258103832602501,1.0111143589019775,,
207,0.5610633492469788,95679,,,0.501456618309021,0.5428832769393921
208,,95699,0.0074982107616961,1.0854212045669556,,
208,,95749,0.027481500059366226,0.9573172926902771,,
208,,95799,0.008302159607410431,1.0566766262054443,,
208,,95849,0.015150545164942741,1.1067066192626953,,
208,,95899,0.009246929548680782,1.1742823123931885,,
208,,95949,0.0038938806392252445,1.0304815769195557,,
208,,95999,0.016334863379597664,1.0203847885131836,,
208,,96049,0.0037047206424176693,0.8789026737213135,,
208,,96099,0.0034988473635166883,0.9256237745285034,,
208,0.5564571619033813,96139,,,0.8689889907836914,0.8636236786842346
209,,96149,0.006070360541343689,0.9626818895339966,,
209,,96199,0.003283181693404913,0.9799007177352905,,
209,,96249,0.0021830438636243343,0.9960291385650635,,
209,,96299,0.0020310883410274982,0.9563646912574768,,
209,,96349,0.02335883304476738,0.9342914819717407,,
209,,96399,0.0030842949636280537,0.9752547740936279,,
209,,96449,0.0011967223836109042,0.9841291904449463,,
209,,96499,0.0013821028405800462,1.0180132389068604,,
209,,96549,0.008116974495351315,1.0251798629760742,,
209,,96599,0.0033057809341698885,0.9225398898124695,,
209,0.5635223388671875,96599,,,0.48852628469467163,0.4611440896987915
210,,96649,0.008129318244755268,0.8845729827880859,,
210,,96699,0.008839852176606655,0.8251307010650635,,
210,,96749,0.021255526691675186,0.9306163191795349,,
210,,96799,0.006067495793104172,0.9644562005996704,,
210,,96849,0.01159139908850193,1.0837925672531128,,
210,,96899,0.0042128488421440125,0.7923822402954102,,
210,,96949,0.00852685421705246,1.121713399887085,,
210,,96999,0.04918926581740379,0.8955287933349609,,
210,,97049,0.002557258354499936,1.0484943389892578,,
210,0.548997700214386,97059,,,0.4290131628513336,0.41083547472953796
211,,97099,0.0009499829029664397,0.999915361404419,,
211,,97149,0.06898654252290726,0.4455536901950836,,
211,,97199,0.050527382642030716,0.864791989326477,,
211,,97249,0.037516046315431595,0.9306784868240356,,
211,,97299,0.0134371817111969,1.0372158288955688,,
211,,97349,0.007734773680567741,0.9432443380355835,,
211,,97399,0.011282910592854023,0.858750581741333,,
211,,97449,0.016470929607748985,1.0579376220703125,,
211,,97499,0.011122954078018665,1.1671520471572876,,
211,0.5688413381576538,97519,,,0.40863025188446045,0.3501094579696655
212,,97549,0.00961727648973465,1.0993106365203857,,
212,,97599,0.03514812886714935,0.9731047749519348,,
212,,97649,0.020034432411193848,1.1837501525878906,,
212,,97699,0.0035662404261529446,0.8770167827606201,,
212,,97749,0.010470889508724213,1.1301989555358887,,
212,,97799,0.023901326581835747,1.1030991077423096,,
212,,97849,0.004371415823698044,1.0472822189331055,,
212,,97899,0.008529670536518097,1.1924630403518677,,
212,,97949,0.005707873031497002,0.9865936040878296,,
212,0.5575641393661499,97979,,,0.42398330569267273,0.45811668038368225
213,,97999,0.009485219605267048,0.9964675903320312,,
213,,98049,0.02061311900615692,1.1888550519943237,,
213,,98099,0.06980524957180023,0.4847669005393982,,
213,,98149,0.02398444339632988,0.9171661734580994,,
213,,98199,0.009274665266275406,1.1414854526519775,,
213,,98249,0.004671883769333363,0.986259937286377,,
213,,98299,0.017277278006076813,0.933584988117218,,
213,,98349,0.0024661445058882236,1.0276983976364136,,
213,,98399,0.003412344492971897,0.9614375829696655,,
213,0.5519734621047974,98439,,,0.8538971543312073,0.890474259853363
214,,98449,0.0021558378357440233,1.0068740844726562,,
214,,98499,0.0012297090142965317,1.0071415901184082,,
214,,98549,0.0014809357235208154,1.0150871276855469,,
214,,98599,0.0029016248881816864,0.9954984188079834,,
214,,98649,0.0029014297761023045,0.9976798892021179,,
214,,98699,0.003987233620136976,1.025851845741272,,
214,,98749,0.0017589707858860493,1.0136089324951172,,
214,,98799,0.041300639510154724,0.9683930277824402,,
214,,98849,0.001468582428060472,0.9927645921707153,,
214,,98899,0.0014633028768002987,1.0202573537826538,,
214,0.5527886748313904,98899,,,0.795590877532959,0.8237146139144897
215,,98949,0.0011596048716455698,0.9759745001792908,,
215,,98999,0.007974933832883835,1.1717073917388916,,
215,,99049,0.0027704606764018536,1.0328376293182373,,
215,,99099,0.0022625811398029327,0.9509141445159912,,
215,,99149,0.005378913599997759,1.0210270881652832,,
215,,99199,0.010034168139100075,0.9071171283721924,,
215,,99249,0.003369241487234831,0.964013934135437,,
215,,99299,0.004389361944049597,1.0130839347839355,,
215,,99349,0.0011926984880119562,0.9907530546188354,,
215,0.5533588528633118,99359,,,0.8529927730560303,0.9264985918998718
216,,99399,0.0013957800110802054,0.9969919323921204,,
216,,99449,0.0023693391121923923,0.9908232688903809,,
216,,99499,0.0012491989182308316,1.0506255626678467,,
216,,99549,0.0014380848733708262,0.9737939834594727,,
216,,99599,0.0027758122887462378,0.9266968965530396,,
216,,99649,0.004681803751736879,1.043382167816162,,
216,,99699,0.0015129862586036325,1.045180320739746,,
216,,99749,0.025457307696342468,1.0192561149597168,,
216,,99799,0.013415675610303879,1.0721676349639893,,
216,0.5287263989448547,99819,,,0.4020087718963623,0.3630330562591553
217,,99849,0.01088404655456543,0.8732924461364746,,
217,,99899,0.007171017117798328,0.9402905702590942,,
217,,99949,0.012592107057571411,0.9363541007041931,,
217,,99999,0.007226987276226282,0.9721702337265015,,
217,,100049,0.00855171401053667,1.0078098773956299,,
217,,100099,0.003304459387436509,0.9916255474090576,,
217,,100149,0.002411934779956937,1.0133564472198486,,
217,,100199,0.0086875781416893,1.1017729043960571,,
217,,100249,0.003499929793179035,0.8951315879821777,,
217,0.5745745897293091,100279,,,0.671866774559021,0.7128708958625793
218,,100299,0.0044276779517531395,1.0268197059631348,,
218,,100349,0.002346472581848502,0.9913084506988525,,
218,,100399,0.0012418382102623582,1.0599637031555176,,
218,,100449,0.00993078388273716,0.903126060962677,,
218,,100499,0.0035903872922062874,1.3261245489120483,,
218,,100549,0.0019021055195480585,1.0058529376983643,,
218,,100599,0.010617122985422611,0.954236626625061,,
218,,100649,0.0026362657081335783,1.0262787342071533,,
218,,100699,0.014467956498265266,0.9593376517295837,,
218,0.5661439895629883,100739,,,0.5294014811515808,0.5349092483520508
219,,100749,0.002949510468170047,1.0234224796295166,,
219,,100799,0.1512497216463089,1.0400002002716064,,
219,,100849,0.002827269956469536,0.9944100975990295,,
219,,100899,0.000973798509221524,0.9914391040802002,,
219,,100949,0.0012595664011314511,0.9828863143920898,,
219,,100999,0.0007073688320815563,1.0087215900421143,,
219,,101049,0.000851925928145647,0.9999404549598694,,
219,,101099,0.002013483550399542,0.9983357787132263,,
219,,101149,0.0012732821051031351,0.9955190420150757,,
219,,101199,0.0010382550535723567,1.0202349424362183,,
219,0.571280300617218,101199,,,0.837770938873291,0.8534224629402161
220,,101249,0.004097118973731995,0.978582501411438,,
220,,101299,0.04423949122428894,0.7917212247848511,,
220,,101349,0.012336796149611473,0.9404345154762268,,
220,,101399,0.007096986286342144,1.0672426223754883,,
220,,101449,0.004746611230075359,1.190868616104126,,
220,,101499,0.010380331426858902,0.9998517632484436,,
220,,101549,0.004104265943169594,1.0334604978561401,,
220,,101599,0.004587186966091394,0.888074517250061,,
220,,101649,0.005252526141703129,1.031162142753601,,
220,0.549411952495575,101659,,,0.5708439350128174,0.5934362411499023
221,,101699,0.0031470933463424444,1.0179481506347656,,
221,,101749,0.004832149483263493,0.9553749561309814,,
221,,101799,0.003240700578317046,0.9631616473197937,,
221,,101849,0.00810261256992817,1.0013468265533447,,
221,,101899,0.0021560355089604855,0.9882265329360962,,
221,,101949,0.005611170083284378,0.999661922454834,,
221,,101999,0.003201243234798312,0.959215521812439,,
221,,102049,0.0071642897091805935,0.9934583306312561,,
221,,102099,0.004086235072463751,1.001288890838623,,
221,0.5608049631118774,102119,,,0.7618937492370605,0.8183348774909973
222,,102149,0.0013324732426553965,0.9804295897483826,,
222,,102199,0.005733560770750046,1.198536992073059,,
222,,102249,0.004003114067018032,1.021324634552002,,
222,,102299,0.005544751882553101,0.958163321018219,,
222,,102349,0.004533820319920778,1.055452823638916,,
222,,102399,0.039732467383146286,0.7477172017097473,,
222,,102449,0.0033966817427426577,0.8894798755645752,,
222,,102499,0.006182852201163769,0.978835940361023,,
222,,102549,0.013169946148991585,1.0019099712371826,,
222,0.5416807532310486,102579,,,0.4244571626186371,0.37093693017959595
223,,102599,0.0030451766215264797,1.090087652206421,,
223,,102649,0.012149974703788757,1.0142102241516113,,
223,,102699,0.007067489437758923,1.204793930053711,,
223,,102749,0.011944819241762161,0.9222801923751831,,
223,,102799,0.006169260945171118,0.9686506986618042,,
223,,102849,0.0031562107615172863,0.9628981351852417,,
223,,102899,0.004524541553109884,0.9960896968841553,,
223,,102949,0.0033053108491003513,1.0054465532302856,,
223,,102999,0.0012111248215660453,0.9873226284980774,,
223,0.5355399250984192,103039,,,0.8674101233482361,0.8663289546966553
224,,103049,0.00107336207292974,1.0518622398376465,,
224,,103099,0.002647857181727886,0.9593791961669922,,
224,,103149,0.004035063087940216,1.0725140571594238,,
224,,103199,0.010926209390163422,0.8946773409843445,,
224,,103249,0.00635041669011116,1.095876693725586,,
224,,103299,0.0016603688709437847,0.9721382260322571,,
224,,103349,0.005545467603951693,0.977739155292511,,
224,,103399,0.0024645929224789143,0.9596306085586548,,
224,,103449,0.0022195118945091963,1.1502013206481934,,
224,,103499,0.0015080024022608995,1.014927625656128,,
224,0.5483183264732361,103499,,,0.6917412281036377,0.6555715799331665
225,,103549,0.001856394112110138,0.9942872524261475,,
225,,103599,0.002577307168394327,1.0205109119415283,,
225,,103649,0.0009168817196041346,0.9996717572212219,,
225,,103699,0.0015927146887406707,0.9946117997169495,,
225,,103749,0.0030870335176587105,0.9618234634399414,,
225,,103799,0.0017018594080582261,0.9987844228744507,,
225,,103849,0.0032463164534419775,0.9273727536201477,,
225,,103899,0.011964309960603714,0.8913331627845764,,
225,,103949,0.002828781260177493,1.1677321195602417,,
225,0.551986813545227,103959,,,0.6808694005012512,0.6923026442527771
226,,103999,0.0038045579567551613,1.0724639892578125,,
226,,104049,0.03858593478798866,1.3703850507736206,,
226,,104099,0.003473083022981882,0.9912595152854919,,
226,,104149,0.008995972573757172,1.0674259662628174,,
226,,104199,0.008048556745052338,0.9177687168121338,,
226,,104249,0.00228514289483428,1.013489007949829,,
226,,104299,0.003315423848107457,0.9531941413879395,,
226,,104349,0.006615381687879562,1.0682084560394287,,
226,,104399,0.004383794963359833,0.9669967293739319,,
226,0.5405871272087097,104419,,,0.6220826506614685,0.6901360750198364
227,,104449,0.00620724493637681,1.1487140655517578,,
227,,104499,0.007054534740746021,1.0987839698791504,,
227,,104549,0.0014761353377252817,0.9916548728942871,,
227,,104599,0.004225295502692461,0.9736894369125366,,
227,,104649,0.003100168891251087,0.9989817142486572,,
227,,104699,0.005980482324957848,1.0155705213546753,,
227,,104749,0.009019073098897934,0.9139310121536255,,
227,,104799,0.005760519299656153,0.9406099319458008,,
227,,104849,0.004037483129650354,0.9199278354644775,,
227,0.5424358248710632,104879,,,0.4065999984741211,0.4622940719127655
228,,104899,0.003969196230173111,0.97536301612854,,
228,,104949,0.0034972825087606907,0.9048982262611389,,
228,,104999,0.12784501910209656,0.7660560011863708,,
228,,105049,0.008804380893707275,0.9393661618232727,,
228,,105099,0.06314855068922043,1.1680006980895996,,
228,,105149,0.005279621109366417,1.0145453214645386,,
228,,105199,0.028017202392220497,1.3307338953018188,,
228,,105249,0.001681916182860732,1.0059993267059326,,
228,,105299,0.001154511235654354,1.0111756324768066,,
228,0.5798601508140564,105339,,,0.44977253675460815,0.4164685606956482
229,,105349,0.007981343194842339,0.879740297794342,,
229,,105399,0.06411774456501007,1.2356715202331543,,
229,,105449,0.002856933046132326,0.8618398308753967,,
229,,105499,0.003175277728587389,0.9958943724632263,,
229,,105549,0.006620878353714943,0.8704185485839844,,
229,,105599,0.006039856001734734,0.9973419904708862,,
229,,105649,0.00242544524371624,0.9830793142318726,,
229,,105699,0.007982412353157997,1.0169482231140137,,
229,,105749,0.004031572490930557,1.1212774515151978,,
229,,105799,0.022631268948316574,0.9958587288856506,,
229,0.545471727848053,105799,,,0.4548512399196625,0.45975595712661743
230,,105849,0.003238969948142767,1.09110689163208,,
230,,105899,0.016247913241386414,0.9003887176513672,,
230,,105949,0.10636728256940842,0.9936954975128174,,
230,,105999,0.0030529156792908907,0.9695931673049927,,
230,,106049,0.004206257872283459,0.9993925094604492,,
230,,106099,0.009313051588833332,0.8670294284820557,,
230,,106149,0.002825122093781829,0.9973063468933105,,
230,,106199,0.0034170392900705338,0.9924606084823608,,
230,,106249,0.01430819183588028,1.189410924911499,,
230,0.5559337139129639,106259,,,0.5771039724349976,0.6722155213356018
231,,106299,0.004094031173735857,1.032945156097412,,
231,,106349,0.0013903104700148106,1.0438411235809326,,
231,,106399,0.0017970262560993433,1.0110032558441162,,
231,,106449,0.002490915358066559,1.0088717937469482,,
231,,106499,0.0022724519949406385,1.084261417388916,,
231,,106549,0.03482750430703163,1.042839527130127,,
231,,106599,0.0024908962659537792,0.9818030595779419,,
231,,106649,0.013178680092096329,1.0844844579696655,,
231,,106699,0.007346184924244881,1.0725600719451904,,
231,0.5464428663253784,106719,,,0.6983424425125122,0.7779771089553833
232,,106749,0.00549873523414135,1.0035812854766846,,
232,,106799,0.034733206033706665,1.1089980602264404,,
232,,106849,0.0034718955866992474,0.9591327905654907,,
232,,106899,0.003824501298367977,1.054856538772583,,
232,,106949,0.009056709706783295,0.9969779849052429,,
232,,106999,0.023381603881716728,0.9657430648803711,,
232,,107049,0.004067312926054001,0.7660564184188843,,
232,,107099,0.012522764503955841,1.0226534605026245,,
232,,107149,0.0053570205345749855,1.0467582941055298,,
232,0.5538823008537292,107179,,,0.43913665413856506,0.4484928548336029
233,,107199,0.18202444911003113,1.396782398223877,,
233,,107249,0.005386989563703537,1.087723731994629,,
233,,107299,0.004052277654409409,0.9284104108810425,,
233,,107349,0.011756218038499355,1.0240024328231812,,
233,,107399,0.007596402429044247,0.9000200033187866,,
233,,107449,0.007584916427731514,0.9664275646209717,,
233,,107499,0.02731878124177456,1.4047857522964478,,
233,,107549,0.0043442887254059315,1.148884892463684,,
233,,107599,0.03984711319208145,1.0217790603637695,,
233,0.5337602496147156,107639,,,0.4452857971191406,0.38239505887031555
234,,107649,0.005372771993279457,0.907860279083252,,
234,,107699,0.0038560028187930584,1.0904195308685303,,
234,,107749,0.004018038511276245,1.1255638599395752,,
234,,107799,0.0019463484641164541,0.994701087474823,,
234,,107849,0.0009445176110602915,0.9928611516952515,,
234,,107899,0.005115247331559658,1.0404003858566284,,
234,,107949,0.0029154617805033922,0.9937398433685303,,
234,,107999,0.0015564027708023787,0.9768290519714355,,
234,,108049,0.0010221494594588876,1.0102359056472778,,
234,,108099,0.0034075314179062843,1.0402547121047974,,
234,0.5474964380264282,108099,,,0.7207536697387695,0.7043431401252747
235,,108149,0.003481956897303462,0.9737120866775513,,
235,,108199,0.0025867687072604895,0.9667528867721558,,
235,,108249,0.010981270112097263,1.121982455253601,,
235,,108299,0.004732166416943073,1.157131552696228,,
235,,108349,0.025942180305719376,1.0355632305145264,,
235,,108399,0.012858498841524124,1.1002764701843262,,
235,,108449,0.005766245536506176,1.0780246257781982,,
235,,108499,0.005728100426495075,1.1572606563568115,,
235,,108549,0.011549796909093857,1.2008004188537598,,
235,0.5449082255363464,108559,,,0.67571622133255,0.732505738735199
236,,108599,0.005172321572899818,0.948843240737915,,
236,,108649,0.006572929676622152,0.9415292739868164,,
236,,108699,0.004935157019644976,0.9260112047195435,,
236,,108749,0.0012666929978877306,1.0672740936279297,,
236,,108799,0.002932170173153281,1.0048913955688477,,
236,,108849,0.0060241809114813805,1.0631428956985474,,
236,,108899,0.0014281579060479999,0.9439937472343445,,
236,,108949,0.0020512561313807964,1.0122461318969727,,
236,,108999,0.0029423560481518507,0.9971208572387695,,
236,0.5727949142456055,109019,,,0.6774489283561707,0.7059342861175537
237,,109049,0.004472442902624607,1.012607216835022,,
237,,109099,0.0070065767504274845,1.009990930557251,,
237,,109149,0.0034873359836637974,1.034260630607605,,
237,,109199,0.031096013262867928,1.0333454608917236,,
237,,109249,0.005321033298969269,0.9626437425613403,,
237,,109299,0.0034199305810034275,0.9673025608062744,,
237,,109349,0.00517102750018239,0.9598941206932068,,
237,,109399,0.004150208551436663,1.0366392135620117,,
237,,109449,0.0018881845753639936,0.9636855125427246,,
237,0.5687054395675659,109479,,,0.48953086137771606,0.5349212884902954
238,,109499,0.00524559523910284,0.9091222286224365,,
238,,109549,0.004878893494606018,0.9326802492141724,,
238,,109599,0.0039087929762899876,0.98565673828125,,
238,,109649,0.005645198281854391,0.9898178577423096,,
238,,109699,0.0008144988096319139,0.9936087131500244,,
238,,109749,0.001333864638581872,1.0394071340560913,,
238,,109799,0.000787671422585845,1.0074446201324463,,
238,,109849,0.002900113817304373,1.0210145711898804,,
238,,109899,0.009970007464289665,0.9197561740875244,,
238,0.5633931756019592,109939,,,0.48127540946006775,0.5794581770896912
239,,109949,0.008469359017908573,0.8084524273872375,,
239,,109999,0.005906799808144569,1.0551693439483643,,
239,,110049,0.0026862036902457476,1.0447943210601807,,
239,,110099,0.005514160264283419,1.1800495386123657,,
239,,110149,0.008341046050190926,1.0453784465789795,,
239,,110199,0.009307925589382648,0.9849820137023926,,
239,,110249,0.009317735210061073,1.2064876556396484,,
239,,110299,0.012557459995150566,0.8771690130233765,,
239,,110349,0.0026023564860224724,0.9949367046356201,,
239,,110399,0.0014992383075878024,1.0167102813720703,,
239,0.5425850749015808,110399,,,0.7454149127006531,0.7807756066322327
240,,110449,0.0019512586295604706,0.9743295311927795,,
240,,110499,0.002400836907327175,0.9923849701881409,,
240,,110549,0.060801755636930466,0.8356540203094482,,
240,,110599,0.0016865956131368876,1.0117629766464233,,
240,,110649,0.005359963979572058,0.9516401290893555,,
240,,110699,0.0029944381676614285,0.9938461780548096,,
240,,110749,0.0023868652060627937,1.0176796913146973,,
240,,110799,0.0023123726714402437,0.9777636528015137,,
240,,110849,0.0021864683367311954,1.0155179500579834,,
240,0.5639500021934509,110859,,,0.5118309259414673,0.4484366774559021
241,,110899,0.0019531415309756994,1.0354812145233154,,
241,,110949,0.013587160967290401,0.9924408197402954,,
241,,110999,0.0015445975586771965,0.9882172346115112,,
241,,111049,0.0016176400240510702,0.9708797335624695,,
241,,111099,0.0017752356361597776,0.9440417885780334,,
241,,111149,0.001074981177225709,0.9721364974975586,,
241,,111199,0.0023605958558619022,1.0105860233306885,,
241,,111249,0.0018693534657359123,1.0215837955474854,,
241,,111299,0.0021215174347162247,1.0042624473571777,,
241,0.570335865020752,111319,,,1.0533534288406372,1.0710716247558594
242,,111349,0.2209869921207428,0.9940351247787476,,
242,,111399,0.0008584550814703107,0.973157525062561,,
242,,111449,0.001610717736184597,0.958417534828186,,
242,,111499,0.0022790315560996532,0.9947910308837891,,
242,,111549,0.0008388516143895686,1.0091570615768433,,
242,,111599,0.0015051736263558269,1.0011613368988037,,
242,,111649,0.005131669342517853,1.1228787899017334,,
242,,111699,0.0037107584066689014,1.0591449737548828,,
242,,111749,0.007122454699128866,0.8718687295913696,,
242,0.5578024983406067,111779,,,0.4644029140472412,0.4835440218448639
243,,111799,0.022891001775860786,1.1443324089050293,,
243,,111849,0.007120511960238218,1.057868242263794,,
243,,111899,0.007171665318310261,0.9253534078598022,,
243,,111949,0.0073708416894078255,0.9177563786506653,,
243,,111999,0.0013344980543479323,0.948138415813446,,
243,,112049,0.003519639605656266,1.1425414085388184,,
243,,112099,0.01100251730531454,0.879779577255249,,
243,,112149,0.004148298874497414,0.9442253708839417,,
243,,112199,0.007608300074934959,1.007326364517212,,
243,0.5505123138427734,112239,,,0.4205474853515625,0.427229642868042
244,,112249,0.011884596198797226,0.9180766344070435,,
244,,112299,0.006711428053677082,1.1539406776428223,,
244,,112349,0.0030694673769176006,0.9761177897453308,,
244,,112399,0.0031551490537822247,0.9813598990440369,,
244,,112449,0.004717811942100525,0.9914644956588745,,
244,,112499,0.0189118180423975,1.1170892715454102,,
244,,112549,0.0817774161696434,0.9828548431396484,,
244,,112599,0.01219136081635952,0.8233909606933594,,
244,,112649,0.002243113238364458,0.9792943000793457,,
244,,112699,0.010823763906955719,1.2028048038482666,,
244,0.5487058758735657,112699,,,0.4339199960231781,0.47287142276763916
245,,112749,0.0077371676452457905,1.0783638954162598,,
245,,112799,0.009099908173084259,0.937976598739624,,
245,,112849,0.005252884700894356,0.9714483022689819,,
245,,112899,0.004054573364555836,1.0393881797790527,,
245,,112949,0.016080649569630623,1.2024333477020264,,
245,,112999,0.002240201458334923,0.9914231300354004,,
245,,113049,0.006299289874732494,0.9756060838699341,,
245,,113099,0.009660216048359871,0.8556758761405945,,
245,,113149,0.009094245731830597,1.010155200958252,,
245,0.5392417907714844,113159,,,0.3924749195575714,0.3889887034893036
246,,113199,0.01730984076857567,1.0719554424285889,,
246,,113249,0.0022621084935963154,1.0349793434143066,,
246,,113299,0.003224578918889165,1.0491275787353516,,
246,,113349,0.026141341775655746,1.1224756240844727,,
246,,113399,0.006255483720451593,1.0082788467407227,,
246,,113449,0.034021712839603424,1.031866192817688,,
246,,113499,0.002966894768178463,0.9975466728210449,,
246,,113549,0.002593603217974305,0.9588744640350342,,
246,,113599,0.010511891916394234,1.062313199043274,,
246,0.5356624126434326,113619,,,0.41974401473999023,0.4235145151615143
247,,113649,0.00386033090762794,0.9750808477401733,,
247,,113699,0.0043607731349766254,0.9028698801994324,,
247,,113749,0.004145681392401457,1.085269570350647,,
247,,113799,0.03759947791695595,0.8030076026916504,,
247,,113849,0.029134400188922882,0.7488993406295776,,
247,,113899,0.008779995143413544,0.7578376531600952,,
247,,113949,0.0109346192330122,1.1364567279815674,,
247,,113999,0.003989668097347021,0.8695585131645203,,
247,,114049,0.005056073423475027,1.0380111932754517,,
247,0.5406962633132935,114079,,,0.4687395691871643,0.443237841129303
248,,114099,0.016186116263270378,0.8399449586868286,,
248,,114149,0.008083915337920189,1.058786153793335,,
248,,114199,0.009801575914025307,1.0555258989334106,,
248,,114249,0.00940651074051857,0.9387796521186829,,
248,,114299,0.00645449897274375,1.0197676420211792,,
248,,114349,0.004420352168381214,1.005049705505371,,
248,,114399,0.001311272382736206,1.006582260131836,,
248,,114449,0.002400621771812439,0.958779513835907,,
248,,114499,0.0008546019671484828,1.0034153461456299,,
248,0.5594729781150818,114539,,,0.7273106575012207,0.6759561896324158
249,,114549,0.001202750368975103,0.9984700083732605,,
249,,114599,0.011357903480529785,1.2089614868164062,,
249,,114649,0.002604450797662139,1.1303218603134155,,
249,,114699,0.0014563623117282987,1.0413572788238525,,
249,,114749,0.00398500170558691,0.9322785139083862,,
249,,114799,0.0030991972889751196,1.0240811109542847,,
249,,114849,0.001515427604317665,0.9880173206329346,,
249,,114899,0.0026885000988841057,0.9746965765953064,,
249,,114949,0.0032375180162489414,1.0045757293701172,,
249,,114999,0.01611403003334999,1.0742746591567993,,
249,0.5513141751289368,114999,,,0.47869110107421875,0.4535715579986572
250,,115049,0.022411281242966652,0.7921544313430786,,
250,,115099,0.0016989593859761953,1.043284296989441,,
250,,115149,0.0017009262228384614,0.9628281593322754,,
250,,115199,0.0244295671582222,1.1611659526824951,,
250,,115249,0.0017130663618445396,1.0457615852355957,,
250,,115299,0.0031039128080010414,1.0436789989471436,,
250,,115349,0.0015472348313778639,1.0189707279205322,,
250,,115399,0.0021156081929802895,0.9477208256721497,,
250,,115449,0.004552800208330154,1.012619972229004,,
250,0.5439772009849548,115459,,,0.5580341815948486,0.5338934063911438
251,,115499,0.0018253319431096315,0.9313329458236694,,
251,,115549,0.0012288587167859077,0.9847116470336914,,
251,,115599,0.0010333058889955282,1.1080338954925537,,
251,,115649,0.001824759878218174,1.0045795440673828,,
251,,115699,0.0013416826259344816,1.0384023189544678,,
251,,115749,0.003291752655059099,0.9993072748184204,,
251,,115799,0.0013777118874713778,1.0009686946868896,,
251,,115849,0.0012410469353199005,1.0151910781860352,,
251,,115899,0.001111871562898159,1.0034109354019165,,
251,0.5424425601959229,115919,,,0.8537508249282837,0.8881449103355408
252,,115949,0.0005913316854275763,1.0157999992370605,,
252,,115999,0.0010324548929929733,1.025221347808838,,
252,,116049,0.0008264235220849514,1.0029797554016113,,
252,,116099,0.0007839224417693913,1.026564359664917,,
252,,116149,0.0012337815715000033,1.009981393814087,,
252,,116199,0.0011728493263944983,1.0229120254516602,,
252,,116249,0.002236731816083193,1.0113420486450195,,
252,,116299,0.0022007720544934273,0.9543365836143494,,
252,,116349,0.0005405837437137961,0.9797343015670776,,
252,0.5474964380264282,116379,,,0.9810318946838379,0.8329572677612305
253,,116399,0.0008677318692207336,1.0256226062774658,,
253,,116449,0.001013082335703075,1.0294855833053589,,
253,,116499,0.0007186255534179509,1.0038743019104004,,
253,,116549,0.0005378625937737525,1.0091381072998047,,
253,,116599,0.0011067705927416682,0.9943138957023621,,
253,,116649,0.015107478015124798,0.957880973815918,,
253,,116699,0.0006507245707325637,1.0322611331939697,,
253,,116749,0.0006490453379228711,0.9670166969299316,,
253,,116799,0.0029121257830411196,1.0743383169174194,,
253,0.5553969144821167,116839,,,0.44241663813591003,0.5364587306976318
254,,116849,0.005955414846539497,0.9731094241142273,,
254,,116899,0.01113996934145689,0.9921653270721436,,
254,,116949,0.003898881608620286,1.0217746496200562,,
254,,116999,0.0033776117488741875,1.073227047920227,,
254,,117049,0.003589020110666752,1.018101453781128,,
254,,117099,0.0014061748515814543,1.0609652996063232,,
254,,117149,0.0026455926708877087,1.009136438369751,,
254,,117199,0.0009632086148485541,1.0352485179901123,,
254,,117249,0.002336468081921339,0.987764298915863,,
254,,117299,0.0014890271704643965,1.0346157550811768,,
254,0.5632840394973755,117299,,,0.6493860483169556,0.594896137714386
255,,117349,0.0007945970282889903,0.9921941757202148,,
255,,117399,0.0016371970996260643,1.000489354133606,,
255,,117449,0.00028924326761625707,1.0493721961975098,,
255,,117499,0.0009974016575142741,1.0038535594940186,,
255,,117549,0.0007141722599044442,0.9837749600410461,,
255,,117599,0.00048523349687457085,0.9888863563537598,,
255,,117649,0.0022215850185602903,1.0068978071212769,,
255,,117699,0.00029464796534739435,1.0059630870819092,,
255,,117749,0.0003147153474856168,1.0131611824035645,,
255,0.5655737519264221,117759,,,1.2739322185516357,1.04246187210083
256,,117799,0.000305838359054178,1.0089442729949951,,
256,,117849,0.0003353379142936319,0.9891318082809448,,
256,,117899,0.0005909354658797383,1.0106632709503174,,
256,,117949,0.00035220937570557,0.9930615425109863,,
256,,117999,0.0005384944379329681,0.9969172477722168,,
256,,118049,0.00027108530048280954,1.0088262557983398,,
256,,118099,0.0010629690950736403,0.9939464330673218,,
256,,118149,0.0002678925811778754,0.9954450130462646,,
256,,118199,0.0004781497409567237,0.9933288097381592,,
256,0.5687121152877808,118219,,,1.1048041582107544,1.0304957628250122
257,,118249,0.00028599443612620234,0.9955965280532837,,
257,,118299,0.0003624350356403738,0.9974238872528076,,
257,,118349,0.00044875964522361755,1.055924892425537,,
257,,118399,0.00030338787473738194,1.0295524597167969,,
257,,118449,0.000670949521008879,1.0067474842071533,,
257,,118499,0.00033013534266501665,0.9808748364448547,,
257,,118549,0.00023250278900377452,0.9674438238143921,,
257,,118599,0.00028009468223899603,1.0098562240600586,,
257,,118649,0.0006540933973155916,0.9911161065101624,,
257,0.572367250919342,118679,,,0.9957869648933411,1.0380436182022095
258,,118699,0.00032617049873806536,1.0014169216156006,,
258,,118749,0.0009451517835259438,0.9896267652511597,,
258,,118799,0.0002875393838621676,1.021846890449524,,
258,,118849,0.0004703812883235514,1.0024856328964233,,
258,,118899,0.0006064017070457339,0.970163106918335,,
258,,118949,0.00027752923779189587,0.9775644540786743,,
258,,118999,0.00035305035999044776,1.0161495208740234,,
258,,119049,0.00019371547386981547,1.0035967826843262,,
258,,119099,0.00026394875021651387,1.0002871751785278,,
258,0.5700574517250061,119139,,,1.0899956226348877,1.1187204122543335
259,,119149,0.00019360680016689003,0.9919168949127197,,
259,,119199,0.0003605525998864323,1.0042610168457031,,
259,,119249,0.00033843048731796443,1.0061932802200317,,
259,,119299,0.0002088182809529826,0.9888690710067749,,
259,,119349,0.0002668457163963467,1.04622220993042,,
259,,119399,0.00018508564971853048,1.00026273727417,,
259,,119449,0.0008006953867152333,1.0014625787734985,,
259,,119499,0.0002802319941110909,0.9825965762138367,,
259,,119549,0.0004314896941650659,1.0093755722045898,,
259,,119599,0.00036026505404151976,1.019585132598877,,
259,0.5726323127746582,119599,,,0.8909060955047607,0.9783643484115601
260,,119649,0.0002438989031361416,1.0011792182922363,,
260,,119699,0.0002405668783467263,1.0188028812408447,,
260,,119749,0.0002802392700687051,1.0006401538848877,,
260,,119799,0.00043497345177456737,1.0346128940582275,,
260,,119849,0.00025939184706658125,1.0052316188812256,,
260,,119899,0.0002969263296108693,1.0020666122436523,,
260,,119949,0.0004306426562834531,0.9876024723052979,,
260,,119999,0.00018367978918831795,1.0088512897491455,,
260,,120049,0.0009082917822524905,1.0057916641235352,,
260,0.5782163143157959,120059,,,0.9307695627212524,1.0288996696472168
261,,120099,0.00024472264340147376,1.0006928443908691,,
261,,120149,0.00024861586280167103,1.0105161666870117,,
261,,120199,0.0003329149622004479,1.0081051588058472,,
261,,120249,0.00025002326583489776,1.0060815811157227,,
261,,120299,0.0003362755523994565,0.9998685121536255,,
261,,120349,0.0003881828743033111,1.0228607654571533,,
261,,120399,0.00010875239240704104,1.0027889013290405,,
261,,120449,0.00014196474512573332,0.9870191812515259,,
261,,120499,0.0001749348157318309,1.0125795602798462,,
261,0.5786239504814148,120519,,,0.9459664821624756,0.9804091453552246
262,,120549,0.0005900131072849035,1.0260732173919678,,
262,,120599,0.00013134174514561892,0.9972031712532043,,
262,,120649,0.0001592635817360133,0.9900603294372559,,
262,,120699,0.00021400791592895985,0.9958401322364807,,
262,,120749,0.00035543780541047454,1.0351781845092773,,
262,,120799,0.00033388385782018304,1.0148043632507324,,
262,,120849,9.92339919321239e-05,1.0029481649398804,,
262,,120899,0.0012605225201696157,0.9557461142539978,,
262,,120949,0.00028094416484236717,0.9861999154090881,,
262,0.5774144530296326,120979,,,0.8063383102416992,0.8806486129760742
263,,120999,0.000262355781160295,1.0093882083892822,,
263,,121049,7.857684249756858e-05,0.9978183507919312,,
263,,121099,0.0005090165650472045,0.9831026196479797,,
263,,121149,0.00016181300452444702,0.9841303825378418,,
263,,121199,0.00015259484644047916,1.0046974420547485,,
263,,121249,0.0001251079374924302,1.0036815404891968,,
263,,121299,0.0003778546233661473,0.9814410209655762,,
263,,121349,0.0002507197204977274,1.0015830993652344,,
263,,121399,0.0004977472126483917,1.025951623916626,,
263,0.5852815508842468,121439,,,0.8624837398529053,0.9300711154937744
264,,121449,0.0003140993940178305,0.9983927011489868,,
264,,121499,0.00013395122368820012,1.006389856338501,,
264,,121549,0.00018988789815921336,0.9857239723205566,,
264,,121599,9.504154877504334e-05,1.007006287574768,,
264,,121649,0.00025627462309785187,1.0050380229949951,,
264,,121699,0.00016087651601992548,0.9992777705192566,,
264,,121749,0.0002247718075523153,0.9966025948524475,,
264,,121799,0.00021730213484261185,1.038205862045288,,
264,,121849,0.00013236278027761728,0.9964032769203186,,
264,,121899,0.0001351535611320287,1.0047000646591187,,
264,0.5848805904388428,121899,,,0.9128960967063904,0.9422667026519775
265,,121949,9.047388448379934e-05,1.0064750909805298,,
265,,121999,0.00010198399832006544,1.0244064331054688,,
265,,122049,0.00010583743278402835,1.0108754634857178,,
265,,122099,0.0003995945444330573,0.9760036468505859,,
265,,122149,0.00018066100892610848,1.0086042881011963,,
265,,122199,0.00028532365104183555,1.0109002590179443,,
265,,122249,0.0006431799265556037,0.9563388824462891,,
265,,122299,0.0007997371139936149,0.9904866218566895,,
265,,122349,6.938130536582321e-05,1.0007694959640503,,
265,0.5858317017555237,122359,,,0.784808874130249,0.819470226764679
266,,122399,0.00010894215665757656,1.0004597902297974,,
266,,122449,0.0006126652006059885,1.007575273513794,,
266,,122499,6.743603444192559e-05,1.0079572200775146,,
266,,122549,5.4617554269498214e-05,1.0137720108032227,,
266,,122599,0.00020563017460517585,0.997452437877655,,
266,,122649,0.000179378897882998,0.9875746965408325,,
266,,122699,0.00010033062426373363,0.9892159104347229,,
266,,122749,0.00012987220543436706,0.9999784827232361,,
266,,122799,0.00016200263053178787,0.9872215986251831,,
266,0.5869119763374329,122819,,,0.7228716611862183,0.7623863816261292
267,,122849,0.00016794176190160215,0.9922893047332764,,
267,,122899,9.062383469427004e-05,1.0062779188156128,,
267,,122949,0.00010692438809201121,0.9901790618896484,,
267,,122999,0.00011678706505335867,1.0000145435333252,,
267,,123049,0.00013600870443042368,1.017540454864502,,
267,,123099,0.00011099037510575727,0.9981770515441895,,
267,,123149,0.0001167646623798646,0.9926260709762573,,
267,,123199,7.953364547574893e-05,0.9956874847412109,,
267,,123249,7.538637146353722e-05,0.9979438781738281,,
267,0.5880122780799866,123279,,,0.6716240644454956,0.6873094439506531
268,,123299,0.0001843828649725765,0.9726488590240479,,
268,,123349,0.0005431630997918546,0.982043981552124,,
268,,123399,8.608213101979345e-05,1.0096570253372192,,
268,,123449,0.0002949333575088531,1.023416519165039,,
268,,123499,0.00014312920393422246,1.004112720489502,,
268,,123549,9.033070818986744e-05,0.9983272552490234,,
268,,123599,0.0002081781130982563,0.9957751631736755,,
268,,123649,0.0005000629462301731,1.0183327198028564,,
268,,123699,0.00015824870206415653,1.012397050857544,,
268,0.5884132385253906,123739,,,0.5980465412139893,0.6124765276908875
269,,123749,0.00016987927665468305,0.9936469793319702,,
269,,123799,8.719322795514017e-05,1.0101139545440674,,
269,,123849,0.0001566056744195521,0.9822841286659241,,
269,,123899,0.00010391409159637988,1.0040724277496338,,
269,,123949,0.0002520312846172601,1.006314992904663,,
269,,123999,0.00030687276739627123,0.9684628248214722,,
269,,124049,7.282973820110783e-05,1.0063906908035278,,
269,,124099,3.890020161634311e-05,1.0019659996032715,,
269,,124149,0.00024610900436528027,1.0011297464370728,,
269,,124199,0.00045875279465690255,0.9796673655509949,,
269,0.5881481766700745,124199,,,0.6077044606208801,0.6577720642089844
270,,124249,0.00014341708447318524,1.016191840171814,,
270,,124299,0.0004999767406843603,0.9870374202728271,,
270,,124349,0.00013891857815906405,0.9938357472419739,,
270,,124399,0.00011056299990741536,1.0120480060577393,,
270,,124449,7.260838174261153e-05,1.0045827627182007,,
270,,124499,0.00021447052131406963,0.9854670763015747,,
270,,124549,0.0003427142510190606,1.006229281425476,,
270,,124599,0.00010402176121715456,1.0115898847579956,,
270,,124649,0.0002070953487418592,1.0073158740997314,,
270,0.5946698784828186,124659,,,0.7115233540534973,0.6810457110404968
271,,124699,7.266703323693946e-05,1.0000050067901611,,
271,,124749,0.00010620144166750833,1.0003645420074463,,
271,,124799,0.00044689528294838965,0.9676655530929565,,
271,,124849,0.00017478573136031628,0.999602198600769,,
271,,124899,8.044832793530077e-05,0.9954749345779419,,
271,,124949,5.5301534302998334e-05,1.0000139474868774,,
271,,124999,7.128087599994615e-05,1.006134271621704,,
271,,125049,0.00034550807322375476,1.0141428709030151,,
271,,125099,0.00019542715745046735,1.006899356842041,,
271,0.5961577892303467,125119,,,0.6885563135147095,0.6978848576545715
272,,125149,0.0002487528545316309,1.0138059854507446,,
272,,125199,0.00014544042642228305,0.9954923391342163,,
272,,125249,0.0003177117323502898,0.9910747408866882,,
272,,125299,0.0003556598967406899,0.9900510311126709,,
272,,125349,0.00025954554439522326,0.9772329330444336,,
272,,125399,0.00023898296058177948,0.9803227782249451,,
272,,125449,0.000684394792187959,0.9879525899887085,,
272,,125499,8.556641114410013e-05,1.003873586654663,,
272,,125549,0.0022296514362096786,1.0526490211486816,,
272,0.5943914651870728,125579,,,0.9132582545280457,0.778221607208252
273,,125599,0.0002369881112826988,1.0032167434692383,,
273,,125649,0.0001614629290997982,1.0082529783248901,,
273,,125699,0.00043140252819284797,1.0064048767089844,,
273,,125749,0.0002181983581976965,1.0302014350891113,,
273,,125799,0.001792278722859919,0.9544757604598999,,
273,,125849,0.0013544047251343727,1.0193514823913574,,
273,,125899,0.00016726746980566531,0.9933602213859558,,
273,,125949,0.00013477468746714294,1.0028109550476074,,
273,,125999,0.0003448199713602662,1.0029385089874268,,
273,0.5840720534324646,126039,,,0.6727525591850281,0.7366243600845337
274,,126049,0.00013103161472827196,1.009779453277588,,
274,,126099,0.00012595715816132724,1.006450891494751,,
274,,126149,0.000436880043707788,1.0106714963912964,,
274,,126199,7.363964687101543e-05,1.02419114112854,,
274,,126249,0.0002593589306343347,0.9916060566902161,,
274,,126299,6.822000432293862e-05,1.0052176713943481,,
274,,126349,0.00012860594142694026,0.98978191614151,,
274,,126399,0.0001578711235197261,1.0183131694793701,,
274,,126449,8.51461009006016e-05,0.995192289352417,,
274,,126499,0.00015262921806424856,0.9906293153762817,,
274,0.6022852659225464,126499,,,0.565209150314331,0.6219084858894348
275,,126549,0.0001047076002578251,1.005247950553894,,
275,,126599,4.7640089178457856e-05,1.0005196332931519,,
275,,126649,8.531535422662273e-05,0.9893138408660889,,
275,,126699,5.913383574807085e-05,1.000882863998413,,
275,,126749,6.096423021517694e-05,0.9927458763122559,,
275,,126799,5.885125574423e-05,0.9968843460083008,,
275,,126849,0.00011715156870195642,1.0110585689544678,,
275,,126899,6.389986810972914e-05,1.004450798034668,,
275,,126949,6.353229400701821e-05,1.010223627090454,,
275,0.6048668026924133,126959,,,0.5394856929779053,0.5905990600585938
276,,126999,0.00016057226457633078,1.0095782279968262,,
276,,127049,5.516182500286959e-05,1.0074360370635986,,
276,,127099,7.325156184379011e-05,1.0035755634307861,,
276,,127149,3.2352105336030945e-05,1.0027132034301758,,
276,,127199,8.177793642971665e-05,1.0068944692611694,,
276,,127249,7.70919505157508e-05,1.00193452835083,,
276,,127299,2.516388485673815e-05,1.005601167678833,,
276,,127349,9.284324914915487e-05,0.993309736251831,,
276,,127399,4.873304715147242e-05,1.0012078285217285,,
276,0.5998463034629822,127419,,,0.515470564365387,0.5671433806419373
277,,127449,5.462783155962825e-05,1.006974458694458,,
277,,127499,9.700815280666575e-05,0.9870026111602783,,
277,,127549,5.409050572779961e-05,1.0075411796569824,,
277,,127599,0.00012776179937645793,0.9863687753677368,,
277,,127649,6.198937626322731e-05,1.008776307106018,,
277,,127699,6.15811295574531e-05,0.9956976175308228,,
277,,127749,0.00018730205192696303,0.9948557615280151,,
277,,127799,0.00022914152941666543,1.0046155452728271,,
277,,127849,7.383075717370957e-05,0.9998459219932556,,
277,0.5978082418441772,127879,,,0.666232705116272,0.7071158289909363
278,,127899,0.0001559011870995164,0.9973604083061218,,
278,,127949,0.00017051245959009975,1.000342607498169,,
278,,127999,0.000162516807904467,1.0162177085876465,,
278,,128049,0.00011850464215967804,1.0018352270126343,,
278,,128099,0.00010484441736480221,1.0014264583587646,,
278,,128149,6.13986121607013e-05,0.9960600733757019,,
278,,128199,4.855316728935577e-05,1.001571774482727,,
278,,128249,0.00014439203368965536,1.0251045227050781,,
278,,128299,0.00013214837235864252,0.9893366098403931,,
278,0.5950708389282227,128339,,,0.6350037455558777,0.6804335713386536
279,,128349,0.00011303334031254053,1.0382568836212158,,
279,,128399,0.00018807384185492992,1.00130033493042,,
279,,128449,6.431867223000154e-05,1.0025720596313477,,
279,,128499,6.26070104772225e-05,1.0074918270111084,,
279,,128549,0.00030232485732994974,1.0340030193328857,,
279,,128599,3.986421870649792e-05,0.9940571784973145,,
279,,128649,0.00013862222840543836,1.0111019611358643,,
279,,128699,0.00011714793799910694,1.0067429542541504,,
279,,128749,9.900200529955328e-05,1.0006444454193115,,
279,,128799,0.00018117403669748455,1.0244284868240356,,
279,0.5971222519874573,128799,,,0.6814160943031311,0.7006695866584778
280,,128849,4.342068132245913e-05,0.9987564086914062,,
280,,128899,0.00022432531113736331,1.0156402587890625,,
280,,128949,4.153966438025236e-05,1.001664161682129,,
280,,128999,5.028413579566404e-05,0.9850993156433105,,
280,,129049,4.998767690267414e-05,1.0042662620544434,,
280,,129099,7.191118493210524e-05,1.01572585105896,,
280,,129149,8.080444240476936e-05,0.9912045001983643,,
280,,129199,6.458650750573725e-05,1.0127570629119873,,
280,,129249,7.250881753861904e-05,1.0057599544525146,,
280,0.6022852659225464,129259,,,0.5983138680458069,0.6559540033340454
281,,129299,2.9540426112362184e-05,0.999187707901001,,
281,,129349,0.0002159581781597808,0.9931613206863403,,
281,,129399,0.0001032053041853942,1.0098451375961304,,
281,,129449,0.00014768756227567792,0.9952888488769531,,
281,,129499,9.009956556838006e-05,1.0093828439712524,,
281,,129549,0.00011561193969100714,1.0021142959594727,,
281,,129599,9.07195353647694e-05,1.0109331607818604,,
281,,129649,0.00014634044782724231,0.9998106360435486,,
281,,129699,9.862716251518577e-05,0.9954402446746826,,
281,0.6013475656509399,129719,,,0.5171467661857605,0.5880486369132996
282,,129749,8.998379053082317e-05,0.9859287738800049,,
282,,129799,8.47875198815018e-05,0.995833158493042,,
282,,129849,0.00012935008271597326,0.994511604309082,,
282,,129899,9.638805931899697e-05,1.0142748355865479,,
282,,129949,3.398707485757768e-05,0.9987901449203491,,
282,,129999,6.495340494439006e-05,0.998988687992096,,
282,,130049,5.998190681566484e-05,0.9998877644538879,,
282,,130099,6.1665108660236e-05,1.0068317651748657,,
282,,130149,0.0016177657525986433,0.980613112449646,,
282,0.5763275027275085,130179,,,0.7608555555343628,0.8990688323974609
283,,130199,0.003627072088420391,0.9984792470932007,,
283,,130249,0.007986906915903091,1.2052569389343262,,
283,,130299,0.07987383753061295,1.783931016921997,,
283,,130349,0.01816612109541893,1.1401143074035645,,
283,,130399,0.07179558277130127,1.6624420881271362,,
283,,130449,0.005570631939917803,1.1252632141113281,,
283,,130499,0.02179480902850628,0.8921977281570435,,
283,,130549,0.0075464630499482155,0.882269024848938,,
283,,130599,0.06116628646850586,1.4033399820327759,,
283,0.5737125873565674,130639,,,0.5463877320289612,0.542510986328125
284,,130649,0.0062731411308050156,1.045881748199463,,
284,,130699,0.00528260413557291,0.9984580874443054,,
284,,130749,0.0015164394862949848,1.0022377967834473,,
284,,130799,0.0024864105507731438,1.0072340965270996,,
284,,130849,0.005750879179686308,0.9209599494934082,,
284,,130899,0.00510655902326107,0.9787495136260986,,
284,,130949,0.004590483382344246,1.2248332500457764,,
284,,130999,0.00853014551103115,0.9172954559326172,,
284,,131049,0.001728927018120885,1.0012245178222656,,
284,,131099,0.0035609020851552486,0.9975321888923645,,
284,0.5574283003807068,131099,,,0.6715882420539856,0.7296515703201294
285,,131149,0.0031699808314442635,0.9946700930595398,,
285,,131199,0.006323855370283127,0.939822256565094,,
285,,131249,0.0068147871643304825,1.1472206115722656,,
285,,131299,0.010171851143240929,1.1531105041503906,,
285,,131349,0.0028513800352811813,1.06625497341156,,
285,,131399,0.0010536883492022753,0.9944404363632202,,
285,,131449,0.0007753647514618933,1.0034452676773071,,
285,,131499,0.0012407057220116258,0.98944091796875,,
285,,131549,0.0008371142903342843,0.9929946064949036,,
285,0.5645135641098022,131559,,,0.7531734108924866,0.7515444159507751
286,,131599,0.0014049606397747993,0.9870726466178894,,
286,,131649,0.002359048230573535,0.9920085668563843,,
286,,131699,0.009122617542743683,1.192907452583313,,
286,,131749,0.012981083244085312,0.9182100892066956,,
286,,131799,0.002134765265509486,0.9639002680778503,,
286,,131849,0.0009163116337731481,0.9855766296386719,,
286,,131899,0.0011818137718364596,1.0080205202102661,,
286,,131949,0.005127501208335161,1.0682220458984375,,
286,,131999,0.002723636804148555,0.8576663136482239,,
286,0.5655871629714966,132019,,,0.449252724647522,0.40551623702049255
287,,132049,0.007856660522520542,1.2791023254394531,,
287,,132099,0.008546097204089165,1.1797480583190918,,
287,,132149,0.004227705765515566,1.0015037059783936,,
287,,132199,0.0025002602487802505,0.9793301820755005,,
287,,132249,0.0027854167856276035,0.9975281953811646,,
287,,132299,0.009027929976582527,1.052036166191101,,
287,,132349,0.0032071578316390514,0.9018882513046265,,
287,,132399,0.00944315642118454,1.0204145908355713,,
287,,132449,0.004011411219835281,0.936568021774292,,
287,0.5638208389282227,132479,,,0.4425404369831085,0.4703288674354553
288,,132499,0.016154849901795387,0.8440346717834473,,
288,,132549,0.002034328877925873,1.0094717741012573,,
288,,132599,0.026001976802945137,0.9850125312805176,,
288,,132649,0.005069713108241558,1.0457415580749512,,
288,,132699,0.007206466980278492,1.055361032485962,,
288,,132749,0.016078844666481018,1.3220826387405396,,
288,,132799,0.0014654439873993397,0.9642727971076965,,
288,,132849,0.002082043094560504,0.9980093836784363,,
288,,132899,0.003068231977522373,1.0194315910339355,,
288,0.5690929889678955,132939,,,0.5321220755577087,0.5563547611236572
289,,132949,0.003361071925610304,1.1009821891784668,,
289,,132999,0.004038927610963583,1.0000603199005127,,
289,,133049,0.008791878819465637,0.8550441861152649,,
289,,133099,0.002029906725510955,0.9619134664535522,,
289,,133149,0.007013530470430851,0.8713505268096924,,
289,,133199,0.0029228844214230776,0.9885005950927734,,
289,,133249,0.00540014635771513,1.143888235092163,,
289,,133299,0.002633212599903345,0.9432681202888489,,
289,,133349,0.0017381837824359536,1.0179636478424072,,
289,,133399,0.0007888780673965812,1.0010974407196045,,
289,0.5566264390945435,133399,,,0.9120138883590698,0.8950597643852234
290,,133449,0.00087842030916363,0.970609724521637,,
290,,133499,0.0018660181667655706,1.051343560218811,,
290,,133549,0.0018248039996251464,1.0369014739990234,,
290,,133599,0.000717696500942111,1.006577730178833,,
290,,133649,0.0011198370484635234,0.9786841869354248,,
290,,133699,0.0009423565352335572,1.0137566328048706,,
290,,133749,0.0006733359186910093,1.037506103515625,,
290,,133799,0.00046083659981377423,1.0167596340179443,,
290,,133849,0.0006215387838892639,0.9779167175292969,,
290,0.5627272129058838,133859,,,0.8278992772102356,0.6542676091194153
291,,133899,0.006001591216772795,0.8585147857666016,,
291,,133949,0.0014414098113775253,1.0180797576904297,,
291,,133999,0.0012173112481832504,1.0821162462234497,,
291,,134049,0.002287796000018716,1.0339739322662354,,
291,,134099,0.001298585208132863,1.0742313861846924,,
291,,134149,0.0035425687674432993,0.9659635424613953,,
291,,134199,0.01134405005723238,0.9747135043144226,,
291,,134249,0.0015522981993854046,1.0168156623840332,,
291,,134299,0.006321896333247423,1.135007381439209,,
291,0.5839362144470215,134319,,,0.5097302794456482,0.48781517148017883
292,,134349,0.0016122760716825724,1.0057430267333984,,
292,,134399,0.005586558952927589,0.9384225010871887,,
292,,134449,0.006559079047292471,0.9815575480461121,,
292,,134499,0.0008747559040784836,1.0378458499908447,,
292,,134549,0.0008610977092757821,0.9747835397720337,,
292,,134599,0.0020153550431132317,1.0046510696411133,,
292,,134649,0.004953126423060894,0.9947308301925659,,
292,,134699,0.0005764804081991315,0.9784665703773499,,
292,,134749,0.00045013445196673274,0.9732959270477295,,
292,0.5735967755317688,134779,,,0.7320205569267273,0.7585431337356567
293,,134799,0.000765256118029356,0.9668277502059937,,
293,,134849,0.0007757182465866208,1.0003752708435059,,
293,,134899,0.00036925560561940074,0.9878262281417847,,
293,,134949,0.0001625678560230881,0.9769814014434814,,
293,,134999,0.00029572416679002345,1.0058627128601074,,
293,,135049,0.001057695015333593,1.0055241584777832,,
293,,135099,0.0003170334966853261,1.0597161054611206,,
293,,135149,0.0003129448741674423,1.0103205442428589,,
293,,135199,0.0003816089010797441,0.9917299747467041,,
293,0.5821698904037476,135239,,,0.7177972197532654,0.7510515451431274
294,,135249,0.0006464347243309021,0.9997225403785706,,
294,,135299,0.0002740730415098369,1.0040268898010254,,
294,,135349,0.0004717156698461622,1.055443525314331,,
294,,135399,0.00037611526204273105,1.0129694938659668,,
294,,135449,0.0023826858960092068,1.1186643838882446,,
294,,135499,0.006931018549948931,0.937984824180603,,
294,,135549,0.0015000768471509218,0.997868537902832,,
294,,135599,0.0030200222972780466,1.0422155857086182,,
294,,135649,0.0021549719385802746,0.9401387572288513,,
294,,135699,0.0016187336295843124,0.9926581382751465,,
294,0.5571565628051758,135699,,,0.6613918542861938,0.7362182140350342
295,,135749,0.0008045032736845315,1.0014816522598267,,
295,,135799,0.0010296807158738375,0.9784989356994629,,
295,,135849,0.0009611016721464694,0.991586446762085,,
295,,135899,0.0004299761785659939,0.9980068206787109,,
295,,135949,0.00024001265410333872,1.0038611888885498,,
295,,135999,0.0005549907218664885,1.0045812129974365,,
295,,136049,0.0002199791488237679,0.9955111742019653,,
295,,136099,0.0005101754795759916,1.0005580186843872,,
295,,136149,0.0002699778997339308,1.0006325244903564,,
295,0.5611034631729126,136159,,,0.6031473875045776,0.6425849795341492
296,,136199,0.0003572169807739556,1.0083215236663818,,
296,,136249,0.00034240426612086594,0.9874261021614075,,
296,,136299,0.0005328382831066847,1.0497453212738037,,
296,,136349,0.0007498003542423248,0.9923310279846191,,
296,,136399,0.0002682641497813165,0.9869105815887451,,
296,,136449,0.0002142702287528664,1.0014536380767822,,
296,,136499,0.0005716932937502861,0.9808368682861328,,
296,,136549,0.00037267262814566493,0.9956575632095337,,
296,,136599,0.0005503392312675714,1.0072565078735352,,
296,0.5703291893005371,136619,,,0.9486432671546936,0.8197406530380249
297,,136649,0.0002322546497453004,1.0301474332809448,,
297,,136699,0.0005997130647301674,0.9980616569519043,,
297,,136749,0.00025781465228646994,1.0163875818252563,,
297,,136799,0.0005309340194799006,1.012026309967041,,
297,,136849,0.0010630723554641008,0.9649723768234253,,
297,,136899,0.004000705201178789,1.1025669574737549,,
297,,136949,0.0014676034916192293,1.0442466735839844,,
297,,136999,0.0005502754356712103,0.9858357310295105,,
297,,137049,0.0017187257762998343,1.0155398845672607,,
297,0.5734675526618958,137079,,,0.6973442435264587,0.7279579043388367
298,,137099,0.0015149592654779553,0.9765053391456604,,
298,,137149,0.0013993793400004506,0.9639641642570496,,
298,,137199,0.0008124932646751404,0.9936885833740234,,
298,,137249,0.0002830962184816599,1.007630467414856,,
298,,137299,0.0004538152425084263,1.0072202682495117,,
298,,137349,0.0001526938285678625,1.0034732818603516,,
298,,137399,0.0005879122763872147,0.9972002506256104,,
298,,137449,0.0005678211455233395,1.0242186784744263,,
298,,137499,0.00028939166804775596,0.9889335632324219,,
298,0.5589361786842346,137539,,,0.7782828211784363,0.749466598033905
299,,137549,0.0004239943518768996,0.9981552362442017,,
299,,137599,0.0003036834532395005,0.9961461424827576,,
299,,137649,0.0003746671718545258,1.0138252973556519,,
299,,137699,0.00021894258679822087,0.9990494251251221,,
299,,137749,0.0002982021833304316,1.00214684009552,,
299,,137799,0.00028501084307208657,1.0032997131347656,,
299,,137849,0.0002143863821402192,0.9952361583709717,,
299,,137899,0.0003739655949175358,0.991909384727478,,
299,,137949,0.0003200831124559045,0.9997485876083374,,
299,,137999,0.0002756341127678752,1.0377787351608276,,
299,0.5793300271034241,137999,,,0.5888763070106506,0.5422335863113403
