epoch,step,train_discriminator_loss,train_generator_loss,validation_discriminator_accuracy,validation_discriminator_loss,validation_generator_loss
0,49,0.9333051443099976,1.9963687658309937,,,
0,99,0.9039528369903564,1.445813536643982,,,
0,149,0.9165007472038269,1.6957446336746216,,,
0,199,1.2086479663848877,1.1475857496261597,,,
0,249,1.1260908842086792,0.992940366268158,,,
0,299,1.0126372575759888,1.1001616716384888,,,
0,349,1.0743207931518555,0.9485013484954834,,,
0,399,0.8634133338928223,1.6251938343048096,,,
0,449,1.0364387035369873,1.2392704486846924,,,
0,459,,,0.45065923610167186,1.4383431673049927,0.678128719329834
1,499,0.9012660384178162,1.9004403352737427,,,
1,549,1.0297033786773682,1.3863189220428467,,,
1,599,0.8897839188575745,1.2532579898834229,,,
1,649,0.8799924254417419,1.5010828971862793,,,
1,699,0.8346416354179382,1.6209605932235718,,,
1,749,1.3214420080184937,0.789006769657135,,,
1,799,1.2881125211715698,1.0130972862243652,,,
1,849,1.1809906959533691,0.886662483215332,,,
1,899,1.0378507375717163,0.8084937334060669,,,
1,919,,,0.6193421231480223,1.4612904787063599,0.8136906027793884
2,949,1.234944224357605,0.8362736701965332,,,
2,999,1.2308979034423828,0.9143220782279968,,,
2,1049,0.9648481607437134,1.236974835395813,,,
2,1099,1.0416074991226196,1.253056526184082,,,
2,1149,1.079374074935913,1.2735300064086914,,,
2,1199,1.176515817642212,1.081524133682251,,,
2,1249,1.3442583084106445,0.7775442004203796,,,
2,1299,1.0428712368011475,1.0652623176574707,,,
2,1349,1.1042649745941162,1.0350960493087769,,,
2,1379,,,0.6523039282316161,1.2902716398239136,0.8302371501922607
3,1399,1.1155521869659424,1.1016258001327515,,,
3,1449,1.1495611667633057,0.8638465404510498,,,
3,1499,1.1267293691635132,1.0238138437271118,,,
3,1549,1.0071877241134644,1.3290512561798096,,,
3,1599,1.3105478286743164,0.9261663556098938,,,
3,1649,1.264129400253296,1.200986623764038,,,
3,1699,1.2519917488098145,0.8630712032318115,,,
3,1749,1.103100299835205,1.1808624267578125,,,
3,1799,1.2782926559448242,0.8624558448791504,,,
3,1839,,,0.5194372706266142,1.4075971841812134,0.7559242248535156
4,1849,1.2111084461212158,1.0447367429733276,,,
4,1899,1.0361418724060059,1.1003166437149048,,,
4,1949,0.9841396808624268,1.2193751335144043,,,
4,1999,1.395026445388794,0.8573501110076904,,,
4,2049,1.3074158430099487,0.9032140970230103,,,
4,2099,1.5281105041503906,0.8161065578460693,,,
4,2149,1.0500726699829102,1.1504037380218506,,,
4,2199,1.2905662059783936,0.8676913976669312,,,
4,2249,1.1415810585021973,0.9676295518875122,,,
4,2299,1.1349940299987793,1.1958858966827393,,,
4,2299,,,0.6198858230256898,1.3105219602584839,0.8281121850013733
5,2349,1.2272288799285889,0.9610217809677124,,,
5,2399,1.4064491987228394,0.829322874546051,,,
5,2449,1.136481523513794,0.9769270420074463,,,
5,2499,1.415383219718933,0.8267693519592285,,,
5,2549,1.0712459087371826,1.04349684715271,,,
5,2599,1.2012810707092285,1.050179123878479,,,
5,2649,1.295032024383545,0.9040067195892334,,,
5,2699,1.327881097793579,0.7119696140289307,,,
5,2749,1.0738780498504639,0.9798639416694641,,,
5,2759,,,0.6453717547913552,1.3029608726501465,0.7923660278320312
6,2799,1.1062366962432861,0.9571467041969299,,,
6,2849,1.1489003896713257,1.0430551767349243,,,
6,2899,1.031440258026123,1.079451560974121,,,
6,2949,1.1598358154296875,0.8247905373573303,,,
6,2999,1.0324267148971558,1.4497783184051514,,,
6,3049,1.2753766775131226,0.9303773641586304,,,
6,3099,1.307884931564331,0.961500883102417,,,
6,3149,1.1959460973739624,0.7880733609199524,,,
6,3199,1.272876501083374,0.9895941019058228,,,
6,3219,,,0.6723528612206062,1.2062817811965942,0.9914659857749939
7,3249,1.1690075397491455,0.9694077968597412,,,
7,3299,1.0389360189437866,1.0531631708145142,,,
7,3349,1.091116189956665,0.9462334513664246,,,
7,3399,1.3005397319793701,0.9845375418663025,,,
7,3449,1.1852586269378662,1.0429078340530396,,,
7,3499,1.114673376083374,1.0168191194534302,,,
7,3549,1.0550572872161865,0.9443846940994263,,,
7,3599,1.1254298686981201,1.005864143371582,,,
7,3649,1.226672649383545,1.0614714622497559,,,
7,3679,,,0.6359929319015903,1.274198055267334,0.7615400552749634
8,3699,1.142653465270996,1.0373326539993286,,,
8,3749,1.195089340209961,0.9510270357131958,,,
8,3799,1.1769027709960938,0.9765605926513672,,,
8,3849,1.1722304821014404,0.8452780246734619,,,
8,3899,1.2393592596054077,0.8864778280258179,,,
8,3949,1.283066749572754,1.1647287607192993,,,
8,3999,1.1732732057571411,1.1570254564285278,,,
8,4049,1.0851941108703613,1.0324513912200928,,,
8,4099,1.2497093677520752,0.9662050604820251,,,
8,4139,,,0.7195188256082642,1.22391676902771,0.840191125869751
9,4149,1.2324596643447876,0.9885265827178955,,,
9,4199,1.0732091665267944,0.9861458539962769,,,
9,4249,1.3077260255813599,0.9200745820999146,,,
9,4299,1.3207359313964844,0.9114363193511963,,,
9,4349,1.2005467414855957,1.1602673530578613,,,
9,4399,1.280612587928772,0.9089465737342834,,,
9,4449,1.0481834411621094,1.197104811668396,,,
9,4499,1.0467402935028076,0.8908365964889526,,,
9,4549,1.150808572769165,0.9470512866973877,,,
9,4599,1.0994274616241455,1.0632082223892212,,,
9,4599,,,0.5680984096778579,1.3608520030975342,0.7557575702667236
10,4649,1.2302212715148926,1.0248188972473145,,,
10,4699,1.449011206626892,0.7920198440551758,,,
10,4749,1.1313138008117676,1.1567983627319336,,,
10,4799,1.2044851779937744,0.7631610631942749,,,
10,4849,1.1943167448043823,0.8556891679763794,,,
10,4899,1.0472021102905273,1.1339503526687622,,,
10,4949,1.2711503505706787,0.9023730754852295,,,
10,4999,0.9760996699333191,1.2006193399429321,,,
10,5049,1.3306241035461426,0.797170102596283,,,
10,5059,,,0.609283675411173,1.3336982727050781,0.7219179272651672
11,5099,1.176694393157959,0.8968790769577026,,,
11,5149,1.1122336387634277,1.0748491287231445,,,
11,5199,1.1975326538085938,1.0646312236785889,,,
11,5249,1.2997210025787354,0.8513878583908081,,,
11,5299,1.084275722503662,1.191732406616211,,,
11,5349,1.3481965065002441,1.0331507921218872,,,
11,5399,1.295710563659668,0.9872649908065796,,,
11,5449,1.3497707843780518,0.8089007139205933,,,
11,5499,1.3183002471923828,0.7547791600227356,,,
11,5519,,,0.5303112681799647,1.3641380071640015,0.7197141647338867
12,5549,1.2009036540985107,1.0947577953338623,,,
12,5599,1.0703332424163818,1.1098029613494873,,,
12,5649,1.1552650928497314,0.8530421257019043,,,
12,5699,1.2626492977142334,0.81292724609375,,,
12,5749,1.0736122131347656,0.9482665657997131,,,
12,5799,1.058810830116272,0.944438636302948,,,
12,5849,1.2306437492370605,0.8034498691558838,,,
12,5899,0.9854601621627808,1.2212858200073242,,,
12,5949,1.0908790826797485,1.0276060104370117,,,
12,5979,,,0.6450319423678129,1.2789627313613892,0.8547531366348267
13,5999,1.3145909309387207,0.7900547981262207,,,
13,6049,1.4460115432739258,0.9628928303718567,,,
13,6099,1.0133633613586426,1.0046100616455078,,,
13,6149,1.1253337860107422,0.8190926313400269,,,
13,6199,1.1224783658981323,0.9407758116722107,,,
13,6249,1.2508444786071777,0.8037185668945312,,,
13,6299,0.9665402770042419,1.1178982257843018,,,
13,6349,1.0759263038635254,1.0690839290618896,,,
13,6399,1.1950334310531616,1.069208025932312,,,
13,6439,,,0.5355443795025147,1.3386037349700928,0.8089611530303955
14,6449,1.1179529428482056,0.9717008471488953,,,
14,6499,1.387062907218933,0.7175624966621399,,,
14,6549,1.2946572303771973,0.7826508283615112,,,
14,6599,1.2343742847442627,0.8502277731895447,,,
14,6649,0.9695385694503784,1.1305278539657593,,,
14,6699,1.150620937347412,0.924278974533081,,,
14,6749,0.9600042104721069,0.9237146377563477,,,
14,6799,1.114787220954895,1.100027322769165,,,
14,6849,1.3859493732452393,0.7364276051521301,,,
14,6899,1.0668796300888062,1.0555566549301147,,,
14,6899,,,0.67262471115944,1.2504889965057373,0.8141483068466187
15,6949,1.1336654424667358,1.0431548357009888,,,
15,6999,1.219931960105896,0.879454493522644,,,
15,7049,0.9900579452514648,1.0773509740829468,,,
15,7099,1.2071900367736816,0.9695209264755249,,,
15,7149,1.0934786796569824,1.0913379192352295,,,
15,7199,1.1359318494796753,0.9295758008956909,,,
15,7249,0.9670957922935486,1.0453555583953857,,,
15,7299,1.039489507675171,0.8451533317565918,,,
15,7349,1.146759271621704,1.1218798160552979,,,
15,7359,,,0.5813510941960038,1.3643983602523804,0.7930726408958435
16,7399,1.0672725439071655,1.114412784576416,,,
16,7449,1.2608957290649414,0.7897506356239319,,,
16,7499,0.9865977764129639,1.2461540699005127,,,
16,7549,0.6972161531448364,1.1846747398376465,,,
16,7599,0.9686293601989746,0.9139137268066406,,,
16,7649,1.0495942831039429,0.9854803681373596,,,
16,7699,0.867316722869873,0.9714618921279907,,,
16,7749,0.9415472745895386,1.0795118808746338,,,
16,7799,1.1664623022079468,0.8950999975204468,,,
16,7819,,,0.5566127497621313,1.3464546203613281,0.714824378490448
17,7849,1.2223405838012695,0.8360608816146851,,,
17,7899,1.1296190023422241,1.0217878818511963,,,
17,7949,0.9936909675598145,1.2822949886322021,,,
17,7999,1.0985403060913086,0.8960341215133667,,,
17,8049,0.9931458234786987,1.0417479276657104,,,
17,8099,1.0061060190200806,1.2040584087371826,,,
17,8149,0.9695607423782349,1.1582977771759033,,,
17,8199,1.0892863273620605,0.7628849148750305,,,
17,8249,0.8570677042007446,0.9843979477882385,,,
17,8279,,,0.5294957183634633,1.3837865591049194,0.6691705584526062
18,8299,1.0021848678588867,1.0853760242462158,,,
18,8349,1.3261802196502686,0.7183974981307983,,,
18,8399,1.092499017715454,0.9129432439804077,,,
18,8449,0.9116347432136536,1.1159865856170654,,,
18,8499,0.8760737776756287,1.1285312175750732,,,
18,8549,1.1679332256317139,1.000423550605774,,,
18,8599,1.0380938053131104,1.1030635833740234,,,
18,8649,1.1740374565124512,1.1849336624145508,,,
18,8699,1.23054838180542,1.0300040245056152,,,
18,8739,,,0.633478319967378,1.274306297302246,0.7554786801338196
19,8749,1.0290141105651855,1.0180943012237549,,,
19,8799,0.944990336894989,1.3263133764266968,,,
19,8849,1.1007858514785767,0.8887291550636292,,,
19,8899,1.0753451585769653,0.9518700838088989,,,
19,8949,0.9146366119384766,0.9250751733779907,,,
19,8999,0.7716808319091797,1.3050544261932373,,,
19,9049,0.8000383377075195,1.3700237274169922,,,
19,9099,1.057435393333435,1.1594107151031494,,,
19,9149,0.829137921333313,1.0390422344207764,,,
19,9199,1.0603832006454468,1.3515669107437134,,,
19,9199,,,0.7390240587195868,1.13688063621521,0.8624750971794128
20,9249,1.0392760038375854,1.1848653554916382,,,
20,9299,1.0590541362762451,0.7588449716567993,,,
20,9349,1.0322877168655396,0.8330689668655396,,,
20,9399,0.8480314016342163,1.3355116844177246,,,
20,9449,1.3126327991485596,0.7942714691162109,,,
20,9499,1.0464295148849487,0.8368721604347229,,,
20,9549,1.162628173828125,0.8276329040527344,,,
20,9599,1.34356689453125,0.7160597443580627,,,
20,9649,1.1023054122924805,1.1334121227264404,,,
20,9659,,,0.6227402473834444,1.3540966510772705,0.782489538192749
21,9699,1.1929481029510498,0.9450722932815552,,,
21,9749,1.1220717430114746,1.148158311843872,,,
21,9799,1.0406527519226074,0.8183263540267944,,,
21,9849,0.9053828716278076,1.1955209970474243,,,
21,9899,1.0036195516586304,1.2483713626861572,,,
21,9949,1.1264159679412842,0.8647169470787048,,,
21,9999,1.4734859466552734,0.8138948082923889,,,
21,10049,0.9749376177787781,1.3519384860992432,,,
21,10099,0.9305419325828552,1.186183214187622,,,
21,10119,,,0.5999728150061167,1.3102900981903076,0.6650509238243103
22,10149,1.1743059158325195,0.8306345343589783,,,
22,10199,0.8297911882400513,1.0937308073043823,,,
22,10249,0.9576340913772583,1.153456449508667,,,
22,10299,0.8500939011573792,1.1287518739700317,,,
22,10349,1.1275558471679688,1.0615217685699463,,,
22,10399,1.101090669631958,0.8213756084442139,,,
22,10449,0.9698348045349121,0.8762552738189697,,,
22,10499,0.8448963165283203,1.2235218286514282,,,
22,10549,1.007016897201538,0.7542927265167236,,,
22,10579,,,0.6473426668479,1.2763278484344482,0.8364455103874207
23,10599,0.9547655582427979,1.2010564804077148,,,
23,10649,0.9434628486633301,1.4279968738555908,,,
23,10699,0.835639476776123,1.3534239530563354,,,
23,10749,0.9039949178695679,1.0188493728637695,,,
23,10799,1.0909634828567505,1.1818205118179321,,,
23,10849,0.8612672686576843,1.4518028497695923,,,
23,10899,1.0742114782333374,0.9137289524078369,,,
23,10949,0.8999769687652588,1.200304388999939,,,
23,10999,1.1204757690429688,0.8646674156188965,,,
23,11039,,,0.5862443930950115,1.3476309776306152,0.7482926249504089
24,11049,1.0277786254882812,1.0692546367645264,,,
24,11099,1.005668044090271,0.745112419128418,,,
24,11149,1.1185832023620605,1.1083532571792603,,,
24,11199,1.0953474044799805,0.7434806227684021,,,
24,11249,1.3262603282928467,1.3051860332489014,,,
24,11299,0.8964505791664124,0.98481285572052,,,
24,11349,1.1293452978134155,0.9350451231002808,,,
24,11399,1.1928646564483643,1.0700738430023193,,,
24,11449,1.1773157119750977,0.8971759080886841,,,
24,11499,1.2146031856536865,0.86525958776474,,,
24,11499,,,0.6565176022835395,1.2487502098083496,0.837481677532196
25,11549,1.095465898513794,1.0182602405548096,,,
25,11599,0.8422285318374634,1.5004547834396362,,,
25,11649,1.433395504951477,1.022722840309143,,,
25,11699,1.0322473049163818,0.9150021076202393,,,
25,11749,1.165555715560913,0.9417448043823242,,,
25,11799,0.9793652296066284,0.9776226282119751,,,
25,11849,1.0886175632476807,0.9368065595626831,,,
25,11899,1.043637990951538,1.041485071182251,,,
25,11949,0.8016687035560608,1.0798304080963135,,,
25,11959,,,0.6786054098137828,1.2248477935791016,0.8451958894729614
26,11999,0.9912034273147583,1.299078345298767,,,
26,12049,1.1777241230010986,1.310707449913025,,,
26,12099,0.9174619913101196,1.260071039199829,,,
26,12149,0.9385148286819458,1.0799219608306885,,,
26,12199,0.8662886619567871,0.7858726978302002,,,
26,12249,0.9988105297088623,1.345231294631958,,,
26,12299,1.101102590560913,0.8326594829559326,,,
26,12349,1.2057535648345947,0.991093099117279,,,
26,12399,0.859298050403595,1.0554389953613281,,,
26,12419,,,0.5072040233790948,1.4041692018508911,0.5790901184082031
27,12449,0.9701956510543823,1.1762380599975586,,,
27,12499,0.8866819143295288,0.83286452293396,,,
27,12549,1.0923051834106445,1.1228342056274414,,,
27,12599,0.946035623550415,0.9501484632492065,,,
27,12649,1.1624553203582764,0.8436356782913208,,,
27,12699,1.2257540225982666,1.3754119873046875,,,
27,12749,1.0964820384979248,1.262794017791748,,,
27,12799,1.2464210987091064,1.1889758110046387,,,
27,12849,0.7518844604492188,1.10493803024292,,,
27,12879,,,0.6578768519777083,1.254176378250122,0.8175848126411438
28,12899,0.9194762706756592,0.953857958316803,,,
28,12949,0.9179567098617554,0.9558386206626892,,,
28,12999,1.2297134399414062,0.6820496320724487,,,
28,13049,0.784488320350647,1.4061884880065918,,,
28,13099,0.7864710688591003,1.3240485191345215,,,
28,13149,0.8644734621047974,1.0548856258392334,,,
28,13199,0.9268182516098022,1.0871902704238892,,,
28,13249,1.4149327278137207,0.7264697551727295,,,
28,13299,0.8855193853378296,1.0468533039093018,,,
28,13339,,,0.5352725295636809,1.3940370082855225,0.6112059950828552
29,13349,0.9021694660186768,0.909996747970581,,,
29,13399,1.1540634632110596,0.8265833854675293,,,
29,13449,0.7690955400466919,1.0718954801559448,,,
29,13499,0.8891611695289612,0.9214433431625366,,,
29,13549,0.9355236887931824,1.1039842367172241,,,
29,13599,0.8077971935272217,1.3086192607879639,,,
29,13649,0.9278279542922974,0.8329856991767883,,,
29,13699,0.7839466333389282,1.0393540859222412,,,
29,13749,0.7999758124351501,1.3487131595611572,,,
29,13799,1.0692099332809448,1.0793343782424927,,,
29,13799,,,0.7030039418241131,1.174025535583496,0.9176714420318604
30,13849,0.9553889036178589,1.0673924684524536,,,
30,13899,0.89939945936203,1.0307282209396362,,,
30,13949,0.9799792766571045,0.99538254737854,,,
30,13999,1.0377120971679688,0.9429182410240173,,,
30,14049,1.208249568939209,1.041960597038269,,,
30,14099,1.3480863571166992,0.7999411225318909,,,
30,14149,0.8580253720283508,1.1908732652664185,,,
30,14199,0.9951775670051575,1.120950698852539,,,
30,14249,0.8046251535415649,1.4396326541900635,,,
30,14259,,,0.5171265461465271,1.3857982158660889,0.5658101439476013
31,14299,0.826157808303833,0.7415785193443298,,,
31,14349,0.8249983787536621,1.236828327178955,,,
31,14399,1.03310227394104,1.2492780685424805,,,
31,14449,0.7728626728057861,1.350451111793518,,,
31,14499,0.976931095123291,1.3658151626586914,,,
31,14549,1.2898445129394531,1.183941125869751,,,
31,14599,1.046980381011963,1.0536894798278809,,,
31,14649,1.26973557472229,1.1509144306182861,,,
31,14699,0.9383804798126221,0.9719715118408203,,,
31,14719,,,0.7097322278102487,1.1753610372543335,0.8229210376739502
32,14749,1.2571098804473877,0.8359703421592712,,,
32,14799,1.04556405544281,1.1576955318450928,,,
32,14849,0.7944824695587158,1.1888737678527832,,,
32,14899,1.240251898765564,0.8041355013847351,,,
32,14949,0.8490244150161743,1.3062782287597656,,,
32,14999,0.951487123966217,1.4734723567962646,,,
32,15049,0.7272486686706543,1.2100921869277954,,,
32,15099,0.9869719743728638,1.017005205154419,,,
32,15149,0.8570705652236938,1.106675624847412,,,
32,15179,,,0.6435367677042273,1.2966759204864502,0.7295544147491455
33,15199,1.013479232788086,1.1202540397644043,,,
33,15249,1.120084524154663,0.7604355216026306,,,
33,15299,1.0323364734649658,1.1174430847167969,,,
33,15349,0.9010979533195496,0.9822800755500793,,,
33,15399,1.0672872066497803,1.0404740571975708,,,
33,15449,1.0531361103057861,1.327080249786377,,,
33,15499,0.8196126222610474,1.2145781517028809,,,
33,15549,0.9096798896789551,0.8664064407348633,,,
33,15599,1.0175927877426147,0.9773560762405396,,,
33,15639,,,0.7223732499660187,1.0974797010421753,1.008091688156128
34,15649,1.1511352062225342,1.1119379997253418,,,
34,15699,0.9544135928153992,0.9832963943481445,,,
34,15749,1.0123512744903564,1.2515617609024048,,,
34,15799,1.345510721206665,0.7844727635383606,,,
34,15849,0.805378794670105,1.0198626518249512,,,
34,15899,0.8849014043807983,1.0613343715667725,,,
34,15949,1.0991612672805786,0.7426235675811768,,,
34,15999,1.0680969953536987,1.049299955368042,,,
34,16049,1.0797234773635864,1.0644692182540894,,,
34,16099,1.1779427528381348,0.8457574844360352,,,
34,16099,,,0.5652439853201033,1.2968246936798096,0.6180930733680725
35,16149,0.6338678598403931,1.4689791202545166,,,
35,16199,0.9297264814376831,1.182809829711914,,,
35,16249,0.8116934299468994,1.2410916090011597,,,
35,16299,0.9137594699859619,1.0439789295196533,,,
35,16349,1.0467559099197388,1.011752724647522,,,
35,16399,0.749722957611084,1.4084033966064453,,,
35,16449,0.8599628210067749,1.3593698740005493,,,
35,16499,1.3794749975204468,1.251113772392273,,,
35,16549,0.8477551341056824,0.9496041536331177,,,
35,16559,,,0.6228761723528612,1.272682785987854,0.7060586810112
36,16599,0.9987343549728394,0.8269895911216736,,,
36,16649,0.8994114995002747,0.8654987812042236,,,
36,16699,0.8651098608970642,0.8976351618766785,,,
36,16749,0.9190106987953186,1.0973670482635498,,,
36,16799,0.8334255218505859,1.1447899341583252,,,
36,16849,0.811713457107544,1.0445343255996704,,,
36,16899,0.9371556043624878,1.0154225826263428,,,
36,16949,1.193535566329956,0.7948627471923828,,,
36,16999,0.832883358001709,1.1769859790802002,,,
36,17019,,,0.659372026641294,1.2409803867340088,0.801294207572937
37,17049,1.1308670043945312,0.955758810043335,,,
37,17099,0.6960303783416748,1.3798060417175293,,,
37,17149,0.8364445567131042,1.0016169548034668,,,
37,17199,0.7426631450653076,1.2472717761993408,,,
37,17249,0.8560867309570312,1.3275387287139893,,,
37,17299,1.0519165992736816,1.0538380146026611,,,
37,17349,0.8745279312133789,1.408608317375183,,,
37,17399,0.9293056726455688,1.4520515203475952,,,
37,17449,1.134576439857483,1.1638972759246826,,,
37,17479,,,0.6332744325132527,1.2822132110595703,0.7958437204360962
38,17499,0.9155421257019043,0.9090787172317505,,,
38,17549,1.0478867292404175,0.9503442049026489,,,
38,17599,1.0600147247314453,1.0157828330993652,,,
38,17649,0.9551686644554138,1.2149487733840942,,,
38,17699,0.6533061861991882,1.1123731136322021,,,
38,17749,0.9979975819587708,1.1529779434204102,,,
38,17799,1.0141091346740723,1.1178257465362549,,,
38,17849,0.7789226770401001,0.9731543064117432,,,
38,17899,0.9104698300361633,1.035688877105713,,,
38,17939,,,0.7072855783607449,1.1261078119277954,0.9368610382080078
39,17949,1.1731901168823242,1.1706383228302002,,,
39,17999,0.6890032291412354,1.363074541091919,,,
39,18049,0.9139251708984375,0.9760655164718628,,,
39,18099,1.1739187240600586,0.8411495089530945,,,
39,18149,0.94804847240448,0.9598345756530762,,,
39,18199,1.0431729555130005,0.7891325950622559,,,
39,18249,0.9514736533164978,0.7858890891075134,,,
39,18299,1.0549447536468506,1.0068886280059814,,,
39,18349,1.1953102350234985,0.9596389532089233,,,
39,18399,1.1911016702651978,1.0002294778823853,,,
39,18399,,,0.5093788228897649,1.42399001121521,0.6939876675605774
40,18449,0.9821990728378296,1.1420899629592896,,,
40,18499,0.8762474656105042,1.3514206409454346,,,
40,18549,1.0210704803466797,1.258583664894104,,,
40,18599,0.8324807286262512,0.8454769849777222,,,
40,18649,0.7606680393218994,1.3107408285140991,,,
40,18699,0.8508174419403076,1.152269721031189,,,
40,18749,1.1001887321472168,1.6065077781677246,,,
40,18799,0.7814401388168335,0.83203125,,,
40,18849,1.214656949043274,1.1928212642669678,,,
40,18859,,,0.540233790947397,1.3625518083572388,0.7722766995429993
41,18899,0.879857063293457,0.9864422678947449,,,
41,18949,0.8530557155609131,1.1245672702789307,,,
41,18999,0.7345819473266602,1.3399583101272583,,,
41,19049,0.6998515129089355,1.3303062915802002,,,
41,19099,1.0955290794372559,1.4470481872558594,,,
41,19149,1.2056710720062256,1.0582579374313354,,,
41,19199,0.9294837713241577,1.2503299713134766,,,
41,19249,0.8386366367340088,0.8108651638031006,,,
41,19299,1.1974222660064697,1.2529913187026978,,,
41,19319,,,0.5962348783471524,1.2650309801101685,0.6347295045852661
42,19349,1.082524299621582,0.9904621839523315,,,
42,19399,0.9650498628616333,0.9127744436264038,,,
42,19449,0.7491680383682251,1.2054494619369507,,,
42,19499,1.010137677192688,1.3608849048614502,,,
42,19549,0.8130031824111938,1.0294387340545654,,,
42,19599,0.966346263885498,1.043273687362671,,,
42,19649,1.123535394668579,0.8839415311813354,,,
42,19699,0.8125663995742798,1.1840496063232422,,,
42,19749,0.9213342666625977,0.9388128519058228,,,
42,19779,,,0.44780481174391734,1.3521389961242676,0.763342022895813
43,19799,0.7776301503181458,1.086962103843689,,,
43,19849,0.7432624697685242,1.2932878732681274,,,
43,19899,1.0035351514816284,0.939518928527832,,,
43,19949,1.1822856664657593,1.0131033658981323,,,
43,19999,0.936782956123352,1.0731232166290283,,,
43,20049,0.9938434362411499,1.2773268222808838,,,
43,20099,0.9092819690704346,1.3503954410552979,,,
43,20149,0.8891164064407349,0.8165479898452759,,,
43,20199,0.8304469585418701,1.2595287561416626,,,
43,20239,,,0.4830773413075982,1.4301270246505737,0.6335938572883606
44,20249,0.7894565463066101,1.0554280281066895,,,
44,20299,1.2122011184692383,1.1786631345748901,,,
44,20349,0.7644964456558228,1.233629584312439,,,
44,20399,1.1387248039245605,0.7418384552001953,,,
44,20449,0.9506081342697144,1.460575819015503,,,
44,20499,0.8986304998397827,1.2336382865905762,,,
44,20549,0.8040256500244141,1.0016968250274658,,,
44,20599,1.0107026100158691,0.7395517826080322,,,
44,20649,0.7069891691207886,1.0137770175933838,,,
44,20699,1.0940653085708618,1.3487160205841064,,,
44,20699,,,0.6538670653799102,1.2571357488632202,0.8587132096290588
45,20749,1.3292443752288818,0.8382306694984436,,,
45,20799,0.7179508209228516,1.3160130977630615,,,
45,20849,0.924574613571167,0.8751199245452881,,,
45,20899,0.6900770664215088,1.2014087438583374,,,
45,20949,1.0458555221557617,1.1377861499786377,,,
45,20999,1.2097853422164917,1.0912959575653076,,,
45,21049,0.7251594066619873,1.3164889812469482,,,
45,21099,0.8026849031448364,1.2308536767959595,,,
45,21149,1.0691108703613281,0.7700903415679932,,,
45,21159,,,0.5285442435775451,1.280575156211853,0.761069655418396
46,21199,1.0650979280471802,0.9507542252540588,,,
46,21249,1.3311806917190552,0.6728643178939819,,,
46,21299,1.072418212890625,1.063590168952942,,,
46,21349,0.8416341543197632,1.0688472986221313,,,
46,21399,0.9998159408569336,0.8983281850814819,,,
46,21449,0.9461906552314758,0.8646832704544067,,,
46,21499,0.9781860709190369,1.166900396347046,,,
46,21549,0.7750802636146545,1.260348916053772,,,
46,21599,0.999035120010376,0.8932455778121948,,,
46,21619,,,0.6439445426124779,1.2418280839920044,0.767317533493042
47,21649,1.0760208368301392,1.0032548904418945,,,
47,21699,0.7588570713996887,1.129575252532959,,,
47,21749,0.8469845056533813,0.8611481189727783,,,
47,21799,0.8072929382324219,1.4664005041122437,,,
47,21849,1.0308784246444702,0.7303553223609924,,,
47,21899,1.000321626663208,0.925769567489624,,,
47,21949,0.8236119747161865,1.0893975496292114,,,
47,21999,0.585200309753418,1.0334903001785278,,,
47,22049,0.9282915592193604,1.6059105396270752,,,
47,22079,,,0.5226994698926193,1.3806124925613403,0.5605176091194153
48,22099,1.2177929878234863,0.8606574535369873,,,
48,22149,1.2108169794082642,1.235473871231079,,,
48,22199,0.9438711404800415,0.9250959157943726,,,
48,22249,0.9621727466583252,1.441976547241211,,,
48,22299,0.8068560361862183,1.1686286926269531,,,
48,22349,1.5948938131332397,0.8089271783828735,,,
48,22399,0.8797585368156433,1.3011271953582764,,,
48,22449,0.8650457859039307,1.233933925628662,,,
48,22499,1.060652732849121,0.8450454473495483,,,
48,22539,,,0.5353404920483893,1.3544875383377075,0.5876758694648743
49,22549,1.2292041778564453,1.4719635248184204,,,
49,22599,0.9890260696411133,0.9759306311607361,,,
49,22649,0.9998646378517151,1.2566168308258057,,,
49,22699,1.295167088508606,0.8794820308685303,,,
49,22749,0.9194937348365784,0.9666936993598938,,,
49,22799,1.2467762231826782,0.7894667387008667,,,
49,22849,0.7147674560546875,1.1750352382659912,,,
49,22899,1.2309906482696533,0.8747209310531616,,,
49,22949,1.0758726596832275,1.0739866495132446,,,
49,22999,1.367655634880066,1.1485058069229126,,,
49,22999,,,0.658760364278918,1.248734712600708,0.8284270763397217
50,23049,0.8822648525238037,0.9374340772628784,,,
50,23099,1.0145392417907715,1.2140965461730957,,,
50,23149,0.853637158870697,1.0761806964874268,,,
50,23199,1.1149046421051025,0.7687908411026001,,,
50,23249,0.9167056083679199,1.037787914276123,,,
50,23299,0.7443784475326538,1.6920205354690552,,,
50,23349,0.8241443634033203,1.4780614376068115,,,
50,23399,0.8921301364898682,0.9824924468994141,,,
50,23449,0.9794509410858154,0.7241771221160889,,,
50,23459,,,0.5770014951746636,1.3153327703475952,0.5673297643661499
51,23499,1.1186158657073975,0.8500585556030273,,,
51,23549,1.0115046501159668,1.5765652656555176,,,
51,23599,0.9434477090835571,1.076720952987671,,,
51,23649,0.9132289290428162,0.8490626215934753,,,
51,23699,1.1138981580734253,0.848725438117981,,,
51,23749,1.042358636856079,0.9031873941421509,,,
51,23799,0.974029541015625,0.9765137434005737,,,
51,23849,0.9233304262161255,0.9202395677566528,,,
51,23899,1.0981743335723877,0.8964223861694336,,,
51,23919,,,0.6883920076117983,1.2203253507614136,0.837932825088501
52,23949,1.160515308380127,1.043068766593933,,,
52,23999,0.9754801988601685,1.6962031126022339,,,
52,24049,1.0150744915008545,1.556100845336914,,,
52,24099,0.8999581933021545,1.241845965385437,,,
52,24149,0.8237094879150391,1.2711081504821777,,,
52,24199,0.6637879610061646,1.255441427230835,,,
52,24249,0.8926295042037964,0.8680310845375061,,,
52,24299,1.0111594200134277,1.1860499382019043,,,
52,24349,0.9319589734077454,1.0721030235290527,,,
52,24379,,,0.4974853880657877,1.3782154321670532,0.5616574287414551
53,24399,1.0372064113616943,1.1777063608169556,,,
53,24449,0.8939551115036011,0.847645103931427,,,
53,24499,0.7456452250480652,1.3001656532287598,,,
53,24549,0.8128948211669922,1.331014633178711,,,
53,24599,0.7925044298171997,1.4274771213531494,,,
53,24649,0.7061633467674255,1.5845152139663696,,,
53,24699,0.8575498461723328,0.8491824865341187,,,
53,24749,0.6920090913772583,1.6697638034820557,,,
53,24799,0.9986483454704285,0.8134936690330505,,,
53,24839,,,0.5666032350142721,1.3172773122787476,0.7030616998672485
54,24849,0.76783287525177,1.0717005729675293,,,
54,24899,0.7340364456176758,1.518984079360962,,,
54,24949,0.7073206901550293,1.1414999961853027,,,
54,24999,0.8942608833312988,1.2212190628051758,,,
54,25049,0.997937798500061,1.1109894514083862,,,
54,25099,1.1788235902786255,0.7528296709060669,,,
54,25149,1.063388466835022,1.154134750366211,,,
54,25199,0.8858709335327148,1.2103582620620728,,,
54,25249,0.8380359411239624,1.2939685583114624,,,
54,25299,1.0744574069976807,0.9314361214637756,,,
54,25299,,,0.5354084545330977,1.412896990776062,0.6116967797279358
55,25349,0.9053791165351868,1.0736033916473389,,,
55,25399,1.0625206232070923,1.3493967056274414,,,
55,25449,0.6658532619476318,1.036196231842041,,,
55,25499,0.9576707482337952,0.9972094297409058,,,
55,25549,0.9429746866226196,1.1516847610473633,,,
55,25599,0.8025463223457336,1.14898681640625,,,
55,25649,1.2664005756378174,0.8120354413986206,,,
55,25699,0.8202457427978516,1.2293943166732788,,,
55,25749,0.7737540006637573,1.283555030822754,,,
55,25759,,,0.6718771238276472,1.195992350578308,0.8770133256912231
56,25799,0.750199556350708,1.1540082693099976,,,
56,25849,0.6737943887710571,1.2293208837509155,,,
56,25899,0.8780498504638672,1.1276354789733887,,,
56,25949,0.7887146472930908,0.8629645705223083,,,
56,25999,0.9240607619285583,1.2030327320098877,,,
56,26049,1.0953936576843262,1.056931972503662,,,
56,26099,0.8125148415565491,1.1097791194915771,,,
56,26149,0.8682211637496948,1.0139927864074707,,,
56,26199,1.1440973281860352,1.0258934497833252,,,
56,26219,,,0.5986135653119478,1.2759413719177246,0.8114874362945557
57,26249,1.1607184410095215,0.6443052291870117,,,
57,26299,0.6070019602775574,1.5422943830490112,,,
57,26349,0.8618609309196472,1.122130274772644,,,
57,26399,0.9810652136802673,0.621112048625946,,,
57,26449,1.194869875907898,0.8687331676483154,,,
57,26499,0.8115116357803345,0.9847173094749451,,,
57,26549,0.9593639373779297,1.9137258529663086,,,
57,26599,0.7475839853286743,0.9056758880615234,,,
57,26649,1.0212643146514893,1.3612022399902344,,,
57,26679,,,0.59895337773549,1.3024049997329712,0.799653172492981
58,26699,0.9298831820487976,0.6285173892974854,,,
58,26749,0.8306303024291992,1.3219289779663086,,,
58,26799,0.877153217792511,1.1443326473236084,,,
58,26849,0.920833170413971,1.012796401977539,,,
58,26899,1.0992727279663086,1.048169493675232,,,
58,26949,0.800182580947876,0.946631908416748,,,
58,26999,0.8396052718162537,1.0189310312271118,,,
58,27049,0.8612196445465088,1.3412606716156006,,,
58,27099,0.9142197370529175,1.008568286895752,,,
58,27139,,,0.6698382492863939,1.205969214439392,0.8099130392074585
59,27149,0.876776397228241,1.0893574953079224,,,
59,27199,0.7243479490280151,1.2289726734161377,,,
59,27249,1.0351014137268066,0.9844359755516052,,,
59,27299,0.9081315398216248,1.384648323059082,,,
59,27349,0.7805967926979065,1.343013882637024,,,
59,27399,0.8764716982841492,0.8291102647781372,,,
59,27449,0.8625026941299438,1.0797853469848633,,,
59,27499,0.961127519607544,1.1972525119781494,,,
59,27549,0.888543426990509,1.1301372051239014,,,
59,27599,0.9722530841827393,0.9814853668212891,,,
59,27599,,,0.5426124779121925,1.3118202686309814,0.5864673256874084
60,27649,0.5787531137466431,1.2688839435577393,,,
60,27699,0.8273334503173828,1.4530352354049683,,,
60,27749,0.8878320455551147,0.6632993221282959,,,
60,27799,0.8550770282745361,0.8389279246330261,,,
60,27849,0.7868255376815796,0.9380847215652466,,,
60,27899,0.7413243055343628,0.9338821172714233,,,
60,27949,0.8899498581886292,1.5242269039154053,,,
60,27999,0.8949394226074219,0.9470546245574951,,,
60,28049,0.825965404510498,1.0710773468017578,,,
60,28059,,,0.6618866385755063,1.2607636451721191,0.8085758090019226
61,28099,1.148468017578125,0.8885005712509155,,,
61,28149,0.6280665397644043,1.3154373168945312,,,
61,28199,0.6472377777099609,1.0016953945159912,,,
61,28249,0.8496977090835571,1.3962604999542236,,,
61,28299,1.0157454013824463,1.5062255859375,,,
61,28349,1.0756638050079346,1.0218510627746582,,,
61,28399,1.014857530593872,1.062809944152832,,,
61,28449,0.6698721647262573,1.2648788690567017,,,
61,28499,1.186816930770874,0.9571818113327026,,,
61,28519,,,0.6542068778034525,1.2927942276000977,0.7733111381530762
62,28549,1.0069060325622559,1.1775542497634888,,,
62,28599,0.9022347927093506,1.351151704788208,,,
62,28649,0.6665893793106079,1.0662323236465454,,,
62,28699,0.9677194356918335,0.8782956004142761,,,
62,28749,0.9522339105606079,1.0706508159637451,,,
62,28799,0.7128071784973145,1.6539231538772583,,,
62,28849,0.8059000968933105,1.1043833494186401,,,
62,28899,0.5976528525352478,1.1883573532104492,,,
62,28949,1.2516154050827026,0.6878736019134521,,,
62,28979,,,0.5389425037379366,1.353062629699707,0.6401255130767822
63,28999,0.9174944162368774,0.8672049045562744,,,
63,29049,0.8220913410186768,1.0311222076416016,,,
63,29099,0.8569040298461914,0.7992295622825623,,,
63,29149,0.7180444598197937,1.062564730644226,,,
63,29199,0.7800374627113342,1.463563323020935,,,
63,29249,0.8687814474105835,1.4140676259994507,,,
63,29299,0.644963264465332,1.4117029905319214,,,
63,29349,0.7098802328109741,1.0232458114624023,,,
63,29399,0.814335823059082,1.4587780237197876,,,
63,29439,,,0.6250509718635313,1.275238275527954,0.6594584584236145
64,29449,0.8428061008453369,1.3365037441253662,,,
64,29499,0.9613710045814514,1.1209239959716797,,,
64,29549,1.1894789934158325,0.9374430179595947,,,
64,29599,0.9614507555961609,0.9155014753341675,,,
64,29649,0.7773101925849915,0.8814564943313599,,,
64,29699,0.6793062686920166,2.4234602451324463,,,
64,29749,0.9356688261032104,1.057862401008606,,,
64,29799,0.5974616408348083,1.0974946022033691,,,
64,29849,0.8844208121299744,1.123839020729065,,,
64,29899,1.1101415157318115,1.240513563156128,,,
64,29899,,,0.536835666711975,1.3527456521987915,0.6648374199867249
65,29949,1.424365758895874,0.8230980038642883,,,
65,29999,0.8148204684257507,1.3982458114624023,,,
65,30049,0.9782775640487671,0.9146766662597656,,,
65,30099,0.8749844431877136,1.1778329610824585,,,
65,30149,1.109706997871399,1.1558668613433838,,,
65,30199,1.0929611921310425,0.8000168800354004,,,
65,30249,0.8105006814002991,1.2075146436691284,,,
65,30299,0.723312497138977,1.0614968538284302,,,
65,30349,0.8768954277038574,1.4954111576080322,,,
65,30359,,,0.6708576865570205,1.2171247005462646,0.7034175992012024
66,30399,0.8340243101119995,0.8910350799560547,,,
66,30449,0.9459347724914551,1.3625761270523071,,,
66,30499,0.8156660795211792,1.0646836757659912,,,
66,30549,1.045184850692749,1.3181204795837402,,,
66,30599,1.0439467430114746,1.1115256547927856,,,
66,30649,1.161971092224121,1.019455075263977,,,
66,30699,0.9382985234260559,0.9765275120735168,,,
66,30749,0.7699293494224548,0.7774021625518799,,,
66,30799,0.8079792261123657,1.567488670349121,,,
66,30819,,,0.6557700149517466,1.273837685585022,0.8739604949951172
67,30849,0.8835902214050293,1.1567339897155762,,,
67,30899,0.8530028462409973,1.337038516998291,,,
67,30949,0.7462611198425293,0.992321789264679,,,
67,30999,1.0271656513214111,1.1761099100112915,,,
67,31049,0.7936807870864868,1.4198691844940186,,,
67,31099,0.8057519197463989,1.3770833015441895,,,
67,31149,0.8809443116188049,1.1325942277908325,,,
67,31199,0.7745728492736816,0.9790686964988708,,,
67,31249,0.7761373519897461,0.9341545701026917,,,
67,31279,,,0.6597798015495446,1.2131705284118652,0.7812910079956055
68,31299,0.8576802015304565,2.012838363647461,,,
68,31349,0.89601731300354,1.1315293312072754,,,
68,31399,0.7940070629119873,1.3137660026550293,,,
68,31449,0.771665096282959,1.5306940078735352,,,
68,31499,0.6871863603591919,1.4290440082550049,,,
68,31549,0.8665342926979065,1.0285935401916504,,,
68,31599,1.140310525894165,0.9289721250534058,,,
68,31649,0.9116247892379761,1.2251386642456055,,,
68,31699,0.5501720905303955,0.959542453289032,,,
68,31739,,,0.7013048797064021,1.165485143661499,0.8242857456207275
69,31749,0.9190387725830078,0.8118683099746704,,,
69,31799,0.8577808141708374,0.8305443525314331,,,
69,31849,0.928261399269104,1.32907235622406,,,
69,31899,1.1032984256744385,1.3023934364318848,,,
69,31949,1.0863842964172363,1.4499425888061523,,,
69,31999,0.9425545930862427,0.9748347401618958,,,
69,32049,0.8838672637939453,1.3497645854949951,,,
69,32099,0.989536702632904,1.395270824432373,,,
69,32149,0.7050827741622925,1.2110530138015747,,,
69,32199,0.8462709188461304,1.1562211513519287,,,
69,32199,,,0.5100584477368493,1.4191035032272339,0.674582839012146
70,32249,0.720409631729126,0.8336204290390015,,,
70,32299,0.6890481114387512,0.7702117562294006,,,
70,32349,0.6920962929725647,1.0291478633880615,,,
70,32399,0.7841657400131226,1.5050913095474243,,,
70,32449,0.7500110864639282,1.760697603225708,,,
70,32499,0.8910778164863586,1.1027846336364746,,,
70,32549,0.7566264867782593,1.2971320152282715,,,
70,32599,0.8572652339935303,1.4711482524871826,,,
70,32649,0.7732122540473938,0.9649577140808105,,,
70,32659,,,0.55056408862308,1.3693486452102661,0.6198148131370544
71,32699,0.7031741142272949,1.5038288831710815,,,
71,32749,0.7562767267227173,0.8644477725028992,,,
71,32799,0.8510038256645203,1.0568956136703491,,,
71,32849,0.6777157783508301,1.438232421875,,,
71,32899,0.8333180546760559,1.4350030422210693,,,
71,32949,0.7308013439178467,0.8801634311676025,,,
71,32999,0.9308266639709473,1.1023280620574951,,,
71,33049,1.0299243927001953,0.6909224987030029,,,
71,33099,0.849652886390686,1.2201423645019531,,,
71,33119,,,0.5705450591273616,1.3179152011871338,0.6374625563621521
72,33149,1.1895755529403687,0.775568425655365,,,
72,33199,0.610664963722229,1.160224199295044,,,
72,33249,0.816002607345581,1.3661270141601562,,,
72,33299,1.13645339012146,1.0214310884475708,,,
72,33349,1.0056662559509277,1.1495354175567627,,,
72,33399,0.8833610415458679,1.8010716438293457,,,
72,33449,0.9894211292266846,0.8351616859436035,,,
72,33499,0.7588403224945068,1.1559321880340576,,,
72,33549,0.6887216567993164,1.4701412916183472,,,
72,33579,,,0.6060214761451679,1.2935668230056763,0.6531413197517395
73,33599,0.6924940347671509,1.2387092113494873,,,
73,33649,0.840007483959198,1.3036177158355713,,,
73,33699,0.8069693446159363,0.9862475395202637,,,
73,33749,0.5945501327514648,1.4447720050811768,,,
73,33799,0.6840498447418213,0.7065747976303101,,,
73,33849,1.0701186656951904,1.1833748817443848,,,
73,33899,0.7535915374755859,1.2566914558410645,,,
73,33949,0.9710361361503601,1.0765748023986816,,,
73,33999,0.935625433921814,1.1566355228424072,,,
73,34039,,,0.5436319151828191,1.351328730583191,0.5331260561943054
74,34049,0.9827101230621338,1.0696911811828613,,,
74,34099,0.8702090382575989,1.0944634675979614,,,
74,34149,0.781791090965271,0.9469736814498901,,,
74,34199,1.0567445755004883,1.3774006366729736,,,
74,34249,0.8691145777702332,0.9676361083984375,,,
74,34299,1.2039945125579834,1.48956298828125,,,
74,34349,1.6179500818252563,1.5886218547821045,,,
74,34399,0.6136091947555542,1.0292792320251465,,,
74,34449,1.121174931526184,1.6130995750427246,,,
74,34499,0.7886132597923279,1.2114676237106323,,,
74,34499,,,0.5805355443795025,1.2375726699829102,0.6460756063461304
75,34549,1.238540530204773,0.6191110014915466,,,
75,34599,1.0122976303100586,1.2903690338134766,,,
75,34649,0.9120295643806458,1.0452766418457031,,,
75,34699,0.8995869159698486,2.0898690223693848,,,
75,34749,0.5203295350074768,1.8481817245483398,,,
75,34799,0.6421822309494019,1.7804248332977295,,,
75,34849,0.7222638726234436,0.8466577529907227,,,
75,34899,1.2447559833526611,0.945759654045105,,,
75,34949,0.7881454229354858,1.2215721607208252,,,
75,34959,,,0.3117439173576186,1.4481836557388306,0.577177882194519
76,34999,1.1504833698272705,1.2250385284423828,,,
76,35049,0.8726909756660461,1.4935991764068604,,,
76,35099,0.9992648363113403,1.2200734615325928,,,
76,35149,0.9750478863716125,0.8689098358154297,,,
76,35199,0.8704530000686646,1.159521222114563,,,
76,35249,0.803939938545227,1.1434664726257324,,,
76,35299,0.8805497884750366,0.9029603600502014,,,
76,35349,0.6357191801071167,1.4510231018066406,,,
76,35399,1.0110949277877808,1.03054678440094,,,
76,35419,,,0.6899551447600925,1.21311354637146,0.8862043023109436
77,35449,1.0036201477050781,1.395509123802185,,,
77,35499,0.7000168561935425,0.9870166778564453,,,
77,35549,0.7526978254318237,1.311211347579956,,,
77,35599,0.7547925710678101,1.398810863494873,,,
77,35649,0.8016812801361084,1.5346773862838745,,,
77,35699,0.8502298593521118,1.1394665241241455,,,
77,35749,1.0662622451782227,1.0376514196395874,,,
77,35799,1.0315001010894775,1.0054223537445068,,,
77,35849,0.8733501434326172,0.9010136127471924,,,
77,35879,,,0.6251189343482397,1.2656720876693726,0.7349848747253418
78,35899,0.8480823040008545,1.2262489795684814,,,
78,35949,0.528153657913208,1.509895920753479,,,
78,35999,0.9238791465759277,1.6369848251342773,,,
78,36049,0.8843328952789307,1.1074249744415283,,,
78,36099,0.6280356049537659,0.980675458908081,,,
78,36149,0.7651952505111694,1.1645300388336182,,,
78,36199,0.7613629102706909,1.4212939739227295,,,
78,36249,0.7435750365257263,1.5777029991149902,,,
78,36299,0.7085786461830139,1.0919575691223145,,,
78,36339,,,0.6183906483621041,1.2387791872024536,0.6581863760948181
79,36349,1.2552458047866821,1.079288125038147,,,
79,36399,1.3626983165740967,1.0854506492614746,,,
79,36449,1.0041871070861816,1.371115803718567,,,
79,36499,0.7091392278671265,0.9914401769638062,,,
79,36549,0.9230427145957947,0.8615076541900635,,,
79,36599,0.952386736869812,0.9393600821495056,,,
79,36649,0.8699113130569458,0.5631774663925171,,,
79,36699,0.7085059285163879,1.3308215141296387,,,
79,36749,1.1636748313903809,1.0483182668685913,,,
79,36799,0.7193682789802551,1.4570151567459106,,,
79,36799,,,0.7783743373657741,1.2295972108840942,0.8457150459289551
80,36849,0.7496938705444336,1.2318284511566162,,,
80,36899,0.9877027273178101,1.1163763999938965,,,
80,36949,0.629544734954834,1.0000097751617432,,,
80,36999,0.840766191482544,1.404410481452942,,,
80,37049,0.8285129070281982,1.3361363410949707,,,
80,37099,1.0478737354278564,1.287722110748291,,,
80,37149,0.8627406358718872,0.8007737398147583,,,
80,37199,0.7066739201545715,1.3301949501037598,,,
80,37249,0.9137523174285889,1.4334220886230469,,,
80,37259,,,0.6160119613973087,1.2281125783920288,0.662419855594635
81,37299,0.8093618750572205,1.4161978960037231,,,
81,37349,0.7139544486999512,1.2528507709503174,,,
81,37399,1.0579519271850586,0.7078199982643127,,,
81,37449,0.9808902144432068,0.865347146987915,,,
81,37499,1.3272298574447632,0.8991485834121704,,,
81,37549,1.1422324180603027,1.268557071685791,,,
81,37599,0.8379891514778137,0.9910660982131958,,,
81,37649,0.8280234336853027,1.4667481184005737,,,
81,37699,0.9208347201347351,1.0512800216674805,,,
81,37719,,,0.6682751121380998,1.1317583322525024,0.7094619870185852
82,37749,1.269045352935791,0.6459829807281494,,,
82,37799,0.6408565044403076,1.593522548675537,,,
82,37849,0.828567385673523,1.0860199928283691,,,
82,37899,0.9639956951141357,1.4459693431854248,,,
82,37949,0.6740624308586121,1.415759563446045,,,
82,37999,0.7529287338256836,1.0007338523864746,,,
82,38049,1.1394426822662354,1.0894944667816162,,,
82,38099,0.8433578014373779,1.210261344909668,,,
82,38149,0.7104954719543457,1.5954484939575195,,,
82,38179,,,0.5390784287073536,1.3410990238189697,0.6137033700942993
83,38199,1.1187560558319092,0.8535366058349609,,,
83,38249,0.9823170900344849,1.2650701999664307,,,
83,38299,0.9631674289703369,0.9513201713562012,,,
83,38349,0.9140491485595703,0.8672020435333252,,,
83,38399,0.626009464263916,1.1763076782226562,,,
83,38449,0.6197705864906311,1.3209052085876465,,,
83,38499,0.8295994997024536,1.2621365785598755,,,
83,38549,1.0797829627990723,0.729439377784729,,,
83,38599,0.8444805145263672,0.847524106502533,,,
83,38639,,,0.6497213538126954,1.3078160285949707,0.669562041759491
84,38649,0.8976383209228516,0.9837168455123901,,,
84,38699,1.0836784839630127,1.0583481788635254,,,
84,38749,0.8214162588119507,0.9374085664749146,,,
84,38799,1.2663466930389404,1.325166940689087,,,
84,38849,1.0322073698043823,0.7851316332817078,,,
84,38899,1.0331932306289673,0.9976208806037903,,,
84,38949,0.865272045135498,1.2469098567962646,,,
84,38999,1.0658562183380127,1.1309727430343628,,,
84,39049,0.7528110146522522,0.9893857836723328,,,
84,39099,0.8746848106384277,1.4287223815917969,,,
84,39099,,,0.5847492184314258,1.340120553970337,0.7431718111038208
85,39149,0.6755089163780212,0.9829994440078735,,,
85,39199,0.638586163520813,1.4797556400299072,,,
85,39249,0.7856906652450562,0.811173677444458,,,
85,39299,0.9187719225883484,0.8854689002037048,,,
85,39349,0.7735481858253479,0.9125458002090454,,,
85,39399,0.7419237494468689,1.5887913703918457,,,
85,39449,1.183842658996582,1.3402931690216064,,,
85,39499,0.8065618276596069,0.9981738328933716,,,
85,39549,0.9154465198516846,0.910293459892273,,,
85,39559,,,0.47247519369308144,1.5109736919403076,0.5774482488632202
86,39599,0.8923871517181396,0.7583770155906677,,,
86,39649,0.9588179588317871,1.5667054653167725,,,
86,39699,0.6930479407310486,1.7409602403640747,,,
86,39749,0.6218453645706177,1.237648367881775,,,
86,39799,0.9431554079055786,0.6935572624206543,,,
86,39849,0.6303446888923645,0.764850378036499,,,
86,39899,0.5838239789009094,1.3930301666259766,,,
86,39949,0.7156400084495544,1.0604231357574463,,,
86,39999,0.9895457029342651,1.4701001644134521,,,
86,40019,,,0.622536359929319,1.2719178199768066,0.6760092377662659
87,40049,0.3819694221019745,1.6281872987747192,,,
87,40099,0.8812316060066223,1.155617594718933,,,
87,40149,0.9163264632225037,0.9377622008323669,,,
87,40199,0.6371759176254272,0.7593297958374023,,,
87,40249,0.8387524485588074,0.9744521379470825,,,
87,40299,1.0451626777648926,0.9457206726074219,,,
87,40349,0.8721033334732056,1.123957633972168,,,
87,40399,0.708499550819397,1.0737627744674683,,,
87,40449,0.9627165198326111,1.0042831897735596,,,
87,40479,,,0.5867201304879707,1.3113656044006348,0.5918161273002625
88,40499,0.6319298148155212,1.232786774635315,,,
88,40549,0.7927256226539612,1.1026768684387207,,,
88,40599,1.0155630111694336,1.693971872329712,,,
88,40649,0.8663398623466492,1.1202139854431152,,,
88,40699,0.7330648899078369,1.4236457347869873,,,
88,40749,1.4110400676727295,1.2274013757705688,,,
88,40799,0.7867646217346191,0.9211750030517578,,,
88,40849,0.6910316348075867,0.800349235534668,,,
88,40899,0.940269947052002,0.7136425971984863,,,
88,40939,,,0.6735761859453582,1.225886344909668,0.7205753922462463
89,40949,0.6849648356437683,1.4695689678192139,,,
89,40999,0.8726539611816406,1.1266001462936401,,,
89,41049,0.6633815765380859,1.2610703706741333,,,
89,41099,0.6004563570022583,1.505603313446045,,,
89,41149,0.6344572305679321,1.892590045928955,,,
89,41199,1.0958938598632812,0.5826503038406372,,,
89,41249,0.7063734531402588,1.4663805961608887,,,
89,41299,0.6693567037582397,0.9784917235374451,,,
89,41349,1.0105456113815308,1.3275820016860962,,,
89,41399,0.8448790907859802,1.2768700122833252,,,
89,41399,,,0.6204295229033574,1.2769982814788818,0.6512118577957153
90,41449,0.7206410765647888,0.9761379957199097,,,
90,41499,0.6737833023071289,1.4173498153686523,,,
90,41549,0.9986838102340698,1.0033496618270874,,,
90,41599,0.8072148561477661,1.0262539386749268,,,
90,41649,0.733989953994751,1.4074019193649292,,,
90,41699,1.1231324672698975,0.878568172454834,,,
90,41749,0.8401682376861572,0.9861932992935181,,,
90,41799,0.8882719278335571,0.9708884954452515,,,
90,41849,1.0861601829528809,0.717418909072876,,,
90,41859,,,0.6603914639119206,1.2249298095703125,0.8513312935829163
91,41899,0.7769609689712524,1.1176146268844604,,,
91,41949,0.9819459915161133,0.8344137668609619,,,
91,41999,0.9333693385124207,1.414245367050171,,,
91,42049,0.7539305090904236,0.824669599533081,,,
91,42099,0.9069133996963501,0.9670844674110413,,,
91,42149,0.7101054787635803,1.209641695022583,,,
91,42199,0.7415041327476501,1.1806458234786987,,,
91,42249,0.8548363447189331,1.0341792106628418,,,
91,42299,0.6690270900726318,1.3458843231201172,,,
91,42319,,,0.6913823569389697,1.1785717010498047,0.7939708232879639
92,42349,0.9295098781585693,1.0076712369918823,,,
92,42399,0.7361551523208618,1.1538724899291992,,,
92,42449,0.8419181108474731,1.1600974798202515,,,
92,42499,1.1028262376785278,0.6705459356307983,,,
92,42549,1.1612657308578491,0.7916237115859985,,,
92,42599,0.9535030126571655,1.0533758401870728,,,
92,42649,0.7589462995529175,1.2250616550445557,,,
92,42699,0.9305416345596313,1.39219331741333,,,
92,42749,1.108139991760254,0.9746052026748657,,,
92,42779,,,0.5685741470708169,1.3185452222824097,0.6251367926597595
93,42799,0.8530930280685425,1.1297917366027832,,,
93,42849,1.2138745784759521,1.1406360864639282,,,
93,42899,0.7967880964279175,0.9447522759437561,,,
93,42949,0.7548012733459473,1.8696684837341309,,,
93,42999,0.7215089201927185,1.5524327754974365,,,
93,43049,1.110365390777588,1.3333168029785156,,,
93,43099,0.6203963756561279,1.3606295585632324,,,
93,43149,0.7664121389389038,1.374993920326233,,,
93,43199,0.5776394009590149,1.2361855506896973,,,
93,43239,,,0.649041728965611,1.2459945678710938,0.7073283195495605
94,43249,0.8007166385650635,0.7796640396118164,,,
94,43299,0.7791256904602051,1.4565396308898926,,,
94,43349,0.5761560797691345,0.9862040877342224,,,
94,43399,0.6720199584960938,1.4173059463500977,,,
94,43449,0.7931972742080688,1.0303916931152344,,,
94,43499,1.1002278327941895,1.7414956092834473,,,
94,43549,0.8517683148384094,1.1137663125991821,,,
94,43599,0.7137342691421509,1.033693790435791,,,
94,43649,0.8589082956314087,1.2755552530288696,,,
94,43699,0.6814296245574951,0.8786817789077759,,,
94,43699,,,0.4883784151148566,1.401361346244812,0.5002575516700745
95,43749,0.577703595161438,1.341975450515747,,,
95,43799,0.6542127132415771,0.9515932202339172,,,
95,43849,0.8703248500823975,0.9334098100662231,,,
95,43899,0.8200206756591797,0.8956778049468994,,,
95,43949,0.6486704349517822,1.1368041038513184,,,
95,43999,0.8253531455993652,1.0504765510559082,,,
95,44049,1.2826142311096191,1.276921272277832,,,
95,44099,1.0811283588409424,1.0710749626159668,,,
95,44149,0.7431386709213257,1.2928011417388916,,,
95,44159,,,0.5888949299986408,1.3361257314682007,0.6295023560523987
96,44199,0.9808772206306458,0.9527029991149902,,,
96,44249,0.6101771593093872,1.1005808115005493,,,
96,44299,1.0447144508361816,1.412161111831665,,,
96,44349,0.6474262475967407,1.7574495077133179,,,
96,44399,1.0425467491149902,0.9186779856681824,,,
96,44449,0.6278549432754517,0.9126585721969604,,,
96,44499,1.0257750749588013,0.932537853717804,,,
96,44549,1.3109304904937744,1.4832758903503418,,,
96,44599,0.6902335286140442,1.3839192390441895,,,
96,44619,,,0.686353133070545,1.257327914237976,0.7755045294761658
97,44649,1.1215142011642456,1.3546898365020752,,,
97,44699,1.068493366241455,1.3988986015319824,,,
97,44749,0.9009107351303101,0.9993880391120911,,,
97,44799,0.6449686884880066,0.8329572677612305,,,
97,44849,1.1623575687408447,1.309497594833374,,,
97,44899,1.1033024787902832,0.7427619099617004,,,
97,44949,0.9505678415298462,1.7982211112976074,,,
97,44999,0.49748483300209045,2.133646011352539,,,
97,45049,1.148561954498291,1.0598206520080566,,,
97,45079,,,0.5496805763218703,1.3314671516418457,0.6678727865219116
98,45099,0.914135217666626,1.0876826047897339,,,
98,45149,0.7973160743713379,0.9068346619606018,,,
98,45199,0.5682804584503174,1.1488704681396484,,,
98,45249,0.6492527723312378,1.1669988632202148,,,
98,45299,0.9051088690757751,1.2211695909500122,,,
98,45349,0.6777631044387817,1.154556155204773,,,
98,45399,0.9182474613189697,1.0687198638916016,,,
98,45449,0.8525170683860779,0.9655090570449829,,,
98,45499,0.6997287273406982,0.9653481245040894,,,
98,45539,,,0.5718363463368221,1.1527271270751953,0.8573155999183655
99,45549,0.9240572452545166,1.1059885025024414,,,
99,45599,0.7591630816459656,0.9859890937805176,,,
99,45649,0.8916425704956055,1.2966145277023315,,,
99,45699,1.1167628765106201,0.9492282867431641,,,
99,45749,0.8398847579956055,1.3487544059753418,,,
99,45799,1.158129096031189,1.3238415718078613,,,
99,45849,0.6002541184425354,1.244995355606079,,,
99,45899,0.745826244354248,1.1941256523132324,,,
99,45949,0.715901255607605,1.4227524995803833,,,
99,45999,1.1847944259643555,1.5942102670669556,,,
99,45999,,,0.6394590186217208,1.210601568222046,0.7311409711837769
100,46049,1.189612865447998,1.389003872871399,,,
100,46099,1.3185367584228516,1.1623342037200928,,,
100,46149,0.5070137977600098,1.6414077281951904,,,
100,46199,0.9869269728660583,0.9605396389961243,,,
100,46249,0.5966847538948059,1.3944295644760132,,,
100,46299,0.9710565209388733,0.9221824407577515,,,
100,46349,1.1047947406768799,0.8853315114974976,,,
100,46399,0.7586331367492676,1.242879867553711,,,
100,46449,1.0597087144851685,1.382059097290039,,,
100,46459,,,0.5931765665352725,1.3218268156051636,0.7564740180969238
101,46499,0.7103490233421326,1.587475061416626,,,
101,46549,1.2393484115600586,1.209010124206543,,,
101,46599,0.7699687480926514,1.3133760690689087,,,
101,46649,0.8684148788452148,0.8344191312789917,,,
101,46699,0.7647444009780884,1.090151071548462,,,
101,46749,1.1180907487869263,1.0945278406143188,,,
101,46799,0.708019495010376,1.1334030628204346,,,
101,46849,0.5612872838973999,1.112979531288147,,,
101,46899,0.5841060876846313,1.7627439498901367,,,
101,46919,,,0.5267092564904173,1.3363350629806519,0.5462015271186829
102,46949,0.7396522760391235,1.2320529222488403,,,
102,46999,0.5228903889656067,1.4602500200271606,,,
102,47049,0.6510937213897705,1.0550358295440674,,,
102,47099,1.428412914276123,1.4888451099395752,,,
102,47149,0.6011287569999695,1.01065993309021,,,
102,47199,0.9841824769973755,1.0735875368118286,,,
102,47249,0.5113969445228577,1.0263891220092773,,,
102,47299,1.0964248180389404,1.2236738204956055,,,
102,47349,0.5335907936096191,1.349413514137268,,,
102,47379,,,0.6552942775587876,1.3131033182144165,1.1069105863571167
103,47399,0.8804105520248413,0.8838438987731934,,,
103,47449,0.8477888703346252,1.4421310424804688,,,
103,47499,1.2224996089935303,0.9057902097702026,,,
103,47549,0.5766690969467163,1.0083394050598145,,,
103,47599,0.7784771919250488,1.0661847591400146,,,
103,47649,0.8793385624885559,1.5634093284606934,,,
103,47699,0.9848229289054871,1.2780307531356812,,,
103,47749,0.7025196552276611,0.8764418959617615,,,
103,47799,0.5702586770057678,1.507338523864746,,,
103,47839,,,0.6558379774364551,1.1639273166656494,0.8597689867019653
104,47849,1.2045761346817017,1.267757773399353,,,
104,47899,1.3682947158813477,1.0449252128601074,,,
104,47949,1.1488444805145264,0.9847753047943115,,,
104,47999,1.1502079963684082,1.1290867328643799,,,
104,48049,0.8007394075393677,1.3974330425262451,,,
104,48099,0.9986326098442078,1.0690045356750488,,,
104,48149,0.9065845012664795,1.175927996635437,,,
104,48199,1.0375876426696777,1.0343830585479736,,,
104,48249,0.8741995096206665,1.6792364120483398,,,
104,48299,1.2101342678070068,1.3081364631652832,,,
104,48299,,,0.6532554030175344,1.2153937816619873,0.6909148693084717
105,48349,0.6098600029945374,0.7787700891494751,,,
105,48399,0.8942331075668335,1.0983943939208984,,,
105,48449,0.9925516247749329,1.6543216705322266,,,
105,48499,0.7512333989143372,1.1034512519836426,,,
105,48549,1.1666141748428345,0.8036397695541382,,,
105,48599,0.9810181856155396,0.7480930089950562,,,
105,48649,1.0781409740447998,1.2086093425750732,,,
105,48699,1.0052013397216797,1.590357780456543,,,
105,48749,0.9196963310241699,1.3574442863464355,,,
105,48759,,,0.6147206741878483,1.2379138469696045,0.6283417344093323
106,48799,0.8579392433166504,0.7725751399993896,,,
106,48849,1.1406912803649902,1.1613893508911133,,,
106,48899,0.724987268447876,1.3421297073364258,,,
106,48949,1.1218624114990234,0.9002119302749634,,,
106,48999,0.8405460715293884,0.9630283117294312,,,
106,49049,0.7405668497085571,1.2220451831817627,,,
106,49099,0.5668617486953735,1.1387755870819092,,,
106,49149,0.7577908039093018,1.7936737537384033,,,
106,49199,1.00886070728302,0.9074321389198303,,,
106,49219,,,0.6516922658692402,1.2277230024337769,0.7966418862342834
107,49249,0.8784590363502502,1.2572546005249023,,,
107,49299,0.8408774137496948,1.0385754108428955,,,
107,49349,0.5810874700546265,1.1890697479248047,,,
107,49399,0.985730767250061,1.7399877309799194,,,
107,49449,0.5626140832901001,1.2268118858337402,,,
107,49499,0.6022443175315857,0.9885895848274231,,,
107,49549,0.7130639553070068,1.3685030937194824,,,
107,49599,1.283645510673523,1.0292954444885254,,,
107,49649,0.6346473693847656,1.5857986211776733,,,
107,49679,,,0.5101264102215577,1.3516336679458618,0.5331383347511292
108,49699,1.1380531787872314,0.9017773270606995,,,
108,49749,0.7118938565254211,1.3732995986938477,,,
108,49799,0.8183380961418152,1.348281979560852,,,
108,49849,0.7970641851425171,0.9789502024650574,,,
108,49899,0.6994129419326782,1.0613536834716797,,,
108,49949,0.4928998351097107,1.5036098957061768,,,
108,49999,0.8106234669685364,0.9998889565467834,,,
108,50049,0.7930941581726074,1.6027467250823975,,,
108,50099,0.5566521286964417,1.520681619644165,,,
108,50139,,,0.626546146527117,1.2527053356170654,0.7654468417167664
109,50149,0.7071588635444641,0.9819917678833008,,,
109,50199,0.9078091979026794,1.3970587253570557,,,
109,50249,0.5702062845230103,1.1551028490066528,,,
109,50299,1.046783208847046,1.6970186233520508,,,
109,50349,0.9181749820709229,1.0613436698913574,,,
109,50399,1.0606756210327148,1.5575165748596191,,,
109,50449,0.8508602976799011,0.8460962176322937,,,
109,50499,0.5900552272796631,2.054743528366089,,,
109,50549,0.5608454942703247,1.3598732948303223,,,
109,50599,1.1029878854751587,0.9208990335464478,,,
109,50599,,,0.6022155770014952,1.3006902933120728,0.6712415814399719
110,50649,0.8328439593315125,0.764114499092102,,,
110,50699,0.6901699900627136,0.9726308584213257,,,
110,50749,1.0827418565750122,1.2170889377593994,,,
110,50799,0.9049072265625,0.8142929673194885,,,
110,50849,1.1065428256988525,1.5638738870620728,,,
110,50899,0.9434629678726196,1.4115469455718994,,,
110,50949,0.8071251511573792,1.092160940170288,,,
110,50999,0.9190332889556885,1.6839250326156616,,,
110,51049,0.8919843435287476,0.9727858901023865,,,
110,51059,,,0.5070001359249694,1.469971776008606,0.46994808316230774
111,51099,0.9315480589866638,1.8520146608352661,,,
111,51149,0.7867055535316467,1.1483354568481445,,,
111,51199,0.7263034582138062,1.2644867897033691,,,
111,51249,0.8328064680099487,1.34115469455719,,,
111,51299,0.8838347792625427,1.1071887016296387,,,
111,51349,0.7518471479415894,1.3331222534179688,,,
111,51399,1.1521896123886108,1.2910782098770142,,,
111,51449,0.6661339402198792,0.979533314704895,,,
111,51499,0.9689313173294067,0.939594030380249,,,
111,51519,,,0.5806035068642109,1.3193219900131226,0.7656133770942688
112,51549,1.1614336967468262,1.3493727445602417,,,
112,51599,0.7324737310409546,1.2105425596237183,,,
112,51649,0.7561862468719482,0.9744667410850525,,,
112,51699,0.7229716777801514,2.2029080390930176,,,
112,51749,0.5566307306289673,1.3397290706634521,,,
112,51799,0.5808276534080505,1.6416280269622803,,,
112,51849,0.7126792669296265,1.0085841417312622,,,
112,51899,1.0496537685394287,0.7040702700614929,,,
112,51949,0.6923012733459473,1.073508620262146,,,
112,51979,,,0.5446513524534456,1.2986210584640503,0.5391802787780762
113,51999,0.8359594345092773,0.8772964477539062,,,
113,52049,0.8844776153564453,1.5651367902755737,,,
113,52099,1.1534392833709717,1.4181649684906006,,,
113,52149,1.0338325500488281,1.677347183227539,,,
113,52199,0.7041136622428894,0.7768570184707642,,,
113,52249,0.6602714657783508,1.656188726425171,,,
113,52299,0.8340134024620056,1.0209391117095947,,,
113,52349,0.6913806200027466,1.2088011503219604,,,
113,52399,0.8167555332183838,1.2876149415969849,,,
113,52439,,,0.6161478863667256,1.0921525955200195,0.9304087162017822
114,52449,0.7780475616455078,1.1229881048202515,,,
114,52499,0.9503147006034851,1.1639494895935059,,,
114,52549,0.6740093231201172,1.2552605867385864,,,
114,52599,0.9728497266769409,0.8636734485626221,,,
114,52649,0.9483492970466614,1.1954282522201538,,,
114,52699,1.0199949741363525,1.0756192207336426,,,
114,52749,0.7279885411262512,0.8521509170532227,,,
114,52799,1.0262794494628906,1.3042101860046387,,,
114,52849,1.157731056213379,0.7961702346801758,,,
114,52899,0.980008602142334,1.1243277788162231,,,
114,52899,,,0.5815549816501291,1.2992969751358032,0.5891878604888916
115,52949,0.5668215751647949,1.207837700843811,,,
115,52999,0.837122917175293,0.8016492128372192,,,
115,53049,1.2012804746627808,1.1985492706298828,,,
115,53099,0.6806087493896484,1.7153759002685547,,,
115,53149,0.8598834872245789,0.8830187320709229,,,
115,53199,0.8581833839416504,1.174204707145691,,,
115,53249,0.646115243434906,0.9656150341033936,,,
115,53299,0.8488597869873047,1.4172955751419067,,,
115,53349,0.6723130941390991,1.7127197980880737,,,
115,53359,,,0.6685469620769335,1.2219043970108032,0.7783840894699097
116,53399,0.9460533857345581,0.9444688558578491,,,
116,53449,0.746611475944519,1.079249620437622,,,
116,53499,0.7915831804275513,1.1251423358917236,,,
116,53549,1.4268884658813477,1.015247106552124,,,
116,53599,0.8410614728927612,1.0391278266906738,,,
116,53649,0.8700047731399536,1.1372926235198975,,,
116,53699,0.7994084358215332,1.0145866870880127,,,
116,53749,0.8253676891326904,0.702649712562561,,,
116,53799,1.382277488708496,1.2581801414489746,,,
116,53819,,,0.6058175886910425,1.2547615766525269,0.6656869649887085
117,53849,0.5220855474472046,2.4912309646606445,,,
117,53899,0.7842409610748291,1.0255882740020752,,,
117,53949,0.7660177946090698,1.5532147884368896,,,
117,53999,0.5249660015106201,1.3284534215927124,,,
117,54049,0.5868276357650757,1.222759485244751,,,
117,54099,1.0388625860214233,1.1803686618804932,,,
117,54149,1.0902010202407837,1.292633295059204,,,
117,54199,0.9527167081832886,1.0274691581726074,,,
117,54249,1.067986249923706,1.0577869415283203,,,
117,54279,,,0.6650129128720946,1.25437331199646,0.8571050763130188
118,54299,0.9723450541496277,1.0849486589431763,,,
118,54349,0.7880313396453857,1.2706950902938843,,,
118,54399,0.7088994383811951,1.1608386039733887,,,
118,54449,0.9960102438926697,1.0157268047332764,,,
118,54499,1.300630807876587,0.869025468826294,,,
118,54549,0.9315817356109619,1.2871098518371582,,,
118,54599,0.8136012554168701,0.9184427261352539,,,
118,54649,0.8384301066398621,1.2079060077667236,,,
118,54699,0.6893495917320251,1.153014898300171,,,
118,54739,,,0.6907027320918853,1.1519556045532227,0.8167155385017395
119,54749,0.7853870987892151,1.105379343032837,,,
119,54799,0.6269729137420654,2.096200466156006,,,
119,54849,0.7961530685424805,1.0293512344360352,,,
119,54899,1.2120633125305176,1.0507841110229492,,,
119,54949,0.9333321452140808,1.1945213079452515,,,
119,54999,0.5460671782493591,1.648292064666748,,,
119,55049,1.065147876739502,0.8688244223594666,,,
119,55099,0.6237301826477051,0.611872673034668,,,
119,55149,0.9903312921524048,1.093052625656128,,,
119,55199,0.6275800466537476,1.3371772766113281,,,
119,55199,,,0.6601875764577952,1.1463384628295898,0.8173030614852905
120,55249,1.1523908376693726,1.1219935417175293,,,
120,55299,0.865652322769165,1.3039026260375977,,,
120,55349,0.8124188184738159,1.4327852725982666,,,
120,55399,0.6708573698997498,1.4166042804718018,,,
120,55449,0.6146420240402222,1.0488780736923218,,,
120,55499,0.9158703684806824,0.8981925249099731,,,
120,55549,0.8649946451187134,1.3621785640716553,,,
120,55599,1.0550347566604614,1.412895917892456,,,
120,55649,1.0322175025939941,1.1730501651763916,,,
120,55659,,,0.8301617507136061,1.1858763694763184,0.8509027361869812
121,55699,0.7674166560173035,1.1702513694763184,,,
121,55749,1.2076938152313232,0.8063823580741882,,,
121,55799,0.7801029682159424,1.3067500591278076,,,
121,55849,1.1573009490966797,0.7539917826652527,,,
121,55899,0.6511361002922058,0.8896505832672119,,,
121,55949,1.2027720212936401,1.110941767692566,,,
121,55999,1.2124791145324707,1.1368646621704102,,,
121,56049,0.7712435722351074,1.3321199417114258,,,
121,56099,0.8422622680664062,1.598848819732666,,,
121,56119,,,0.6334103574826696,1.3017947673797607,0.8792713284492493
122,56149,0.6722688674926758,0.9080038666725159,,,
122,56199,1.128148078918457,1.491829514503479,,,
122,56249,0.9241741299629211,1.3019980192184448,,,
122,56299,0.6888611316680908,1.1771575212478638,,,
122,56349,1.0512382984161377,1.0035128593444824,,,
122,56399,0.6373271942138672,1.67623770236969,,,
122,56449,1.0344698429107666,1.1970248222351074,,,
122,56499,0.5268684029579163,0.9348372220993042,,,
122,56549,1.0393974781036377,1.1032410860061646,,,
122,56579,,,0.657672964523583,1.2034832239151,0.7792253494262695
123,56599,0.9312102794647217,0.9778742790222168,,,
123,56649,0.8290313482284546,0.7876120805740356,,,
123,56699,0.8932278156280518,1.0325875282287598,,,
123,56749,1.031986117362976,1.1871693134307861,,,
123,56799,0.7364137172698975,1.51984703540802,,,
123,56849,0.6470596790313721,1.7094573974609375,,,
123,56899,0.9443821907043457,1.0766210556030273,,,
123,56949,0.7774195671081543,1.1842299699783325,,,
123,56999,0.7864313721656799,0.9747031927108765,,,
123,57039,,,0.6423814054641838,1.2488257884979248,0.820941150188446
124,57049,0.9225614070892334,1.2146562337875366,,,
124,57099,0.5319979190826416,1.2255356311798096,,,
124,57149,1.154903531074524,1.4360836744308472,,,
124,57199,1.0256352424621582,0.8797293305397034,,,
124,57249,0.5016177296638489,1.3597525358200073,,,
124,57299,0.74908447265625,1.3139677047729492,,,
124,57349,0.7997950911521912,0.8550657629966736,,,
124,57399,0.5598413944244385,1.0140118598937988,,,
124,57449,0.7969738245010376,1.3011739253997803,,,
124,57499,0.6968905925750732,0.9582025408744812,,,
124,57499,,,0.5945358162294413,1.2588564157485962,0.5892478227615356
125,57549,0.6725020408630371,1.4430873394012451,,,
125,57599,0.8933411836624146,1.1357840299606323,,,
125,57649,0.941571056842804,1.0785882472991943,,,
125,57699,0.7231608629226685,1.2597333192825317,,,
125,57749,0.6667344570159912,1.1678731441497803,,,
125,57799,0.6963366866111755,1.0566163063049316,,,
125,57849,0.6059302091598511,1.4727864265441895,,,
125,57899,0.6275250911712646,1.5903704166412354,,,
125,57949,0.7158886790275574,1.0428462028503418,,,
125,57959,,,0.4577273345113497,1.3200141191482544,0.7310563921928406
126,57999,0.555458128452301,1.2044545412063599,,,
126,58049,0.9850327968597412,1.0245994329452515,,,
126,58099,0.674512505531311,1.2582237720489502,,,
126,58149,0.7747502326965332,1.5363689661026,,,
126,58199,0.8478670120239258,1.1397866010665894,,,
126,58249,0.7051788568496704,1.8381335735321045,,,
126,58299,0.5897160768508911,1.4221055507659912,,,
126,58349,0.8374648094177246,1.17836594581604,,,
126,58399,1.1869621276855469,1.029569387435913,,,
126,58419,,,0.47573739295908657,1.4563608169555664,0.45454925298690796
127,58449,0.4711994528770447,0.8637418746948242,,,
127,58499,1.2062056064605713,1.0824782848358154,,,
127,58549,0.8461921215057373,0.9250524044036865,,,
127,58599,0.6299310922622681,1.0039591789245605,,,
127,58649,0.4398879408836365,1.6580196619033813,,,
127,58699,1.4224121570587158,1.6888446807861328,,,
127,58749,0.5860757827758789,1.1329100131988525,,,
127,58799,1.0469162464141846,0.9560985565185547,,,
127,58849,0.7251964211463928,0.7375745177268982,,,
127,58879,,,0.5796520320782927,1.338614821434021,0.6268908977508545
128,58899,0.6608191132545471,1.1035096645355225,,,
128,58949,0.7828556299209595,1.3264528512954712,,,
128,58999,0.7488220930099487,2.1791629791259766,,,
128,59049,0.8226492404937744,1.6507469415664673,,,
128,59099,0.6621131300926208,1.7497446537017822,,,
128,59149,0.5233431458473206,1.152442455291748,,,
128,59199,0.8270407915115356,0.9971075654029846,,,
128,59249,1.0537729263305664,1.2086455821990967,,,
128,59299,0.7698508501052856,0.9646657109260559,,,
128,59339,,,0.5277966562457523,1.3326328992843628,0.7064694166183472
129,59349,0.7718635201454163,1.2286663055419922,,,
129,59399,0.7844770550727844,1.3355836868286133,,,
129,59449,0.9087323546409607,0.9428547024726868,,,
129,59499,0.9873759150505066,0.9384561777114868,,,
129,59549,0.7013289928436279,1.3989506959915161,,,
129,59599,0.9487515091896057,1.19806969165802,,,
129,59649,0.8949916958808899,0.9902052283287048,,,
129,59699,0.7923341393470764,0.951980471611023,,,
129,59749,0.9734724164009094,1.2526496648788452,,,
129,59799,1.2019343376159668,1.451311707496643,,,
129,59799,,,0.6635857006932173,1.217897653579712,0.7138474583625793
130,59849,0.9931821227073669,0.8794403672218323,,,
130,59899,0.7385086417198181,0.9778540134429932,,,
130,59949,0.6950608491897583,1.0553367137908936,,,
130,59999,0.9827526211738586,1.0656100511550903,,,
130,60049,0.6822525262832642,1.9956854581832886,,,
130,60099,0.8330783843994141,1.0784237384796143,,,
130,60149,0.974951982498169,1.0228487253189087,,,
130,60199,1.1242966651916504,0.9026791453361511,,,
130,60249,0.7534828186035156,1.308776617050171,,,
130,60259,,,0.6709936115264374,1.2418596744537354,0.8803613781929016
131,60299,0.8841264247894287,1.5315179824829102,,,
131,60349,1.026428461074829,0.8614590764045715,,,
131,60399,0.5432564616203308,0.6577483415603638,,,
131,60449,0.9081558585166931,1.976067304611206,,,
131,60499,0.729949414730072,1.1650148630142212,,,
131,60549,0.575901985168457,1.0468213558197021,,,
131,60599,1.0587830543518066,0.8741902112960815,,,
131,60649,0.9489415287971497,0.9002792835235596,,,
131,60699,0.6370861530303955,1.477848768234253,,,
131,60719,,,0.6049340763898328,1.338997483253479,0.864834725856781
132,60749,0.6246485710144043,0.8042135834693909,,,
132,60799,1.0599579811096191,1.0921754837036133,,,
132,60849,0.7728896141052246,1.3115379810333252,,,
132,60899,0.6910935640335083,1.1522231101989746,,,
132,60949,0.9214850664138794,1.451204538345337,,,
132,60999,0.9116370677947998,1.2229386568069458,,,
132,61049,0.7082772850990295,0.9481379389762878,,,
132,61099,0.7234193086624146,1.1471989154815674,,,
132,61149,0.8867999911308289,1.2477214336395264,,,
132,61179,,,0.6501970912056545,1.200229287147522,0.7488153576850891
133,61199,0.439309686422348,1.393602967262268,,,
133,61249,0.5560802221298218,1.2659525871276855,,,
133,61299,0.6345459818840027,1.1045100688934326,,,
133,61349,0.5801397562026978,1.300154447555542,,,
133,61399,0.929149866104126,1.4948701858520508,,,
133,61449,1.1809853315353394,0.7186377644538879,,,
133,61499,0.6222556829452515,1.3822767734527588,,,
133,61549,1.3781940937042236,0.8899235129356384,,,
133,61599,0.8750668168067932,0.7054720520973206,,,
133,61639,,,0.5693217344026098,1.3791821002960205,0.632270336151123
134,61649,0.896818220615387,1.0827282667160034,,,
134,61699,0.6880057454109192,1.1304148435592651,,,
134,61749,0.822892963886261,0.7992581725120544,,,
134,61799,0.5440831184387207,1.226280927658081,,,
134,61849,0.854784369468689,1.3577158451080322,,,
134,61899,0.4950055181980133,1.6255135536193848,,,
134,61949,0.8055988550186157,0.9052981734275818,,,
134,61999,0.9309872388839722,1.3345670700073242,,,
134,62049,1.3222604990005493,1.0796706676483154,,,
134,62099,0.8468801975250244,0.8481632471084595,,,
134,62099,,,0.42605681663721623,1.330789566040039,0.5846343040466309
135,62149,0.5674981474876404,1.1776642799377441,,,
135,62199,0.7798342704772949,0.9257684946060181,,,
135,62249,0.731822669506073,1.078268051147461,,,
135,62299,0.9640393853187561,1.357539415359497,,,
135,62349,0.4980948269367218,1.5014073848724365,,,
135,62399,0.7759237289428711,1.488248586654663,,,
135,62449,0.9588238000869751,1.2717329263687134,,,
135,62499,0.8441354036331177,1.5466911792755127,,,
135,62549,0.8912911415100098,1.0965453386306763,,,
135,62559,,,0.4978252004893299,1.329854965209961,0.5504697561264038
136,62599,0.6531139612197876,1.1312379837036133,,,
136,62649,1.0406495332717896,1.306969165802002,,,
136,62699,0.6620219945907593,1.4383430480957031,,,
136,62749,0.9821763634681702,0.9533362984657288,,,
136,62799,0.5318070650100708,1.4244513511657715,,,
136,62849,0.9388177394866943,1.1420644521713257,,,
136,62899,0.8809916973114014,1.3383605480194092,,,
136,62949,0.5144656896591187,1.0278857946395874,,,
136,62999,0.7369703054428101,1.28056800365448,,,
136,63019,,,0.5325540301753432,1.3494365215301514,0.5762086510658264
137,63049,0.824328601360321,1.0142757892608643,,,
137,63099,0.8191601037979126,1.3424201011657715,,,
137,63149,0.6286646723747253,1.054328441619873,,,
137,63199,0.8589960336685181,1.3040781021118164,,,
137,63249,0.4481954574584961,1.1293060779571533,,,
137,63299,0.8291010856628418,1.2643399238586426,,,
137,63349,0.7137470841407776,1.325423002243042,,,
137,63399,0.7892876863479614,1.6451900005340576,,,
137,63449,0.6901235580444336,1.2434451580047607,,,
137,63479,,,0.6190023107244801,1.2307122945785522,0.7229385375976562
138,63499,0.7078080177307129,1.268514633178711,,,
138,63549,0.910912275314331,0.8806070685386658,,,
138,63599,0.567286491394043,1.7166399955749512,,,
138,63649,0.4863397479057312,1.4800952672958374,,,
138,63699,0.8267213702201843,0.721488356590271,,,
138,63749,0.8058393001556396,1.5652942657470703,,,
138,63799,1.1891229152679443,0.51011061668396,,,
138,63849,0.7228947877883911,1.0754822492599487,,,
138,63899,0.6739596128463745,1.104055404663086,,,
138,63939,,,0.6853336957999184,1.1724717617034912,0.8532609939575195
139,63949,0.9023242592811584,0.9347850680351257,,,
139,63999,0.8661905527114868,1.2259495258331299,,,
139,64049,0.43963173031806946,2.6804964542388916,,,
139,64099,0.7775682806968689,1.1412196159362793,,,
139,64149,0.7463055849075317,1.0149211883544922,,,
139,64199,0.7379628419876099,1.5827491283416748,,,
139,64249,0.9771614670753479,0.8304346203804016,,,
139,64299,0.7001259326934814,1.0727057456970215,,,
139,64349,0.8379278182983398,1.3341028690338135,,,
139,64399,0.7321949601173401,1.4998403787612915,,,
139,64399,,,0.6557700149517466,1.2419353723526,0.8349205255508423
140,64449,0.7744120359420776,1.3714027404785156,,,
140,64499,1.0889623165130615,1.2520626783370972,,,
140,64549,0.8151999115943909,1.0164210796356201,,,
140,64599,0.6631200313568115,1.5154770612716675,,,
140,64649,0.5196176171302795,1.6804568767547607,,,
140,64699,0.6997486352920532,1.199296236038208,,,
140,64749,0.6010751128196716,1.827604055404663,,,
140,64799,0.7311802506446838,1.4019832611083984,,,
140,64849,0.64644455909729,0.9878177642822266,,,
140,64859,,,0.7904716596438766,0.9900209903717041,0.863884687423706
141,64899,0.6278820037841797,1.7429083585739136,,,
141,64949,0.49810791015625,1.5087461471557617,,,
141,64999,0.9171165227890015,1.2047733068466187,,,
141,65049,0.9021753072738647,1.0884168148040771,,,
141,65099,0.8717575669288635,1.3358498811721802,,,
141,65149,1.1624083518981934,1.2507457733154297,,,
141,65199,0.6728392839431763,1.2418595552444458,,,
141,65249,0.9503563642501831,0.9551734924316406,,,
141,65299,0.905832052230835,0.9574275016784668,,,
141,65319,,,0.6392551311675955,1.2569149732589722,0.6853135228157043
142,65349,0.6271071434020996,1.231231689453125,,,
142,65399,0.9071210622787476,1.3276126384735107,,,
142,65449,0.7228099703788757,1.3764104843139648,,,
142,65499,0.5149948000907898,1.3379069566726685,,,
142,65549,0.5974692106246948,1.3073616027832031,,,
142,65599,0.9888384342193604,1.0119434595108032,,,
142,65649,0.7794581651687622,0.9749628901481628,,,
142,65699,0.5708966255187988,1.2257308959960938,,,
142,65749,1.1621792316436768,0.7642316222190857,,,
142,65779,,,0.5664673100448553,1.3410519361495972,0.7250935435295105
143,65799,0.7199188470840454,1.3686023950576782,,,
143,65849,0.7202988862991333,1.6098294258117676,,,
143,65899,0.5853185653686523,0.8955029249191284,,,
143,65949,0.7564140558242798,1.7117353677749634,,,
143,65999,0.7964295744895935,1.3153867721557617,,,
143,66049,1.1923891305923462,1.906103491783142,,,
143,66099,0.6365816593170166,1.2865803241729736,,,
143,66149,0.8236470818519592,1.1616744995117188,,,
143,66199,0.7343417406082153,0.8669114112854004,,,
143,66239,,,0.5409134157944815,1.3816156387329102,0.5910305976867676
144,66249,1.1484694480895996,1.2406554222106934,,,
144,66299,0.6938925385475159,1.071556806564331,,,
144,66349,0.6671006679534912,1.3919042348861694,,,
144,66399,1.0065529346466064,0.9196789264678955,,,
144,66449,1.2731857299804688,0.9208240509033203,,,
144,66499,0.8020315170288086,1.0736093521118164,,,
144,66549,0.7376347780227661,0.9036859273910522,,,
144,66599,0.9745088219642639,1.0471779108047485,,,
144,66649,0.6358342170715332,1.6251723766326904,,,
144,66699,0.4310954809188843,1.3594963550567627,,,
144,66699,,,0.5816229441348376,1.342492699623108,0.6777547597885132
145,66749,0.7432066202163696,1.385345220565796,,,
145,66799,0.5824002027511597,1.0125975608825684,,,
145,66849,0.738373339176178,1.3612048625946045,,,
145,66899,0.9508475065231323,0.7852367162704468,,,
145,66949,0.7256011962890625,1.0911394357681274,,,
145,66999,0.4761390686035156,1.5527158975601196,,,
145,67049,0.7664886116981506,1.6643277406692505,,,
145,67099,0.627469003200531,1.1757190227508545,,,
145,67149,0.8393949270248413,1.1124837398529053,,,
145,67159,,,0.6438765801277695,1.2376550436019897,0.7757744789123535
146,67199,0.9507976770401001,1.6524157524108887,,,
146,67249,1.0100634098052979,0.8682137727737427,,,
146,67299,0.6856387853622437,1.1870372295379639,,,
146,67349,0.9425220489501953,0.8292661905288696,,,
146,67399,1.0809473991394043,1.9034264087677002,,,
146,67449,0.5703821778297424,1.332434058189392,,,
146,67499,0.8271971344947815,1.1228089332580566,,,
146,67549,0.856093168258667,1.3733115196228027,,,
146,67599,0.9659005403518677,1.2765015363693237,,,
146,67619,,,0.6008563273073264,1.2811775207519531,0.692986249923706
147,67649,0.5294480323791504,0.93727707862854,,,
147,67699,0.6120758056640625,0.9405611753463745,,,
147,67749,0.9468504190444946,1.3728410005569458,,,
147,67799,0.7843444347381592,1.1707227230072021,,,
147,67849,1.2257575988769531,1.1437625885009766,,,
147,67899,0.7661439180374146,1.401559829711914,,,
147,67949,0.7979885339736938,1.2031830549240112,,,
147,67999,1.1134862899780273,0.7726486921310425,,,
147,68049,0.6460285186767578,1.107424259185791,,,
147,68079,,,0.5665352725295637,1.2970080375671387,0.5933225154876709
148,68099,1.0107653141021729,0.9131222367286682,,,
148,68149,0.6547557711601257,1.6644647121429443,,,
148,68199,0.5796786546707153,1.7366501092910767,,,
148,68249,0.5794826745986938,0.9443899393081665,,,
148,68299,0.7353340983390808,1.2621922492980957,,,
148,68349,0.735142707824707,1.6679596900939941,,,
148,68399,1.0762628316879272,1.2268930673599243,,,
148,68449,0.7493998408317566,0.9521201252937317,,,
148,68499,0.705193817615509,1.304049015045166,,,
148,68539,,,0.59895337773549,1.281964898109436,0.6562967300415039
149,68549,0.6520490050315857,0.958197295665741,,,
149,68599,0.9262360334396362,0.9366602897644043,,,
149,68649,0.6361793279647827,1.3887722492218018,,,
149,68699,0.7469630241394043,1.307854413986206,,,
149,68749,0.8948546648025513,1.0332609415054321,,,
149,68799,1.0313762426376343,1.034404993057251,,,
149,68849,0.5489031076431274,1.042914867401123,,,
149,68899,0.5629739761352539,1.4541488885879517,,,
149,68949,0.8709903955459595,2.0049824714660645,,,
149,68999,0.8365548849105835,1.1423765420913696,,,
149,68999,,,0.5798559195324181,1.2368719577789307,0.6673248410224915
150,69049,0.8599511981010437,1.4049046039581299,,,
150,69099,0.7778476476669312,0.9941710829734802,,,
150,69149,0.6973636746406555,1.788804292678833,,,
150,69199,1.20683753490448,0.6619187593460083,,,
150,69249,0.5295137166976929,1.6110550165176392,,,
150,69299,0.6525627374649048,1.4985158443450928,,,
150,69349,0.6303863525390625,1.5918993949890137,,,
150,69399,1.030888557434082,0.757732093334198,,,
150,69449,0.5340644121170044,1.3991923332214355,,,
150,69459,,,0.6745956232159848,1.2435542345046997,0.7318121790885925
151,69499,0.9105879068374634,0.8627851009368896,,,
151,69549,1.101619839668274,0.895155668258667,,,
151,69599,1.110368013381958,1.0911259651184082,,,
151,69649,0.6850647330284119,1.3066309690475464,,,
151,69699,0.8459005355834961,0.946049153804779,,,
151,69749,0.7742737531661987,1.0957893133163452,,,
151,69799,0.6309018731117249,0.9196280241012573,,,
151,69849,0.615572452545166,0.9824815392494202,,,
151,69899,0.7681984305381775,1.2638823986053467,,,
151,69919,,,0.5807394318336279,1.3072383403778076,0.6997350454330444
152,69949,0.9499620795249939,1.2509586811065674,,,
152,69999,0.9397359490394592,1.2728806734085083,,,
152,70049,0.8445813655853271,1.8089781999588013,,,
152,70099,0.6211724281311035,1.2009918689727783,,,
152,70149,0.7785746455192566,0.8834900856018066,,,
152,70199,0.755402684211731,1.131266713142395,,,
152,70249,0.957552433013916,0.8059523105621338,,,
152,70299,0.5655210018157959,1.1191613674163818,,,
152,70349,0.6121166348457336,1.1293375492095947,,,
152,70379,,,0.5147478591817317,1.3199068307876587,0.6147356629371643
153,70399,0.534461259841919,1.4943346977233887,,,
153,70449,0.6834018230438232,1.4155396223068237,,,
153,70499,0.5578835010528564,1.1094982624053955,,,
153,70549,0.5642099380493164,1.487908959388733,,,
153,70599,0.5051153898239136,1.4117865562438965,,,
153,70649,0.943083643913269,1.776742935180664,,,
153,70699,1.0688340663909912,0.7463103532791138,,,
153,70749,1.0546352863311768,1.2831103801727295,,,
153,70799,0.9173587560653687,1.3368632793426514,,,
153,70839,,,0.558719586788093,1.3876404762268066,0.6316375136375427
154,70849,0.9545987248420715,0.8555968999862671,,,
154,70899,0.7363073825836182,0.7583744525909424,,,
154,70949,1.0490022897720337,1.2280136346817017,,,
154,70999,0.5878522992134094,1.1155564785003662,,,
154,71049,0.7876107096672058,1.2128885984420776,,,
154,71099,0.7428168058395386,1.2004046440124512,,,
154,71149,0.7458438873291016,1.1845729351043701,,,
154,71199,0.637475311756134,1.3098856210708618,,,
154,71249,0.751640260219574,0.9729620218276978,,,
154,71299,0.782634437084198,1.0063085556030273,,,
154,71299,,,0.6230800598069866,1.2568756341934204,0.6378466486930847
155,71349,0.6025760173797607,0.7979856729507446,,,
155,71399,0.9493057131767273,1.5524628162384033,,,
155,71449,0.6908798813819885,1.4374818801879883,,,
155,71499,0.5662649869918823,1.2236969470977783,,,
155,71549,0.670638918876648,1.7880067825317383,,,
155,71599,0.7198696136474609,1.5692033767700195,,,
155,71649,0.8589481711387634,0.9794900417327881,,,
155,71699,0.8994056582450867,1.2954500913619995,,,
155,71749,1.2836554050445557,1.5873980522155762,,,
155,71759,,,0.4553486475465543,1.5534083843231201,0.4327322840690613
156,71799,0.6804293394088745,0.8924123048782349,,,
156,71849,0.4898691773414612,1.141548752784729,,,
156,71899,0.4390534460544586,1.9548087120056152,,,
156,71949,1.3838016986846924,1.1027010679244995,,,
156,71999,0.7221581935882568,1.1615779399871826,,,
156,72049,0.7763807773590088,1.369206190109253,,,
156,72099,0.8408716917037964,1.0958118438720703,,,
156,72149,0.7716168165206909,1.4318193197250366,,,
156,72199,0.7741189002990723,0.9194369316101074,,,
156,72219,,,0.5348647546554302,1.3369539976119995,0.616782009601593
157,72249,0.5791977047920227,1.4087803363800049,,,
157,72299,0.8209511041641235,1.1847202777862549,,,
157,72349,0.7450432777404785,1.1249253749847412,,,
157,72399,0.7332432270050049,1.3008604049682617,,,
157,72449,0.7863240242004395,1.8165571689605713,,,
157,72499,0.49731823801994324,1.5683587789535522,,,
157,72549,0.5971262454986572,1.4554907083511353,,,
157,72599,0.8350494503974915,1.5352201461791992,,,
157,72649,0.6537575721740723,1.2084661722183228,,,
157,72679,,,0.5680984096778579,1.222945213317871,0.6666120290756226
158,72699,1.2446036338806152,1.4197883605957031,,,
158,72749,0.6622015833854675,1.2876986265182495,,,
158,72799,0.7089458703994751,0.9753075242042542,,,
158,72849,0.7840316295623779,1.8729486465454102,,,
158,72899,0.9916576147079468,1.3458389043807983,,,
158,72949,0.7500580549240112,1.0141065120697021,,,
158,72999,0.7554588913917542,1.6678465604782104,,,
158,73049,0.8171616792678833,1.2826483249664307,,,
158,73099,1.0433714389801025,1.0386303663253784,,,
158,73139,,,0.5563408998232975,1.369886875152588,0.5804939866065979
159,73149,0.7100077867507935,1.2126479148864746,,,
159,73199,0.8519983291625977,1.1211367845535278,,,
159,73249,0.5709558725357056,1.7436354160308838,,,
159,73299,0.7914259433746338,0.8803698420524597,,,
159,73349,0.7528080940246582,0.8494353294372559,,,
159,73399,0.7765580415725708,0.9733059406280518,,,
159,73449,0.7905607223510742,1.799973964691162,,,
159,73499,0.8098341226577759,1.303989052772522,,,
159,73549,0.9234517812728882,1.2051267623901367,,,
159,73599,0.5642784833908081,0.9857653379440308,,,
159,73599,,,0.6376240315345929,1.218306303024292,0.6832570433616638
160,73649,0.8278334140777588,1.4644019603729248,,,
160,73699,0.9138658046722412,0.9209531545639038,,,
160,73749,0.9372127056121826,1.3342843055725098,,,
160,73799,1.2052266597747803,0.7898774147033691,,,
160,73849,1.0138401985168457,1.0537598133087158,,,
160,73899,0.6201507449150085,1.0764341354370117,,,
160,73949,0.7950043678283691,0.9545249342918396,,,
160,73999,0.6862127184867859,1.1162116527557373,,,
160,74049,1.074977159500122,1.20712149143219,,,
160,74059,,,0.5151556340899823,1.3678112030029297,0.48337918519973755
161,74099,0.6126918196678162,0.9725428819656372,,,
161,74149,0.8382308483123779,1.2829526662826538,,,
161,74199,0.5815842151641846,1.8743064403533936,,,
161,74249,1.0418124198913574,1.0493656396865845,,,
161,74299,0.7065085172653198,1.4783751964569092,,,
161,74349,0.5751595497131348,1.2301034927368164,,,
161,74399,1.0584995746612549,0.9530914425849915,,,
161,74449,0.519605815410614,1.344954490661621,,,
161,74499,0.669222891330719,1.638771653175354,,,
161,74519,,,0.6596438765801278,1.2214457988739014,0.6377822756767273
162,74549,0.6498312950134277,1.5053560733795166,,,
162,74599,0.5456689596176147,1.40753972530365,,,
162,74649,0.8230947256088257,1.0059010982513428,,,
162,74699,0.9528133869171143,1.0480690002441406,,,
162,74749,1.1553994417190552,1.1625878810882568,,,
162,74799,0.6937364339828491,0.9147683382034302,,,
162,74849,0.5769017934799194,1.118135929107666,,,
162,74899,0.7113879919052124,1.636199712753296,,,
162,74949,0.9013890624046326,1.636887788772583,,,
162,74979,,,0.6529155905939921,1.2037163972854614,0.7406312823295593
163,74999,0.69194495677948,1.2608568668365479,,,
163,75049,0.8524326086044312,0.9956750273704529,,,
163,75099,0.8377172946929932,1.5969834327697754,,,
163,75149,0.7738572955131531,1.0611732006072998,,,
163,75199,0.9426296949386597,1.6545743942260742,,,
163,75249,1.1717115640640259,1.4303776025772095,,,
163,75299,0.6922402381896973,1.0160369873046875,,,
163,75349,0.4365396797657013,1.589604377746582,,,
163,75399,0.538509726524353,1.7347205877304077,,,
163,75439,,,0.687576457795297,1.19770085811615,0.9466867446899414
164,75449,0.5395631790161133,1.3300187587738037,,,
164,75499,0.6190112829208374,1.2802677154541016,,,
164,75549,0.6483756303787231,1.2123067378997803,,,
164,75599,0.8264178037643433,0.8647264838218689,,,
164,75649,0.8197778463363647,1.3214454650878906,,,
164,75699,0.5995855331420898,1.5898956060409546,,,
164,75749,1.1569714546203613,0.7569580078125,,,
164,75799,0.920130729675293,1.4187583923339844,,,
164,75849,0.7318933010101318,1.2579002380371094,,,
164,75899,0.741254448890686,1.2652586698532104,,,
164,75899,,,0.6194780481174392,1.2301770448684692,0.6821178197860718
165,75949,0.6738949418067932,1.3663089275360107,,,
165,75999,0.7929410934448242,1.1443970203399658,,,
165,76049,0.6986368894577026,1.6598838567733765,,,
165,76099,0.5991597175598145,1.2772104740142822,,,
165,76149,0.593562126159668,1.4258558750152588,,,
165,76199,0.7906972169876099,1.3946653604507446,,,
165,76249,0.6686821579933167,1.7959840297698975,,,
165,76299,0.6454435586929321,1.321728229522705,,,
165,76349,0.7759697437286377,1.3939242362976074,,,
165,76359,,,0.5957591409541932,1.2475945949554443,0.6144517660140991
166,76399,0.8704240322113037,1.5762197971343994,,,
166,76449,0.7632688283920288,1.4127739667892456,,,
166,76499,0.9398062825202942,1.0061061382293701,,,
166,76549,0.870210587978363,1.1108224391937256,,,
166,76599,0.6159886717796326,1.205534815788269,,,
166,76649,0.6014348268508911,1.5976085662841797,,,
166,76699,0.6032310724258423,1.7521069049835205,,,
166,76749,0.7604482173919678,1.245684027671814,,,
166,76799,0.5801446437835693,1.7101085186004639,,,
166,76819,,,0.635789044447465,1.208596110343933,0.731369137763977
167,76849,0.6433757543563843,1.1616255044937134,,,
167,76899,0.6532646417617798,1.0472753047943115,,,
167,76949,0.8523719310760498,1.5061029195785522,,,
167,76999,1.0672659873962402,1.9395129680633545,,,
167,77049,0.9604049921035767,1.1228046417236328,,,
167,77099,0.5671118497848511,1.1568201780319214,,,
167,77149,0.6352606415748596,1.1332744359970093,,,
167,77199,1.4153302907943726,1.1779706478118896,,,
167,77249,0.8076287508010864,1.3025383949279785,,,
167,77279,,,0.5657197227130624,1.3615601062774658,0.619903028011322
168,77299,0.3694424629211426,1.1950726509094238,,,
168,77349,0.9065538048744202,1.2738842964172363,,,
168,77399,0.6415032148361206,1.2058451175689697,,,
168,77449,0.6786923408508301,1.2338273525238037,,,
168,77499,0.4313430190086365,1.7795885801315308,,,
168,77549,0.8377542495727539,1.507354497909546,,,
168,77599,0.7333056926727295,1.160796880722046,,,
168,77649,0.6086125373840332,1.0565340518951416,,,
168,77699,0.661497175693512,0.9578132033348083,,,
168,77739,,,0.6162838113361424,1.2767192125320435,0.6843347549438477
169,77749,0.7948328256607056,0.8212305307388306,,,
169,77799,0.50247722864151,0.9401648044586182,,,
169,77849,0.5724207162857056,2.088676929473877,,,
169,77899,0.5868738889694214,1.4423978328704834,,,
169,77949,0.7351785898208618,1.0208362340927124,,,
169,77999,0.4486575126647949,1.7259547710418701,,,
169,78049,0.7761919498443604,1.0076770782470703,,,
169,78099,0.8347134590148926,0.6954051852226257,,,
169,78149,0.7031090259552002,1.323452115058899,,,
169,78199,0.9582973718643188,2.210954427719116,,,
169,78199,,,0.4997961125458747,1.3435124158859253,0.7572373151779175
170,78249,1.1503386497497559,0.8945872187614441,,,
170,78299,0.5364305973052979,1.2485630512237549,,,
170,78349,0.745170533657074,1.5170044898986816,,,
170,78399,1.1963355541229248,1.5002622604370117,,,
170,78449,0.5663431882858276,2.0585360527038574,,,
170,78499,0.6409060955047607,1.1007879972457886,,,
170,78549,0.7460650205612183,1.17246675491333,,,
170,78599,0.8224468231201172,1.3472723960876465,,,
170,78649,0.7429349422454834,0.8111642599105835,,,
170,78659,,,0.6879162702188392,1.1535550355911255,0.8760064244270325
171,78699,0.7222561836242676,1.5793259143829346,,,
171,78749,0.4263812005519867,1.4248528480529785,,,
171,78799,0.6807056665420532,0.8480929136276245,,,
171,78849,0.9738480448722839,0.7003380060195923,,,
171,78899,0.7334017157554626,1.696692943572998,,,
171,78949,0.9105212688446045,0.9590523838996887,,,
171,78999,0.6121407151222229,1.4123518466949463,,,
171,79049,0.5657631754875183,1.5416682958602905,,,
171,79099,0.48442015051841736,1.2349462509155273,,,
171,79119,,,0.7079652032078293,1.1268410682678223,0.8588014245033264
172,79149,0.5184903144836426,2.0413079261779785,,,
172,79199,0.9158903360366821,0.9900313019752502,,,
172,79249,0.5969403386116028,0.8783169984817505,,,
172,79299,0.7431638240814209,1.7325210571289062,,,
172,79349,0.8731065988540649,1.4080015420913696,,,
172,79399,0.8555905222892761,1.2137959003448486,,,
172,79449,0.7820786833763123,1.3951902389526367,,,
172,79499,0.6764608025550842,0.8285874128341675,,,
172,79549,0.7639302015304565,1.6304030418395996,,,
172,79579,,,0.7011689547369852,1.1733779907226562,0.8001678586006165
173,79599,0.7605451345443726,1.3861875534057617,,,
173,79649,0.6647326946258545,1.6000111103057861,,,
173,79699,0.9372394680976868,1.4283511638641357,,,
173,79749,0.9384176135063171,0.9154719114303589,,,
173,79799,0.805747389793396,1.3803982734680176,,,
173,79849,0.6294349431991577,2.46650767326355,,,
173,79899,0.9976599812507629,1.459829330444336,,,
173,79949,0.7697243690490723,1.4814741611480713,,,
173,79999,0.7084658145904541,1.2847461700439453,,,
173,80039,,,0.5257577817044992,1.3008573055267334,0.5824276804924011
174,80049,0.802707314491272,1.772007703781128,,,
174,80099,0.739782452583313,1.1889302730560303,,,
174,80149,0.4560208022594452,1.4220632314682007,,,
174,80199,0.7613016366958618,1.736154317855835,,,
174,80249,0.6052557229995728,1.2327260971069336,,,
174,80299,0.586674690246582,1.386199951171875,,,
174,80349,1.0620251893997192,1.3653955459594727,,,
174,80399,0.5612086653709412,1.3938624858856201,,,
174,80449,0.8508825302124023,1.1924245357513428,,,
174,80499,0.9163839817047119,2.063523292541504,,,
174,80499,,,0.768044039690091,1.0959964990615845,0.8473023772239685
175,80549,0.7181669473648071,1.8460139036178589,,,
175,80599,0.8862318396568298,1.5788322687149048,,,
175,80649,0.66499924659729,1.2462952136993408,,,
175,80699,0.8271576762199402,1.063561201095581,,,
175,80749,1.2182817459106445,1.1388623714447021,,,
175,80799,0.4942501485347748,1.2720534801483154,,,
175,80849,0.697557270526886,1.3212376832962036,,,
175,80899,0.9503690004348755,1.8060238361358643,,,
175,80949,0.8467684984207153,1.1411683559417725,,,
175,80959,,,0.6071088759005029,1.3208880424499512,0.6322500109672546
176,80999,0.5048655271530151,1.2352864742279053,,,
176,81049,0.6668782234191895,1.3484532833099365,,,
176,81099,0.8556409478187561,1.2451726198196411,,,
176,81149,0.5225179195404053,1.479922890663147,,,
176,81199,0.9964786171913147,0.9267734289169312,,,
176,81249,0.9136028289794922,1.0279654264450073,,,
176,81299,0.9919529557228088,0.9006790518760681,,,
176,81349,0.6369314193725586,1.3874483108520508,,,
176,81399,1.0805199146270752,0.824699878692627,,,
176,81419,,,0.7017126546146527,1.1506224870681763,0.8315948247909546
177,81449,0.7342128157615662,1.2323354482650757,,,
177,81499,0.8789932131767273,1.5846675634384155,,,
177,81549,0.43842554092407227,1.4748302698135376,,,
177,81599,0.8191283941268921,1.0072678327560425,,,
177,81649,0.8427422642707825,1.1954632997512817,,,
177,81699,0.4806498885154724,2.062001943588257,,,
177,81749,0.5975565910339355,1.5523078441619873,,,
177,81799,0.664048433303833,1.4403553009033203,,,
177,81849,0.7099034786224365,1.8199410438537598,,,
177,81879,,,0.4643196955280685,1.4499460458755493,0.5326302647590637
178,81899,0.8541871309280396,0.8709887266159058,,,
178,81949,0.6892926096916199,1.2225821018218994,,,
178,81999,0.9841697216033936,1.40960693359375,,,
178,82049,1.1662253141403198,0.940640926361084,,,
178,82099,0.7237561941146851,0.8306145071983337,,,
178,82149,0.33946502208709717,0.6765370965003967,,,
178,82199,0.3294423818588257,1.6912331581115723,,,
178,82249,0.9031975865364075,1.3186094760894775,,,
178,82299,0.6752617955207825,2.5235021114349365,,,
178,82339,,,0.6480222916949844,1.2309868335723877,0.720251202583313
179,82349,0.8524751663208008,1.0438833236694336,,,
179,82399,0.6519254446029663,1.2955931425094604,,,
179,82449,1.04400634765625,1.1330233812332153,,,
179,82499,0.5755072832107544,1.8050414323806763,,,
179,82549,0.8178666830062866,1.13361656665802,,,
179,82599,0.6211925745010376,1.0660480260849,,,
179,82649,0.5434628129005432,1.5047991275787354,,,
179,82699,0.6582268476486206,1.1688390970230103,,,
179,82749,0.3912040591239929,1.0927200317382812,,,
179,82799,0.9298880696296692,0.9516900181770325,,,
179,82799,,,0.5733315210004077,1.2881752252578735,0.5773872137069702
180,82849,0.9557727575302124,0.869373083114624,,,
180,82899,0.5693878531455994,1.3715676069259644,,,
180,82949,0.7993254661560059,1.1048831939697266,,,
180,82999,1.0609025955200195,1.063733458518982,,,
180,83049,0.7337688207626343,1.1951181888580322,,,
180,83099,0.5212702751159668,1.1891344785690308,,,
180,83149,0.8852971792221069,1.1795871257781982,,,
180,83199,0.7637907266616821,1.422135353088379,,,
180,83249,0.5503597259521484,1.414009928703308,,,
180,83259,,,0.5482533641429931,1.3370437622070312,0.5966155529022217
181,83299,0.8270177841186523,1.1225651502609253,,,
181,83349,0.7109862565994263,1.7396622896194458,,,
181,83399,0.7503113746643066,1.3663089275360107,,,
181,83449,0.7224401831626892,1.7096452713012695,,,
181,83499,0.5714929699897766,1.6499979496002197,,,
181,83549,0.7429530024528503,0.978773295879364,,,
181,83599,0.9948405623435974,0.6633567810058594,,,
181,83649,0.7547116279602051,1.575289011001587,,,
181,83699,1.1756638288497925,0.900519847869873,,,
181,83719,,,0.47933940464863395,1.4506744146347046,0.47089219093322754
182,83749,0.6401954889297485,1.1190195083618164,,,
182,83799,1.054262638092041,1.1947801113128662,,,
182,83849,0.6818713545799255,1.2005116939544678,,,
182,83899,0.6947916746139526,1.1536169052124023,,,
182,83949,0.6347724795341492,1.1507776975631714,,,
182,83999,0.7840026617050171,1.0020825862884521,,,
182,84049,0.6223888397216797,1.1625943183898926,,,
182,84099,0.5019450187683105,1.9595105648040771,,,
182,84149,0.6678114533424377,1.886101484298706,,,
182,84179,,,0.5388745412532282,1.3272953033447266,0.5994294881820679
183,84199,0.7589689493179321,1.8095229864120483,,,
183,84249,0.8131967782974243,1.1904687881469727,,,
183,84299,1.0506325960159302,1.1345465183258057,,,
183,84349,1.0996328592300415,1.2818249464035034,,,
183,84399,0.4995625615119934,1.3031084537506104,,,
183,84449,0.7256463766098022,1.0945930480957031,,,
183,84499,0.6279579401016235,1.3604708909988403,,,
183,84549,0.5501030683517456,1.1862163543701172,,,
183,84599,0.6934703588485718,1.508786916732788,,,
183,84639,,,0.5873317928503466,1.2709708213806152,0.6507867574691772
184,84649,0.7533730268478394,1.142327904701233,,,
184,84699,0.5472253561019897,1.287631869316101,,,
184,84749,0.43127816915512085,1.8567577600479126,,,
184,84799,0.9907313585281372,1.1063238382339478,,,
184,84849,0.7568047642707825,1.41074800491333,,,
184,84899,0.5869040489196777,1.277703046798706,,,
184,84949,0.7680906057357788,1.0962035655975342,,,
184,84999,1.517632007598877,1.4393343925476074,,,
184,85049,0.8296244740486145,1.4119958877563477,,,
184,85099,1.308871865272522,0.9453280568122864,,,
184,85099,,,0.6184586108468125,1.2728408575057983,0.6857910752296448
185,85149,0.8022321462631226,1.2576904296875,,,
185,85199,0.810778021812439,1.1775360107421875,,,
185,85249,0.6409611701965332,1.3047730922698975,,,
185,85299,1.0689218044281006,0.620908796787262,,,
185,85349,0.7665876150131226,1.4477307796478271,,,
185,85399,0.573413610458374,1.6670434474945068,,,
185,85449,0.6875295639038086,1.0461769104003906,,,
185,85499,1.0049033164978027,0.8398706912994385,,,
185,85549,0.9494534730911255,0.9181389212608337,,,
185,85559,,,0.7011009922522767,1.1247588396072388,0.818825900554657
186,85599,0.7547211050987244,1.8451015949249268,,,
186,85649,0.7294062376022339,2.0130245685577393,,,
186,85699,0.775225818157196,1.0066804885864258,,,
186,85749,0.660861611366272,1.0551302433013916,,,
186,85799,0.4042225480079651,1.866273283958435,,,
186,85849,0.9806658029556274,1.1483831405639648,,,
186,85899,1.3641395568847656,0.972071647644043,,,
186,85949,0.7298270463943481,0.9830993413925171,,,
186,85999,0.9001757502555847,1.1684952974319458,,,
186,86019,,,0.6582166644012505,1.2241350412368774,0.752098560333252
187,86049,0.35911643505096436,1.467568278312683,,,
187,86099,1.1051878929138184,1.0814790725708008,,,
187,86149,0.79473876953125,1.5246423482894897,,,
187,86199,0.7089217901229858,0.9254229068756104,,,
187,86249,0.6779786348342896,1.0269389152526855,,,
187,86299,0.8149394989013672,0.9272148013114929,,,
187,86349,0.6076949238777161,1.0977391004562378,,,
187,86399,1.0157055854797363,1.3738937377929688,,,
187,86449,0.6053146123886108,1.2555677890777588,,,
187,86479,,,0.5691858094331929,1.270405888557434,0.5602814555168152
188,86499,0.4481191337108612,1.4349949359893799,,,
188,86549,0.6804734468460083,1.9006617069244385,,,
188,86599,0.8965359926223755,1.7891473770141602,,,
188,86649,0.5131838321685791,2.1795296669006348,,,
188,86699,0.8768006563186646,1.2147356271743774,,,
188,86749,1.0091975927352905,1.991325855255127,,,
188,86799,0.257856547832489,1.671647548675537,,,
188,86849,0.7001222372055054,1.2904741764068604,,,
188,86899,1.1096105575561523,0.8006154298782349,,,
188,86939,,,0.533913279869512,1.366612434387207,0.4776468276977539
189,86949,0.5668829679489136,1.7813754081726074,,,
189,86999,1.0196810960769653,1.1821410655975342,,,
189,87049,0.7511991262435913,1.8354605436325073,,,
189,87099,0.6808714270591736,2.065922975540161,,,
189,87149,0.5844103097915649,1.2218265533447266,,,
189,87199,0.932453453540802,1.3544971942901611,,,
189,87249,0.8669672608375549,0.6488527059555054,,,
189,87299,0.6178386807441711,1.434556245803833,,,
189,87349,0.5186363458633423,1.4026525020599365,,,
189,87399,0.7292449474334717,0.9341720342636108,,,
189,87399,,,0.6406143808617643,1.254205346107483,0.6431676149368286
190,87449,0.7956647872924805,0.686347484588623,,,
190,87499,0.536532461643219,1.0364158153533936,,,
190,87549,0.7419213056564331,1.331186294555664,,,
190,87599,0.746997594833374,1.3136496543884277,,,
190,87649,0.37469470500946045,1.4808666706085205,,,
190,87699,0.41031965613365173,0.9333066940307617,,,
190,87749,0.7590156197547913,1.3910853862762451,,,
190,87799,0.9175559282302856,1.2313580513000488,,,
190,87849,0.520552933216095,1.7639440298080444,,,
190,87859,,,0.6229441348375696,1.229965329170227,0.7503241300582886
191,87899,0.6134638786315918,1.2084980010986328,,,
191,87949,0.8181359171867371,1.5667483806610107,,,
191,87999,0.9770520925521851,1.3081200122833252,,,
191,88049,0.9395850896835327,1.1074261665344238,,,
191,88099,1.0366144180297852,0.7718151807785034,,,
191,88149,0.3676680326461792,1.4537487030029297,,,
191,88199,0.9146945476531982,1.3894357681274414,,,
191,88249,0.5228258371353149,1.3951722383499146,,,
191,88299,1.3524906635284424,0.8495604395866394,,,
191,88319,,,0.5029903493271713,1.3797215223312378,0.5528647303581238
192,88349,0.6409329771995544,1.6002044677734375,,,
192,88399,1.2683699131011963,0.8437507152557373,,,
192,88449,0.7360038757324219,1.151841402053833,,,
192,88499,0.7385664582252502,1.4110426902770996,,,
192,88549,0.7364160418510437,0.8079537153244019,,,
192,88599,0.7438634037971497,1.405210256576538,,,
192,88649,0.7139315009117126,1.803818941116333,,,
192,88699,0.604368269443512,1.1618355512619019,,,
192,88749,0.9185022711753845,0.7072423696517944,,,
192,88779,,,0.5577681120021748,1.3708913326263428,0.5903648138046265
193,88799,0.528569757938385,1.3514949083328247,,,
193,88849,1.5991753339767456,2.0034971237182617,,,
193,88899,0.8305569887161255,1.515573263168335,,,
193,88949,0.42924612760543823,1.8655736446380615,,,
193,88999,0.5103213787078857,0.8672680854797363,,,
193,89049,0.7548885345458984,1.399919033050537,,,
193,89099,0.8388040661811829,1.014204978942871,,,
193,89149,0.7656258344650269,1.6245207786560059,,,
193,89199,0.9034035205841064,1.1066815853118896,,,
193,89239,,,0.5723800462144896,1.342063069343567,0.5438747406005859
194,89249,1.0117230415344238,1.7650285959243774,,,
194,89299,0.8843984603881836,0.8597642183303833,,,
194,89349,1.026273488998413,1.4151984453201294,,,
194,89399,1.044201374053955,0.9564284086227417,,,
194,89449,1.001619577407837,1.2151477336883545,,,
194,89499,0.8061437606811523,1.7536358833312988,,,
194,89549,1.0361247062683105,1.2915537357330322,,,
194,89599,0.8941394090652466,1.1548271179199219,,,
194,89649,0.7939486503601074,0.8267027139663696,,,
194,89699,0.6891156435012817,1.9794307947158813,,,
194,89699,,,0.6024194644556204,1.2094841003417969,0.7034620046615601
195,89749,0.8587499856948853,1.3331847190856934,,,
195,89799,0.8986093401908875,1.4349994659423828,,,
195,89849,0.7825181484222412,1.1305949687957764,,,
195,89899,0.910753607749939,1.3180686235427856,,,
195,89949,1.5807440280914307,1.536346197128296,,,
195,89999,0.717490553855896,1.645048975944519,,,
195,90049,0.8126261234283447,1.0337696075439453,,,
195,90099,0.3847532272338867,1.9930598735809326,,,
195,90149,0.6603983640670776,0.9569242000579834,,,
195,90159,,,0.5186896832948212,1.3951278924942017,0.660210371017456
196,90199,0.8113601803779602,0.7161421179771423,,,
196,90249,0.5382871627807617,1.8248012065887451,,,
196,90299,0.5364651679992676,1.825940728187561,,,
196,90349,0.6953786611557007,1.1910213232040405,,,
196,90399,1.064036250114441,1.670095443725586,,,
196,90449,0.6962049603462219,1.1323676109313965,,,
196,90499,0.5704816579818726,1.455737829208374,,,
196,90549,0.4237038195133209,1.4646637439727783,,,
196,90599,0.5481311082839966,1.1992977857589722,,,
196,90619,,,0.6890716324588827,1.135762333869934,0.7718315124511719
197,90649,0.5767707228660583,1.1042356491088867,,,
197,90699,0.7324827909469604,1.7971134185791016,,,
197,90749,0.8839799165725708,1.3121652603149414,,,
197,90799,0.8564531803131104,1.465085744857788,,,
197,90849,0.7615225911140442,1.5597290992736816,,,
197,90899,0.8137481212615967,1.6616626977920532,,,
197,90949,0.7656545042991638,1.0315721035003662,,,
197,90999,1.191633939743042,0.9778093099594116,,,
197,91049,0.5828889608383179,1.8228676319122314,,,
197,91079,,,0.5427484028816093,1.3291339874267578,0.617271900177002
198,91099,1.059780240058899,0.8530999422073364,,,
198,91149,0.8769863843917847,0.9737600088119507,,,
198,91199,0.6714027523994446,0.9028533101081848,,,
198,91249,0.7294304370880127,1.032070279121399,,,
198,91299,1.1490556001663208,1.4731817245483398,,,
198,91349,0.6808110475540161,1.3187482357025146,,,
198,91399,0.3656441569328308,1.645988941192627,,,
198,91449,1.0448970794677734,0.9922091364860535,,,
198,91499,0.8838971257209778,1.5370151996612549,,,
198,91539,,,0.5146798966970233,1.3712916374206543,0.5376908183097839
199,91549,0.834987223148346,1.6547341346740723,,,
199,91599,0.7752687931060791,1.313496708869934,,,
199,91649,0.9144219756126404,1.3736299276351929,,,
199,91699,0.6931294202804565,1.9452483654022217,,,
199,91749,0.8553916215896606,1.569110631942749,,,
199,91799,0.540744423866272,1.5034927129745483,,,
199,91849,0.9802759885787964,1.4315924644470215,,,
199,91899,0.7842552661895752,1.117224097251892,,,
199,91949,0.9465845227241516,1.052303671836853,,,
199,91999,0.9421873688697815,0.9441511631011963,,,
199,91999,,,0.5084273481038467,1.4122060537338257,0.5257942080497742
200,92049,0.6813126802444458,1.5347548723220825,,,
200,92099,0.4059797525405884,1.6042040586471558,,,
200,92149,0.46152010560035706,1.7730352878570557,,,
200,92199,0.853276252746582,0.7498557567596436,,,
200,92249,0.5296751856803894,1.6952784061431885,,,
200,92299,0.5752801299095154,1.23016357421875,,,
200,92349,0.5512452125549316,1.2715835571289062,,,
200,92399,0.70993572473526,1.2629785537719727,,,
200,92449,0.9861348271369934,0.9061906337738037,,,
200,92459,,,0.5599429115128449,1.2704185247421265,0.5903990268707275
201,92499,0.4546566903591156,1.4407286643981934,,,
201,92549,0.4838496744632721,2.446380853652954,,,
201,92599,0.6403594017028809,1.7144708633422852,,,
201,92649,0.9622467756271362,1.424291729927063,,,
201,92699,0.7506604790687561,1.300821304321289,,,
201,92749,0.6339991092681885,1.4134273529052734,,,
201,92799,0.716090202331543,0.7076176404953003,,,
201,92849,0.5075199604034424,1.2923710346221924,,,
201,92899,0.8548624515533447,1.0315980911254883,,,
201,92919,,,0.5723800462144896,1.2660108804702759,0.6855216026306152
202,92949,0.7422530055046082,0.7438257336616516,,,
202,92999,0.8775280117988586,0.7916412353515625,,,
202,93049,0.40337279438972473,1.5488533973693848,,,
202,93099,0.6153966784477234,1.6896467208862305,,,
202,93149,0.6486151814460754,1.1202396154403687,,,
202,93199,1.2446186542510986,0.8393237590789795,,,
202,93249,0.8468442559242249,1.324333667755127,,,
202,93299,0.8867717385292053,0.7855316400527954,,,
202,93349,1.0088857412338257,1.309581995010376,,,
202,93379,,,0.5318064428435504,1.2726622819900513,0.6270068287849426
203,93399,0.5265549421310425,1.6458806991577148,,,
203,93449,0.626880407333374,1.1027007102966309,,,
203,93499,0.6204519867897034,1.1664172410964966,,,
203,93549,0.6042628884315491,1.4325368404388428,,,
203,93599,0.6067793965339661,1.3871437311172485,,,
203,93649,0.921614944934845,1.3066489696502686,,,
203,93699,1.081071376800537,0.9152785539627075,,,
203,93749,0.8673496246337891,1.17073392868042,,,
203,93799,0.44510942697525024,1.1439015865325928,,,
203,93839,,,0.4802908794345521,1.4494366645812988,0.46234801411628723
204,93849,0.5816340446472168,0.7367833256721497,,,
204,93899,0.6890127658843994,1.512176513671875,,,
204,93949,0.6933303475379944,0.9466298818588257,,,
204,93999,0.7417727112770081,0.9427860975265503,,,
204,94049,1.0841484069824219,1.4553391933441162,,,
204,94099,0.5113708972930908,1.4099962711334229,,,
204,94149,0.8561163544654846,1.8306208848953247,,,
204,94199,0.8379790186882019,0.9289669394493103,,,
204,94249,0.7828030586242676,1.0592460632324219,,,
204,94299,0.6216007471084595,1.3540434837341309,,,
204,94299,,,0.5387386162838114,1.3382395505905151,0.5540396571159363
205,94349,0.7155019044876099,0.8703199625015259,,,
205,94399,0.8133969902992249,0.955205500125885,,,
205,94449,0.5613226294517517,1.3722379207611084,,,
205,94499,0.5909518003463745,1.5362904071807861,,,
205,94549,0.6365088224411011,1.1466662883758545,,,
205,94599,0.4496740400791168,1.7819945812225342,,,
205,94649,0.49881187081336975,1.9153083562850952,,,
205,94699,0.5142350196838379,0.8734051585197449,,,
205,94749,0.4518096148967743,0.7272435426712036,,,
205,94759,,,0.5125730596710616,1.377607822418213,0.5442527532577515
206,94799,1.1292935609817505,1.4787442684173584,,,
206,94849,0.6390280723571777,0.9149916172027588,,,
206,94899,0.8632780313491821,1.3120511770248413,,,
206,94949,0.7745276093482971,1.0324862003326416,,,
206,94999,0.7587895393371582,1.7608041763305664,,,
206,95049,0.6646392941474915,0.8855677843093872,,,
206,95099,1.2026288509368896,1.0972981452941895,,,
206,95149,0.7870545387268066,0.8380901217460632,,,
206,95199,0.42556190490722656,1.5220431089401245,,,
206,95219,,,0.5579040369715916,1.357365369796753,0.6685889363288879
207,95249,0.4392814636230469,1.2310166358947754,,,
207,95299,0.8743706941604614,1.3378574848175049,,,
207,95349,0.7603040933609009,1.0910637378692627,,,
207,95399,0.5521391034126282,0.8148698210716248,,,
207,95449,0.5801578760147095,1.7030888795852661,,,
207,95499,0.6197085380554199,1.0227925777435303,,,
207,95549,0.5548986792564392,1.4503982067108154,,,
207,95599,1.2326570749282837,0.8942966461181641,,,
207,95649,0.6120263934135437,1.6386258602142334,,,
207,95679,,,0.5727878211227403,1.3054964542388916,0.608579158782959
208,95699,0.7453843355178833,0.8667426109313965,,,
208,95749,0.486466646194458,1.028865098953247,,,
208,95799,0.879478931427002,0.7267143130302429,,,
208,95849,0.9728130102157593,0.8795055747032166,,,
208,95899,0.5017312169075012,1.9826862812042236,,,
208,95949,0.6922287940979004,2.137913703918457,,,
208,95999,0.8320026397705078,1.4538744688034058,,,
208,96049,0.4652567207813263,1.1869261264801025,,,
208,96099,0.7609654664993286,1.1859354972839355,,,
208,96139,,,0.6608672013048797,1.2315069437026978,0.7424015402793884
209,96149,0.4453243315219879,1.8821555376052856,,,
209,96199,0.7207897901535034,1.1056879758834839,,,
209,96249,0.7072807550430298,1.0094175338745117,,,
209,96299,0.9470140337944031,1.8010021448135376,,,
209,96349,0.7645124197006226,0.9896291494369507,,,
209,96399,1.2937779426574707,0.938062310218811,,,
209,96449,0.8967010974884033,1.3271169662475586,,,
209,96499,0.5968776345252991,0.9039026498794556,,,
209,96549,0.6922078728675842,1.1310385465621948,,,
209,96599,0.5012065768241882,1.0199956893920898,,,
209,96599,,,0.5859045806714693,1.2347126007080078,0.5719957947731018
210,96649,0.44700056314468384,1.4052834510803223,,,
210,96699,0.4500998258590698,1.3322780132293701,,,
210,96749,0.6464289426803589,0.9009989500045776,,,
210,96799,0.6650401949882507,1.267919659614563,,,
210,96849,0.6309719085693359,1.023637294769287,,,
210,96899,0.5028208494186401,1.1317970752716064,,,
210,96949,0.6893836259841919,1.804758071899414,,,
210,96999,0.7389026880264282,1.0059651136398315,,,
210,97049,0.9967843294143677,1.8877489566802979,,,
210,97059,,,0.5901182547233926,1.3101357221603394,0.5304389595985413
211,97099,0.5121433734893799,1.9163172245025635,,,
211,97149,1.1302008628845215,1.8897051811218262,,,
211,97199,0.8598325252532959,1.268722414970398,,,
211,97249,0.48471593856811523,1.2633051872253418,,,
211,97299,0.720677375793457,1.0001388788223267,,,
211,97349,0.9153949618339539,0.8774029612541199,,,
211,97399,0.7001242637634277,0.9975333213806152,,,
211,97449,0.7963898181915283,1.0923172235488892,,,
211,97499,1.0507992506027222,0.8476547002792358,,,
211,97519,,,0.62206062253636,1.3161516189575195,0.6002141237258911
212,97549,1.2904973030090332,0.8344446420669556,,,
212,97599,0.7586169838905334,1.189011812210083,,,
212,97649,0.7337580919265747,1.1752080917358398,,,
212,97699,0.6300218105316162,0.9695442318916321,,,
212,97749,0.5853331089019775,1.4773801565170288,,,
212,97799,0.545034646987915,1.3025013208389282,,,
212,97849,0.7364041805267334,1.6122775077819824,,,
212,97899,0.5013456344604492,1.9152092933654785,,,
212,97949,0.36934444308280945,1.4399741888046265,,,
212,97979,,,0.6249150468941145,1.2711799144744873,0.708355188369751
213,97999,0.6667132377624512,1.49788236618042,,,
213,98049,0.5923718214035034,1.3341100215911865,,,
213,98099,0.6899306774139404,1.1531555652618408,,,
213,98149,0.5295458436012268,1.7896023988723755,,,
213,98199,0.7286201119422913,0.8414382338523865,,,
213,98249,0.6550357341766357,1.671629786491394,,,
213,98299,0.8184086680412292,1.943897008895874,,,
213,98349,0.6081018447875977,1.675142526626587,,,
213,98399,0.9011684060096741,0.9813569784164429,,,
213,98439,,,0.6118662498300937,1.3165069818496704,0.5803802609443665
214,98449,0.552850067615509,1.3313816785812378,,,
214,98499,0.49100226163864136,1.704168438911438,,,
214,98549,0.4126639664173126,1.0627577304840088,,,
214,98599,0.6514096856117249,2.011927604675293,,,
214,98649,0.8454309701919556,1.2631547451019287,,,
214,98699,0.7271106243133545,1.6718535423278809,,,
214,98749,0.7712289690971375,1.3860281705856323,,,
214,98799,0.9163315296173096,1.1015836000442505,,,
214,98849,0.6970301866531372,1.078200340270996,,,
214,98899,0.6883015632629395,1.0827414989471436,,,
214,98899,,,0.5333695799918445,1.3168790340423584,0.5354858040809631
215,98949,0.572459876537323,1.1571292877197266,,,
215,98999,0.7132459878921509,1.7078542709350586,,,
215,99049,0.5310817360877991,1.3408154249191284,,,
215,99099,0.8096123337745667,1.2907739877700806,,,
215,99149,0.5510580539703369,1.2009176015853882,,,
215,99199,0.7608186602592468,1.5033258199691772,,,
215,99249,0.7157907485961914,1.8236758708953857,,,
215,99299,0.7249499559402466,1.0883233547210693,,,
215,99349,0.5050182342529297,1.036665916442871,,,
215,99359,,,0.5091069729509311,1.3868895769119263,0.4764331579208374
216,99399,0.6951671838760376,0.9807771444320679,,,
216,99449,0.6493558883666992,2.1937661170959473,,,
216,99499,0.5507202744483948,1.1630029678344727,,,
216,99549,0.46895450353622437,1.1126279830932617,,,
216,99599,0.4420934319496155,1.8854553699493408,,,
216,99649,0.4323999285697937,2.25112247467041,,,
216,99699,0.3691156506538391,1.4018261432647705,,,
216,99749,0.7008813619613647,1.3501535654067993,,,
216,99799,0.8124541640281677,1.2018308639526367,,,
216,99819,,,0.5603506864210955,1.2716467380523682,0.5656341314315796
217,99849,0.47700050473213196,1.2997283935546875,,,
217,99899,1.0715689659118652,1.538015365600586,,,
217,99949,1.4023323059082031,0.6395502686500549,,,
217,99999,0.7417042851448059,1.3909614086151123,,,
217,100049,1.104271411895752,0.8864676356315613,,,
217,100099,0.6968446373939514,1.8915119171142578,,,
217,100149,0.648213267326355,1.6112226247787476,,,
217,100199,0.6863454580307007,0.8272815346717834,,,
217,100249,0.6540200710296631,0.8025346994400024,,,
217,100279,,,0.6781976349055322,1.1830906867980957,0.694512665271759
218,100299,0.604244589805603,1.309071660041809,,,
218,100349,0.4599100947380066,1.2099065780639648,,,
218,100399,0.8464652299880981,0.8309658765792847,,,
218,100449,0.8510693311691284,0.8570795655250549,,,
218,100499,1.0550549030303955,1.134415626525879,,,
218,100549,0.8724815845489502,1.3639217615127563,,,
218,100599,0.6704537272453308,1.0277714729309082,,,
218,100649,0.6728956699371338,2.0381522178649902,,,
218,100699,0.6869951486587524,1.46492600440979,,,
218,100739,,,0.6109147750441756,1.251599669456482,0.6294715404510498
219,100749,0.7311722040176392,1.635551929473877,,,
219,100799,0.8799833059310913,0.8936439752578735,,,
219,100849,1.0305521488189697,1.194067358970642,,,
219,100899,0.9719690084457397,1.0870957374572754,,,
219,100949,0.533543586730957,0.9142457246780396,,,
219,100999,0.47734856605529785,1.0307066440582275,,,
219,101049,0.5305227637290955,1.3624043464660645,,,
219,101099,0.580706000328064,1.146874189376831,,,
219,101149,0.5310217142105103,1.6476306915283203,,,
219,101199,0.4775622487068176,2.2759246826171875,,,
219,101199,,,0.5963028408318608,1.1527925729751587,0.945406436920166
220,101249,0.5749067068099976,1.2741090059280396,,,
220,101299,0.662176251411438,1.4301398992538452,,,
220,101349,1.0095138549804688,1.1556670665740967,,,
220,101399,0.7890172600746155,1.0830967426300049,,,
220,101449,0.7150693535804749,0.9917415380477905,,,
220,101499,0.8291456699371338,1.1774568557739258,,,
220,101549,0.8045793175697327,1.3343926668167114,,,
220,101599,0.6708216667175293,1.5262336730957031,,,
220,101649,0.9480039477348328,0.9048560857772827,,,
220,101659,,,0.556408862308006,1.3215885162353516,0.6017394661903381
221,101699,0.951026439666748,1.3394429683685303,,,
221,101749,0.6359519958496094,1.7125358581542969,,,
221,101799,0.7778390645980835,1.5072145462036133,,,
221,101849,0.6496913433074951,1.6666549444198608,,,
221,101899,0.8276294469833374,1.0863515138626099,,,
221,101949,0.618134617805481,1.3464009761810303,,,
221,101999,0.6070272326469421,1.7471563816070557,,,
221,102049,0.7473574876785278,1.4832167625427246,,,
221,102099,0.5765751600265503,1.4747612476348877,,,
221,102119,,,0.5284083186081283,1.3701038360595703,0.5652285218238831
222,102149,0.6902648210525513,1.8372708559036255,,,
222,102199,0.6210813522338867,1.2407516241073608,,,
222,102249,0.8492610454559326,1.1633341312408447,,,
222,102299,0.6623951196670532,1.3229860067367554,,,
222,102349,0.9017676115036011,1.3091721534729004,,,
222,102399,0.7422183752059937,1.5273101329803467,,,
222,102449,0.7543373107910156,1.2834014892578125,,,
222,102499,0.3979145288467407,1.704071283340454,,,
222,102549,0.4021909236907959,1.7203831672668457,,,
222,102579,,,0.5536903629196683,1.3484227657318115,0.5188546180725098
223,102599,0.5762729048728943,1.682018518447876,,,
223,102649,0.8430649042129517,1.1556267738342285,,,
223,102699,0.8585448861122131,0.6766884922981262,,,
223,102749,0.8490670919418335,0.8810895085334778,,,
223,102799,1.135824203491211,0.7751054167747498,,,
223,102849,0.6821418404579163,1.0817859172821045,,,
223,102899,0.6802496910095215,1.2546519041061401,,,
223,102949,0.469740629196167,1.0952852964401245,,,
223,102999,0.642510712146759,1.294795036315918,,,
223,103039,,,0.6096914503194237,1.29923677444458,0.6349636316299438
224,103049,0.4678148329257965,1.211348056793213,,,
224,103099,0.55699223279953,1.6583688259124756,,,
224,103149,0.735706627368927,1.090151309967041,,,
224,103199,0.773414671421051,0.9107636213302612,,,
224,103249,0.6588228940963745,0.8331823348999023,,,
224,103299,0.8565750122070312,1.4190350770950317,,,
224,103349,0.6157602071762085,1.6875289678573608,,,
224,103399,0.7471597194671631,1.3547204732894897,,,
224,103449,0.37303465604782104,1.3017604351043701,,,
224,103499,0.8198785781860352,1.2869720458984375,,,
224,103499,,,0.5642925105341852,1.2638094425201416,0.657135009765625
225,103549,0.924534261226654,0.9505006074905396,,,
225,103599,0.6395490765571594,0.8685301542282104,,,
225,103649,0.6704317331314087,1.5002405643463135,,,
225,103699,0.777576208114624,0.8276162147521973,,,
225,103749,1.0283621549606323,1.440711259841919,,,
225,103799,0.762809693813324,2.207611560821533,,,
225,103849,0.5645732879638672,1.2036939859390259,,,
225,103899,0.6034336686134338,1.0737125873565674,,,
225,103949,0.940998911857605,1.452723503112793,,,
225,103959,,,0.6335462824520864,1.2232625484466553,0.7381249070167542
226,103999,0.7629361748695374,0.8583328723907471,,,
226,104049,0.4598676562309265,1.4854159355163574,,,
226,104099,0.5786589980125427,2.2020764350891113,,,
226,104149,0.5151808261871338,1.3773958683013916,,,
226,104199,0.860851526260376,1.3205968141555786,,,
226,104249,0.7541483640670776,0.890228807926178,,,
226,104299,0.6687050461769104,1.7052099704742432,,,
226,104349,0.6938567161560059,0.8810351490974426,,,
226,104399,0.8176501989364624,1.5341705083847046,,,
226,104419,,,0.6474785918173168,1.2768665552139282,0.6688506603240967
227,104449,0.4964603781700134,1.0595471858978271,,,
227,104499,0.8051725625991821,1.1041650772094727,,,
227,104549,0.587777853012085,1.2815905809402466,,,
227,104599,0.9196406602859497,0.7983247637748718,,,
227,104649,0.8842397928237915,0.7929970026016235,,,
227,104699,0.8664697408676147,1.4491705894470215,,,
227,104749,1.1074988842010498,1.3751634359359741,,,
227,104799,0.46361085772514343,1.4474859237670898,,,
227,104849,0.7768372297286987,1.032244324684143,,,
227,104879,,,0.48511621584885145,1.5667320489883423,0.3630903959274292
228,104899,0.47531795501708984,1.9345892667770386,,,
228,104949,0.7265262603759766,1.3311253786087036,,,
228,104999,0.5207678079605103,1.273974061012268,,,
228,105049,0.872706413269043,1.005077600479126,,,
228,105099,0.896844744682312,1.8262684345245361,,,
228,105149,0.7048901319503784,1.4974594116210938,,,
228,105199,0.9848207831382751,1.3582298755645752,,,
228,105249,0.7175894975662231,1.3235334157943726,,,
228,105299,0.6517786979675293,1.1760687828063965,,,
228,105339,,,0.49429115128449097,1.3758528232574463,0.6249183416366577
229,105349,0.5676719546318054,2.1797709465026855,,,
229,105399,0.49675023555755615,1.034065842628479,,,
229,105449,0.7008326053619385,1.4270298480987549,,,
229,105499,0.5905980467796326,1.0882550477981567,,,
229,105549,0.5041733980178833,1.2654894590377808,,,
229,105599,0.7600274085998535,1.2448699474334717,,,
229,105649,0.4094994068145752,1.2142046689987183,,,
229,105699,0.4485979378223419,1.4199587106704712,,,
229,105749,0.5821892619132996,1.290515422821045,,,
229,105799,0.7086055874824524,1.091894268989563,,,
229,105799,,,0.59895337773549,1.281284213066101,0.5696359276771545
230,105849,0.7422360181808472,1.3683984279632568,,,
230,105899,0.8459649085998535,1.0334057807922363,,,
230,105949,0.9434559941291809,0.6083444356918335,,,
230,105999,0.9882094860076904,1.475109577178955,,,
230,106049,0.6015638709068298,1.133824348449707,,,
230,106099,0.6632329821586609,0.7519782781600952,,,
230,106149,0.6623252630233765,1.6232631206512451,,,
230,106199,0.7740243673324585,1.074057698249817,,,
230,106249,0.7135055065155029,0.85978102684021,,,
230,106259,,,0.6281092836754112,1.2490876913070679,0.7584353685379028
231,106299,0.5608601570129395,1.4553179740905762,,,
231,106349,1.0453335046768188,0.8335781097412109,,,
231,106399,0.48489075899124146,1.5221850872039795,,,
231,106449,0.4225305914878845,1.4672507047653198,,,
231,106499,0.5523949265480042,1.339952826499939,,,
231,106549,0.5488215088844299,1.6886720657348633,,,
231,106599,0.444133996963501,1.3879668712615967,,,
231,106649,0.9040829539299011,1.2697453498840332,,,
231,106699,0.6825219392776489,1.5666134357452393,,,
231,106719,,,0.5223596574690771,1.4515068531036377,0.4778825342655182
232,106749,0.5213418006896973,1.7024906873703003,,,
232,106799,0.5814763307571411,1.4557868242263794,,,
232,106849,0.6422750353813171,1.1411978006362915,,,
232,106899,0.5110280513763428,1.7671256065368652,,,
232,106949,0.769439697265625,0.6837457418441772,,,
232,106999,0.5671412944793701,1.572512149810791,,,
232,107049,0.6865844130516052,1.5678502321243286,,,
232,107099,0.9229736328125,1.3816159963607788,,,
232,107149,0.5184735059738159,1.2259609699249268,,,
232,107179,,,0.8581622944134838,1.0310736894607544,1.0399587154388428
233,107199,0.9707137942314148,0.8845585584640503,,,
233,107249,0.7140348553657532,0.9821077585220337,,,
233,107299,0.9882796406745911,1.0967930555343628,,,
233,107349,0.8175036907196045,1.3921747207641602,,,
233,107399,0.6216678619384766,2.194520950317383,,,
233,107449,0.5140959024429321,1.2183258533477783,,,
233,107499,0.6702659726142883,1.0769994258880615,,,
233,107549,0.8534637093544006,1.1189831495285034,,,
233,107599,0.783961832523346,0.9442532062530518,,,
233,107639,,,0.5257577817044992,1.3608068227767944,0.45855656266212463
234,107649,0.7832119464874268,1.5914978981018066,,,
234,107699,0.7147089242935181,2.4160537719726562,,,
234,107749,0.4858260750770569,1.6795928478240967,,,
234,107799,0.49059516191482544,1.527653694152832,,,
234,107849,0.620631754398346,1.209732174873352,,,
234,107899,0.8101834058761597,1.3024370670318604,,,
234,107949,0.83277428150177,1.231949806213379,,,
234,107999,0.788893461227417,1.1224608421325684,,,
234,108049,0.8637740612030029,0.8145509958267212,,,
234,108099,0.825074315071106,1.3104474544525146,,,
234,108099,,,0.5049612613837162,1.404971718788147,0.5865316390991211
235,108149,0.7559958100318909,1.7036484479904175,,,
235,108199,0.9278205633163452,0.9109407663345337,,,
235,108249,0.4545591175556183,1.2254688739776611,,,
235,108299,0.7241628170013428,1.1335179805755615,,,
235,108349,0.680842399597168,1.5543951988220215,,,
235,108399,1.0032936334609985,0.7923961281776428,,,
235,108449,0.7507879734039307,1.3934913873672485,,,
235,108499,0.7110975980758667,1.2532422542572021,,,
235,108549,0.8778474926948547,1.070220708847046,,,
235,108559,,,0.5131167595487292,1.4181010723114014,0.4915437698364258
236,108599,0.6897181272506714,0.7774758338928223,,,
236,108649,1.514336109161377,0.6747890710830688,,,
236,108699,0.5962791442871094,1.434780240058899,,,
236,108749,0.44436195492744446,1.8116272687911987,,,
236,108799,0.5942072868347168,1.8725765943527222,,,
236,108849,0.446868896484375,0.9464522004127502,,,
236,108899,0.7591791152954102,1.3463371992111206,,,
236,108949,0.6266818642616272,1.2947728633880615,,,
236,108999,0.5023252964019775,1.4340136051177979,,,
236,109019,,,0.5736713334239499,1.2449036836624146,0.6897178292274475
237,109049,1.0675005912780762,1.8785415887832642,,,
237,109099,0.5470418334007263,1.277482509613037,,,
237,109149,0.7084305882453918,1.3244695663452148,,,
237,109199,1.1535080671310425,0.9807271957397461,,,
237,109249,0.5672355890274048,1.3409061431884766,,,
237,109299,0.7879673838615417,1.3595741987228394,,,
237,109349,0.6498197317123413,1.058334469795227,,,
237,109399,0.6073837280273438,0.9497743844985962,,,
237,109449,0.8538057804107666,1.1953465938568115,,,
237,109479,,,0.5409813782791899,1.2897945642471313,0.6159082055091858
238,109499,0.44800513982772827,1.3335306644439697,,,
238,109549,0.7037033438682556,0.9417572021484375,,,
238,109599,0.6986536979675293,1.1575093269348145,,,
238,109649,0.6065163612365723,1.2856099605560303,,,
238,109699,0.7325484156608582,1.359282374382019,,,
238,109749,0.8725172877311707,1.5787559747695923,,,
238,109799,0.8944984078407288,1.2970213890075684,,,
238,109849,1.0283727645874023,0.9479314088821411,,,
238,109899,0.624161958694458,1.211458444595337,,,
238,109939,,,0.5558651624303385,1.3161026239395142,0.5524539947509766
239,109949,0.7371507287025452,0.9336500763893127,,,
239,109999,0.3597923815250397,1.3837438821792603,,,
239,110049,0.46366164088249207,1.4502193927764893,,,
239,110099,0.5083611011505127,1.1232270002365112,,,
239,110149,0.7438914775848389,1.4943594932556152,,,
239,110199,0.7785840034484863,1.5879502296447754,,,
239,110249,0.4272683262825012,1.090638279914856,,,
239,110299,0.6041689515113831,1.2079441547393799,,,
239,110349,0.46198397874832153,1.0581210851669312,,,
239,110399,0.8991438150405884,1.142284631729126,,,
239,110399,,,0.6258665216800327,1.3391644954681396,0.7192047834396362
240,110449,0.6033379435539246,1.6742238998413086,,,
240,110499,1.0313489437103271,1.193188190460205,,,
240,110549,0.5950368642807007,0.8715916872024536,,,
240,110599,0.8656358122825623,1.1792634725570679,,,
240,110649,0.8511054515838623,1.7135334014892578,,,
240,110699,0.9204916954040527,0.6097011566162109,,,
240,110749,0.6772053241729736,1.0571632385253906,,,
240,110799,0.5972394943237305,1.0648348331451416,,,
240,110849,0.698728084564209,1.6065280437469482,,,
240,110859,,,0.5873997553350551,1.2562601566314697,0.6318381428718567
241,110899,0.8814688920974731,0.7742129564285278,,,
241,110949,0.5364460945129395,1.0484833717346191,,,
241,110999,0.9745503067970276,1.2197234630584717,,,
241,111049,0.6777850389480591,1.424354076385498,,,
241,111099,0.7891113758087158,1.1045559644699097,,,
241,111149,0.6265642642974854,1.7110496759414673,,,
241,111199,0.4492573142051697,2.026763916015625,,,
241,111249,1.0120340585708618,0.9095089435577393,,,
241,111299,1.2036069631576538,1.8876616954803467,,,
241,111319,,,0.5326899551447601,1.3368984460830688,0.5134730935096741
242,111349,0.5341354608535767,0.5874228477478027,,,
242,111399,0.5688070058822632,1.4423043727874756,,,
242,111449,0.7903625965118408,1.139671802520752,,,
242,111499,0.8366084098815918,1.2989566326141357,,,
242,111549,0.8623942136764526,1.100537896156311,,,
242,111599,0.8415387272834778,1.1039602756500244,,,
242,111649,1.23801589012146,2.248673677444458,,,
242,111699,0.39181315898895264,1.6926474571228027,,,
242,111749,0.6173874139785767,1.5819077491760254,,,
242,111779,,,0.5395541661003126,1.2955148220062256,0.549542248249054
243,111799,0.715059220790863,0.9491627216339111,,,
243,111849,0.748262882232666,1.0660290718078613,,,
243,111899,0.4084168076515198,1.8865587711334229,,,
243,111949,0.6150445342063904,1.3421614170074463,,,
243,111999,0.5762489438056946,1.1651300191879272,,,
243,112049,0.4813711643218994,1.116029977798462,,,
243,112099,0.9266180992126465,1.184598684310913,,,
243,112149,0.6468070149421692,1.0348843336105347,,,
243,112199,0.9419834613800049,1.2780933380126953,,,
243,112239,,,0.6025553894250374,1.2579032182693481,0.6820225715637207
244,112249,0.7135270237922668,0.9000020027160645,,,
244,112299,0.544806718826294,1.1767749786376953,,,
244,112349,0.4548184275627136,1.1806511878967285,,,
244,112399,0.6762282848358154,1.4291057586669922,,,
244,112449,0.5101709365844727,1.5689647197723389,,,
244,112499,0.779825747013092,0.9780471324920654,,,
244,112549,0.7000750303268433,2.0590853691101074,,,
244,112599,0.9858009815216064,1.1759566068649292,,,
244,112649,0.3967180848121643,1.5596379041671753,,,
244,112699,0.7942409515380859,0.9457094669342041,,,
244,112699,,,0.5330297675683023,1.3707307577133179,0.4603998064994812
245,112749,0.6608262062072754,1.1255967617034912,,,
245,112799,0.45891937613487244,1.6907849311828613,,,
245,112849,0.7771407961845398,0.8578981161117554,,,
245,112899,0.8300020694732666,1.4958969354629517,,,
245,112949,0.6818629503250122,1.694181203842163,,,
245,112999,0.7043665647506714,1.6058166027069092,,,
245,113049,0.6424534916877747,0.9920955896377563,,,
245,113099,0.6424112915992737,1.3836205005645752,,,
245,113149,0.4819064140319824,1.7087287902832031,,,
245,113159,,,0.5222916949843687,1.352239966392517,0.5745033621788025
246,113199,0.9364768266677856,1.9427223205566406,,,
246,113249,0.5189007520675659,1.4761724472045898,,,
246,113299,0.5752297639846802,0.8622478246688843,,,
246,113349,0.4285638928413391,2.351776123046875,,,
246,113399,0.770598828792572,1.1211774349212646,,,
246,113449,0.46775007247924805,1.8424369096755981,,,
246,113499,0.6694653034210205,1.618000864982605,,,
246,113549,0.506165623664856,1.1604743003845215,,,
246,113599,0.469312459230423,2.161669969558716,,,
246,113619,,,0.46601875764577955,1.3776957988739014,0.5792945623397827
247,113649,0.6399328708648682,1.463301658630371,,,
247,113699,0.9023181200027466,2.154845952987671,,,
247,113749,0.7147548794746399,1.2952080965042114,,,
247,113799,0.5675897598266602,1.2928696870803833,,,
247,113849,0.38875627517700195,2.465027093887329,,,
247,113899,0.6129096746444702,0.9137310981750488,,,
247,113949,0.7205983400344849,1.1089122295379639,,,
247,113999,0.5065523982048035,1.1498973369598389,,,
247,114049,0.801756739616394,1.5436656475067139,,,
247,114079,,,0.5510398260160392,1.2981446981430054,0.5599644780158997
248,114099,0.597143292427063,1.67064368724823,,,
248,114149,0.7339599132537842,1.581164836883545,,,
248,114199,0.7866338491439819,0.7533509731292725,,,
248,114249,0.9306858777999878,0.9263536334037781,,,
248,114299,0.41818612813949585,2.067060947418213,,,
248,114349,0.4372851252555847,1.2383160591125488,,,
248,114399,0.605713963508606,1.8478748798370361,,,
248,114449,0.9691755175590515,0.8103898763656616,,,
248,114499,0.7919880151748657,2.0676798820495605,,,
248,114539,,,0.6733043360065244,1.2003644704818726,0.7713093757629395
249,114549,0.7965353727340698,1.2416012287139893,,,
249,114599,0.6423007249832153,0.9127998948097229,,,
249,114649,0.64286869764328,1.072556734085083,,,
249,114699,0.6840312480926514,1.132650375366211,,,
249,114749,0.5502446293830872,1.8186391592025757,,,
249,114799,0.896438717842102,1.0855433940887451,,,
249,114849,0.715978741645813,1.253058671951294,,,
249,114899,0.4950551986694336,1.4996581077575684,,,
249,114949,0.4745977520942688,1.6580978631973267,,,
249,114999,0.7796009182929993,1.3689324855804443,,,
249,114999,,,0.5737392959086585,1.2670574188232422,0.5762194395065308
250,115049,0.5341650247573853,1.202420949935913,,,
250,115099,0.7759552597999573,1.0958510637283325,,,
250,115149,0.5878087878227234,1.0945334434509277,,,
250,115199,0.4292469024658203,2.620217800140381,,,
250,115249,0.8263824582099915,1.7468762397766113,,,
250,115299,0.7292414903640747,1.0747098922729492,,,
250,115349,0.9383119940757751,0.9372780323028564,,,
250,115399,0.6725939512252808,1.446263313293457,,,
250,115449,0.4811912477016449,1.4385756254196167,,,
250,115459,,,0.5840695935843414,1.3511078357696533,0.6173616647720337
251,115499,0.6829578876495361,1.2506638765335083,,,
251,115549,0.5838496685028076,1.9647815227508545,,,
251,115599,0.7075351476669312,1.466082215309143,,,
251,115649,0.49622392654418945,1.8739793300628662,,,
251,115699,0.9053537249565125,1.1985280513763428,,,
251,115749,0.7215555906295776,1.150587558746338,,,
251,115799,0.6748042702674866,1.2160300016403198,,,
251,115849,0.9247409701347351,0.9793520569801331,,,
251,115899,0.5250133275985718,2.5024588108062744,,,
251,115919,,,0.5246024194644556,1.4369179010391235,0.4173828363418579
252,115949,0.9625766277313232,2.0886237621307373,,,
252,115999,0.6076985001564026,1.06659996509552,,,
252,116049,0.7246736884117126,1.3864707946777344,,,
252,116099,0.6726253032684326,1.3327093124389648,,,
252,116149,0.942954957485199,1.3694308996200562,,,
252,116199,0.7524524927139282,1.137601613998413,,,
252,116249,0.3970503807067871,1.1701009273529053,,,
252,116299,0.826728105545044,0.8163192272186279,,,
252,116349,0.5891448855400085,1.0205988883972168,,,
252,116379,,,0.5920891667799375,1.2807835340499878,0.6282123327255249
253,116399,0.5978675484657288,1.2721580266952515,,,
253,116449,0.3851734697818756,1.6147713661193848,,,
253,116499,0.8426299095153809,1.5584996938705444,,,
253,116549,0.806395411491394,2.0109944343566895,,,
253,116599,0.7032173275947571,1.7684062719345093,,,
253,116649,0.7855901718139648,2.5238382816314697,,,
253,116699,0.9191209673881531,1.1472578048706055,,,
253,116749,0.8721116781234741,1.4681679010391235,,,
253,116799,0.6836592555046082,0.8652772307395935,,,
253,116839,,,0.47967921707217615,1.432013750076294,0.5032472610473633
254,116849,0.6835757493972778,1.0125577449798584,,,
254,116899,0.6970975399017334,1.9165244102478027,,,
254,116949,0.7527622580528259,1.1337592601776123,,,
254,116999,0.6138467788696289,1.3545674085617065,,,
254,117049,0.8694697618484497,0.7102479934692383,,,
254,117099,0.8415334224700928,1.3437376022338867,,,
254,117149,0.7553137540817261,0.9084187746047974,,,
254,117199,0.5670281648635864,1.7270280122756958,,,
254,117249,0.48610919713974,1.5858399868011475,,,
254,117299,0.41294747591018677,1.1685792207717896,,,
254,117299,,,0.5718363463368221,1.3141241073608398,0.5286777019500732
255,117349,0.8668078780174255,1.2905864715576172,,,
255,117399,0.5240724682807922,1.3909400701522827,,,
255,117449,0.7279954552650452,1.0569262504577637,,,
255,117499,1.1151338815689087,0.7370748519897461,,,
255,117549,0.4092975854873657,1.7421716451644897,,,
255,117599,0.6992499828338623,1.0871655941009521,,,
255,117649,0.6480253338813782,1.4088354110717773,,,
255,117699,0.6234123706817627,1.7163445949554443,,,
255,117749,0.6099430322647095,1.739256501197815,,,
255,117759,,,0.6481582166644012,1.2642340660095215,0.7540402412414551
256,117799,0.8165088891983032,1.8396248817443848,,,
256,117849,0.9480657577514648,1.4069230556488037,,,
256,117899,0.5584774613380432,1.522128701210022,,,
256,117949,0.6613743901252747,1.8226616382598877,,,
256,117999,0.8263226747512817,0.8989319801330566,,,
256,118049,0.7274396419525146,1.9538946151733398,,,
256,118099,0.654850423336029,1.438810110092163,,,
256,118149,0.250419944524765,1.4776322841644287,,,
256,118199,0.4939313530921936,0.9016029834747314,,,
256,118219,,,0.5806035068642109,1.29390549659729,0.5261569023132324
257,118249,0.6450415849685669,1.2395230531692505,,,
257,118299,0.8148251175880432,0.7168943285942078,,,
257,118349,0.9428693652153015,1.2648531198501587,,,
257,118399,0.4555884599685669,0.8193094730377197,,,
257,118449,0.6343788504600525,1.6878540515899658,,,
257,118499,0.6207962036132812,1.1529024839401245,,,
257,118549,1.1897802352905273,1.0237398147583008,,,
257,118599,0.5337345600128174,1.55804443359375,,,
257,118649,0.7247137427330017,1.0538746118545532,,,
257,118679,,,0.582914231344298,1.2495774030685425,0.630440354347229
258,118699,0.5139611959457397,1.04213285446167,,,
258,118749,0.43035048246383667,1.7048280239105225,,,
258,118799,0.44498544931411743,2.8161420822143555,,,
258,118849,0.8734322786331177,1.1343647241592407,,,
258,118899,0.6297536492347717,1.168007493019104,,,
258,118949,0.653226375579834,1.4746612310409546,,,
258,118999,0.5983283519744873,1.3234636783599854,,,
258,119049,0.5891131162643433,1.3613369464874268,,,
258,119099,0.5871296525001526,1.3218679428100586,,,
258,119139,,,0.6122740247383445,1.2383830547332764,0.785195529460907
259,119149,1.3384898900985718,1.2980303764343262,,,
259,119199,0.4738032817840576,1.525015115737915,,,
259,119249,0.5818526744842529,1.6127243041992188,,,
259,119299,0.5191704034805298,1.5977694988250732,,,
259,119349,0.8670008182525635,1.5914361476898193,,,
259,119399,0.6064966917037964,1.0135130882263184,,,
259,119449,0.549172580242157,1.235532522201538,,,
259,119499,0.47587305307388306,2.086516857147217,,,
259,119549,0.46138760447502136,1.641106367111206,,,
259,119599,0.6384366750717163,1.4529250860214233,,,
259,119599,,,0.6136332744325133,1.2429572343826294,0.6351060271263123
260,119649,0.4888315796852112,2.5651237964630127,,,
260,119699,0.8437959551811218,1.3260865211486816,,,
260,119749,0.7237632274627686,0.6377555131912231,,,
260,119799,0.8327500820159912,0.8833271265029907,,,
260,119849,0.4355476498603821,0.8712902069091797,,,
260,119899,0.7846177220344543,1.0194675922393799,,,
260,119949,0.618065357208252,1.28151535987854,,,
260,119999,0.6555602550506592,1.253236174583435,,,
260,120049,0.6908460855484009,1.3388864994049072,,,
260,120059,,,0.5787685197770831,1.3122682571411133,0.56526118516922
261,120099,0.5369568467140198,1.5499416589736938,,,
261,120149,0.571099042892456,1.65983247756958,,,
261,120199,0.7240534424781799,1.0283805131912231,,,
261,120249,0.7882833480834961,1.6145727634429932,,,
261,120299,1.0183162689208984,1.3398034572601318,,,
261,120349,0.7503347992897034,1.3913617134094238,,,
261,120399,0.5330232381820679,1.480804204940796,,,
261,120449,0.5860137939453125,1.3386361598968506,,,
261,120499,0.6133610606193542,0.9606335759162903,,,
261,120519,,,0.49184450183498707,1.2673970460891724,0.8546488881111145
262,120549,0.7862303256988525,0.9066067934036255,,,
262,120599,0.5973726511001587,1.2900304794311523,,,
262,120649,0.3775509297847748,1.7481458187103271,,,
262,120699,0.5739908814430237,1.4228053092956543,,,
262,120749,0.5751328468322754,0.9014043211936951,,,
262,120799,1.0676138401031494,1.6187100410461426,,,
262,120849,0.9337605237960815,0.9872919321060181,,,
262,120899,0.6993123292922974,1.2701388597488403,,,
262,120949,0.8102568984031677,1.6894440650939941,,,
262,120979,,,0.660459426396629,1.2037299871444702,0.7768948674201965
263,120999,0.7083998918533325,1.5503859519958496,,,
263,121049,0.7910982966423035,1.4518003463745117,,,
263,121099,0.5313482284545898,1.8621710538864136,,,
263,121149,0.516187846660614,1.6865137815475464,,,
263,121199,0.6607089638710022,2.012214183807373,,,
263,121249,0.4433383345603943,1.3407633304595947,,,
263,121299,0.8979171514511108,2.5695712566375732,,,
263,121349,1.046176552772522,1.0478612184524536,,,
263,121399,1.0361700057983398,1.2092006206512451,,,
263,121439,,,0.5910697295093109,1.3767726421356201,0.6755134463310242
264,121449,0.4484456777572632,1.5560588836669922,,,
264,121499,0.6609394550323486,1.893784523010254,,,
264,121549,0.711799681186676,1.1649973392486572,,,
264,121599,1.034341812133789,1.1521178483963013,,,
264,121649,0.7113345861434937,1.2131621837615967,,,
264,121699,0.5719011425971985,0.760910153388977,,,
264,121749,0.6185712814331055,1.5907008647918701,,,
264,121799,0.5711093544960022,1.1619110107421875,,,
264,121849,0.6458304524421692,1.0439260005950928,,,
264,121899,0.6525087356567383,1.1703063249588013,,,
264,121899,,,0.6691586244393095,1.2250159978866577,0.813467264175415
265,121949,0.6626408696174622,1.910038948059082,,,
265,121999,0.6297985315322876,2.02297043800354,,,
265,122049,0.5139846205711365,1.7368497848510742,,,
265,122099,0.5810756087303162,1.6706398725509644,,,
265,122149,0.26404255628585815,1.083178162574768,,,
265,122199,0.98272705078125,0.9007476568222046,,,
265,122249,0.9636828899383545,2.4684863090515137,,,
265,122299,0.6387938261032104,1.3079532384872437,,,
265,122349,0.6343581676483154,1.290856122970581,,,
265,122359,,,0.5248742694032894,1.3288415670394897,0.5707792043685913
266,122399,0.6329445838928223,1.1916069984436035,,,
266,122449,0.5644533038139343,1.3760329484939575,,,
266,122499,0.8554617166519165,0.9571269750595093,,,
266,122549,0.6276342272758484,1.2514302730560303,,,
266,122599,0.664535403251648,1.0855398178100586,,,
266,122649,0.5526456236839294,1.6485068798065186,,,
266,122699,0.7375612854957581,1.5330580472946167,,,
266,122749,0.9178180694580078,1.6169214248657227,,,
266,122799,0.6805572509765625,1.1810880899429321,,,
266,122819,,,0.5795840695935843,1.200957179069519,0.6064997911453247
267,122849,0.6190831661224365,1.393608808517456,,,
267,122899,0.4798537492752075,1.1296851634979248,,,
267,122949,0.8689771294593811,0.669858455657959,,,
267,122999,0.7598315477371216,1.6247131824493408,,,
267,123049,0.7897295951843262,1.8242026567459106,,,
267,123099,0.5860625505447388,1.2037674188613892,,,
267,123149,0.33119070529937744,1.3026820421218872,,,
267,123199,0.5890120267868042,1.5099077224731445,,,
267,123249,0.5724436044692993,0.833551287651062,,,
267,123279,,,0.5009514747859182,1.4367016553878784,0.5172989964485168
268,123299,0.9136525988578796,1.1234526634216309,,,
268,123349,0.9513711929321289,1.334165334701538,,,
268,123399,0.7110306024551392,1.4282567501068115,,,
268,123449,0.8200528025627136,1.0995612144470215,,,
268,123499,0.6443444490432739,1.6832337379455566,,,
268,123549,0.5046183466911316,2.4276342391967773,,,
268,123599,0.5322157740592957,1.3004679679870605,,,
268,123649,0.4369290769100189,1.2830383777618408,,,
268,123699,0.7261086702346802,1.3355882167816162,,,
268,123739,,,0.6446921299442707,1.2308214902877808,0.6924317479133606
269,123749,0.816158652305603,1.1879918575286865,,,
269,123799,1.2640113830566406,1.2222189903259277,,,
269,123849,0.7852942943572998,1.2892793416976929,,,
269,123899,0.5022621154785156,0.8452021479606628,,,
269,123949,0.5110714435577393,1.7186377048492432,,,
269,123999,0.984797477722168,0.6775338053703308,,,
269,124049,0.9273725152015686,0.7812657356262207,,,
269,124099,0.2906123101711273,2.064760684967041,,,
269,124149,0.6562120318412781,1.5414454936981201,,,
269,124199,1.1644203662872314,0.9926207065582275,,,
269,124199,,,0.6251189343482397,1.2043166160583496,0.7324747443199158
270,124249,0.5965538024902344,2.1719462871551514,,,
270,124299,0.6543627381324768,1.4775886535644531,,,
270,124349,0.9026588201522827,1.4604227542877197,,,
270,124399,0.8224455118179321,0.8917019367218018,,,
270,124449,0.659902811050415,1.3098634481430054,,,
270,124499,0.42613521218299866,1.1849160194396973,,,
270,124549,0.497302770614624,1.2832393646240234,,,
270,124599,1.8281887769699097,1.261162281036377,,,
270,124649,0.9281116127967834,1.1665732860565186,,,
270,124659,,,0.596642653255403,1.3155428171157837,0.6074603199958801
271,124699,0.5699558854103088,1.453218698501587,,,
271,124749,0.9840547442436218,0.732867419719696,,,
271,124799,0.5733301043510437,0.9582468271255493,,,
271,124849,0.5291542410850525,1.2356451749801636,,,
271,124899,0.4698101282119751,1.357668161392212,,,
271,124949,0.6601260304450989,1.0096542835235596,,,
271,124999,0.38905349373817444,1.40446138381958,,,
271,125049,0.671513557434082,1.4994704723358154,,,
271,125099,0.7003545165061951,1.4915282726287842,,,
271,125119,,,0.5087671605273889,1.2059276103973389,0.8961476683616638
272,125149,0.7671043276786804,0.8717378377914429,,,
272,125199,0.7311336994171143,1.1500344276428223,,,
272,125249,0.7528829574584961,0.5981243848800659,,,
272,125299,0.4878215789794922,1.7921991348266602,,,
272,125349,0.35996437072753906,1.1226426362991333,,,
272,125399,0.5023683905601501,1.757878065109253,,,
272,125449,0.7049180269241333,0.9767209887504578,,,
272,125499,0.6273529529571533,1.2689642906188965,,,
272,125549,0.522687554359436,1.1846566200256348,,,
272,125579,,,0.4644556204974854,1.40249764919281,0.5633201003074646
273,125599,0.584740161895752,1.049881935119629,,,
273,125649,0.5936844348907471,1.651678204536438,,,
273,125699,0.5856090784072876,1.0136171579360962,,,
273,125749,0.5419200658798218,1.2227740287780762,,,
273,125799,1.0466583967208862,1.534705400466919,,,
273,125849,0.4305647611618042,1.804776668548584,,,
273,125899,0.49201101064682007,1.2755916118621826,,,
273,125949,0.7437710762023926,2.2084274291992188,,,
273,125999,0.6198269128799438,1.119062066078186,,,
273,126039,,,0.6497893162974039,1.1607543230056763,0.7307420969009399
274,126049,0.879448652267456,0.9879291653633118,,,
274,126099,0.39425522089004517,1.331461787223816,,,
274,126149,0.6771076917648315,1.136183500289917,,,
274,126199,0.6597170829772949,0.9545519351959229,,,
274,126249,0.5707255601882935,1.7059862613677979,,,
274,126299,0.9572526216506958,1.2390844821929932,,,
274,126349,0.8029229044914246,0.9016697406768799,,,
274,126399,1.030890941619873,1.4373661279678345,,,
274,126449,0.5681971311569214,1.3099422454833984,,,
274,126499,0.31805509328842163,2.0180909633636475,,,
274,126499,,,0.6200217479951067,1.3111666440963745,0.6173065900802612
275,126549,0.4466181993484497,1.9340455532073975,,,
275,126599,0.8575847148895264,1.4317660331726074,,,
275,126649,0.650846004486084,1.4311816692352295,,,
275,126699,0.7847027778625488,1.020744800567627,,,
275,126749,0.5480921268463135,1.419165015220642,,,
275,126799,0.6544216871261597,1.3839657306671143,,,
275,126849,0.8299230337142944,1.2998137474060059,,,
275,126899,0.9970710873603821,1.873717188835144,,,
275,126949,0.5873640775680542,1.2823740243911743,,,
275,126959,,,0.5320782927823842,1.3393014669418335,0.5823338031768799
276,126999,0.5119683742523193,1.0991606712341309,,,
276,127049,1.0008432865142822,1.9426313638687134,,,
276,127099,0.48270294070243835,1.5115989446640015,,,
276,127149,0.7119374871253967,1.4758143424987793,,,
276,127199,0.4506748616695404,1.3928651809692383,,,
276,127249,0.5125691294670105,1.4246513843536377,,,
276,127299,0.9244930148124695,0.7773410081863403,,,
276,127349,0.8698999881744385,1.5049216747283936,,,
276,127399,0.47771161794662476,1.7719862461090088,,,
276,127419,,,0.5001359249694168,1.4419382810592651,0.46026766300201416
277,127449,0.5180680751800537,1.6162995100021362,,,
277,127499,1.2389206886291504,1.0132884979248047,,,
277,127549,0.5481541156768799,1.6992298364639282,,,
277,127599,0.6365687847137451,1.3592036962509155,,,
277,127649,0.5682415962219238,1.9585537910461426,,,
277,127699,0.6938011646270752,1.5632333755493164,,,
277,127749,0.3370916247367859,1.3103729486465454,,,
277,127799,0.7412011623382568,1.3490307331085205,,,
277,127849,0.7949581742286682,1.6690104007720947,,,
277,127879,,,0.5343210547777627,1.377653956413269,0.45091715455055237
278,127899,0.4842652678489685,1.8568123579025269,,,
278,127949,0.48323333263397217,1.0794050693511963,,,
278,127999,0.6312915682792664,1.0727084875106812,,,
278,128049,0.5955719947814941,1.3428339958190918,,,
278,128099,0.748124361038208,0.870721697807312,,,
278,128149,0.6426737308502197,1.1251883506774902,,,
278,128199,0.6116195917129517,1.2203760147094727,,,
278,128249,0.5974653363227844,1.890523910522461,,,
278,128299,0.9359737634658813,0.974307119846344,,,
278,128339,,,0.6121380997689275,1.2694129943847656,0.7262977957725525
279,128349,0.7428696155548096,1.3390395641326904,,,
279,128399,0.7149257659912109,0.9720394611358643,,,
279,128449,0.582264244556427,1.6165534257888794,,,
279,128499,0.6825916767120361,1.2914259433746338,,,
279,128549,0.6539598107337952,1.0330477952957153,,,
279,128599,0.8816347122192383,1.9286916255950928,,,
279,128649,0.510313093662262,1.687180995941162,,,
279,128699,0.40398332476615906,1.7272372245788574,,,
279,128749,0.6177098155021667,1.8714237213134766,,,
279,128799,0.754684567451477,1.8184963464736938,,,
279,128799,,,0.6817316841103711,1.1894944906234741,0.7557021975517273
280,128849,0.5752735733985901,1.1862177848815918,,,
280,128899,0.415772944688797,1.3104909658432007,,,
280,128949,0.6415760517120361,1.6172971725463867,,,
280,128999,0.5889478325843811,0.963600754737854,,,
280,129049,0.8231583833694458,1.387320876121521,,,
280,129099,0.41145002841949463,1.553478717803955,,,
280,129149,0.4386613667011261,1.534831166267395,,,
280,129199,0.35875436663627625,1.268252968788147,,,
280,129249,0.4209226965904236,1.2279752492904663,,,
280,129259,,,0.5411173032486067,1.3766167163848877,0.4658931791782379
281,129299,0.9010015726089478,0.7083979845046997,,,
281,129349,0.477928102016449,1.0317641496658325,,,
281,129399,0.5925372242927551,1.3001132011413574,,,
281,129449,0.6089117527008057,1.4426333904266357,,,
281,129499,0.6920289397239685,1.78261137008667,,,
281,129549,0.7008764147758484,1.3904865980148315,,,
281,129599,0.2803734540939331,1.3651255369186401,,,
281,129649,0.46951723098754883,1.933598518371582,,,
281,129699,0.9650138020515442,1.0006678104400635,,,
281,129719,,,0.5952834035612342,1.3071789741516113,0.5546684861183167
282,129749,1.160395860671997,1.341023325920105,,,
282,129799,0.6074148416519165,0.9354773759841919,,,
282,129849,1.0510005950927734,1.0537302494049072,,,
282,129899,0.807477593421936,1.266103744506836,,,
282,129949,0.748450756072998,1.2906997203826904,,,
282,129999,0.9101468324661255,1.723825454711914,,,
282,130049,0.7464883923530579,0.819778561592102,,,
282,130099,0.5521118640899658,1.4030598402023315,,,
282,130149,0.6069164872169495,0.8979935050010681,,,
282,130179,,,0.5506320511077885,1.2820179462432861,0.6120444536209106
283,130199,0.4457018971443176,1.4106007814407349,,,
283,130249,0.4787895083427429,0.8534268140792847,,,
283,130299,0.6691854000091553,1.1702948808670044,,,
283,130349,0.7506964206695557,0.9235647320747375,,,
283,130399,0.9220690131187439,0.8555857539176941,,,
283,130449,0.5314867496490479,1.245410442352295,,,
283,130499,0.754612922668457,1.2857012748718262,,,
283,130549,0.5738544464111328,1.3042919635772705,,,
283,130599,0.5223880410194397,1.571994423866272,,,
283,130639,,,0.59895337773549,1.2316980361938477,0.6095842123031616
284,130649,0.4320996403694153,1.0646381378173828,,,
284,130699,0.6280207633972168,1.2470041513442993,,,
284,130749,0.7332028150558472,0.7806689739227295,,,
284,130799,0.7850875854492188,1.9191725254058838,,,
284,130849,0.7465539574623108,1.0346908569335938,,,
284,130899,0.8346014618873596,1.4989575147628784,,,
284,130949,1.0016906261444092,1.3779120445251465,,,
284,130999,0.7888839244842529,1.1407365798950195,,,
284,131049,0.8194423913955688,1.0303391218185425,,,
284,131099,0.6029764413833618,1.2514216899871826,,,
284,131099,,,0.5860405056408863,1.3294453620910645,0.590746283531189
285,131149,0.4363263249397278,2.1352572441101074,,,
285,131199,0.4577789902687073,1.1913070678710938,,,
285,131249,0.5136793255805969,1.4428201913833618,,,
285,131299,0.9893605709075928,1.1128556728363037,,,
285,131349,0.680065393447876,1.216343879699707,,,
285,131399,0.7213929295539856,0.8228925466537476,,,
285,131449,0.31387630105018616,1.7050933837890625,,,
285,131499,0.5290428400039673,1.2064728736877441,,,
285,131549,0.6240940690040588,1.2742506265640259,,,
285,131559,,,0.5477776267500339,1.3066655397415161,0.5141198635101318
286,131599,0.40212351083755493,2.0251708030700684,,,
286,131649,0.7606892585754395,0.9173003435134888,,,
286,131699,0.541646420955658,1.3939671516418457,,,
286,131749,0.5713402628898621,2.0945889949798584,,,
286,131799,0.41633081436157227,0.7467995882034302,,,
286,131849,0.504092812538147,1.2430843114852905,,,
286,131899,0.6658133268356323,1.071507453918457,,,
286,131949,0.272174596786499,1.2679548263549805,,,
286,131999,0.8211889266967773,1.5532139539718628,,,
286,132019,,,0.5302433056952562,1.3709971904754639,0.4676307141780853
287,132049,0.3002699613571167,1.316641092300415,,,
287,132099,0.8288969993591309,1.407467246055603,,,
287,132149,0.7623246312141418,0.9330449104309082,,,
287,132199,0.4315924644470215,1.3704692125320435,,,
287,132249,0.6807148456573486,2.5175905227661133,,,
287,132299,0.5767130851745605,1.8843506574630737,,,
287,132349,0.823980450630188,1.2070419788360596,,,
287,132399,0.7315478920936584,1.2196191549301147,,,
287,132449,0.526610255241394,1.2543394565582275,,,
287,132479,,,0.4517466358570069,1.5608642101287842,0.4591063857078552
288,132499,0.9293748140335083,2.402096748352051,,,
288,132549,0.7732646465301514,0.9789000749588013,,,
288,132599,0.7868295907974243,1.1882216930389404,,,
288,132649,0.40012088418006897,1.7122466564178467,,,
288,132699,0.49403858184814453,1.861063003540039,,,
288,132749,0.47756144404411316,1.7416281700134277,,,
288,132799,0.5987776517868042,0.8591294288635254,,,
288,132849,0.5515882968902588,1.261229395866394,,,
288,132899,0.738605260848999,1.4584192037582397,,,
288,132939,,,0.5270490689139595,1.3670281171798706,0.5343465805053711
289,132949,0.9096888303756714,0.9005746841430664,,,
289,132999,0.742362916469574,1.5151960849761963,,,
289,133049,0.4584641456604004,1.1198503971099854,,,
289,133099,0.6093454360961914,1.3548953533172607,,,
289,133149,0.7314761877059937,2.0692553520202637,,,
289,133199,1.0204533338546753,1.664649486541748,,,
289,133249,0.5729269981384277,1.1873286962509155,,,
289,133299,1.0569803714752197,1.6393933296203613,,,
289,133349,0.5384478569030762,1.130079984664917,,,
289,133399,0.5319226980209351,1.3529582023620605,,,
289,133399,,,0.6073807258393367,1.2559565305709839,0.6452932357788086
290,133449,1.5232317447662354,1.1442034244537354,,,
290,133499,0.388973206281662,1.1463555097579956,,,
290,133549,0.9439100623130798,1.0508899688720703,,,
290,133599,1.0806230306625366,1.3577649593353271,,,
290,133649,0.5524786114692688,1.5526374578475952,,,
290,133699,0.5473053455352783,1.2857853174209595,,,
290,133749,0.7448712587356567,1.9217557907104492,,,
290,133799,0.6611234545707703,1.3286638259887695,,,
290,133849,0.41658660769462585,1.6338121891021729,,,
290,133859,,,0.5739431833627837,1.3117434978485107,0.6405571699142456
291,133899,0.8250031471252441,2.0215306282043457,,,
291,133949,0.6642667055130005,0.8304219245910645,,,
291,133999,0.6560623049736023,1.1809453964233398,,,
291,134049,0.585604190826416,1.954901099205017,,,
291,134099,0.4484771490097046,1.4210463762283325,,,
291,134149,0.6023292541503906,1.0807428359985352,,,
291,134199,0.9872852563858032,1.317568063735962,,,
291,134249,0.7670512199401855,1.1498496532440186,,,
291,134299,0.4410833716392517,1.5640982389450073,,,
291,134319,,,0.5900502922386842,1.3806445598602295,0.5210837125778198
292,134349,1.085005283355713,1.195852518081665,,,
292,134399,0.6297404766082764,2.4431686401367188,,,
292,134449,0.702424168586731,1.0947864055633545,,,
292,134499,0.5234184265136719,1.5719197988510132,,,
292,134549,0.7145776748657227,1.584318995475769,,,
292,134599,0.8460716009140015,1.4500938653945923,,,
292,134649,0.42700091004371643,1.126293659210205,,,
292,134699,0.39957964420318604,2.011850118637085,,,
292,134749,0.6532621383666992,1.3431189060211182,,,
292,134779,,,0.5260296316433328,1.3248276710510254,0.5802729725837708
293,134799,0.6994585990905762,1.6563084125518799,,,
293,134849,1.1781165599822998,0.9141355752944946,,,
293,134899,0.5979800224304199,1.42979097366333,,,
293,134949,0.5431842803955078,1.6528816223144531,,,
293,134999,0.4960900545120239,1.186992883682251,,,
293,135049,0.6384396553039551,1.3604047298431396,,,
293,135099,0.8480509519577026,1.3955812454223633,,,
293,135149,0.5608919262886047,1.5969858169555664,,,
293,135199,0.6660051345825195,2.1746885776519775,,,
293,135239,,,0.5651080603506864,1.2813465595245361,0.6544524431228638
294,135249,0.29193955659866333,1.4211280345916748,,,
294,135299,0.5351569652557373,0.8997238874435425,,,
294,135349,0.5583507418632507,1.654714584350586,,,
294,135399,0.4621486961841583,1.3055579662322998,,,
294,135449,0.4857451915740967,1.5651426315307617,,,
294,135499,0.4576503038406372,1.3925378322601318,,,
294,135549,0.4318241477012634,1.3601213693618774,,,
294,135599,0.5676594972610474,1.4789934158325195,,,
294,135649,0.5108374357223511,1.573973536491394,,,
294,135699,0.7897095680236816,1.0134377479553223,,,
294,135699,,,0.5884871550903901,1.1779234409332275,0.6247791647911072
295,135749,0.5555736422538757,1.0750516653060913,,,
295,135799,0.6041600704193115,1.1130976676940918,,,
295,135849,0.7884603142738342,1.3015198707580566,,,
295,135899,0.6413061022758484,1.3151800632476807,,,
295,135949,0.4283043146133423,2.330667495727539,,,
295,135999,0.6238186359405518,0.8715734481811523,,,
295,136049,0.4950132966041565,1.1745527982711792,,,
295,136099,0.5599762201309204,1.3706543445587158,,,
295,136149,0.5294164419174194,1.585862636566162,,,
295,136159,,,0.5125730596710616,1.3752665519714355,0.4793981611728668
296,136199,0.5266278982162476,1.3801090717315674,,,
296,136249,0.7024399042129517,2.007077217102051,,,
296,136299,0.5291646122932434,1.6461329460144043,,,
296,136349,0.4674263894557953,1.5199520587921143,,,
296,136399,0.48202285170555115,1.536825180053711,,,
296,136449,0.8585282564163208,2.1941299438476562,,,
296,136499,0.5651547908782959,1.7672052383422852,,,
296,136549,0.6310338377952576,0.9106627702713013,,,
296,136599,0.5891809463500977,1.0751762390136719,,,
296,136619,,,0.6013320647002854,1.2612228393554688,0.5990222096443176
297,136649,0.8804572820663452,1.024073600769043,,,
297,136699,0.6915884017944336,1.4700100421905518,,,
297,136749,0.4288690984249115,1.2586653232574463,,,
297,136799,0.6312774419784546,1.6886637210845947,,,
297,136849,0.6814965009689331,1.7121355533599854,,,
297,136899,0.5937173366546631,1.0612460374832153,,,
297,136949,0.899871826171875,0.9330234527587891,,,
297,136999,0.46797630190849304,0.9107545614242554,,,
297,137049,0.6806902289390564,1.176281213760376,,,
297,137079,,,0.4927280141361968,1.399804711341858,0.5460389852523804
298,137099,0.7075846791267395,1.7525873184204102,,,
298,137149,0.5249954462051392,1.2268974781036377,,,
298,137199,0.8873087167739868,1.2060999870300293,,,
298,137249,0.4141714572906494,1.6563923358917236,,,
298,137299,0.8027645349502563,2.0638718605041504,,,
298,137349,0.5699911713600159,1.7425205707550049,,,
298,137399,0.7714903354644775,1.0009284019470215,,,
298,137449,0.6539290547370911,1.5675969123840332,,,
298,137499,0.5866013169288635,1.0264614820480347,,,
298,137539,,,0.6688188120157673,1.2194373607635498,0.8228805661201477
299,137549,0.5930006504058838,1.1968295574188232,,,
299,137599,1.0052447319030762,0.7118995189666748,,,
299,137649,0.3724510073661804,1.7004594802856445,,,
299,137699,0.6144943237304688,1.6752421855926514,,,
299,137749,1.2508385181427002,1.2544982433319092,,,
299,137799,0.7175043821334839,1.1077336072921753,,,
299,137849,1.0018975734710693,0.8280689120292664,,,
299,137899,0.6842485666275024,1.1880940198898315,,,
299,137949,0.6097387075424194,0.9599549770355225,,,
299,137999,0.374550461769104,1.2456437349319458,,,
299,137999,,,0.5559331249150469,1.3993266820907593,0.45454540848731995
