epoch,knn_accuracy,step,train_discriminator_loss,train_generator_loss,validation_discriminator_accuracy,validation_discriminator_loss,validation_generator_loss
0,,49,1.365790843963623,0.6932867765426636,,,
0,,99,1.3377615213394165,0.7097485661506653,,,
0,,149,1.336714744567871,0.7063602805137634,,,
0,,199,1.328431487083435,0.7093435525894165,,,
0,,249,1.3168408870697021,0.7233093976974487,,,
0,,299,1.3379313945770264,0.702478289604187,,,
0,,349,1.3090558052062988,0.7233731150627136,,,
0,,399,1.3006889820098877,0.7280133366584778,,,
0,,449,1.3291680812835693,0.697182297706604,,,
0,0.5620344877243042,459,,,0.9997961125458746,1.2941992282867432,0.7021570205688477
1,,499,1.3336029052734375,0.6995128989219666,,,
1,,549,1.3234835863113403,0.7164548635482788,,,
1,,599,1.306938886642456,0.7300467491149902,,,
1,,649,1.2988749742507935,0.7481075525283813,,,
1,,699,1.3362174034118652,0.6985592246055603,,,
1,,749,1.3412420749664307,0.6978864669799805,,,
1,,799,1.3021161556243896,0.7326765060424805,,,
1,,849,1.3128101825714111,0.7238578796386719,,,
1,,899,1.3043463230133057,0.7260596752166748,,,
1,0.5415114760398865,919,,,0.7952969960581759,1.2899253368377686,0.7300238013267517
2,,949,1.2983582019805908,0.7334141731262207,,,
2,,999,1.321668267250061,0.7311996817588806,,,
2,,1049,1.294925570487976,0.738623857498169,,,
2,,1099,1.3129041194915771,0.723560631275177,,,
2,,1149,1.3190858364105225,0.7356160283088684,,,
2,,1199,1.3212196826934814,0.7261964082717896,,,
2,,1249,1.2817094326019287,0.7869753837585449,,,
2,,1299,1.3449742794036865,0.7257213592529297,,,
2,,1349,1.3018548488616943,0.7712109088897705,,,
2,0.5149077773094177,1379,,,0.5874677178197635,1.3521870374679565,0.7064446806907654
3,,1399,1.2677189111709595,0.8032429218292236,,,
3,,1449,1.2937965393066406,0.7571495771408081,,,
3,,1499,1.2597967386245728,0.779778003692627,,,
3,,1549,1.2808820009231567,0.7687702178955078,,,
3,,1599,1.2793691158294678,0.7464050054550171,,,
3,,1649,1.2959507703781128,0.728398323059082,,,
3,,1699,1.2778582572937012,0.7859148979187012,,,
3,,1749,1.2920664548873901,0.7645230889320374,,,
3,,1799,1.3279180526733398,0.7196068167686462,,,
3,0.5467012524604797,1839,,,0.6310316705178741,1.3465571403503418,0.7405593991279602
4,,1849,1.2856334447860718,0.7491083741188049,,,
4,,1899,1.2683684825897217,0.7666070461273193,,,
4,,1949,1.257577896118164,0.7819913029670715,,,
4,,1999,1.2254657745361328,0.8258329033851624,,,
4,,2049,1.2919559478759766,0.7298583388328552,,,
4,,2099,1.2051465511322021,0.839216947555542,,,
4,,2149,1.2710802555084229,0.7710791230201721,,,
4,,2199,1.3018903732299805,0.7395097017288208,,,
4,,2249,1.1954433917999268,0.8366478085517883,,,
4,,2299,1.2250607013702393,0.8106102347373962,,,
4,0.5524144768714905,2299,,,0.608807938018214,1.3490711450576782,0.7628414034843445
5,,2349,1.241708517074585,0.7938718795776367,,,
5,,2399,1.2825446128845215,0.778933048248291,,,
5,,2449,1.2399425506591797,0.7533987760543823,,,
5,,2499,1.2494714260101318,0.8291160464286804,,,
5,,2549,1.2073001861572266,0.7965386509895325,,,
5,,2599,1.2551521062850952,0.7740619778633118,,,
5,,2649,1.1723065376281738,0.8334528207778931,,,
5,,2699,1.1748970746994019,0.9123402833938599,,,
5,,2749,1.151057243347168,0.8162998557090759,,,
5,0.5958860516548157,2759,,,0.31575370395541663,1.4002385139465332,0.6863729357719421
6,,2799,1.1650246381759644,0.8278313875198364,,,
6,,2849,1.1454777717590332,0.8213674426078796,,,
6,,2899,1.3294672966003418,0.6563197374343872,,,
6,,2949,1.2235091924667358,0.7950423359870911,,,
6,,2999,1.1916766166687012,0.7553112506866455,,,
6,,3049,1.143773078918457,0.8580414056777954,,,
6,,3099,1.0808594226837158,0.9737207889556885,,,
6,,3149,1.1700870990753174,0.7926344871520996,,,
6,,3199,1.1264110803604126,0.9221521615982056,,,
6,0.5021026134490967,3219,,,0.6788092972679081,1.2274075746536255,0.9210524559020996
7,,3249,1.2025421857833862,0.905419111251831,,,
7,,3299,1.0319819450378418,0.9959737062454224,,,
7,,3349,1.1827774047851562,0.9713606238365173,,,
7,,3399,1.0814599990844727,0.9927887916564941,,,
7,,3449,1.077406883239746,1.0323588848114014,,,
7,,3499,0.9933232069015503,1.1259706020355225,,,
7,,3549,1.2251226902008057,0.8538787961006165,,,
7,,3599,1.1140015125274658,1.01068913936615,,,
7,,3649,1.0130819082260132,1.0277678966522217,,,
7,0.5185361504554749,3679,,,0.7235286122060622,1.2394410371780396,0.8389407396316528
8,,3699,0.9509989619255066,1.104803442955017,,,
8,,3749,0.9173010587692261,1.1181755065917969,,,
8,,3799,1.0776958465576172,1.1566225290298462,,,
8,,3849,1.342843770980835,0.7718328237533569,,,
8,,3899,1.3823864459991455,0.7156457901000977,,,
8,,3949,1.2665528059005737,0.8236799240112305,,,
8,,3999,1.2228667736053467,0.7708704471588135,,,
8,,4049,1.2731163501739502,0.8655062913894653,,,
8,,4099,1.1941707134246826,0.8454056978225708,,,
8,0.5366201996803284,4139,,,0.7288296860133207,1.2351279258728027,0.856283962726593
9,,4149,1.0831284523010254,1.081589698791504,,,
9,,4199,1.2106759548187256,0.8807986974716187,,,
9,,4249,0.934431791305542,1.2782639265060425,,,
9,,4299,1.2436388731002808,0.7995070219039917,,,
9,,4349,1.0850732326507568,0.9751202464103699,,,
9,,4399,1.3702558279037476,0.7368590235710144,,,
9,,4449,1.0053589344024658,1.1502830982208252,,,
9,,4499,1.2717132568359375,0.8320601582527161,,,
9,,4549,1.4456195831298828,0.8030760288238525,,,
9,,4599,1.317474126815796,0.7878530025482178,,,
9,0.540030300617218,4599,,,0.3934348239771646,1.4038150310516357,0.6972765922546387
10,,4649,1.576784610748291,0.7150633931159973,,,
10,,4699,1.2409343719482422,0.8806925415992737,,,
10,,4749,1.1768169403076172,0.9450518488883972,,,
10,,4799,1.4244730472564697,0.8303124904632568,,,
10,,4849,1.331679344177246,0.7656764388084412,,,
10,,4899,1.3234853744506836,0.8147766590118408,,,
10,,4949,1.267881155014038,0.831085205078125,,,
10,,4999,1.2508355379104614,0.8604039549827576,,,
10,,5049,1.2071589231491089,1.0623070001602173,,,
10,0.528759777545929,5059,,,0.6603235014272122,1.3016782999038696,0.8421589136123657
11,,5099,1.226089358329773,0.9446290135383606,,,
11,,5149,1.3052347898483276,0.7804955840110779,,,
11,,5199,1.2877970933914185,0.7793008089065552,,,
11,,5249,1.326042890548706,0.7495921850204468,,,
11,,5299,1.2845121622085571,0.8864400386810303,,,
11,,5349,1.2935070991516113,0.8334912657737732,,,
11,,5399,1.3538260459899902,0.8392144441604614,,,
11,,5449,1.3517210483551025,0.7908190488815308,,,
11,,5499,1.314233660697937,0.8293356895446777,,,
11,0.5409546494483948,5519,,,0.6589642517330434,1.336758017539978,0.7287631034851074
12,,5549,1.3145586252212524,0.8235734701156616,,,
12,,5599,1.320229172706604,0.7714273929595947,,,
12,,5649,1.3895597457885742,0.7755439281463623,,,
12,,5699,1.3599681854248047,0.771363377571106,,,
12,,5749,1.281886339187622,0.87553870677948,,,
12,,5799,1.2797211408615112,0.8681883811950684,,,
12,,5849,1.2753465175628662,0.8258586525917053,,,
12,,5899,1.3086180686950684,0.8030848503112793,,,
12,,5949,1.3279225826263428,0.7944994568824768,,,
12,0.5661172270774841,5979,,,0.6443523175207285,1.3607587814331055,0.7609755992889404
13,,5999,1.3536508083343506,0.7698370218276978,,,
13,,6049,1.3417836427688599,0.7494794130325317,,,
13,,6099,1.3059825897216797,0.8642911911010742,,,
13,,6149,1.3166873455047607,0.7638756036758423,,,
13,,6199,1.2321929931640625,0.9448503851890564,,,
13,,6249,1.31144118309021,0.7880698442459106,,,
13,,6299,1.3411195278167725,0.8799673318862915,,,
13,,6349,1.3242148160934448,0.7879422903060913,,,
13,,6399,1.2898190021514893,0.7992323637008667,,,
13,0.5836377143859863,6439,,,0.6629740383308413,1.2998799085617065,0.8300154209136963
14,,6449,1.2754662036895752,0.8790867328643799,,,
14,,6499,1.3132266998291016,0.7777495980262756,,,
14,,6549,1.2898280620574951,0.8331342935562134,,,
14,,6599,1.270384430885315,0.8647316098213196,,,
14,,6649,1.2565360069274902,0.9543349146842957,,,
14,,6699,1.2811747789382935,0.8557987809181213,,,
14,,6749,1.3719863891601562,0.7830182909965515,,,
14,,6799,1.2558033466339111,0.8783637881278992,,,
14,,6849,1.298295497894287,0.8355370759963989,,,
14,,6899,1.346374750137329,0.7727250456809998,,,
14,0.5905871391296387,6899,,,0.3404920483892891,1.4850493669509888,0.6707994937896729
15,,6949,1.2777934074401855,0.7992398738861084,,,
15,,6999,1.3469436168670654,0.7891585826873779,,,
15,,7049,1.3123571872711182,0.7525042295455933,,,
15,,7099,1.2763770818710327,0.8068262338638306,,,
15,,7149,1.2742936611175537,0.8744862079620361,,,
15,,7199,1.2128691673278809,0.936202883720398,,,
15,,7249,1.2868947982788086,0.8152834177017212,,,
15,,7299,1.2870492935180664,0.8452157378196716,,,
15,,7349,1.278404951095581,0.7932311296463013,,,
15,0.5837869644165039,7359,,,0.514340084273481,1.4203513860702515,0.7536752820014954
16,,7399,1.1690034866333008,0.9380502700805664,,,
16,,7449,1.3968467712402344,0.866030752658844,,,
16,,7499,1.2718167304992676,0.9239427447319031,,,
16,,7549,1.1513077020645142,1.1678450107574463,,,
16,,7599,1.0524131059646606,1.1672611236572266,,,
16,,7649,1.079460859298706,1.06967294216156,,,
16,,7699,1.32875657081604,0.7724131941795349,,,
16,,7749,1.3563205003738403,0.7971428632736206,,,
16,,7799,1.2723393440246582,0.8166173696517944,,,
16,0.5743852257728577,7819,,,0.577069457659372,1.377985954284668,0.8148868680000305
17,,7849,1.3474656343460083,0.9069758653640747,,,
17,,7899,1.283278465270996,0.807515025138855,,,
17,,7949,1.334846019744873,0.8316032886505127,,,
17,,7999,1.4606019258499146,0.7097017765045166,,,
17,,8049,1.1359806060791016,1.0528473854064941,,,
17,,8099,1.2744807004928589,0.7808476686477661,,,
17,,8149,1.1403918266296387,0.9426445960998535,,,
17,,8199,1.1400748491287231,0.9135637283325195,,,
17,,8249,1.2659639120101929,0.7919777631759644,,,
17,0.5605265498161316,8279,,,0.5761859453581623,1.3684157133102417,0.7424286007881165
18,,8299,1.0819493532180786,1.1175720691680908,,,
18,,8349,1.3244125843048096,0.8624094724655151,,,
18,,8399,1.2632884979248047,0.8951653242111206,,,
18,,8449,1.2048760652542114,0.9207332134246826,,,
18,,8499,1.1435515880584717,0.8569690585136414,,,
18,,8549,1.2613670825958252,0.722943902015686,,,
18,,8599,1.3355567455291748,0.7526546120643616,,,
18,,8649,1.3087198734283447,0.9020401239395142,,,
18,,8699,1.4056084156036377,0.6577943563461304,,,
18,0.5786038637161255,8739,,,0.525893706673916,1.4429619312286377,0.7460296750068665
19,,8749,1.2895269393920898,0.7947736978530884,,,
19,,8799,1.0614653825759888,1.0404808521270752,,,
19,,8849,1.3365168571472168,0.7163007259368896,,,
19,,8899,1.1905925273895264,0.8703471422195435,,,
19,,8949,1.3705623149871826,0.6871658563613892,,,
19,,8999,1.2805092334747314,0.7734845280647278,,,
19,,9049,1.2458477020263672,0.9679668545722961,,,
19,,9099,1.167294979095459,0.9154024124145508,,,
19,,9149,1.3013041019439697,0.8244971036911011,,,
19,,9199,1.3527796268463135,0.7835990190505981,,,
19,0.5750779509544373,9199,,,0.565040097865978,1.3441238403320312,0.7192200422286987
20,,9249,1.2819104194641113,0.8500022292137146,,,
20,,9299,1.1928168535232544,0.8110649585723877,,,
20,,9349,1.0916531085968018,0.8954495191574097,,,
20,,9399,1.315407156944275,0.759827196598053,,,
20,,9449,1.2576175928115845,0.9161840677261353,,,
20,,9499,1.4086660146713257,0.8681669235229492,,,
20,,9549,1.2232437133789062,0.9442557096481323,,,
20,,9599,1.2157022953033447,0.8157191872596741,,,
20,,9649,1.074889898300171,1.010684847831726,,,
20,0.5341745615005493,9659,,,0.6941688188120158,1.2734184265136719,0.8767688274383545
21,,9699,1.038602590560913,0.9178120493888855,,,
21,,9749,1.3763666152954102,0.8725240230560303,,,
21,,9799,1.1703693866729736,1.0068066120147705,,,
21,,9849,1.249161958694458,0.8542430400848389,,,
21,,9899,1.3281848430633545,0.8367148637771606,,,
21,,9949,1.1718943119049072,0.8779680728912354,,,
21,,9999,1.100142002105713,0.9170316457748413,,,
21,,10049,1.1125378608703613,0.9975754022598267,,,
21,,10099,1.0286647081375122,1.0183056592941284,,,
21,0.5447656512260437,10119,,,0.6534592904716596,1.2807985544204712,0.7728333473205566
22,,10149,1.0585572719573975,0.9011392593383789,,,
22,,10199,1.2376952171325684,0.8168154358863831,,,
22,,10249,1.1479612588882446,0.8394650220870972,,,
22,,10299,1.143921136856079,1.1240525245666504,,,
22,,10349,0.9666207432746887,1.2462894916534424,,,
22,,10399,1.2862217426300049,0.7177416682243347,,,
22,,10449,1.1959649324417114,0.8555545210838318,,,
22,,10499,1.0497539043426514,0.8982459902763367,,,
22,,10549,1.3335399627685547,0.7622158527374268,,,
22,0.555655300617218,10579,,,0.4775723800462145,1.387312889099121,0.6808711290359497
23,,10599,1.3547451496124268,0.9348583221435547,,,
23,,10649,1.1671080589294434,0.7553428411483765,,,
23,,10699,1.1858023405075073,0.9705389738082886,,,
23,,10749,0.9985513687133789,1.0199408531188965,,,
23,,10799,1.2547776699066162,0.8339816927909851,,,
23,,10849,1.1459259986877441,0.8381549119949341,,,
23,,10899,1.2641487121582031,0.7001310586929321,,,
23,,10949,1.2774548530578613,0.9550883173942566,,,
23,,10999,1.2253590822219849,0.9943762421607971,,,
23,0.5476456880569458,11039,,,0.49911648769879025,1.3997259140014648,0.6749654412269592
24,,11049,1.0176788568496704,0.7643277645111084,,,
24,,11099,1.2913727760314941,0.8445961475372314,,,
24,,11149,1.3999444246292114,0.8054572939872742,,,
24,,11199,1.2132220268249512,0.7741957306861877,,,
24,,11249,1.0779876708984375,1.0025079250335693,,,
24,,11299,1.1113708019256592,0.9322232007980347,,,
24,,11349,1.1050927639007568,1.145396113395691,,,
24,,11399,1.2362914085388184,0.8520348072052002,,,
24,,11449,1.2113178968429565,1.1029447317123413,,,
24,,11499,1.2406554222106934,0.8856056332588196,,,
24,0.5368852615356445,11499,,,0.6147886366725568,1.3433970212936401,0.7715224623680115
25,,11549,1.1406662464141846,0.9455710649490356,,,
25,,11599,1.1924277544021606,0.9784591794013977,,,
25,,11649,1.226157784461975,0.8941173553466797,,,
25,,11699,1.3103829622268677,1.1360626220703125,,,
25,,11749,1.2364318370819092,0.8763113021850586,,,
25,,11799,0.9504921436309814,1.1012167930603027,,,
25,,11849,1.011486291885376,0.9243576526641846,,,
25,,11899,1.1058266162872314,0.7744503021240234,,,
25,,11949,1.1740915775299072,0.85794997215271,,,
25,0.5313079357147217,11959,,,0.7241402745684382,1.1519285440444946,0.9877151846885681
26,,11999,1.1182169914245605,0.8540056943893433,,,
26,,12049,1.0625205039978027,1.245505690574646,,,
26,,12099,0.9490500688552856,1.1344928741455078,,,
26,,12149,0.9717273712158203,1.3060119152069092,,,
26,,12199,1.2189300060272217,0.8397101163864136,,,
26,,12249,0.9325391054153442,1.0755950212478638,,,
26,,12299,0.9330551624298096,1.1386648416519165,,,
26,,12349,1.0464094877243042,1.107024908065796,,,
26,,12399,0.9727802872657776,1.15873122215271,,,
26,0.5468037128448486,12419,,,0.7720538262878891,1.3063360452651978,0.7814344167709351
27,,12449,1.0944517850875854,1.1977121829986572,,,
27,,12499,1.10573410987854,0.9818559885025024,,,
27,,12549,1.152004361152649,1.0058784484863281,,,
27,,12599,1.0046147108078003,1.300722360610962,,,
27,,12649,1.0285594463348389,0.9274362921714783,,,
27,,12699,1.0119004249572754,1.2307134866714478,,,
27,,12749,1.085230827331543,0.9934394955635071,,,
27,,12799,1.2019222974777222,1.0675054788589478,,,
27,,12849,1.2074172496795654,0.8591092824935913,,,
27,0.5411239266395569,12879,,,0.5597390240587196,1.366196870803833,0.6922000050544739
28,,12899,0.9958839416503906,1.1474937200546265,,,
28,,12949,0.9502243399620056,1.495926856994629,,,
28,,12999,1.055869221687317,0.869238018989563,,,
28,,13049,1.154545783996582,0.6935923099517822,,,
28,,13099,1.1981912851333618,0.8371690511703491,,,
28,,13149,0.9893454313278198,1.0282645225524902,,,
28,,13199,0.9856736063957214,0.9438204765319824,,,
28,,13249,1.265344262123108,1.2043356895446777,,,
28,,13299,1.1173138618469238,0.920929491519928,,,
28,0.5546908378601074,13339,,,0.5944678537447329,1.339744210243225,0.8040540814399719
29,,13349,1.1438525915145874,0.8860176801681519,,,
29,,13399,0.9215771555900574,1.1538060903549194,,,
29,,13449,0.9852370023727417,0.8104629516601562,,,
29,,13499,1.1314201354980469,1.0621551275253296,,,
29,,13549,0.8743728995323181,1.5551396608352661,,,
29,,13599,1.0663790702819824,1.4580670595169067,,,
29,,13649,0.8754739761352539,1.1200460195541382,,,
29,,13699,0.9083608388900757,0.8836808204650879,,,
29,,13749,1.1748037338256836,0.8547657132148743,,,
29,,13799,1.0963592529296875,0.832240641117096,,,
29,0.5371569991111755,13799,,,0.35700693217344026,1.5240963697433472,0.6150450110435486
30,,13849,1.109433889389038,0.8057583570480347,,,
30,,13899,0.8649373054504395,1.076627492904663,,,
30,,13949,1.1016662120819092,0.7672214508056641,,,
30,,13999,1.0414628982543945,0.9628100395202637,,,
30,,14049,1.0726922750473022,1.0365614891052246,,,
30,,14099,1.2387690544128418,1.4339340925216675,,,
30,,14149,0.8062781691551208,1.234066128730774,,,
30,,14199,1.0036101341247559,0.9286952018737793,,,
30,,14249,1.1843502521514893,1.0329339504241943,,,
30,0.5382506251335144,14259,,,0.578292782384124,1.3451570272445679,0.8069369196891785
31,,14299,1.2244969606399536,0.9542058110237122,,,
31,,14349,0.9730334281921387,1.2351560592651367,,,
31,,14399,1.124876856803894,0.9882752895355225,,,
31,,14449,0.928321123123169,0.9745067954063416,,,
31,,14499,0.9478856325149536,1.3914140462875366,,,
31,,14549,0.8665260076522827,1.2182502746582031,,,
31,,14599,1.0744003057479858,0.975021481513977,,,
31,,14649,0.9614306688308716,1.792306900024414,,,
31,,14699,0.8286710977554321,1.286283016204834,,,
31,0.5373061895370483,14719,,,0.5721081962756558,1.3505926132202148,0.7835119962692261
32,,14749,1.0190457105636597,0.9955014586448669,,,
32,,14799,0.8955496549606323,1.0923477411270142,,,
32,,14849,1.2792868614196777,0.9889810085296631,,,
32,,14899,1.5464506149291992,0.7518942356109619,,,
32,,14949,0.9640986323356628,1.0663526058197021,,,
32,,14999,1.419862985610962,0.6309858560562134,,,
32,,15049,0.979387640953064,0.8372122049331665,,,
32,,15099,1.0469869375228882,0.8830115795135498,,,
32,,15149,1.0428943634033203,0.9726390838623047,,,
32,0.534873902797699,15179,,,0.5259616691586244,1.344063401222229,0.660822331905365
33,,15199,1.1244724988937378,0.7851836681365967,,,
33,,15249,1.088798999786377,0.8889591693878174,,,
33,,15299,1.003788948059082,1.2491960525512695,,,
33,,15349,1.1689813137054443,0.8231730461120605,,,
33,,15399,1.1527409553527832,0.8796513080596924,,,
33,,15449,1.4678176641464233,0.7767159938812256,,,
33,,15499,1.120593547821045,1.1810595989227295,,,
33,,15549,1.0265628099441528,1.0270352363586426,,,
33,,15599,1.0367259979248047,1.051025629043579,,,
33,0.5203225016593933,15639,,,0.5731955960309909,1.324527621269226,0.6332617998123169
34,,15649,1.0500552654266357,0.9613089561462402,,,
34,,15699,1.0901339054107666,1.102553129196167,,,
34,,15749,1.2050788402557373,0.8452282547950745,,,
34,,15799,0.9734067916870117,0.9370402097702026,,,
34,,15849,1.007362961769104,1.1002917289733887,,,
34,,15899,1.060819387435913,1.0785106420516968,,,
34,,15949,0.9260153770446777,1.121376633644104,,,
34,,15999,1.1394455432891846,1.0353937149047852,,,
34,,16049,0.8998354077339172,1.1355631351470947,,,
34,,16099,0.9893759489059448,0.9173692464828491,,,
34,0.5354040265083313,16099,,,0.5951474785918173,1.3657679557800293,0.7572582364082336
35,,16149,1.1239093542099,0.9565269351005554,,,
35,,16199,1.0065810680389404,0.7478066682815552,,,
35,,16249,1.2678296566009521,0.944462776184082,,,
35,,16299,0.9013761281967163,0.9867154955863953,,,
35,,16349,0.7559757232666016,1.1213271617889404,,,
35,,16399,0.989071249961853,1.0670210123062134,,,
35,,16449,0.8403667211532593,1.2690882682800293,,,
35,,16499,0.8625998497009277,1.1590425968170166,,,
35,,16549,0.8687330484390259,1.4286210536956787,,,
35,0.526138186454773,16559,,,0.6281772461601196,1.3245716094970703,0.7099113464355469
36,,16599,0.8730326294898987,1.0896623134613037,,,
36,,16649,0.7870292663574219,1.2629553079605103,,,
36,,16699,0.9115718007087708,1.0773911476135254,,,
36,,16749,1.0476070642471313,1.3064689636230469,,,
36,,16799,1.205519199371338,0.7552038431167603,,,
36,,16849,1.1171163320541382,1.3555572032928467,,,
36,,16899,0.9006497859954834,1.1284513473510742,,,
36,,16949,1.3372538089752197,0.736652672290802,,,
36,,16999,1.5123257637023926,0.9311000108718872,,,
36,0.536361813545227,17019,,,0.6641294005708849,1.2454941272735596,0.7186568379402161
37,,17049,1.115854263305664,0.9541056752204895,,,
37,,17099,0.9922518730163574,1.3110648393630981,,,
37,,17149,1.0530468225479126,1.021462321281433,,,
37,,17199,1.0487823486328125,1.1828060150146484,,,
37,,17249,1.125597357749939,0.9920042753219604,,,
37,,17299,1.0505328178405762,1.0798653364181519,,,
37,,17349,0.7987074851989746,1.3141419887542725,,,
37,,17399,0.9056636691093445,1.1273200511932373,,,
37,,17449,1.0433430671691895,1.0199875831604004,,,
37,0.5390791893005371,17479,,,0.677246160119614,1.275390386581421,0.8375462293624878
38,,17499,1.2193331718444824,0.837920606136322,,,
38,,17549,1.1650440692901611,0.9092384576797485,,,
38,,17599,1.2907990217208862,0.8662694692611694,,,
38,,17649,1.2152681350708008,0.9435104131698608,,,
38,,17699,0.970344066619873,0.8785193562507629,,,
38,,17749,0.9602847695350647,0.732566773891449,,,
38,,17799,0.9374042749404907,1.236693263053894,,,
38,,17849,1.116123914718628,1.1400506496429443,,,
38,,17899,1.0151625871658325,0.7270875573158264,,,
38,0.5385290384292603,17939,,,0.5097186353133071,1.3863999843597412,0.765613853931427
39,,17949,0.9383149743080139,0.9619103670120239,,,
39,,17999,1.307857871055603,1.060335397720337,,,
39,,18049,1.021610975265503,0.9768699407577515,,,
39,,18099,0.9634345769882202,0.9616944789886475,,,
39,,18149,1.1390423774719238,0.7866376638412476,,,
39,,18199,0.957074761390686,0.9721224904060364,,,
39,,18249,0.8251578211784363,0.9881085157394409,,,
39,,18299,1.0136973857879639,0.8136004209518433,,,
39,,18349,0.9601045250892639,0.8877131938934326,,,
39,,18399,1.1505731344223022,0.9575195908546448,,,
39,0.5275169014930725,18399,,,0.532214217751801,1.3298598527908325,0.8210654854774475
40,,18449,1.145984411239624,0.8674530982971191,,,
40,,18499,0.968879759311676,0.8654592037200928,,,
40,,18549,1.0195605754852295,0.9956228733062744,,,
40,,18599,0.9571358561515808,1.0679597854614258,,,
40,,18649,1.0022326707839966,0.9440216422080994,,,
40,,18699,1.0818207263946533,1.3691661357879639,,,
40,,18749,1.2367208003997803,0.7445972561836243,,,
40,,18799,0.9888885617256165,0.7893685102462769,,,
40,,18849,1.0091824531555176,0.8635112047195435,,,
40,0.5426051020622253,18859,,,0.6120701372842191,1.3143657445907593,0.7370020151138306
41,,18899,0.9996544718742371,0.8384337425231934,,,
41,,18949,1.1592386960983276,0.8244166970252991,,,
41,,18999,1.2840347290039062,1.0416290760040283,,,
41,,19049,0.9891034960746765,0.9478477239608765,,,
41,,19099,1.1979129314422607,0.7367649078369141,,,
41,,19149,1.0974457263946533,1.0684058666229248,,,
41,,19199,0.9044798016548157,1.2646641731262207,,,
41,,19249,0.9294276237487793,1.276346206665039,,,
41,,19299,1.1363338232040405,1.0500861406326294,,,
41,0.5351189374923706,19319,,,0.5091069729509311,1.448155403137207,0.7155674695968628
42,,19349,1.0828624963760376,0.9336297512054443,,,
42,,19399,0.9271342754364014,1.5984762907028198,,,
42,,19449,1.3367846012115479,1.0299227237701416,,,
42,,19499,1.2164840698242188,1.0204778909683228,,,
42,,19549,1.046196699142456,0.9227672815322876,,,
42,,19599,0.7918742895126343,0.8536927700042725,,,
42,,19649,1.2150932550430298,1.0095181465148926,,,
42,,19699,0.8984302282333374,1.273180603981018,,,
42,,19749,1.1459248065948486,1.1266660690307617,,,
42,0.5434203743934631,19779,,,0.4514747859181732,1.3460798263549805,0.7447335720062256
43,,19799,1.0060882568359375,0.9344847202301025,,,
43,,19849,0.8464498519897461,1.128551959991455,,,
43,,19899,0.9327652454376221,0.9564860463142395,,,
43,,19949,0.8559970855712891,0.9602891206741333,,,
43,,19999,1.0737289190292358,1.0312681198120117,,,
43,,20049,0.9831532835960388,1.2398865222930908,,,
43,,20099,1.521403193473816,1.0830388069152832,,,
43,,20149,1.0832500457763672,0.9092762470245361,,,
43,,20199,1.1241090297698975,0.8189077377319336,,,
43,0.5359475016593933,20239,,,0.5689819219790676,1.3840643167495728,0.7379080653190613
44,,20249,0.8709084987640381,1.0084941387176514,,,
44,,20299,1.1763951778411865,0.6600040793418884,,,
44,,20349,1.0136380195617676,0.7176508903503418,,,
44,,20399,0.8965538740158081,0.9141626358032227,,,
44,,20449,0.9547709226608276,0.9412264823913574,,,
44,,20499,0.8287122249603271,1.2378628253936768,,,
44,,20549,0.9932850003242493,1.2221721410751343,,,
44,,20599,0.8265354633331299,1.1337155103683472,,,
44,,20649,1.1691797971725464,0.8465456366539001,,,
44,,20699,0.9676645994186401,1.1262208223342896,,,
44,0.5213961005210876,20699,,,0.5193693081419056,1.4427757263183594,0.7868316769599915
45,,20749,0.9187078475952148,1.3555296659469604,,,
45,,20799,1.2327748537063599,0.9525985717773438,,,
45,,20849,1.0757107734680176,1.0531551837921143,,,
45,,20899,0.8667564988136292,0.9592511653900146,,,
45,,20949,1.0949394702911377,0.9470268487930298,,,
45,,20999,0.827922523021698,1.242666482925415,,,
45,,21049,1.3283724784851074,0.6866500973701477,,,
45,,21099,0.9891480207443237,1.0241270065307617,,,
45,,21149,1.1209087371826172,0.8032799959182739,,,
45,0.5320072770118713,21159,,,0.5700013592496942,1.328251600265503,0.6918681263923645
46,,21199,1.3149290084838867,1.092790126800537,,,
46,,21249,0.912220299243927,1.1191014051437378,,,
46,,21299,0.992469847202301,0.6980066299438477,,,
46,,21349,0.9468925595283508,0.85688316822052,,,
46,,21399,1.1029813289642334,1.120276689529419,,,
46,,21449,1.2709141969680786,0.9328120946884155,,,
46,,21499,0.9110350608825684,1.1647162437438965,,,
46,,21549,0.8823407888412476,1.1617176532745361,,,
46,,21599,1.1497766971588135,0.7751706838607788,,,
46,0.5307711362838745,21619,,,0.6879842327035477,1.1699386835098267,1.0034912824630737
47,,21649,1.0424519777297974,1.1567914485931396,,,
47,,21699,1.0597909688949585,1.184434175491333,,,
47,,21749,0.9630715847015381,1.0060460567474365,,,
47,,21799,0.8210164308547974,1.0642133951187134,,,
47,,21849,1.1301547288894653,0.9104488492012024,,,
47,,21899,1.166907787322998,1.1101455688476562,,,
47,,21949,1.2707747220993042,0.9159443378448486,,,
47,,21999,0.7219864130020142,1.2090567350387573,,,
47,,22049,1.213139533996582,0.8321107029914856,,,
47,0.5302209258079529,22079,,,0.6193421231480223,1.277294635772705,0.7532800436019897
48,,22099,1.0433070659637451,0.8234719634056091,,,
48,,22149,1.2822250127792358,0.7834799289703369,,,
48,,22199,1.1519620418548584,0.7158180475234985,,,
48,,22249,1.1588197946548462,0.7733387351036072,,,
48,,22299,1.1555639505386353,0.9936960935592651,,,
48,,22349,1.0039241313934326,0.9583165645599365,,,
48,,22399,0.8083947896957397,1.1452151536941528,,,
48,,22449,0.842928409576416,1.3478444814682007,,,
48,,22499,0.9529568552970886,1.15938138961792,,,
48,0.5275169014930725,22539,,,0.6537311404104934,1.2387382984161377,0.8021449446678162
49,,22549,1.1657025814056396,0.9624595642089844,,,
49,,22599,1.2465163469314575,1.0465641021728516,,,
49,,22649,1.0487747192382812,1.024317741394043,,,
49,,22699,0.8641570806503296,1.0410696268081665,,,
49,,22749,0.9963995218276978,0.7674456238746643,,,
49,,22799,0.948218584060669,1.0099461078643799,,,
49,,22849,1.1404170989990234,0.90836501121521,,,
49,,22899,1.039426565170288,1.2224127054214478,,,
49,,22949,1.0375887155532837,0.8596887588500977,,,
49,,22999,1.0853527784347534,0.6815885901451111,,,
49,0.5348538756370544,22999,,,0.507543835802637,1.372521996498108,0.6145471334457397
50,,23049,1.0955066680908203,0.8726357221603394,,,
50,,23099,0.9962611198425293,1.142012596130371,,,
50,,23149,1.1019493341445923,1.1071076393127441,,,
50,,23199,1.2038921117782593,0.7594620585441589,,,
50,,23249,1.2317733764648438,0.8641726970672607,,,
50,,23299,1.382592797279358,1.3074132204055786,,,
50,,23349,1.2955039739608765,1.0394182205200195,,,
50,,23399,0.9987962245941162,1.3448082208633423,,,
50,,23449,1.149120807647705,0.9217360019683838,,,
50,0.5324149131774902,23459,,,0.5322821802365094,1.3714033365249634,0.7221003174781799
51,,23499,1.033164381980896,0.688369631767273,,,
51,,23549,0.9074852466583252,1.0530190467834473,,,
51,,23599,0.9076111316680908,0.6792360544204712,,,
51,,23649,1.2108272314071655,0.749751091003418,,,
51,,23699,0.8640322685241699,1.1054713726043701,,,
51,,23749,1.0559935569763184,0.9397344589233398,,,
51,,23799,1.2913405895233154,0.785679817199707,,,
51,,23849,0.9806497693061829,0.8684060573577881,,,
51,,23899,0.9712579250335693,0.8831303119659424,,,
51,0.5117427110671997,23919,,,0.48763082778306377,1.4085160493850708,0.6758348345756531
52,,23949,0.9627054333686829,0.9438654184341431,,,
52,,23999,1.3524798154830933,0.8133928179740906,,,
52,,24049,0.9805868268013,1.1416115760803223,,,
52,,24099,0.950792133808136,0.891178548336029,,,
52,,24149,1.064363956451416,1.1886664628982544,,,
52,,24199,0.5733232498168945,1.295943260192871,,,
52,,24249,1.1328058242797852,1.2035658359527588,,,
52,,24299,0.9656389951705933,0.9316332340240479,,,
52,,24349,0.9738551378250122,0.7107094526290894,,,
52,0.5197723507881165,24379,,,0.3693761043903765,1.4067580699920654,0.6575691103935242
53,,24399,0.9732718467712402,0.8281505107879639,,,
53,,24449,1.1576424837112427,0.8327383995056152,,,
53,,24499,0.975807785987854,1.2715833187103271,,,
53,,24549,1.2124874591827393,0.8116891980171204,,,
53,,24599,0.8734114766120911,1.10670804977417,,,
53,,24649,0.9368571639060974,0.8219010233879089,,,
53,,24699,1.0329595804214478,0.7787180542945862,,,
53,,24749,0.7573410868644714,1.2518171072006226,,,
53,,24799,0.7531534433364868,0.8156101107597351,,,
53,0.5204450488090515,24839,,,0.5413891531874405,1.3519976139068604,0.6823916435241699
54,,24849,1.2179261445999146,1.306873083114624,,,
54,,24899,0.8387287259101868,1.0837581157684326,,,
54,,24949,0.8656840920448303,0.8773674368858337,,,
54,,24999,1.001141905784607,1.0937118530273438,,,
54,,25049,1.09175443649292,0.7998183369636536,,,
54,,25099,0.7544837594032288,1.2888377904891968,,,
54,,25149,0.8987037539482117,0.9570382237434387,,,
54,,25199,1.2467434406280518,0.7351760864257812,,,
54,,25249,1.0440807342529297,0.9479912519454956,,,
54,,25299,0.6899610757827759,0.7815028429031372,,,
54,0.5174625515937805,25299,,,0.5375152915590594,1.3234264850616455,0.6127246618270874
55,,25349,0.9923771619796753,0.8415898680686951,,,
55,,25399,1.0655968189239502,1.4031245708465576,,,
55,,25449,0.9895111322402954,0.7294042110443115,,,
55,,25499,0.8497543334960938,1.170124888420105,,,
55,,25549,1.3134324550628662,0.9193510413169861,,,
55,,25599,0.7309748530387878,1.467774748802185,,,
55,,25649,1.1061837673187256,1.0102002620697021,,,
55,,25699,1.3122271299362183,0.956004798412323,,,
55,,25749,1.048218846321106,0.6929489374160767,,,
55,0.536056637763977,25759,,,0.6385755063205111,1.2880635261535645,0.7324681878089905
56,,25799,1.1871438026428223,1.238785743713379,,,
56,,25849,1.0189779996871948,1.2145044803619385,,,
56,,25899,1.093361258506775,0.648249089717865,,,
56,,25949,0.9566608667373657,1.1360255479812622,,,
56,,25999,0.9776705503463745,0.860752284526825,,,
56,,26049,0.8340890407562256,1.2137322425842285,,,
56,,26099,0.9992133975028992,0.7366408109664917,,,
56,,26149,1.069789171218872,1.106070637702942,,,
56,,26199,1.0729999542236328,0.9183862209320068,,,
56,0.5287397503852844,26219,,,0.6079244257170042,1.3243303298950195,0.7620928883552551
57,,26249,0.9766024351119995,1.1639050245285034,,,
57,,26299,0.9045701026916504,0.9849790334701538,,,
57,,26349,0.8962727785110474,1.1972723007202148,,,
57,,26399,1.0450458526611328,0.9950169324874878,,,
57,,26449,0.9320410490036011,1.2583656311035156,,,
57,,26499,0.9623759984970093,1.005016565322876,,,
57,,26549,0.9036092758178711,1.2255074977874756,,,
57,,26599,1.0565353631973267,1.047975778579712,,,
57,,26649,0.9773054718971252,0.7122274041175842,,,
57,0.5288756489753723,26679,,,0.6556340899823297,1.2116811275482178,0.7516834735870361
58,,26699,0.8734636306762695,0.8611372113227844,,,
58,,26749,0.8840624094009399,0.9286209344863892,,,
58,,26799,0.8484783172607422,1.1919641494750977,,,
58,,26849,0.8184561133384705,1.173102617263794,,,
58,,26899,0.867280125617981,1.1474865674972534,,,
58,,26949,0.8941506147384644,1.1544166803359985,,,
58,,26999,0.8323017358779907,1.1726678609848022,,,
58,,27049,1.0104970932006836,0.7585055828094482,,,
58,,27099,1.0860291719436646,0.8249021172523499,,,
58,0.5246636867523193,27139,,,0.596166915862444,1.2965137958526611,0.7006900906562805
59,,27149,0.9036189317703247,0.8992985486984253,,,
59,,27199,1.0884082317352295,0.8074206113815308,,,
59,,27249,1.3123445510864258,0.8987617492675781,,,
59,,27299,0.8861620426177979,1.4601737260818481,,,
59,,27349,1.0129210948944092,0.8852246999740601,,,
59,,27399,0.8631182909011841,1.1501290798187256,,,
59,,27449,1.212123990058899,1.0254080295562744,,,
59,,27499,0.95713210105896,1.3371336460113525,,,
59,,27549,1.0256626605987549,1.030824065208435,,,
59,,27599,0.8729872703552246,1.045221209526062,,,
59,0.5247995257377625,27599,,,0.5180100584477368,1.3410323858261108,0.7220145463943481
60,,27649,1.0228221416473389,0.9429101943969727,,,
60,,27699,0.8360062837600708,0.9877659678459167,,,
60,,27749,1.1717002391815186,0.8865902423858643,,,
60,,27799,1.1224486827850342,0.8224527835845947,,,
60,,27849,1.2220144271850586,0.8014981746673584,,,
60,,27899,0.7650327086448669,0.8939505815505981,,,
60,,27949,0.916959285736084,1.0725338459014893,,,
60,,27999,0.8125346899032593,1.0313384532928467,,,
60,,28049,0.6447999477386475,0.8852060437202454,,,
60,0.5256013870239258,28059,,,0.4386978387929863,1.4801945686340332,0.5071585774421692
61,,28099,0.802065372467041,0.9700976610183716,,,
61,,28149,0.9492349624633789,1.0891770124435425,,,
61,,28199,1.3451690673828125,0.9582537412643433,,,
61,,28249,1.0729482173919678,0.737359881401062,,,
61,,28299,1.0274032354354858,1.1023129224777222,,,
61,,28349,1.0534782409667969,1.1489957571029663,,,
61,,28399,0.8965486884117126,1.1781184673309326,,,
61,,28449,1.0640000104904175,0.8618540167808533,,,
61,,28499,1.1218928098678589,1.0809483528137207,,,
61,0.5223338603973389,28519,,,0.39601739839608535,1.3625963926315308,0.6757646799087524
62,,28549,1.3292800188064575,0.7937651872634888,,,
62,,28599,0.9051216244697571,1.1842947006225586,,,
62,,28649,0.954098105430603,1.2126777172088623,,,
62,,28699,0.9424206614494324,1.0382115840911865,,,
62,,28749,0.9347457885742188,0.9709510803222656,,,
62,,28799,0.857386589050293,1.0200204849243164,,,
62,,28849,0.8172053694725037,0.9151315689086914,,,
62,,28899,0.8055602312088013,1.362825870513916,,,
62,,28949,0.8667730093002319,1.1383936405181885,,,
62,0.5260490775108337,28979,,,0.379162702188392,1.315301775932312,0.7085767984390259
63,,28999,0.7229231595993042,1.2761154174804688,,,
63,,29049,0.8634012937545776,1.4913139343261719,,,
63,,29099,1.1171982288360596,0.8347500562667847,,,
63,,29149,1.0536820888519287,0.8649027347564697,,,
63,,29199,0.9959802627563477,0.8919718265533447,,,
63,,29249,1.2727258205413818,1.4904530048370361,,,
63,,29299,0.9191544055938721,0.8929930925369263,,,
63,,29349,0.8991458415985107,1.2297123670578003,,,
63,,29399,0.8366033434867859,1.6246337890625,,,
63,0.5307711362838745,29439,,,0.6703819491640615,1.342843770980835,0.7811425924301147
64,,29449,0.8804609179496765,1.3078899383544922,,,
64,,29499,1.1076550483703613,1.007582664489746,,,
64,,29549,1.0350720882415771,0.7505159378051758,,,
64,,29599,1.0747225284576416,0.9894895553588867,,,
64,,29649,0.8970508575439453,1.239914894104004,,,
64,,29699,0.8014379739761353,1.1073639392852783,,,
64,,29749,1.0112463235855103,1.103219747543335,,,
64,,29799,1.2177951335906982,0.9476568102836609,,,
64,,29849,0.935250461101532,0.7555492520332336,,,
64,,29899,1.4815363883972168,1.054955005645752,,,
64,0.5314638018608093,29899,,,0.5888949299986408,1.2981053590774536,0.7282570600509644
65,,29949,0.94138103723526,0.9694008827209473,,,
65,,29999,1.1735703945159912,0.7610987424850464,,,
65,,30049,0.9029889702796936,0.9689967632293701,,,
65,,30099,1.031761646270752,0.9644143581390381,,,
65,,30149,1.4742302894592285,0.9785292148590088,,,
65,,30199,1.1182998418807983,1.500788688659668,,,
65,,30249,1.057692527770996,0.7578788995742798,,,
65,,30299,0.7475147247314453,1.4485974311828613,,,
65,,30349,1.006582498550415,1.419447898864746,,,
65,0.5146093368530273,30359,,,0.5973902405871959,1.283564567565918,0.7310055494308472
66,,30399,0.8363321423530579,1.156813383102417,,,
66,,30449,0.911247193813324,1.2273367643356323,,,
66,,30499,0.7071996927261353,1.360508918762207,,,
66,,30549,1.0241034030914307,0.7458129525184631,,,
66,,30599,0.8812896013259888,0.8784826993942261,,,
66,,30649,0.8282902836799622,1.1007435321807861,,,
66,,30699,0.8464453816413879,1.2257120609283447,,,
66,,30749,1.1135082244873047,1.0413601398468018,,,
66,,30799,0.8669053316116333,0.7919186353683472,,,
66,0.5186854004859924,30819,,,0.5947397036835667,1.3335453271865845,0.7191647291183472
67,,30849,0.9947575330734253,1.1612608432769775,,,
67,,30899,1.0310819149017334,0.7845207452774048,,,
67,,30949,0.7708733081817627,1.3934746980667114,,,
67,,30999,0.9692478775978088,1.0999728441238403,,,
67,,31049,0.7919386625289917,0.8424060344696045,,,
67,,31099,1.1727197170257568,0.7896276116371155,,,
67,,31149,0.7383313179016113,1.1193832159042358,,,
67,,31199,1.0186644792556763,0.9133752584457397,,,
67,,31249,1.1318683624267578,0.804248571395874,,,
67,0.5262874364852905,31279,,,0.6764306103031127,1.2794524431228638,0.758005678653717
68,,31299,0.9642483592033386,1.0187644958496094,,,
68,,31349,1.0802192687988281,0.8677830100059509,,,
68,,31399,1.176621913909912,0.7826107740402222,,,
68,,31449,0.9057607054710388,0.9009503126144409,,,
68,,31499,1.058318018913269,0.6951047778129578,,,
68,,31549,1.0201787948608398,1.3629941940307617,,,
68,,31599,0.8397916555404663,1.3650599718093872,,,
68,,31649,0.9712468981742859,1.4119453430175781,,,
68,,31699,0.7947940826416016,1.1171956062316895,,,
68,0.5292832255363464,31739,,,0.686489058039962,1.2182514667510986,0.7444767355918884
69,,31749,1.2386598587036133,0.7766156196594238,,,
69,,31799,1.0207220315933228,0.8289217352867126,,,
69,,31849,1.2904655933380127,0.8731975555419922,,,
69,,31899,0.949446439743042,1.2079589366912842,,,
69,,31949,0.8035708665847778,1.229353427886963,,,
69,,31999,0.9166438579559326,0.8643252849578857,,,
69,,32049,0.999041736125946,0.9317185878753662,,,
69,,32099,0.9784978628158569,0.9767601490020752,,,
69,,32149,1.1559330224990845,0.9733574986457825,,,
69,,32199,0.8623583912849426,1.2160793542861938,,,
69,0.5307510495185852,32199,,,0.6202935979339405,1.2554724216461182,0.6562597751617432
70,,32249,1.2105216979980469,1.1680042743682861,,,
70,,32299,1.3930652141571045,0.8531643152236938,,,
70,,32349,0.9369338750839233,1.2128424644470215,,,
70,,32399,1.151733160018921,0.9620943069458008,,,
70,,32449,1.0303592681884766,0.8284218311309814,,,
70,,32499,1.1679174900054932,1.0087361335754395,,,
70,,32549,0.9418233036994934,1.1409783363342285,,,
70,,32599,0.9582360982894897,1.0683889389038086,,,
70,,32649,1.0088613033294678,1.1055810451507568,,,
70,0.5304927229881287,32659,,,0.5881473426668479,1.3344142436981201,0.6967241168022156
71,,32699,1.2683597803115845,0.8808627724647522,,,
71,,32749,0.9117677807807922,1.0408141613006592,,,
71,,32799,0.8929600715637207,0.8341219425201416,,,
71,,32849,0.8013443946838379,1.1195982694625854,,,
71,,32899,1.0999140739440918,1.0642030239105225,,,
71,,32949,1.0021018981933594,1.1238385438919067,,,
71,,32999,0.818469226360321,1.2876136302947998,,,
71,,33049,0.7682644128799438,0.8601117134094238,,,
71,,33099,0.9817171096801758,1.319397211074829,,,
71,0.5233116745948792,33119,,,0.4811064292510534,1.3850374221801758,0.605222761631012
72,,33149,1.2357419729232788,0.5803685188293457,,,
72,,33199,1.025455117225647,1.0077099800109863,,,
72,,33249,0.9032344818115234,1.417738914489746,,,
72,,33299,1.0490981340408325,0.9223247766494751,,,
72,,33349,0.9358828663825989,0.7988641262054443,,,
72,,33399,0.8303892612457275,0.977299153804779,,,
72,,33449,1.2876156568527222,0.9564765095710754,,,
72,,33499,0.7720433473587036,1.0235456228256226,,,
72,,33549,1.0365238189697266,1.1087956428527832,,,
72,0.5254788994789124,33579,,,0.5962348783471524,1.2999377250671387,0.7106684446334839
73,,33599,1.0355567932128906,1.1046340465545654,,,
73,,33649,0.952120304107666,0.8507125377655029,,,
73,,33699,1.3132877349853516,0.8439571857452393,,,
73,,33749,1.3209342956542969,1.6124258041381836,,,
73,,33799,0.7137539982795715,1.1183018684387207,,,
73,,33849,1.1796208620071411,0.6219131946563721,,,
73,,33899,1.3365484476089478,0.8504908680915833,,,
73,,33949,0.834733784198761,0.9802224636077881,,,
73,,33999,0.9465718269348145,0.9856647253036499,,,
73,0.5468103885650635,34039,,,0.5763898328122876,1.2889260053634644,0.7180365920066833
74,,34049,1.0718519687652588,0.8316900730133057,,,
74,,34099,0.9881248474121094,1.085218071937561,,,
74,,34149,0.9708348512649536,1.0515037775039673,,,
74,,34199,0.6725699305534363,1.379580020904541,,,
74,,34249,0.9375995993614197,1.0875788927078247,,,
74,,34299,1.0073989629745483,0.9642020463943481,,,
74,,34349,0.8858091831207275,1.6332613229751587,,,
74,,34399,0.7781044840812683,0.9452235698699951,,,
74,,34449,0.8350919485092163,1.1017160415649414,,,
74,,34499,0.6336304545402527,1.1132625341415405,,,
74,0.5256013870239258,34499,,,0.48579584069593584,1.3649752140045166,0.6967609524726868
75,,34549,0.57220059633255,0.8776918649673462,,,
75,,34599,1.0465216636657715,1.1087257862091064,,,
75,,34649,1.1461553573608398,0.810798168182373,,,
75,,34699,0.9178432822227478,0.9837368726730347,,,
75,,34749,1.319185733795166,0.7136192321777344,,,
75,,34799,1.1928231716156006,1.0353190898895264,,,
75,,34849,1.011728048324585,0.8782338500022888,,,
75,,34899,1.0767877101898193,1.1278218030929565,,,
75,,34949,1.15713369846344,0.9058569669723511,,,
75,0.520159900188446,34959,,,0.6493815413891532,1.3974120616912842,0.7745325565338135
76,,34999,1.0292463302612305,1.1946885585784912,,,
76,,35049,0.698394238948822,1.1023685932159424,,,
76,,35099,0.9443860054016113,1.090466022491455,,,
76,,35149,1.000199317932129,1.438205361366272,,,
76,,35199,0.8151436448097229,1.070693016052246,,,
76,,35249,0.7933534383773804,1.4668059349060059,,,
76,,35299,1.089229702949524,1.0745431184768677,,,
76,,35349,0.8564927577972412,1.037766456604004,,,
76,,35399,1.0461623668670654,1.1214194297790527,,,
76,0.5148743987083435,35419,,,0.527592768791627,1.3519678115844727,0.5714961290359497
77,,35449,0.9008303880691528,1.2063757181167603,,,
77,,35499,0.9753301739692688,1.1196098327636719,,,
77,,35549,0.8665775656700134,1.2374171018600464,,,
77,,35599,0.6883417963981628,1.0427314043045044,,,
77,,35649,0.9711171388626099,0.8097008466720581,,,
77,,35699,1.3256341218948364,1.0315980911254883,,,
77,,35749,1.1421173810958862,0.9947242736816406,,,
77,,35799,1.0317121744155884,1.1389708518981934,,,
77,,35849,0.9807621836662292,0.9035642147064209,,,
77,0.5208526253700256,35879,,,0.5424085904580671,1.303632378578186,0.6393664479255676
78,,35899,0.7357491254806519,1.2861522436141968,,,
78,,35949,1.0028845071792603,1.1049126386642456,,,
78,,35999,0.8218721151351929,1.323627233505249,,,
78,,36049,1.0453437566757202,0.9718529582023621,,,
78,,36099,0.7661054730415344,1.1068185567855835,,,
78,,36149,0.8550308346748352,1.3352930545806885,,,
78,,36199,0.8946326375007629,1.117159366607666,,,
78,,36249,0.7776262760162354,1.1921627521514893,,,
78,,36299,0.8097682595252991,1.2560466527938843,,,
78,0.5246636867523193,36339,,,0.7933940464863395,1.2886223793029785,0.7983419299125671
79,,36349,0.9063959717750549,0.8243513107299805,,,
79,,36399,0.7244899272918701,1.2306150197982788,,,
79,,36449,0.733212411403656,1.0742554664611816,,,
79,,36499,0.8811109066009521,0.9820365905761719,,,
79,,36549,0.6294053196907043,1.1187918186187744,,,
79,,36599,0.9401336908340454,0.9838229417800903,,,
79,,36649,1.2033380270004272,1.0275405645370483,,,
79,,36699,1.119246482849121,1.0348727703094482,,,
79,,36749,0.8896940350532532,1.028503656387329,,,
79,,36799,0.8525382280349731,1.289983868598938,,,
79,0.5193580985069275,36799,,,0.5309229305423406,1.332051157951355,0.6408362984657288
80,,36849,1.0051106214523315,0.7198123931884766,,,
80,,36899,0.9243847131729126,0.7442249059677124,,,
80,,36949,1.1652365922927856,0.7316155433654785,,,
80,,36999,0.7077497839927673,1.3682836294174194,,,
80,,37049,1.0124409198760986,1.128551959991455,,,
80,,37099,0.7886916399002075,0.8955285549163818,,,
80,,37149,1.2921202182769775,0.8703393936157227,,,
80,,37199,0.7808941602706909,1.111205816268921,,,
80,,37249,0.9465154409408569,1.3956174850463867,,,
80,0.5235767364501953,37259,,,0.6122740247383445,1.2756723165512085,0.6316717863082886
81,,37299,1.057204246520996,1.0761406421661377,,,
81,,37349,0.8226320743560791,0.7849996089935303,,,
81,,37399,0.644831120967865,1.134365439414978,,,
81,,37449,0.986960232257843,1.4285988807678223,,,
81,,37499,1.07230806350708,1.627828598022461,,,
81,,37549,0.774406909942627,0.9611507058143616,,,
81,,37599,0.9198246002197266,1.198272466659546,,,
81,,37649,1.2578456401824951,0.8358574509620667,,,
81,,37699,1.0015065670013428,0.9746140241622925,,,
81,0.5307844877243042,37719,,,0.6293326084001631,1.2725013494491577,0.7685410976409912
82,,37749,0.9571430683135986,1.137331247329712,,,
82,,37799,0.7580301761627197,1.078847050666809,,,
82,,37849,0.9189339280128479,1.2747790813446045,,,
82,,37899,0.78206866979599,1.2261323928833008,,,
82,,37949,1.1324174404144287,1.200384497642517,,,
82,,37999,0.6737627983093262,1.4396858215332031,,,
82,,38049,0.9877085089683533,0.8519685864448547,,,
82,,38099,0.6708201169967651,1.5687106847763062,,,
82,,38149,0.7860780358314514,1.4408663511276245,,,
82,0.5299692749977112,38179,,,0.5182819083865706,1.3324265480041504,0.6988107562065125
83,,38199,0.9385604858398438,0.994977593421936,,,
83,,38249,0.8712520599365234,1.1520514488220215,,,
83,,38299,1.106777310371399,0.8326881527900696,,,
83,,38349,0.9278851747512817,1.1543223857879639,,,
83,,38399,0.8428383469581604,1.9996130466461182,,,
83,,38449,1.3188527822494507,0.8702779412269592,,,
83,,38499,1.0161991119384766,0.889472484588623,,,
83,,38549,1.3341739177703857,1.3011265993118286,,,
83,,38599,0.7869641780853271,1.12118399143219,,,
83,0.5408188104629517,38639,,,0.5906619546010602,1.3137538433074951,0.7405332922935486
84,,38649,1.330183506011963,1.1294946670532227,,,
84,,38699,0.7498165965080261,1.0530574321746826,,,
84,,38749,0.95635986328125,0.9276757836341858,,,
84,,38799,0.6907939910888672,0.9493525624275208,,,
84,,38849,1.0727709531784058,1.0334489345550537,,,
84,,38899,0.8324967622756958,1.535928726196289,,,
84,,38949,1.0288587808609009,0.9516444802284241,,,
84,,38999,0.8181091547012329,1.2453824281692505,,,
84,,39049,0.8075579404830933,1.1297731399536133,,,
84,,39099,0.9330363273620605,0.9615216851234436,,,
84,0.5379722118377686,39099,,,0.6380318064428435,1.244458794593811,0.748755156993866
85,,39149,0.7670943737030029,1.229625940322876,,,
85,,39199,0.751485288143158,1.052938461303711,,,
85,,39249,1.2021512985229492,0.8837820291519165,,,
85,,39299,1.0908136367797852,0.9751896858215332,,,
85,,39349,0.898550808429718,1.2305901050567627,,,
85,,39399,1.0251308679580688,0.9423664808273315,,,
85,,39449,1.1261448860168457,1.0063539743423462,,,
85,,39499,1.0495109558105469,1.0111746788024902,,,
85,,39549,1.2686508893966675,1.066719651222229,,,
85,0.5318447351455688,39559,,,0.6035068642109556,1.3267632722854614,0.7174766063690186
86,,39599,1.0393178462982178,1.1484917402267456,,,
86,,39649,1.0990519523620605,0.998036801815033,,,
86,,39699,0.9730755686759949,1.1326394081115723,,,
86,,39749,0.9822828769683838,0.8149314522743225,,,
86,,39799,0.9292670488357544,0.8592072129249573,,,
86,,39849,0.8437952995300293,1.2201454639434814,,,
86,,39899,0.7683200836181641,1.4237706661224365,,,
86,,39949,0.7919900417327881,0.98590087890625,,,
86,,39999,0.9115378260612488,2.1638970375061035,,,
86,0.5311720371246338,40019,,,0.6255946717411989,1.308213233947754,0.8553242683410645
87,,40049,0.7079943418502808,1.9894996881484985,,,
87,,40099,0.5903841853141785,1.6885969638824463,,,
87,,40149,0.7370477914810181,1.0229417085647583,,,
87,,40199,1.0016241073608398,0.8008038401603699,,,
87,,40249,0.9363747239112854,1.039365530014038,,,
87,,40299,0.9680269956588745,1.11886465549469,,,
87,,40349,0.7460575103759766,1.7078380584716797,,,
87,,40399,0.9608018398284912,0.8029189705848694,,,
87,,40449,1.1158761978149414,1.0724453926086426,,,
87,0.5473538637161255,40479,,,0.5303792306646731,1.3258713483810425,0.6071998476982117
88,,40499,0.8286439180374146,0.8592056632041931,,,
88,,40549,1.2304694652557373,0.8588670492172241,,,
88,,40599,0.6986839771270752,0.9903698563575745,,,
88,,40649,0.6932735443115234,1.2020890712738037,,,
88,,40699,0.7054193019866943,1.0354537963867188,,,
88,,40749,0.8715704679489136,0.9598451852798462,,,
88,,40799,0.8067719340324402,1.3525526523590088,,,
88,,40849,0.9902195930480957,1.211369514465332,,,
88,,40899,0.7836681604385376,1.1805710792541504,,,
88,0.5314571261405945,40939,,,0.6001767024602419,1.2881808280944824,0.6320803165435791
89,,40949,0.747876763343811,1.5282111167907715,,,
89,,40999,0.9600324630737305,1.3082633018493652,,,
89,,41049,0.9938119053840637,0.7398250102996826,,,
89,,41099,0.8765692710876465,0.6479208469390869,,,
89,,41149,0.8309184312820435,0.7978735566139221,,,
89,,41199,0.6029685139656067,1.366965413093567,,,
89,,41249,0.8988425731658936,1.2142348289489746,,,
89,,41299,0.9330741167068481,1.2201662063598633,,,
89,,41349,0.85699862241745,0.9371622800827026,,,
89,,41399,0.9194654822349548,0.9340283274650574,,,
89,0.5271026492118835,41399,,,0.5818947940736713,1.3821895122528076,0.6276140213012695
90,,41449,0.7459133863449097,1.5227231979370117,,,
90,,41499,0.6728449463844299,1.0507878065109253,,,
90,,41549,0.8220841288566589,1.2277092933654785,,,
90,,41599,0.5394697785377502,1.182199239730835,,,
90,,41649,0.880713939666748,0.9950781464576721,,,
90,,41699,0.9998730421066284,0.7024716138839722,,,
90,,41749,0.8817557692527771,1.228226661682129,,,
90,,41799,1.0672463178634644,1.4396510124206543,,,
90,,41849,0.7131280899047852,1.146074652671814,,,
90,0.5368852615356445,41859,,,0.4736305559331249,1.3058212995529175,0.7657356858253479
91,,41899,0.9302419424057007,1.0438232421875,,,
91,,41949,1.315964937210083,1.2428867816925049,,,
91,,41999,0.8352335691452026,1.2132400274276733,,,
91,,42049,0.8156326413154602,0.9107990264892578,,,
91,,42099,0.9373370409011841,0.9567509889602661,,,
91,,42149,0.8605936765670776,1.3074654340744019,,,
91,,42199,0.858166515827179,1.0348021984100342,,,
91,,42249,0.8360498547554016,1.2164125442504883,,,
91,,42299,0.7895210385322571,0.8579820394515991,,,
91,0.5269667506217957,42319,,,0.601264102215577,1.2745851278305054,0.6510747671127319
92,,42349,0.8689205050468445,1.0617557764053345,,,
92,,42399,0.8936147093772888,1.1350314617156982,,,
92,,42449,1.0869572162628174,0.8788388967514038,,,
92,,42499,1.563747525215149,0.924302875995636,,,
92,,42549,1.0919382572174072,0.8390212059020996,,,
92,,42599,0.9710094332695007,1.2249867916107178,,,
92,,42649,0.8955618143081665,0.9071406126022339,,,
92,,42699,0.9415189623832703,1.2532591819763184,,,
92,,42749,1.1333122253417969,0.9646493196487427,,,
92,0.5330942869186401,42779,,,0.6899551447600925,1.2394065856933594,0.824843168258667
93,,42799,1.0154101848602295,1.2317465543746948,,,
93,,42849,0.8334442377090454,0.9204568862915039,,,
93,,42899,0.9078914523124695,1.397714376449585,,,
93,,42949,0.9502308368682861,1.0524331331253052,,,
93,,42999,0.7722391486167908,1.074262022972107,,,
93,,43049,0.9572678804397583,1.1801270246505737,,,
93,,43099,0.8811008930206299,0.857668399810791,,,
93,,43149,1.06656813621521,1.0602056980133057,,,
93,,43199,1.1921855211257935,0.823122501373291,,,
93,0.5186854004859924,43239,,,0.5547098001902949,1.3756641149520874,0.6709652543067932
94,,43249,0.7138544321060181,0.925045907497406,,,
94,,43299,1.5128157138824463,0.6830534338951111,,,
94,,43349,0.9690927863121033,0.7797627449035645,,,
94,,43399,1.0272350311279297,1.4489898681640625,,,
94,,43449,1.2367935180664062,1.0533790588378906,,,
94,,43499,0.8035492897033691,1.12845778465271,,,
94,,43549,1.066443920135498,1.273822546005249,,,
94,,43599,0.9906774759292603,0.6723910570144653,,,
94,,43649,0.9963188767433167,0.9224481582641602,,,
94,,43699,1.0538471937179565,0.913768470287323,,,
94,0.5200440883636475,43699,,,0.5623895609623488,1.3220566511154175,0.7194777131080627
95,,43749,1.246645212173462,0.7894978523254395,,,
95,,43799,0.7311910390853882,1.3096710443496704,,,
95,,43849,0.8840166330337524,1.27133309841156,,,
95,,43899,0.7882758975028992,1.2073026895523071,,,
95,,43949,0.8395117521286011,0.8139905333518982,,,
95,,43999,1.0948387384414673,0.95744788646698,,,
95,,44049,0.8161582350730896,1.0373377799987793,,,
95,,44099,1.4083199501037598,1.0354981422424316,,,
95,,44149,0.9962888360023499,0.9472976326942444,,,
95,0.5351189374923706,44159,,,0.5873997553350551,1.3116964101791382,0.7754080295562744
96,,44199,0.9482097625732422,1.163405418395996,,,
96,,44249,0.9742091298103333,0.9675542116165161,,,
96,,44299,0.9710451364517212,1.109945297241211,,,
96,,44349,0.7209210991859436,1.256591796875,,,
96,,44399,0.8867255449295044,1.182748556137085,,,
96,,44449,0.8802706003189087,0.7910332083702087,,,
96,,44499,0.6313384771347046,1.866948127746582,,,
96,,44549,0.7756726145744324,1.0961332321166992,,,
96,,44599,0.9234286546707153,1.2130486965179443,,,
96,0.5325374007225037,44619,,,0.46574690770694577,1.4463579654693604,0.5172920227050781
97,,44649,1.1595900058746338,1.1563916206359863,,,
97,,44699,0.7224270105361938,1.190929651260376,,,
97,,44749,0.9887688755989075,0.9873310327529907,,,
97,,44799,1.4454619884490967,0.9722881317138672,,,
97,,44849,0.9259252548217773,0.9233744144439697,,,
97,,44899,1.2234667539596558,0.7901875972747803,,,
97,,44949,0.9268978834152222,1.6163134574890137,,,
97,,44999,0.8825066089630127,1.071614384651184,,,
97,,45049,1.0872247219085693,1.1515989303588867,,,
97,0.5277819633483887,45079,,,0.5996330025825745,1.321592926979065,0.7229380011558533
98,,45099,0.8175455331802368,1.2839947938919067,,,
98,,45149,1.0666790008544922,0.8584297895431519,,,
98,,45199,1.0255355834960938,0.9547306299209595,,,
98,,45249,0.9430043697357178,0.9503291845321655,,,
98,,45299,1.0106185674667358,0.9366760849952698,,,
98,,45349,0.8956916928291321,0.8910338282585144,,,
98,,45399,1.0908845663070679,1.0927832126617432,,,
98,,45449,0.572961151599884,0.8471988439559937,,,
98,,45499,0.7967604994773865,1.0094330310821533,,,
98,0.5185562372207642,45539,,,0.48593176566535273,1.4105719327926636,0.571133553981781
99,,45549,0.7308214902877808,0.8813389539718628,,,
99,,45599,0.9241573810577393,1.0754187107086182,,,
99,,45649,0.7784419655799866,1.2711255550384521,,,
99,,45699,0.6239858269691467,1.0833543539047241,,,
99,,45749,0.5352836847305298,1.2504661083221436,,,
99,,45799,0.7931677103042603,1.212878942489624,,,
99,,45849,1.1046313047409058,1.2211315631866455,,,
99,,45899,0.7395074963569641,0.8410543203353882,,,
99,,45949,0.9407733082771301,1.2688767910003662,,,
99,,45999,0.8980507850646973,0.9653785228729248,,,
99,0.5344529747962952,45999,,,0.49198042680440396,1.4014079570770264,0.5738171935081482
100,,46049,0.8481809496879578,1.1474339962005615,,,
100,,46099,1.0502947568893433,0.9832333922386169,,,
100,,46149,0.8996005058288574,1.39007568359375,,,
100,,46199,1.0809998512268066,0.8719824552536011,,,
100,,46249,0.942353367805481,1.358229398727417,,,
100,,46299,0.7401825785636902,1.199541687965393,,,
100,,46349,0.7844468355178833,0.8338650465011597,,,
100,,46399,0.7136242389678955,1.1430295705795288,,,
100,,46449,0.9618202447891235,0.9938669204711914,,,
100,0.5291473865509033,46459,,,0.5666711974989805,1.3286981582641602,0.6489077806472778
101,,46499,0.9081929922103882,1.043989658355713,,,
101,,46549,0.8080299496650696,1.0625295639038086,,,
101,,46599,0.9578245282173157,0.7643961906433105,,,
101,,46649,0.6970412731170654,1.1890510320663452,,,
101,,46699,0.9800159931182861,0.9892533421516418,,,
101,,46749,0.8234797716140747,1.254691481590271,,,
101,,46799,0.7491844892501831,1.2129266262054443,,,
101,,46849,0.7054091095924377,1.4717823266983032,,,
101,,46899,0.9484387636184692,0.7600647211074829,,,
101,0.5301051139831543,46919,,,0.6173712110914775,1.2710412740707397,0.6396112442016602
102,,46949,1.3516026735305786,0.7845830917358398,,,
102,,46999,0.9587996006011963,0.8218609690666199,,,
102,,47049,0.8632375001907349,1.2049996852874756,,,
102,,47099,1.2795851230621338,0.8548966646194458,,,
102,,47149,1.0415308475494385,0.9686002135276794,,,
102,,47199,0.6484917402267456,1.1514650583267212,,,
102,,47249,0.5842157602310181,1.5829856395721436,,,
102,,47299,0.9999074339866638,1.283216953277588,,,
102,,47349,0.8000161051750183,1.142995834350586,,,
102,0.5275102257728577,47379,,,0.4707761315753704,1.4183173179626465,0.59173184633255
103,,47399,0.7418084144592285,1.145305871963501,,,
103,,47449,0.8484466075897217,1.0724446773529053,,,
103,,47499,1.0756962299346924,0.919018030166626,,,
103,,47549,0.7959452867507935,1.0679192543029785,,,
103,,47599,0.7928162813186646,1.2728559970855713,,,
103,,47649,0.987812876701355,0.922285795211792,,,
103,,47699,0.7497836351394653,0.9826252460479736,,,
103,,47749,0.9516481757164001,1.1070215702056885,,,
103,,47799,1.0837416648864746,0.9807460308074951,,,
103,0.5296841859817505,47839,,,0.6299442707625391,1.2884219884872437,0.7319624423980713
104,,47849,0.9392300844192505,0.9960339069366455,,,
104,,47899,0.9129509329795837,0.8291269540786743,,,
104,,47949,0.9466429948806763,0.7908731698989868,,,
104,,47999,1.1074063777923584,1.0436272621154785,,,
104,,48049,1.020782470703125,1.1999073028564453,,,
104,,48099,1.0683400630950928,0.8861887454986572,,,
104,,48149,1.0351696014404297,1.0779073238372803,,,
104,,48199,0.7188760042190552,1.1869094371795654,,,
104,,48249,0.7092077732086182,1.002013921737671,,,
104,,48299,0.8544658422470093,0.8492826819419861,,,
104,0.5287330746650696,48299,,,0.5371754791355172,1.3556140661239624,0.6407820582389832
105,,48349,1.1233735084533691,0.954446017742157,,,
105,,48399,0.8098520040512085,1.3628729581832886,,,
105,,48449,0.9942969083786011,1.0532699823379517,,,
105,,48499,0.913246750831604,0.935951828956604,,,
105,,48549,0.9266319274902344,0.8974812626838684,,,
105,,48599,1.0665249824523926,0.7796991467475891,,,
105,,48649,0.8761429786682129,0.9753755331039429,,,
105,,48699,1.2406654357910156,0.7344875931739807,,,
105,,48749,0.8716921806335449,0.8282750844955444,,,
105,0.5296975374221802,48759,,,0.665692537719179,1.2870349884033203,0.7445834279060364
106,,48799,0.9380977749824524,1.0061326026916504,,,
106,,48849,0.9478469491004944,0.8865367770195007,,,
106,,48899,1.0034270286560059,1.2387109994888306,,,
106,,48949,0.6545121073722839,1.4049160480499268,,,
106,,48999,0.8755890727043152,1.076385498046875,,,
106,,49049,1.2198172807693481,0.8509769439697266,,,
106,,49099,0.813785195350647,1.0814242362976074,,,
106,,49149,1.1790753602981567,1.1517174243927002,,,
106,,49199,0.7598962783813477,0.9523786306381226,,,
106,0.5336310863494873,49219,,,0.48532010330297676,1.3845733404159546,0.5827298164367676
107,,49249,0.741520881652832,1.3678935766220093,,,
107,,49299,1.0326592922210693,1.0662851333618164,,,
107,,49349,0.9177524447441101,0.9206041097640991,,,
107,,49399,1.1097437143325806,1.2184545993804932,,,
107,,49449,1.142742395401001,1.0930382013320923,,,
107,,49499,0.7346049547195435,1.0854700803756714,,,
107,,49549,0.9867691397666931,1.0439281463623047,,,
107,,49599,0.8856676816940308,0.7468234896659851,,,
107,,49649,0.9675745964050293,1.181471347808838,,,
107,0.5260022878646851,49679,,,0.5460106021476145,1.3372570276260376,0.6668809652328491
108,,49699,1.1192553043365479,1.0573039054870605,,,
108,,49749,0.947300910949707,1.0909981727600098,,,
108,,49799,0.876587450504303,1.3524092435836792,,,
108,,49849,0.6889094114303589,1.2298301458358765,,,
108,,49899,0.9137922525405884,1.0048303604125977,,,
108,,49949,0.9006035923957825,1.107691764831543,,,
108,,49999,0.7435385584831238,1.0705219507217407,,,
108,,50049,1.2914354801177979,0.7870028018951416,,,
108,,50099,1.0029149055480957,1.0664000511169434,,,
108,0.5329383611679077,50139,,,0.5931765665352725,1.3187569379806519,0.6064059734344482
109,,50149,1.0554349422454834,0.8410086631774902,,,
109,,50199,0.800775945186615,0.9695083498954773,,,
109,,50249,0.8822080492973328,1.275045394897461,,,
109,,50299,1.300593614578247,0.7086702585220337,,,
109,,50349,0.8053609132766724,1.0120378732681274,,,
109,,50399,0.8645003437995911,0.9077531099319458,,,
109,,50449,0.9792757034301758,0.9760005474090576,,,
109,,50499,0.8515403270721436,0.9716166853904724,,,
109,,50549,1.1538565158843994,1.0757259130477905,,,
109,,50599,1.262269377708435,0.9320715069770813,,,
109,0.5313279628753662,50599,,,0.4961941008563273,1.3850505352020264,0.634411633014679
110,,50649,0.857344388961792,0.788266122341156,,,
110,,50699,0.9513645172119141,0.974639356136322,,,
110,,50749,0.9975606203079224,1.0453205108642578,,,
110,,50799,0.912217378616333,0.7534617185592651,,,
110,,50849,0.6883211135864258,1.398748755455017,,,
110,,50899,1.2117172479629517,1.0151824951171875,,,
110,,50949,1.1137208938598633,1.6802946329116821,,,
110,,50999,0.6926800012588501,1.1182888746261597,,,
110,,51049,0.7530878186225891,0.8968653678894043,,,
110,0.5389299988746643,51059,,,0.5897784422998504,1.3308098316192627,0.7150499224662781
111,,51099,0.7265084981918335,1.2401530742645264,,,
111,,51149,0.7296563982963562,1.627541422843933,,,
111,,51199,0.7685657739639282,1.1697635650634766,,,
111,,51249,0.6991013288497925,1.1348588466644287,,,
111,,51299,0.7788655161857605,1.1619337797164917,,,
111,,51349,0.8013923168182373,1.018587350845337,,,
111,,51399,0.8060886859893799,0.756199836730957,,,
111,,51449,1.072867751121521,0.9941489696502686,,,
111,,51499,0.7556520104408264,1.3022067546844482,,,
111,0.5294057130813599,51519,,,0.620837297811608,1.3018345832824707,0.6957665085792542
112,,51549,0.8822871446609497,1.1646201610565186,,,
112,,51599,0.8927600979804993,1.0865732431411743,,,
112,,51649,1.159444808959961,0.9347863793373108,,,
112,,51699,0.8288091421127319,1.168438196182251,,,
112,,51749,0.8513471484184265,1.0753886699676514,,,
112,,51799,0.8494505882263184,1.553067922592163,,,
112,,51849,1.1594852209091187,0.8310753107070923,,,
112,,51899,1.1040773391723633,1.0781140327453613,,,
112,,51949,1.0974315404891968,1.0251449346542358,,,
112,0.5242560505867004,51979,,,0.5613021612070137,1.3520524501800537,0.7105647921562195
113,,51999,0.8948551416397095,1.3442325592041016,,,
113,,52049,0.9209210872650146,0.9177602529525757,,,
113,,52099,0.9340567588806152,1.0945669412612915,,,
113,,52149,1.1585896015167236,0.9268883466720581,,,
113,,52199,1.1116855144500732,0.8264773488044739,,,
113,,52249,0.7430706024169922,1.222759485244751,,,
113,,52299,0.9281461238861084,1.2754307985305786,,,
113,,52349,0.7557938098907471,1.1808956861495972,,,
113,,52399,0.8232643604278564,1.0289794206619263,,,
113,0.5265458226203918,52439,,,0.5512437134701644,1.331390619277954,0.7380453944206238
114,,52449,0.7590292692184448,1.0150141716003418,,,
114,,52499,0.6161264777183533,1.5631206035614014,,,
114,,52549,1.06654953956604,1.3138841390609741,,,
114,,52599,0.8980840444564819,1.3080390691757202,,,
114,,52649,0.6421734094619751,0.8340116739273071,,,
114,,52699,1.081528902053833,1.0775303840637207,,,
114,,52749,0.8367695808410645,1.4975697994232178,,,
114,,52799,0.9512159824371338,1.3585084676742554,,,
114,,52849,0.7548009157180786,1.305046558380127,,,
114,,52899,0.8631597757339478,1.3050278425216675,,,
114,0.5294057130813599,52899,,,0.3922794617371211,1.3703572750091553,0.7175872325897217
115,,52949,0.6729094982147217,1.4160159826278687,,,
115,,52999,0.582054615020752,1.1728625297546387,,,
115,,53049,0.7285259962081909,1.4096606969833374,,,
115,,53099,0.7852878570556641,1.3702499866485596,,,
115,,53149,0.752650797367096,1.2317652702331543,,,
115,,53199,0.7899799346923828,1.2045228481292725,,,
115,,53249,1.1678282022476196,0.9387202858924866,,,
115,,53299,0.647844672203064,1.0293833017349243,,,
115,,53349,1.663193941116333,1.0431424379348755,,,
115,0.5310428738594055,53359,,,0.5084953105885551,1.4021657705307007,0.4845207929611206
116,,53399,0.7263489365577698,1.2518260478973389,,,
116,,53449,0.624220609664917,0.7071465253829956,,,
116,,53499,0.6875286102294922,1.1249439716339111,,,
116,,53549,1.218691110610962,1.0033349990844727,,,
116,,53599,0.8010958433151245,1.2337878942489624,,,
116,,53649,0.7682282328605652,1.1822142601013184,,,
116,,53699,0.6465423107147217,1.4366888999938965,,,
116,,53749,0.7681520581245422,1.2498842477798462,,,
116,,53799,1.2063218355178833,0.7125957608222961,,,
116,0.5310495495796204,53819,,,0.5990893027049069,1.2591712474822998,0.76345294713974
117,,53849,1.1441874504089355,1.0936081409454346,,,
117,,53899,1.068554162979126,1.0269157886505127,,,
117,,53949,0.8703404664993286,1.3389081954956055,,,
117,,53999,0.8912429213523865,0.9691294431686401,,,
117,,54049,0.813102126121521,0.9833202958106995,,,
117,,54099,0.9573109149932861,1.1218233108520508,,,
117,,54149,0.896227240562439,1.117875576019287,,,
117,,54199,0.8685027360916138,0.8047915697097778,,,
117,,54249,0.7897892594337463,0.7588532567024231,,,
117,0.5080742239952087,54279,,,0.49198042680440396,1.4077273607254028,0.5648443698883057
118,,54299,1.1190978288650513,0.6292909979820251,,,
118,,54349,1.0334889888763428,0.8563534021377563,,,
118,,54399,0.6782273650169373,0.9449787735939026,,,
118,,54449,0.6593504548072815,1.2557454109191895,,,
118,,54499,1.0583040714263916,1.2402215003967285,,,
118,,54549,0.778980553150177,1.1505658626556396,,,
118,,54599,1.139068365097046,0.7709221243858337,,,
118,,54649,0.6777660846710205,1.132950782775879,,,
118,,54699,0.7598491907119751,0.7254656553268433,,,
118,0.5298133492469788,54739,,,0.5976620905260296,1.3238788843154907,0.5911194682121277
119,,54749,0.9919732213020325,1.101069688796997,,,
119,,54799,1.0966267585754395,0.9785059690475464,,,
119,,54849,0.998695433139801,1.4267768859863281,,,
119,,54899,0.9152323007583618,1.1552541255950928,,,
119,,54949,0.6654261350631714,1.3662331104278564,,,
119,,54999,1.0954493284225464,1.3453859090805054,,,
119,,55049,0.7590408325195312,0.9888967275619507,,,
119,,55099,0.7705649137496948,1.730738878250122,,,
119,,55149,0.8956539630889893,0.7276809215545654,,,
119,,55199,0.6286278963088989,0.9665120840072632,,,
119,0.5165048241615295,55199,,,0.6038466766344978,1.3171429634094238,0.6829347610473633
120,,55249,1.0349600315093994,0.8603122234344482,,,
120,,55299,0.9732649326324463,0.8426491022109985,,,
120,,55349,1.0296030044555664,1.097234845161438,,,
120,,55399,0.6600179076194763,1.252823829650879,,,
120,,55449,0.9004178047180176,1.0591681003570557,,,
120,,55499,0.972326397895813,0.7668235301971436,,,
120,,55549,0.7137287259101868,0.9163305759429932,,,
120,,55599,0.9721357822418213,0.8695008754730225,,,
120,,55649,0.8140970468521118,1.0340166091918945,,,
120,0.5328091382980347,55659,,,0.6831588962892483,1.2118319272994995,0.6943020224571228
121,,55699,0.5794132947921753,1.247442364692688,,,
121,,55749,1.2316131591796875,0.7181973457336426,,,
121,,55799,1.0757627487182617,1.4484843015670776,,,
121,,55849,0.7082900404930115,1.278818130493164,,,
121,,55899,1.0466392040252686,0.8779802322387695,,,
121,,55949,0.9665887355804443,1.1462469100952148,,,
121,,55999,0.9480077624320984,0.9278032183647156,,,
121,,56049,0.9236962795257568,0.886942982673645,,,
121,,56099,0.97620689868927,0.8386483192443848,,,
121,0.5212602615356445,56119,,,0.4838249286393911,1.4296690225601196,0.6024625897407532
122,,56149,0.8157800436019897,1.5997505187988281,,,
122,,56199,0.8541055917739868,1.0072780847549438,,,
122,,56249,0.7496650815010071,1.5134661197662354,,,
122,,56299,0.6405413150787354,1.2598698139190674,,,
122,,56349,0.8155664205551147,1.065109133720398,,,
122,,56399,1.3382728099822998,0.7738864421844482,,,
122,,56449,0.5676488876342773,1.1802217960357666,,,
122,,56499,0.9610215425491333,0.9082834124565125,,,
122,,56549,0.7910349369049072,1.6784641742706299,,,
122,0.5220687985420227,56579,,,0.4573195596030991,1.430070400238037,0.549866259098053
123,,56599,0.7845835089683533,1.617678165435791,,,
123,,56649,0.7489124536514282,1.280571699142456,,,
123,,56699,0.8138117790222168,1.1113338470458984,,,
123,,56749,1.2302882671356201,0.8231515288352966,,,
123,,56799,0.6931277513504028,1.0696077346801758,,,
123,,56849,1.2133522033691406,1.0926117897033691,,,
123,,56899,0.8630603551864624,0.8209518194198608,,,
123,,56949,0.7163635492324829,1.1116507053375244,,,
123,,56999,0.9632425904273987,0.8036661148071289,,,
123,0.5216611623764038,57039,,,0.5033301617507137,1.4256746768951416,0.45812126994132996
124,,57049,0.7713432312011719,1.1287121772766113,,,
124,,57099,0.8567836284637451,1.0634970664978027,,,
124,,57149,0.6490030288696289,1.7462071180343628,,,
124,,57199,0.8725566864013672,0.9303205013275146,,,
124,,57249,0.8088464736938477,0.9259163737297058,,,
124,,57299,0.7802287340164185,1.122321605682373,,,
124,,57349,0.8332103490829468,1.35397469997406,,,
124,,57399,1.4107615947723389,1.3900539875030518,,,
124,,57449,0.8485344648361206,1.0104138851165771,,,
124,,57499,0.8873724937438965,1.412386178970337,,,
124,0.5295549631118774,57499,,,0.5237868696479543,1.4239884614944458,0.7879979610443115
125,,57549,0.9065968990325928,1.2486166954040527,,,
125,,57599,0.949426531791687,0.925666332244873,,,
125,,57649,1.0339086055755615,0.833808422088623,,,
125,,57699,0.9545671343803406,0.847636342048645,,,
125,,57749,0.7737463712692261,1.1078577041625977,,,
125,,57799,0.7229052782058716,0.8777656555175781,,,
125,,57849,0.6928128600120544,1.2135164737701416,,,
125,,57899,0.7942070960998535,1.080056071281433,,,
125,,57949,0.9909647703170776,0.9860357642173767,,,
125,0.5311720371246338,57959,,,0.6403425309229306,1.2853386402130127,0.7135910987854004
126,,57999,0.8826630115509033,1.1801164150238037,,,
126,,58049,0.9453189969062805,1.0932813882827759,,,
126,,58099,0.8816186189651489,1.120849609375,,,
126,,58149,0.6884245872497559,1.2896077632904053,,,
126,,58199,0.7620946168899536,1.1374424695968628,,,
126,,58249,0.904639482498169,1.1427255868911743,,,
126,,58299,0.8830200433731079,0.8075500726699829,,,
126,,58349,1.0752418041229248,0.9125854969024658,,,
126,,58399,0.8445935249328613,0.9133597016334534,,,
126,0.5310428738594055,58419,,,0.44746499932037515,1.4332983493804932,0.5677042007446289
127,,58449,1.0034151077270508,1.0655758380889893,,,
127,,58499,0.9361193180084229,0.899282693862915,,,
127,,58549,0.8657450675964355,1.313589096069336,,,
127,,58599,0.8534908294677734,0.9841077923774719,,,
127,,58649,0.594153642654419,1.565286636352539,,,
127,,58699,0.858519971370697,1.0959608554840088,,,
127,,58749,0.7762312293052673,1.157658576965332,,,
127,,58799,0.9898568391799927,0.7436080574989319,,,
127,,58849,0.706501305103302,1.3180336952209473,,,
127,0.5218170881271362,58879,,,0.5928367541117303,1.252331256866455,0.6334969401359558
128,,58899,0.7650165557861328,1.253495693206787,,,
128,,58949,0.6096642017364502,0.8235189318656921,,,
128,,58999,0.7806168794631958,1.4826022386550903,,,
128,,59049,0.7342009544372559,1.1620049476623535,,,
128,,59099,0.7585709095001221,0.9798203110694885,,,
128,,59149,0.6660573482513428,1.4413647651672363,,,
128,,59199,0.9475594758987427,1.0476043224334717,,,
128,,59249,0.8571089506149292,1.3285231590270996,,,
128,,59299,0.8475064039230347,0.9515184164047241,,,
128,0.5324015617370605,59339,,,0.46241674595623217,1.4365546703338623,0.5185699462890625
129,,59349,0.6359161734580994,1.0894017219543457,,,
129,,59399,0.8091441988945007,1.1223492622375488,,,
129,,59449,0.9392510056495667,0.9242550134658813,,,
129,,59499,0.8852194547653198,1.0189281702041626,,,
129,,59549,0.8054826259613037,0.9574698209762573,,,
129,,59599,1.054457187652588,0.9940973520278931,,,
129,,59649,0.9237678050994873,0.9691118001937866,,,
129,,59699,0.864215075969696,1.1882424354553223,,,
129,,59749,0.8621662259101868,0.9097193479537964,,,
129,,59799,1.1080389022827148,1.1462500095367432,,,
129,0.5317288637161255,59799,,,0.6491776539350279,1.2311135530471802,0.7598269581794739
130,,59849,0.895363986492157,0.7711268663406372,,,
130,,59899,0.8184597492218018,1.1077420711517334,,,
130,,59949,1.3984429836273193,0.9273070096969604,,,
130,,59999,0.7549372911453247,1.121655821800232,,,
130,,60049,1.0981786251068115,0.8442302346229553,,,
130,,60099,0.9765816330909729,1.0131160020828247,,,
130,,60149,1.0926897525787354,1.1146557331085205,,,
130,,60199,0.969021737575531,1.1453890800476074,,,
130,,60249,0.5734875202178955,1.2916669845581055,,,
130,0.5306485891342163,60259,,,0.6861492456164198,1.2247443199157715,0.8182269930839539
131,,60299,1.0789158344268799,1.0319569110870361,,,
131,,60349,1.0375627279281616,1.439838171005249,,,
131,,60399,0.7408716082572937,0.9541957378387451,,,
131,,60449,0.9551407098770142,1.0880910158157349,,,
131,,60499,0.8302673101425171,0.8035037517547607,,,
131,,60549,0.7505714893341064,1.2858647108078003,,,
131,,60599,1.2856851816177368,0.9225742816925049,,,
131,,60649,1.3501226902008057,0.6318373084068298,,,
131,,60699,0.7380722761154175,1.3036000728607178,,,
131,0.5366268754005432,60719,,,0.5596030990893027,1.3259449005126953,0.5547581315040588
132,,60749,0.6877694725990295,1.5982277393341064,,,
132,,60799,0.782349705696106,1.0962469577789307,,,
132,,60849,1.2859166860580444,1.0071406364440918,,,
132,,60899,0.8362859487533569,1.2366242408752441,,,
132,,60949,0.7950103282928467,1.079335331916809,,,
132,,60999,0.942558765411377,1.0275180339813232,,,
132,,61049,1.174817681312561,0.6790974736213684,,,
132,,61099,0.7176138162612915,1.593595266342163,,,
132,,61149,0.9286506175994873,0.8861846923828125,,,
132,0.5239642858505249,61179,,,0.5000679624847084,1.373589038848877,0.6345010995864868
133,,61199,0.7641701102256775,1.3506656885147095,,,
133,,61249,0.8304195404052734,0.8415269255638123,,,
133,,61299,0.7683693766593933,1.1704473495483398,,,
133,,61349,0.62724769115448,0.7694107294082642,,,
133,,61399,0.6711502075195312,1.231863260269165,,,
133,,61449,0.8451641798019409,1.7649285793304443,,,
133,,61499,0.7029353976249695,1.1704204082489014,,,
133,,61549,0.7962794899940491,1.105279803276062,,,
133,,61599,1.0933341979980469,0.9838303327560425,,,
133,0.5337535738945007,61639,,,0.6135653119478048,1.2795203924179077,0.6748759746551514
134,,61649,0.9422857165336609,1.4932191371917725,,,
134,,61699,0.8583948612213135,1.32515287399292,,,
134,,61749,0.8882043957710266,1.1180965900421143,,,
134,,61799,0.6203857064247131,1.2126585245132446,,,
134,,61849,0.8657845258712769,0.7420679926872253,,,
134,,61899,1.1791253089904785,0.7579831480979919,,,
134,,61949,0.8329566121101379,1.362816572189331,,,
134,,61999,0.7990806698799133,0.9188847541809082,,,
134,,62049,0.8219724297523499,1.28067946434021,,,
134,,62099,1.099958896636963,1.0898460149765015,,,
134,0.5303768515586853,62099,,,0.6224004349599022,1.321216344833374,0.6907349228858948
135,,62149,0.8820568919181824,0.9484332203865051,,,
135,,62199,0.9375745058059692,1.012346863746643,,,
135,,62249,0.750268816947937,1.411504864692688,,,
135,,62299,1.1587371826171875,1.0015904903411865,,,
135,,62349,0.7571427822113037,1.2587682008743286,,,
135,,62399,0.9304981827735901,1.155935287475586,,,
135,,62449,0.6335850954055786,1.0837013721466064,,,
135,,62499,0.7197154760360718,1.3070549964904785,,,
135,,62549,0.7723774313926697,1.2377837896347046,,,
135,0.5223605632781982,62559,,,0.5670110099225227,1.3497415781021118,0.5683320164680481
136,,62599,0.7122383117675781,1.1462182998657227,,,
136,,62649,0.9220247268676758,1.1686971187591553,,,
136,,62699,0.6677995920181274,1.3757046461105347,,,
136,,62749,0.8688681721687317,0.7657496929168701,,,
136,,62799,0.8878535032272339,1.1282243728637695,,,
136,,62849,0.775915265083313,0.9834328889846802,,,
136,,62899,0.9726887345314026,0.8850006461143494,,,
136,,62949,0.975309431552887,0.8440799713134766,,,
136,,62999,0.7283755540847778,0.7796554565429688,,,
136,0.5156695246696472,63019,,,0.5996330025825745,1.312380313873291,0.69618159532547
137,,63049,0.7201259136199951,1.086613416671753,,,
137,,63099,0.5794075727462769,1.5317182540893555,,,
137,,63149,1.0777676105499268,1.4664885997772217,,,
137,,63199,0.8262342810630798,1.2086083889007568,,,
137,,63249,0.6404716372489929,1.2854015827178955,,,
137,,63299,0.6843788623809814,1.4430426359176636,,,
137,,63349,0.8094085454940796,0.9077563285827637,,,
137,,63399,0.8982601165771484,0.9640978574752808,,,
137,,63449,0.9939898252487183,1.0076508522033691,,,
137,0.5362125635147095,63479,,,0.5226315074079109,1.313676357269287,0.5721529126167297
138,,63499,0.7572165727615356,1.008544921875,,,
138,,63549,0.8915972709655762,1.1483800411224365,,,
138,,63599,0.7798060178756714,1.2183537483215332,,,
138,,63649,1.042546033859253,0.8575378060340881,,,
138,,63699,0.9603614807128906,1.0561081171035767,,,
138,,63749,1.0942870378494263,0.9610111117362976,,,
138,,63799,0.7936585545539856,1.088651418685913,,,
138,,63849,0.835471510887146,0.9867996573448181,,,
138,,63899,0.9892343878746033,0.8403943181037903,,,
138,0.5351256132125854,63939,,,0.5439037651216528,1.351827621459961,0.6019561886787415
139,,63949,0.811530590057373,1.0271310806274414,,,
139,,63999,0.8526447415351868,1.3526833057403564,,,
139,,64049,0.7470940351486206,1.1474725008010864,,,
139,,64099,1.0213396549224854,0.7780642509460449,,,
139,,64149,0.7393096685409546,1.049689531326294,,,
139,,64199,0.9826714992523193,0.8762997388839722,,,
139,,64249,0.9728249311447144,0.8172212243080139,,,
139,,64299,0.7179125547409058,1.3966246843338013,,,
139,,64349,1.0150682926177979,1.3125783205032349,,,
139,,64399,1.0028191804885864,0.8902931809425354,,,
139,0.5315796732902527,64399,,,0.5601467989669703,1.314602017402649,0.6357274055480957
140,,64449,0.8528473377227783,1.0631951093673706,,,
140,,64499,0.9691780209541321,0.7939540147781372,,,
140,,64549,0.8751453161239624,0.7050045728683472,,,
140,,64599,0.7214746475219727,1.3858938217163086,,,
140,,64649,0.7927781939506531,1.2937862873077393,,,
140,,64699,0.6236904859542847,1.7620009183883667,,,
140,,64749,1.0011367797851562,0.8905119895935059,,,
140,,64799,0.9111965894699097,1.0419646501541138,,,
140,,64849,0.8274036645889282,0.9984374046325684,,,
140,0.5283254384994507,64859,,,0.5188256082642382,1.3452330827713013,0.706311047077179
141,,64899,0.6748000383377075,2.085045576095581,,,
141,,64949,1.2730414867401123,0.6053194403648376,,,
141,,64999,0.9678709506988525,0.9632053375244141,,,
141,,65049,0.8116545677185059,1.7920081615447998,,,
141,,65099,0.7753387689590454,1.2485218048095703,,,
141,,65149,0.7513667941093445,0.8660191297531128,,,
141,,65199,0.6101993322372437,1.297271728515625,,,
141,,65249,0.8081648945808411,0.6959559321403503,,,
141,,65299,0.8301721811294556,0.8564510345458984,,,
141,0.5298133492469788,65319,,,0.6443523175207285,1.227349877357483,0.8887527585029602
142,,65349,0.883224606513977,0.8449317812919617,,,
142,,65399,0.7411004304885864,1.0935007333755493,,,
142,,65449,0.5759482383728027,1.4342517852783203,,,
142,,65499,0.6153193116188049,1.8076329231262207,,,
142,,65549,0.820756733417511,0.9399428367614746,,,
142,,65599,0.818128764629364,0.8793233633041382,,,
142,,65649,0.9094101190567017,1.02783203125,,,
142,,65699,1.0450676679611206,0.8432079553604126,,,
142,,65749,1.043161392211914,1.039523720741272,,,
142,0.5268375873565674,65779,,,0.5035340492048389,1.3643684387207031,0.6965205073356628
143,,65799,1.0357856750488281,1.047196865081787,,,
143,,65849,0.9907367825508118,0.998419463634491,,,
143,,65899,0.9156855344772339,1.0628873109817505,,,
143,,65949,1.029535174369812,0.8777283430099487,,,
143,,65999,0.8553770780563354,1.1161211729049683,,,
143,,66049,0.9047393798828125,1.0242705345153809,,,
143,,66099,0.9382444620132446,1.2933024168014526,,,
143,,66149,0.5500746965408325,0.9061814546585083,,,
143,,66199,0.7503980398178101,0.8899334669113159,,,
143,0.5247794985771179,66239,,,0.5238548321326628,1.300266981124878,0.5829541087150574
144,,66249,0.7398247122764587,0.8517031669616699,,,
144,,66299,0.8559579849243164,1.188331127166748,,,
144,,66349,0.8315834403038025,1.0632350444793701,,,
144,,66399,0.9410289525985718,1.2116347551345825,,,
144,,66449,0.6738830208778381,0.9554456472396851,,,
144,,66499,0.9120222926139832,0.8932907581329346,,,
144,,66549,1.0198390483856201,0.8905372619628906,,,
144,,66599,0.932669997215271,0.9585446119308472,,,
144,,66649,1.1282451152801514,0.7774200439453125,,,
144,,66699,1.056201696395874,1.2450900077819824,,,
144,0.5213961005210876,66699,,,0.6132934620089711,1.2870136499404907,0.6668681502342224
145,,66749,0.8476525545120239,1.0727486610412598,,,
145,,66799,0.8801297545433044,0.9716410636901855,,,
145,,66849,0.6862991452217102,1.3621902465820312,,,
145,,66899,0.7525991201400757,0.8444074392318726,,,
145,,66949,0.8623400926589966,0.8998804092407227,,,
145,,66999,0.9517824053764343,0.9229801893234253,,,
145,,67049,0.6806110143661499,1.611485242843628,,,
145,,67099,1.0048006772994995,1.0606266260147095,,,
145,,67149,0.87774658203125,1.0897185802459717,,,
145,0.5123062133789062,67159,,,0.5091749354356395,1.3284581899642944,0.6097507476806641
146,,67199,0.7497350573539734,1.1313796043395996,,,
146,,67249,0.7222070693969727,1.3764173984527588,,,
146,,67299,0.8204060792922974,1.0715761184692383,,,
146,,67349,0.566261887550354,1.2661855220794678,,,
146,,67399,0.6997256278991699,1.0516815185546875,,,
146,,67449,0.9531650543212891,0.9997944235801697,,,
146,,67499,0.885667085647583,1.179053783416748,,,
146,,67549,0.7654577493667603,1.181900143623352,,,
146,,67599,1.0330963134765625,0.9694613218307495,,,
146,0.5284546613693237,67619,,,0.6240315345929047,1.264778733253479,0.6895371079444885
147,,67649,0.7284564971923828,0.9503657221794128,,,
147,,67699,0.7388070821762085,0.8926301002502441,,,
147,,67749,0.8376415967941284,1.1064229011535645,,,
147,,67799,0.8666052222251892,0.9262033700942993,,,
147,,67849,0.7596303224563599,1.0967472791671753,,,
147,,67899,1.1622517108917236,0.8827951550483704,,,
147,,67949,0.9407315254211426,1.0034540891647339,,,
147,,67999,0.8305059671401978,1.1205919981002808,,,
147,,68049,1.1343387365341187,0.9409641027450562,,,
147,0.5243785381317139,68079,,,0.5504961261383716,1.3115687370300293,0.6903756856918335
148,,68099,0.777593195438385,1.3636150360107422,,,
148,,68149,0.7771794199943542,0.9414337277412415,,,
148,,68199,0.8676473498344421,0.8053778409957886,,,
148,,68249,0.7244477272033691,0.8734192848205566,,,
148,,68299,1.110066533088684,0.8342865705490112,,,
148,,68349,1.1572425365447998,1.8501944541931152,,,
148,,68399,1.0772221088409424,0.6929467916488647,,,
148,,68449,0.6565120220184326,1.3054558038711548,,,
148,,68499,0.9897549152374268,0.8583816289901733,,,
148,0.5326666235923767,68539,,,0.47831996737800736,1.3321473598480225,0.5682201385498047
149,,68549,0.928950309753418,0.8862388134002686,,,
149,,68599,0.7641289234161377,0.8656232357025146,,,
149,,68649,0.7979190349578857,1.0328892469406128,,,
149,,68699,0.9138994216918945,1.210241436958313,,,
149,,68749,1.0943230390548706,1.189009428024292,,,
149,,68799,1.06111478805542,0.9896317720413208,,,
149,,68849,1.239286184310913,0.9550940990447998,,,
149,,68899,0.9868195652961731,1.247896671295166,,,
149,,68949,0.8890527486801147,0.9730430841445923,,,
149,,68999,0.7999889850616455,1.1530187129974365,,,
149,0.5317221879959106,68999,,,0.6293326084001631,1.3500937223434448,0.6491668820381165
150,,69049,1.2496764659881592,1.1767181158065796,,,
150,,69099,0.9181283712387085,1.0366854667663574,,,
150,,69149,0.7073050737380981,0.9644953608512878,,,
150,,69199,0.8899290561676025,1.1668095588684082,,,
150,,69249,0.916785717010498,0.7511797547340393,,,
150,,69299,0.8283987045288086,0.802066445350647,,,
150,,69349,1.2377429008483887,0.8104633092880249,,,
150,,69399,1.0785835981369019,0.9500311613082886,,,
150,,69449,0.8988837003707886,1.107292890548706,,,
150,0.5284680128097534,69459,,,0.6460513796384396,1.2421694993972778,0.7411750555038452
151,,69499,0.9964276552200317,0.9698855876922607,,,
151,,69549,0.6200056672096252,0.9583581686019897,,,
151,,69599,1.3683264255523682,0.708812952041626,,,
151,,69649,1.240645408630371,1.0769155025482178,,,
151,,69699,0.9203831553459167,0.8376063108444214,,,
151,,69749,0.8541152477264404,0.7756655216217041,,,
151,,69799,1.3043875694274902,1.3003239631652832,,,
151,,69849,0.3965222239494324,1.2330399751663208,,,
151,,69899,0.8587885499000549,1.0799777507781982,,,
151,0.5388007760047913,69919,,,0.5570884871550904,1.3095216751098633,0.6528111100196838
152,,69949,0.8928115963935852,0.6969685554504395,,,
152,,69999,0.9315338134765625,1.4649732112884521,,,
152,,70049,1.0206718444824219,1.3807933330535889,,,
152,,70099,0.609438419342041,1.0395357608795166,,,
152,,70149,1.0451232194900513,1.5976974964141846,,,
152,,70199,0.7353784441947937,1.2110177278518677,,,
152,,70249,1.010681390762329,1.0739507675170898,,,
152,,70299,1.3463176488876343,0.7845513820648193,,,
152,,70349,0.8770378828048706,1.1929428577423096,,,
152,0.5315930247306824,70379,,,0.6245752344705723,1.2532401084899902,0.6140210032463074
153,,70399,1.1640836000442505,0.6938023567199707,,,
153,,70449,0.8034065365791321,1.5558512210845947,,,
153,,70499,1.0909509658813477,0.9254764914512634,,,
153,,70549,0.803938627243042,0.9802528619766235,,,
153,,70599,0.6484129428863525,1.145995020866394,,,
153,,70649,1.0295343399047852,1.3602238893508911,,,
153,,70699,0.729304313659668,1.111562967300415,,,
153,,70749,0.7973572015762329,1.5489015579223633,,,
153,,70799,1.136725902557373,1.0507991313934326,,,
153,0.5370211005210876,70839,,,0.5163109963300259,1.2947766780853271,0.6454166173934937
154,,70849,0.6455824971199036,1.0001659393310547,,,
154,,70899,1.0663607120513916,0.948503315448761,,,
154,,70949,0.7022485136985779,1.1711043119430542,,,
154,,70999,0.8642816543579102,1.022275447845459,,,
154,,71049,0.984032392501831,0.8029741644859314,,,
154,,71099,0.5856366753578186,1.021072506904602,,,
154,,71149,0.8183253407478333,1.2666029930114746,,,
154,,71199,0.8549226522445679,1.0230286121368408,,,
154,,71249,0.7992312908172607,0.8797703981399536,,,
154,,71299,0.7848377227783203,1.0541666746139526,,,
154,0.5249421000480652,71299,,,0.5116215848851434,1.332419991493225,0.5524751543998718
155,,71349,1.080093264579773,0.9649549722671509,,,
155,,71399,0.6186974048614502,1.1791129112243652,,,
155,,71449,0.7457882165908813,1.1723103523254395,,,
155,,71499,0.7398618459701538,1.4949465990066528,,,
155,,71549,0.744397759437561,0.9765615463256836,,,
155,,71599,1.01307213306427,0.8908476829528809,,,
155,,71649,0.5253335237503052,1.1872012615203857,,,
155,,71699,0.8663325905799866,1.0597319602966309,,,
155,,71749,0.8891355395317078,1.3814895153045654,,,
155,0.5280603766441345,71759,,,0.5543020252820443,1.3648316860198975,0.6383327841758728
156,,71799,0.5735904574394226,1.2532087564468384,,,
156,,71849,0.7685039043426514,1.0651471614837646,,,
156,,71899,0.7556791305541992,1.4414550065994263,,,
156,,71949,0.8092406392097473,1.0706708431243896,,,
156,,71999,0.8183557987213135,1.2508571147918701,,,
156,,72049,0.7534085512161255,1.1146833896636963,,,
156,,72099,0.850520133972168,1.0666544437408447,,,
156,,72149,0.7396740913391113,1.2371456623077393,,,
156,,72199,1.2528467178344727,1.957273244857788,,,
156,0.5097046494483948,72219,,,0.527592768791627,1.3326047658920288,0.5687224864959717
157,,72249,0.6480517387390137,1.2451810836791992,,,
157,,72299,0.8987018465995789,1.1582669019699097,,,
157,,72349,1.2740737199783325,0.8537505865097046,,,
157,,72399,0.7599591016769409,1.2044413089752197,,,
157,,72449,0.8201663494110107,1.185112476348877,,,
157,,72499,0.6334977746009827,1.305567979812622,,,
157,,72549,0.7370783090591431,0.8034056425094604,,,
157,,72599,0.8926607370376587,1.218735694885254,,,
157,,72649,0.6876348257064819,0.9766361713409424,,,
157,0.5246636867523193,72679,,,0.4898735897784423,1.5134027004241943,0.4140920341014862
158,,72699,0.84479159116745,1.4540786743164062,,,
158,,72749,0.976256251335144,1.5246831178665161,,,
158,,72799,0.7044134140014648,1.0263738632202148,,,
158,,72849,1.0613536834716797,0.8141736388206482,,,
158,,72899,0.8083245754241943,1.211153507232666,,,
158,,72949,0.7130230665206909,1.1401405334472656,,,
158,,72999,0.7284261584281921,1.109066367149353,,,
158,,73049,0.9302512407302856,1.1388771533966064,,,
158,,73099,0.7905154228210449,1.1683576107025146,,,
158,0.5216611623764038,73139,,,0.43964931357890447,1.3132630586624146,0.738837718963623
159,,73149,0.7476756572723389,0.8166823387145996,,,
159,,73199,0.7801464796066284,0.928795337677002,,,
159,,73249,0.6768801808357239,0.8974617719650269,,,
159,,73299,0.9893040657043457,1.057811975479126,,,
159,,73349,0.5433903336524963,1.5794695615768433,,,
159,,73399,0.8741451501846313,1.2440682649612427,,,
159,,73449,0.7322794198989868,1.7275246381759644,,,
159,,73499,0.6146079301834106,1.0795859098434448,,,
159,,73549,0.739940881729126,1.467211127281189,,,
159,,73599,1.0260707139968872,1.118861436843872,,,
159,0.5359408259391785,73599,,,0.5485931765665353,1.2811166048049927,0.7003005743026733
160,,73649,0.7183334231376648,1.5098434686660767,,,
160,,73699,0.557192862033844,1.2571065425872803,,,
160,,73749,0.5700350403785706,1.2384374141693115,,,
160,,73799,0.9643715620040894,1.3189644813537598,,,
160,,73849,1.2048784494400024,0.92697674036026,,,
160,,73899,0.8453221917152405,1.307610034942627,,,
160,,73949,0.8602175712585449,1.0438318252563477,,,
160,,73999,0.9120208024978638,1.27494478225708,,,
160,,74049,0.6415833234786987,1.256550908088684,,,
160,0.5424559116363525,74059,,,0.5150197091205655,1.3111600875854492,0.592459499835968
161,,74099,0.7650135159492493,1.1018614768981934,,,
161,,74149,0.6520282030105591,1.3994768857955933,,,
161,,74199,0.8292632102966309,0.9482272863388062,,,
161,,74249,0.762222170829773,0.8881514668464661,,,
161,,74299,1.4011001586914062,1.3054406642913818,,,
161,,74349,0.9213402271270752,1.2888083457946777,,,
161,,74399,0.7685713768005371,1.553607702255249,,,
161,,74449,0.7965208888053894,0.9936811327934265,,,
161,,74499,1.1280369758605957,1.044506549835205,,,
161,0.5398743748664856,74519,,,0.5036699741742559,1.3365803956985474,0.5717961192131042
162,,74549,0.6699531674385071,0.8716634511947632,,,
162,,74599,0.6188989877700806,1.3679670095443726,,,
162,,74649,0.7271763682365417,1.1826692819595337,,,
162,,74699,1.0041288137435913,0.9041445851325989,,,
162,,74749,0.8192217946052551,1.166952133178711,,,
162,,74799,1.3284752368927002,0.6999285817146301,,,
162,,74849,0.8241045475006104,1.321757197380066,,,
162,,74899,1.0532913208007812,0.805118203163147,,,
162,,74949,0.6069607138633728,0.8307399153709412,,,
162,0.5375578999519348,74979,,,0.5387386162838114,1.304305076599121,0.6129688620567322
163,,74999,0.8026583194732666,1.1614139080047607,,,
163,,75049,1.039351463317871,1.0004267692565918,,,
163,,75099,1.1360752582550049,0.9859093427658081,,,
163,,75149,0.6707326173782349,0.7980714440345764,,,
163,,75199,0.7667393684387207,1.0490705966949463,,,
163,,75249,0.8630614876747131,1.452375888824463,,,
163,,75299,0.857265055179596,2.0312623977661133,,,
163,,75349,0.7758427858352661,1.1658999919891357,,,
163,,75399,0.7071688175201416,0.9896848797798157,,,
163,0.5186787247657776,75439,,,0.5226315074079109,1.4180647134780884,0.5188007950782776
164,,75449,0.9142372608184814,1.1174899339675903,,,
164,,75499,0.9066632390022278,0.7580183744430542,,,
164,,75549,0.8872438669204712,1.0725533962249756,,,
164,,75599,0.8837316036224365,0.932382345199585,,,
164,,75649,0.8074350357055664,1.0312738418579102,,,
164,,75699,0.8533872961997986,1.6522157192230225,,,
164,,75749,0.865874171257019,1.2140743732452393,,,
164,,75799,0.9695326089859009,0.9138246178627014,,,
164,,75849,0.9201815128326416,0.916431188583374,,,
164,,75899,0.41210195422172546,1.595226764678955,,,
164,0.5326866507530212,75899,,,0.4842327035476417,1.3795130252838135,0.6033070087432861
165,,75949,0.613387405872345,1.0575695037841797,,,
165,,75999,0.4408464729785919,1.2633306980133057,,,
165,,76049,0.7751482725143433,1.688936710357666,,,
165,,76099,0.526852011680603,1.3642973899841309,,,
165,,76149,1.0027999877929688,1.3525826930999756,,,
165,,76199,0.7125500440597534,0.8220381736755371,,,
165,,76249,1.0145504474639893,1.2275245189666748,,,
165,,76299,0.6115354299545288,1.7934925556182861,,,
165,,76349,0.788345217704773,1.5046899318695068,,,
165,0.5256080627441406,76359,,,0.5440396900910698,1.318503975868225,0.7450997233390808
166,,76399,0.5737485885620117,1.4086639881134033,,,
166,,76449,0.7721610069274902,1.4688726663589478,,,
166,,76499,0.45668694376945496,1.4945299625396729,,,
166,,76549,1.0286351442337036,0.9724856615066528,,,
166,,76599,0.978225827217102,0.8520676493644714,,,
166,,76649,0.9289680123329163,1.197111964225769,,,
166,,76699,0.6922141313552856,1.1945557594299316,,,
166,,76749,0.6783550977706909,1.305755615234375,,,
166,,76799,0.6863818168640137,1.587538480758667,,,
166,0.5096979737281799,76819,,,0.5215441076525758,1.445170521736145,0.4976547658443451
167,,76849,0.9288337230682373,0.8535683155059814,,,
167,,76899,0.6124755144119263,1.5151009559631348,,,
167,,76949,0.5637942552566528,1.8126848936080933,,,
167,,76999,0.5308669805526733,1.2825251817703247,,,
167,,77049,0.656472384929657,0.7688400745391846,,,
167,,77099,1.1559159755706787,0.8810501098632812,,,
167,,77149,0.7178479433059692,0.868583083152771,,,
167,,77199,0.6508728265762329,1.1637394428253174,,,
167,,77249,1.1013572216033936,1.2243002653121948,,,
167,0.5254722237586975,77279,,,0.46316433328802503,1.567317008972168,0.41826313734054565
168,,77299,0.785290002822876,0.9213787317276001,,,
168,,77349,0.7370008230209351,1.2461013793945312,,,
168,,77399,0.9895566701889038,0.8885098695755005,,,
168,,77449,1.2198699712753296,1.0470459461212158,,,
168,,77499,1.2330325841903687,0.9290643930435181,,,
168,,77549,0.7694487571716309,1.0345908403396606,,,
168,,77599,0.6953092813491821,0.9523099660873413,,,
168,,77649,0.8292391300201416,2.206753730773926,,,
168,,77699,1.3095505237579346,0.8700242042541504,,,
168,0.5334951877593994,77739,,,0.6274976213130352,1.24116849899292,0.6580990552902222
169,,77749,0.8183935880661011,0.8234012126922607,,,
169,,77799,0.8920753598213196,1.297454833984375,,,
169,,77849,1.0694994926452637,0.9386744499206543,,,
169,,77899,1.1081873178482056,0.9590139389038086,,,
169,,77949,0.49892914295196533,1.1859207153320312,,,
169,,77999,0.7088792324066162,1.323790431022644,,,
169,,78049,0.7151160836219788,0.8249226808547974,,,
169,,78099,0.6287142038345337,1.8228915929794312,,,
169,,78149,0.7928059101104736,1.3333393335342407,,,
169,,78199,1.2568168640136719,1.7302775382995605,,,
169,0.5429860353469849,78199,,,0.6576050020388745,1.2651971578598022,0.7831003069877625
170,,78249,1.402106761932373,1.2747302055358887,,,
170,,78299,0.7984846830368042,1.2232816219329834,,,
170,,78349,0.7593971490859985,1.2923930883407593,,,
170,,78399,0.9686664342880249,1.114788293838501,,,
170,,78449,0.7415415644645691,0.9405094385147095,,,
170,,78499,0.6015602350234985,1.1074018478393555,,,
170,,78549,0.8771840333938599,1.1070523262023926,,,
170,,78599,0.8796226382255554,1.2996222972869873,,,
170,,78649,0.6667539477348328,0.6157618165016174,,,
170,0.5355198979377747,78659,,,0.5180100584477368,1.4303077459335327,0.5236722230911255
171,,78699,1.2943029403686523,1.2009434700012207,,,
171,,78749,0.9684866070747375,0.990870475769043,,,
171,,78799,0.46621307730674744,1.4648607969284058,,,
171,,78849,0.8221608996391296,0.9440489411354065,,,
171,,78899,0.8922830820083618,1.0780322551727295,,,
171,,78949,0.7501708269119263,1.3151359558105469,,,
171,,78999,1.1578893661499023,1.235690951347351,,,
171,,79049,0.9686504006385803,0.8218939304351807,,,
171,,79099,0.8546880483627319,1.3616609573364258,,,
171,0.5253296494483948,79119,,,0.4996601875764578,1.3768106698989868,0.5490957498550415
172,,79149,0.6255691051483154,1.1073055267333984,,,
172,,79199,0.7484081387519836,1.32722008228302,,,
172,,79249,0.8093354105949402,1.0391372442245483,,,
172,,79299,0.877273440361023,0.9934496283531189,,,
172,,79349,0.9324179291725159,0.6660474538803101,,,
172,,79399,0.6657488346099854,0.9342736601829529,,,
172,,79449,0.7801064252853394,1.071638822555542,,,
172,,79499,1.1017658710479736,0.8315305113792419,,,
172,,79549,0.7654800415039062,0.6936294436454773,,,
172,0.5290248394012451,79579,,,0.7336550224276199,1.203303575515747,0.812800943851471
173,,79599,0.7261062860488892,1.1738444566726685,,,
173,,79649,0.6420811414718628,1.449324607849121,,,
173,,79699,0.9095340967178345,0.8810662627220154,,,
173,,79749,1.1258807182312012,0.604196310043335,,,
173,,79799,0.9169849157333374,0.8950641751289368,,,
173,,79849,1.2679362297058105,0.8520848155021667,,,
173,,79899,0.9059484004974365,1.538309097290039,,,
173,,79949,0.7186038494110107,0.9029114246368408,,,
173,,79999,0.4831047058105469,1.8238002061843872,,,
173,0.5294124484062195,80039,,,0.663993475601468,1.2388581037521362,0.6848999857902527
174,,80049,0.8511641025543213,0.8887278437614441,,,
174,,80099,0.7662782073020935,2.0918731689453125,,,
174,,80149,0.843707263469696,1.4374182224273682,,,
174,,80199,0.7433516979217529,1.4513039588928223,,,
174,,80249,0.6081894636154175,0.9409533143043518,,,
174,,80299,0.8438558578491211,1.1400012969970703,,,
174,,80349,0.659070611000061,1.2524447441101074,,,
174,,80399,0.6101052761077881,1.286515712738037,,,
174,,80449,1.1061663627624512,1.0763294696807861,,,
174,,80499,0.756249725818634,1.4631215333938599,,,
174,0.5121369361877441,80499,,,0.6534592904716596,1.2053802013397217,0.7123083472251892
175,,80549,0.8014699220657349,0.9686335325241089,,,
175,,80599,0.6023768782615662,1.1030548810958862,,,
175,,80649,0.9337453246116638,1.018418312072754,,,
175,,80699,0.7009139657020569,0.8191350102424622,,,
175,,80749,0.7552921772003174,1.0962474346160889,,,
175,,80799,0.8893118500709534,0.8662782907485962,,,
175,,80849,0.7668423652648926,1.1380500793457031,,,
175,,80899,0.8815575838088989,0.8987032175064087,,,
175,,80949,0.8996990323066711,1.2133127450942993,,,
175,0.5283321738243103,80959,,,0.5971183906483621,1.30070960521698,0.6960939168930054
176,,80999,1.0248384475708008,0.9706552028656006,,,
176,,81049,0.5854840278625488,1.042946219444275,,,
176,,81099,0.8883808851242065,1.381977915763855,,,
176,,81149,0.9929424524307251,1.1716594696044922,,,
176,,81199,0.9019760489463806,1.1134473085403442,,,
176,,81249,0.8189424872398376,1.2346948385238647,,,
176,,81299,0.6119718551635742,1.391768455505371,,,
176,,81349,1.1851773262023926,1.098008394241333,,,
176,,81399,0.8949100971221924,1.8300182819366455,,,
176,0.5303701758384705,81419,,,0.6482261791491097,1.2324055433273315,0.718124270439148
177,,81449,0.8571402430534363,0.8122645616531372,,,
177,,81499,0.9144837260246277,0.9998652338981628,,,
177,,81549,0.6037150621414185,1.4979764223098755,,,
177,,81599,0.743979811668396,1.1194474697113037,,,
177,,81649,0.9133344888687134,0.7654760479927063,,,
177,,81699,0.5328840017318726,1.4762579202651978,,,
177,,81749,0.5298597812652588,0.9765747785568237,,,
177,,81799,1.006135106086731,1.0546338558197021,,,
177,,81849,1.123764991760254,0.8086481690406799,,,
177,0.5332167744636536,81879,,,0.6510126410221557,1.2661241292953491,0.797283411026001
178,,81899,1.0209500789642334,0.92475426197052,,,
178,,81949,0.5618429780006409,1.1093039512634277,,,
178,,81999,0.8384847044944763,1.0903034210205078,,,
178,,82049,0.7596113681793213,1.3034491539001465,,,
178,,82099,0.8157051801681519,1.1000397205352783,,,
178,,82149,0.8584507703781128,1.0647807121276855,,,
178,,82199,0.830577552318573,1.6101703643798828,,,
178,,82249,0.8906705379486084,1.4289385080337524,,,
178,,82299,1.188859462738037,1.0102416276931763,,,
178,0.5258864760398865,82339,,,0.5642245480494766,1.3309749364852905,0.6755512952804565
179,,82349,1.002059817314148,1.0104682445526123,,,
179,,82399,0.5342023968696594,0.919108510017395,,,
179,,82449,0.7561049461364746,1.4469529390335083,,,
179,,82499,0.6891367435455322,1.0241963863372803,,,
179,,82549,0.6992558836936951,1.2545454502105713,,,
179,,82599,0.9378317594528198,0.9581197500228882,,,
179,,82649,0.7082096338272095,1.1720675230026245,,,
179,,82699,1.1388047933578491,1.5316686630249023,,,
179,,82749,0.4969327747821808,1.1251524686813354,,,
179,,82799,0.8256335258483887,1.2802493572235107,,,
179,0.5257506370544434,82799,,,0.6455756422454805,1.2753745317459106,0.7462270259857178
180,,82849,0.584694504737854,0.7999681234359741,,,
180,,82899,1.0150883197784424,1.0360320806503296,,,
180,,82949,0.6443319320678711,1.0181275606155396,,,
180,,82999,0.7437338829040527,1.314110517501831,,,
180,,83049,0.5100748538970947,1.0643974542617798,,,
180,,83099,0.7431311011314392,0.8839004039764404,,,
180,,83149,0.5235508680343628,1.2653424739837646,,,
180,,83199,0.7163974046707153,1.1942558288574219,,,
180,,83249,1.0305628776550293,1.3715505599975586,,,
180,0.5329383611679077,83259,,,0.5743509582710344,1.3241984844207764,0.7682597637176514
181,,83299,0.9555220007896423,1.3576664924621582,,,
181,,83349,0.6755775213241577,1.3580856323242188,,,
181,,83399,0.5950828790664673,0.9850003719329834,,,
181,,83449,0.7357329726219177,0.6517800092697144,,,
181,,83499,0.8072059154510498,1.116294264793396,,,
181,,83549,1.1553328037261963,0.9506813287734985,,,
181,,83599,1.0444374084472656,1.0529975891113281,,,
181,,83649,0.8704922199249268,0.7821788787841797,,,
181,,83699,0.8785312175750732,1.0158212184906006,,,
181,0.5404245257377625,83719,,,0.48885415250781566,1.4607901573181152,0.5278418660163879
182,,83749,1.0683341026306152,0.6987028121948242,,,
182,,83799,0.419497013092041,1.9824408292770386,,,
182,,83849,0.867339015007019,1.494225025177002,,,
182,,83899,0.8794010877609253,1.1867139339447021,,,
182,,83949,0.6855573654174805,1.2500568628311157,,,
182,,83999,0.7389853596687317,1.0616941452026367,,,
182,,84049,0.75661301612854,1.2450106143951416,,,
182,,84099,0.616175651550293,1.0370515584945679,,,
182,,84149,0.727215588092804,1.7013704776763916,,,
182,0.5423200130462646,84179,,,0.4692809569117847,1.4475138187408447,0.48486149311065674
183,,84199,0.5960257053375244,1.2111196517944336,,,
183,,84249,1.072401762008667,0.9354140758514404,,,
183,,84299,1.31548273563385,1.6670732498168945,,,
183,,84349,0.5495223999023438,1.1095969676971436,,,
183,,84399,0.552210807800293,1.040456771850586,,,
183,,84449,0.7677211761474609,1.1337659358978271,,,
183,,84499,0.5201669335365295,1.4948170185089111,,,
183,,84549,0.7118979692459106,1.2090821266174316,,,
183,,84599,0.8124522566795349,1.0681357383728027,,,
183,0.540845513343811,84639,,,0.5549136876444203,1.3381643295288086,0.6767567992210388
184,,84649,1.083508014678955,1.1046664714813232,,,
184,,84699,0.5677863359451294,1.0717096328735352,,,
184,,84749,0.4518825113773346,1.2935149669647217,,,
184,,84799,0.570984959602356,0.8952733278274536,,,
184,,84849,0.7423683404922485,0.9439623355865479,,,
184,,84899,0.5745152235031128,0.7455439567565918,,,
184,,84949,0.683896005153656,0.94947350025177,,,
184,,84999,0.7709682583808899,1.246030330657959,,,
184,,85049,0.6476672291755676,1.0255576372146606,,,
184,,85099,0.9551538825035095,1.1441490650177002,,,
184,0.5367560386657715,85099,,,0.5815549816501291,1.2922497987747192,0.5669751763343811
185,,85149,0.629612386226654,1.264665126800537,,,
185,,85199,1.0134923458099365,1.2237399816513062,,,
185,,85249,0.5730750560760498,1.2145942449569702,,,
185,,85299,0.6696056127548218,1.1640111207962036,,,
185,,85349,0.6486043930053711,0.977971076965332,,,
185,,85399,0.6398762464523315,1.276922345161438,,,
185,,85449,0.9048718214035034,1.345182180404663,,,
185,,85499,1.042670726776123,0.7745036482810974,,,
185,,85549,0.5761863589286804,1.4677956104278564,,,
185,0.5330808758735657,85559,,,0.5475737392959087,1.3226509094238281,0.5813077688217163
186,,85599,0.862785816192627,1.328315019607544,,,
186,,85649,0.7828761339187622,1.2581422328948975,,,
186,,85699,0.8360773324966431,1.1030222177505493,,,
186,,85749,0.9424707293510437,0.9401014447212219,,,
186,,85799,1.0572843551635742,0.927108645439148,,,
186,,85849,0.8716428279876709,1.3665070533752441,,,
186,,85899,0.7701668739318848,0.9731490015983582,,,
186,,85949,0.94347083568573,1.0889265537261963,,,
186,,85999,0.6591886281967163,1.7324821949005127,,,
186,0.5402886867523193,86019,,,0.5684382221014,1.3116986751556396,0.5485225319862366
187,,86049,0.6385570764541626,1.1249949932098389,,,
187,,86099,1.0972797870635986,1.15541410446167,,,
187,,86149,0.7868576049804688,1.3182692527770996,,,
187,,86199,1.2546627521514893,0.7271361351013184,,,
187,,86249,0.7279708385467529,1.035759687423706,,,
187,,86299,0.8811277151107788,0.972852885723114,,,
187,,86349,0.6955143809318542,1.2196428775787354,,,
187,,86399,0.9690268039703369,0.8213175535202026,,,
187,,86449,0.6664982438087463,1.202923059463501,,,
187,0.5318447351455688,86479,,,0.5021068370259617,1.3568105697631836,0.5450335144996643
188,,86499,1.1792441606521606,0.8868354558944702,,,
188,,86549,0.7847769260406494,1.2213327884674072,,,
188,,86599,0.6265580654144287,1.1461269855499268,,,
188,,86649,0.776877760887146,1.006592869758606,,,
188,,86699,0.41816383600234985,1.6242482662200928,,,
188,,86749,0.5892058610916138,1.2409229278564453,,,
188,,86799,0.76505446434021,0.8266496658325195,,,
188,,86849,0.5909733772277832,1.0004918575286865,,,
188,,86899,0.751484751701355,1.2874302864074707,,,
188,0.5290048122406006,86939,,,0.50740791083322,1.4158318042755127,0.6154689788818359
189,,86949,0.7211467623710632,0.8937211632728577,,,
189,,86999,1.146752119064331,1.1235591173171997,,,
189,,87049,0.6790297031402588,1.196121335029602,,,
189,,87099,1.0728710889816284,1.2253985404968262,,,
189,,87149,0.879980206489563,0.974209189414978,,,
189,,87199,0.8378469944000244,0.9145359396934509,,,
189,,87249,0.8509915471076965,1.2621822357177734,,,
189,,87299,0.7538262009620667,0.7844258546829224,,,
189,,87349,0.7371653318405151,1.4929444789886475,,,
189,,87399,0.5625815391540527,1.5291386842727661,,,
189,0.5443647503852844,87399,,,0.5259616691586244,1.442007064819336,0.5223500728607178
190,,87449,1.0693950653076172,0.9749135375022888,,,
190,,87499,0.7605342864990234,1.1601144075393677,,,
190,,87549,0.8509159684181213,0.7161331176757812,,,
190,,87599,0.7702506184577942,1.216886043548584,,,
190,,87649,0.6947325468063354,1.0358366966247559,,,
190,,87699,0.6431065797805786,1.2312500476837158,,,
190,,87749,0.5174488425254822,1.2089768648147583,,,
190,,87799,1.0946812629699707,0.8953964710235596,,,
190,,87849,0.9274835586547852,0.7979270219802856,,,
190,0.5280470252037048,87859,,,0.49211635177382085,1.3800772428512573,0.4622024595737457
191,,87899,0.8286105394363403,1.4653770923614502,,,
191,,87949,1.0140577554702759,1.1921554803848267,,,
191,,87999,0.833407998085022,0.9896303415298462,,,
191,,88049,0.9378368854522705,1.1164140701293945,,,
191,,88099,0.8166444897651672,1.2430658340454102,,,
191,,88149,0.7107880115509033,1.2763586044311523,,,
191,,88199,0.6497545838356018,1.5584262609481812,,,
191,,88249,0.7630091905593872,1.0469999313354492,,,
191,,88299,0.9486391544342041,0.9393027424812317,,,
191,0.5272451639175415,88319,,,0.5967785782248199,1.2795844078063965,0.6220741868019104
192,,88349,1.3103276491165161,0.8920432329177856,,,
192,,88399,1.0298640727996826,1.0201070308685303,,,
192,,88449,1.207316517829895,1.2026526927947998,,,
192,,88499,0.7296195030212402,1.4959754943847656,,,
192,,88549,0.7292660474777222,1.190256118774414,,,
192,,88599,1.1341791152954102,0.9506680369377136,,,
192,,88649,0.8990551233291626,1.1285669803619385,,,
192,,88699,0.9067161083221436,0.9465537071228027,,,
192,,88749,0.7124582529067993,1.0584473609924316,,,
192,0.5303701758384705,88779,,,0.51264102215577,1.3634636402130127,0.5971373915672302
193,,88799,0.8643344044685364,1.1062753200531006,,,
193,,88849,0.891816258430481,1.250142216682434,,,
193,,88899,0.8790464401245117,0.960851788520813,,,
193,,88949,1.0952832698822021,1.5742021799087524,,,
193,,88999,0.9017657041549683,0.8377104997634888,,,
193,,89049,0.5606198310852051,1.3363282680511475,,,
193,,89099,0.6661821603775024,1.41318941116333,,,
193,,89149,1.0039891004562378,1.3999567031860352,,,
193,,89199,0.8970904350280762,1.3658815622329712,,,
193,0.5292698740959167,89239,,,0.4893978523854832,1.441942811012268,0.48794224858283997
194,,89249,0.9104561805725098,1.3169596195220947,,,
194,,89299,0.5808436870574951,1.0556997060775757,,,
194,,89349,1.0359891653060913,1.0985088348388672,,,
194,,89399,0.9492666721343994,1.2407718896865845,,,
194,,89449,0.8558817505836487,0.7776871919631958,,,
194,,89499,0.7604324817657471,1.00809907913208,,,
194,,89549,1.280834436416626,1.0275630950927734,,,
194,,89599,0.7323487997055054,1.1904762983322144,,,
194,,89649,1.0956701040267944,1.123427391052246,,,
194,,89699,0.9014461040496826,1.2812341451644897,,,
194,0.5254722237586975,89699,,,0.614516786733723,1.2716306447982788,0.7338632941246033
195,,89749,0.7490450143814087,0.9948214292526245,,,
195,,89799,1.013343095779419,0.9925782680511475,,,
195,,89849,0.8573828935623169,0.9108380675315857,,,
195,,89899,0.7161504030227661,1.4546809196472168,,,
195,,89949,0.9523313045501709,1.1758530139923096,,,
195,,89999,0.8394922018051147,1.2252864837646484,,,
195,,90049,0.7699809074401855,1.068132758140564,,,
195,,90099,0.6330413818359375,0.7446974515914917,,,
195,,90149,0.9030968546867371,0.9954996109008789,,,
195,0.5462735891342163,90159,,,0.6073807258393367,1.2582368850708008,0.6424999237060547
196,,90199,0.592564582824707,2.0842738151550293,,,
196,,90249,0.6770973205566406,1.1273419857025146,,,
196,,90299,0.5348285436630249,1.1260192394256592,,,
196,,90349,0.7182683944702148,2.003939628601074,,,
196,,90399,0.952265739440918,1.2960997819900513,,,
196,,90449,0.7817957401275635,0.9956601858139038,,,
196,,90499,0.9236223697662354,1.0484304428100586,,,
196,,90549,0.638812780380249,1.1791155338287354,,,
196,,90599,0.8903920650482178,1.0892481803894043,,,
196,0.5359408259391785,90619,,,0.5055729237460922,1.4030559062957764,0.5214154720306396
197,,90649,0.9018226861953735,0.627017617225647,,,
197,,90699,0.8867979049682617,1.1115012168884277,,,
197,,90749,0.8002078533172607,0.7542769312858582,,,
197,,90799,1.094740629196167,0.8084918260574341,,,
197,,90849,1.0456554889678955,1.0655279159545898,,,
197,,90899,0.6477037668228149,0.7630939483642578,,,
197,,90949,0.602654218673706,1.4660032987594604,,,
197,,90999,0.8372991681098938,1.5083985328674316,,,
197,,91049,0.9260062575340271,0.8993206024169922,,,
197,0.542068362236023,91079,,,0.4778442299850483,1.435408592224121,0.4840131998062134
198,,91099,0.811530351638794,1.0623211860656738,,,
198,,91149,0.8526206016540527,1.0663986206054688,,,
198,,91199,0.8244267106056213,0.775452196598053,,,
198,,91249,0.6813490986824036,1.46066415309906,,,
198,,91299,0.7868279218673706,0.8804535865783691,,,
198,,91349,0.8385083675384521,1.3421095609664917,,,
198,,91399,0.673615038394928,0.8799670338630676,,,
198,,91449,0.7714654207229614,1.0792067050933838,,,
198,,91499,1.0976914167404175,0.992946207523346,,,
198,0.5295482873916626,91539,,,0.5220878075302433,1.382598876953125,0.5052121877670288
199,,91549,0.7902848124504089,0.9280906319618225,,,
199,,91599,0.9727075099945068,0.9932832717895508,,,
199,,91649,0.6575450897216797,1.459578275680542,,,
199,,91699,0.7022415399551392,1.4748903512954712,,,
199,,91749,0.8456665277481079,0.9489050507545471,,,
199,,91799,0.9118720889091492,1.113466739654541,,,
199,,91849,0.7225710153579712,1.1711926460266113,,,
199,,91899,1.0172615051269531,1.2816762924194336,,,
199,,91949,0.9471376538276672,0.9269999265670776,,,
199,,91999,0.7717199325561523,1.3806049823760986,,,
199,0.5257439613342285,91999,,,0.4683294821258665,1.4598290920257568,0.5174747705459595
200,,92049,0.8164902329444885,1.009551763534546,,,
200,,92099,0.8589925765991211,1.040292501449585,,,
200,,92149,0.9690920114517212,1.4534578323364258,,,
200,,92199,0.881424069404602,0.6864851713180542,,,
200,,92249,0.8008905649185181,1.1502206325531006,,,
200,,92299,0.9799631834030151,0.9395776391029358,,,
200,,92349,0.7364568710327148,0.9967657327651978,,,
200,,92399,0.7769391536712646,1.307201623916626,,,
200,,92449,0.8941942453384399,0.8227216005325317,,,
200,0.5267217755317688,92459,,,0.4618730460785646,1.3768283128738403,0.5834840536117554
201,,92499,0.797197699546814,1.1620312929153442,,,
201,,92549,0.8780995607376099,0.6733407378196716,,,
201,,92599,1.0476248264312744,1.1446802616119385,,,
201,,92649,0.927878737449646,0.9143457412719727,,,
201,,92699,0.7178486585617065,0.9567838907241821,,,
201,,92749,0.6333891153335571,1.2616575956344604,,,
201,,92799,0.6179070472717285,1.0866365432739258,,,
201,,92849,0.8302924633026123,2.082226514816284,,,
201,,92899,0.6063132882118225,1.3384582996368408,,,
201,0.5234408378601074,92919,,,0.5659915726518961,1.2997512817382812,0.6237757205963135
202,,92949,0.7286014556884766,1.037606954574585,,,
202,,92999,1.0167925357818604,0.6962589621543884,,,
202,,93049,0.7472315430641174,0.9416897296905518,,,
202,,93099,0.7899202704429626,1.1797022819519043,,,
202,,93149,0.7512010335922241,0.891775369644165,,,
202,,93199,0.6560500264167786,1.2527637481689453,,,
202,,93249,0.7771686315536499,1.1161214113235474,,,
202,,93299,0.6747148036956787,1.3142216205596924,,,
202,,93349,1.0100444555282593,0.9077532291412354,,,
202,0.5195006132125854,93379,,,0.6164876987902678,1.2854032516479492,0.7079452276229858
203,,93399,0.8063666820526123,0.9094305038452148,,,
203,,93449,0.6493107080459595,0.9687520265579224,,,
203,,93499,1.0522541999816895,1.1322684288024902,,,
203,,93549,0.6932674050331116,1.1497138738632202,,,
203,,93599,0.7365493774414062,1.58803129196167,,,
203,,93649,1.0217030048370361,1.078892707824707,,,
203,,93699,0.8229774236679077,1.2864468097686768,,,
203,,93749,0.5288308262825012,0.8928134441375732,,,
203,,93799,0.6700398325920105,1.432457685470581,,,
203,0.5205808877944946,93839,,,0.6093516378958814,1.2603492736816406,0.6499378085136414
204,,93849,0.6857242584228516,1.074493169784546,,,
204,,93899,1.2616217136383057,1.419184684753418,,,
204,,93949,0.6228662133216858,1.3771083354949951,,,
204,,93999,1.0464588403701782,1.2039988040924072,,,
204,,94049,0.6824289560317993,1.4874780178070068,,,
204,,94099,0.5573114156723022,1.1610928773880005,,,
204,,94149,0.6783000230789185,1.027167558670044,,,
204,,94199,0.7078220844268799,1.1659026145935059,,,
204,,94249,0.8156063556671143,1.3303704261779785,,,
204,,94299,0.8959137797355652,1.1284664869308472,,,
204,0.5342970490455627,94299,,,0.5047573739295909,1.3866820335388184,0.5678380131721497
205,,94349,0.6424598693847656,1.2049967050552368,,,
205,,94399,0.8434208035469055,0.9697728157043457,,,
205,,94449,0.5329821109771729,1.5628764629364014,,,
205,,94499,0.5541538000106812,1.3634982109069824,,,
205,,94549,0.6429523229598999,1.4036024808883667,,,
205,,94599,0.7206072807312012,1.2251003980636597,,,
205,,94649,1.061035394668579,1.3048549890518188,,,
205,,94699,1.2146633863449097,0.7132807970046997,,,
205,,94749,0.8102238774299622,1.2786463499069214,,,
205,0.5254722237586975,94759,,,0.630080195731956,1.2388134002685547,0.690460205078125
206,,94799,0.6008780598640442,1.2853776216506958,,,
206,,94849,0.8619795441627502,0.6656789779663086,,,
206,,94899,0.710813581943512,1.6500860452651978,,,
206,,94949,0.8216851353645325,1.0237841606140137,,,
206,,94999,0.7651686072349548,1.1916944980621338,,,
206,,95049,0.6876397728919983,1.1285351514816284,,,
206,,95099,0.5875421762466431,1.2719645500183105,,,
206,,95149,0.5498162508010864,1.1340322494506836,,,
206,,95199,0.5913373231887817,1.3031450510025024,,,
206,0.5139032602310181,95219,,,0.6191382356938969,1.2771258354187012,0.7626550197601318
207,,95249,1.1359946727752686,1.146492600440979,,,
207,,95299,0.48379945755004883,1.6195454597473145,,,
207,,95349,0.7406198978424072,0.8597848415374756,,,
207,,95399,0.5736311674118042,1.6203054189682007,,,
207,,95449,0.8245798349380493,1.465326189994812,,,
207,,95499,0.6442335247993469,1.1355723142623901,,,
207,,95549,0.6257809400558472,1.6437015533447266,,,
207,,95599,0.5697420835494995,1.6660563945770264,,,
207,,95649,0.7316312193870544,1.0558440685272217,,,
207,0.5174558758735657,95679,,,0.6614109011825472,1.1843796968460083,0.6707632541656494
208,,95699,0.7353243827819824,1.6489884853363037,,,
208,,95749,0.9739571809768677,0.7298108339309692,,,
208,,95799,1.2150462865829468,1.1488621234893799,,,
208,,95849,0.908805787563324,1.2480762004852295,,,
208,,95899,0.8129786252975464,1.1535959243774414,,,
208,,95949,0.6065150499343872,1.1612896919250488,,,
208,,95999,0.872970461845398,1.2498960494995117,,,
208,,96049,0.7931252121925354,1.415405035018921,,,
208,,96099,0.6611769795417786,0.9817215800285339,,,
208,0.5301051139831543,96139,,,0.4809025417969281,1.3910192251205444,0.526763916015625
209,,96149,1.0629534721374512,1.2190600633621216,,,
209,,96199,0.6715074181556702,1.0624563694000244,,,
209,,96249,0.7678028345108032,1.6387907266616821,,,
209,,96299,0.8818536996841431,1.315834879875183,,,
209,,96349,0.7867898941040039,1.0314782857894897,,,
209,,96399,0.7914617657661438,1.0238726139068604,,,
209,,96449,0.6265009641647339,1.0991096496582031,,,
209,,96499,0.6780681610107422,1.0141832828521729,,,
209,,96549,0.8119641542434692,1.3580247163772583,,,
209,,96599,1.2027840614318848,1.5946810245513916,,,
209,0.5218237638473511,96599,,,0.6121380997689275,1.2680100202560425,0.5906674861907959
210,,96649,0.7034507393836975,1.2457101345062256,,,
210,,96699,0.5743311643600464,1.311572790145874,,,
210,,96749,0.9368984699249268,1.0950465202331543,,,
210,,96799,0.701549768447876,1.4004144668579102,,,
210,,96849,1.0514719486236572,0.7639492154121399,,,
210,,96899,0.46674466133117676,1.7764790058135986,,,
210,,96949,0.9203250408172607,1.1071703433990479,,,
210,,96999,0.9397587776184082,0.8134450316429138,,,
210,,97049,0.7343600988388062,1.082873821258545,,,
210,0.5223472118377686,97059,,,0.5004077749082506,1.416661024093628,0.44727516174316406
211,,97099,0.7514234781265259,1.0047879219055176,,,
211,,97149,0.7392628192901611,1.7322421073913574,,,
211,,97199,1.002156376838684,0.9744694232940674,,,
211,,97249,0.903423011302948,0.7017477750778198,,,
211,,97299,0.9143524765968323,1.2519145011901855,,,
211,,97349,0.5988408327102661,1.0637075901031494,,,
211,,97399,0.8113398551940918,1.0255990028381348,,,
211,,97449,0.6569309234619141,1.090676188468933,,,
211,,97499,0.6977894306182861,0.9335664510726929,,,
211,0.5462735891342163,97519,,,0.5804675818947941,1.2787580490112305,0.5902732014656067
212,,97549,0.6293930411338806,1.711277723312378,,,
212,,97599,0.5720208883285522,0.8190186023712158,,,
212,,97649,0.706384539604187,1.263209581375122,,,
212,,97699,0.6665620803833008,1.4297946691513062,,,
212,,97749,1.1619800329208374,1.0122812986373901,,,
212,,97799,0.6932196617126465,1.1650505065917969,,,
212,,97849,0.7090559601783752,0.8714882135391235,,,
212,,97899,0.9112544655799866,1.281327724456787,,,
212,,97949,0.9071654081344604,1.1437115669250488,,,
212,0.5311853885650635,97979,,,0.5543699877667527,1.3229845762252808,0.7191057205200195
213,,97999,0.6317059993743896,1.427899718284607,,,
213,,98049,0.7912949323654175,1.293941617012024,,,
213,,98099,0.871112585067749,0.7590309381484985,,,
213,,98149,0.7582316398620605,0.9547979831695557,,,
213,,98199,1.1144130229949951,1.044646978378296,,,
213,,98249,0.47761982679367065,1.451611042022705,,,
213,,98299,0.7285253405570984,1.1041339635849,,,
213,,98349,0.6783695816993713,1.628418207168579,,,
213,,98399,0.6885693669319153,2.0007665157318115,,,
213,0.5106490850448608,98439,,,0.5120973222781025,1.323220133781433,0.5535475611686707
214,,98449,0.6397198438644409,0.967435359954834,,,
214,,98499,0.6225176453590393,0.7421040534973145,,,
214,,98549,0.6778646111488342,1.1668895483016968,,,
214,,98599,0.8816208839416504,0.7060441970825195,,,
214,,98649,0.8828670978546143,0.9078534841537476,,,
214,,98699,0.5478006601333618,1.6275067329406738,,,
214,,98749,1.0543020963668823,1.1929500102996826,,,
214,,98799,0.7353503108024597,1.3211584091186523,,,
214,,98849,0.5328201055526733,1.2344766855239868,,,
214,,98899,0.9134393334388733,1.0312591791152954,,,
214,0.528855562210083,98899,,,0.5218159575914095,1.367456316947937,0.5876818299293518
215,,98949,1.0298408269882202,1.1897339820861816,,,
215,,98999,0.8787616491317749,1.0607061386108398,,,
215,,99049,0.751894474029541,0.9010258316993713,,,
215,,99099,0.7003876566886902,1.347391963005066,,,
215,,99149,0.8842722177505493,0.926087498664856,,,
215,,99199,0.9068819284439087,0.857693612575531,,,
215,,99249,0.8121001124382019,1.3210694789886475,,,
215,,99299,0.8236211538314819,1.7613327503204346,,,
215,,99349,0.8061567544937134,1.2121357917785645,,,
215,0.5348271727561951,99359,,,0.5784966698382493,1.3310493230819702,0.6442833542823792
216,,99399,0.8119765520095825,0.9747592806816101,,,
216,,99449,0.6619147062301636,1.3177353143692017,,,
216,,99499,0.7041175365447998,1.6730237007141113,,,
216,,99549,0.7885603308677673,0.7544010877609253,,,
216,,99599,0.6098290681838989,1.47052001953125,,,
216,,99649,0.4843303859233856,1.5564627647399902,,,
216,,99699,0.5938315391540527,1.4322586059570312,,,
216,,99749,0.6764295697212219,1.0853698253631592,,,
216,,99799,0.9885718822479248,1.000638484954834,,,
216,0.5348538756370544,99819,,,0.6257985591953242,1.2717207670211792,0.6981112360954285
217,,99849,1.098703145980835,0.8041884303092957,,,
217,,99899,0.7911386489868164,1.1090657711029053,,,
217,,99949,0.8915991187095642,1.0673316717147827,,,
217,,99999,0.5911166071891785,1.2069776058197021,,,
217,,100049,0.75438392162323,0.885141909122467,,,
217,,100099,0.5845140218734741,0.8571716547012329,,,
217,,100149,0.6873201131820679,1.198164463043213,,,
217,,100199,0.45499366521835327,1.573730707168579,,,
217,,100249,1.2794079780578613,0.6206539869308472,,,
217,0.5273677110671997,100279,,,0.6366045942639663,1.238376259803772,0.6910384893417358
218,,100299,0.8407353758811951,1.046560287475586,,,
218,,100349,0.8484029173851013,1.240186333656311,,,
218,,100399,0.8746506571769714,0.8551231622695923,,,
218,,100449,0.6422746777534485,1.0347152948379517,,,
218,,100499,0.8760924935340881,0.9233373403549194,,,
218,,100549,0.7261074781417847,1.6601330041885376,,,
218,,100599,0.775747537612915,1.2292406558990479,,,
218,,100649,0.7506431341171265,1.5805940628051758,,,
218,,100699,0.9556739330291748,1.6367216110229492,,,
218,0.5314504504203796,100739,,,0.5737392959086585,1.3381108045578003,0.5877554416656494
219,,100749,0.9456068277359009,0.6519217491149902,,,
219,,100799,0.7125133275985718,0.982572078704834,,,
219,,100849,0.6814647912979126,1.4880754947662354,,,
219,,100899,0.6730471849441528,1.1243185997009277,,,
219,,100949,0.5742529034614563,1.3652608394622803,,,
219,,100999,0.6210647225379944,1.349912166595459,,,
219,,101049,0.7105164527893066,1.346156120300293,,,
219,,101099,0.7838097810745239,0.8018676042556763,,,
219,,101149,0.8443783521652222,1.0913680791854858,,,
219,,101199,0.7408990263938904,0.9290069937705994,,,
219,0.5262874364852905,101199,,,0.6097594128041322,1.259931206703186,0.6682246923446655
220,,101249,0.6478139162063599,0.8231938481330872,,,
220,,101299,0.8324130177497864,1.379563570022583,,,
220,,101349,0.55055832862854,0.9372636079788208,,,
220,,101399,0.6735886335372925,1.320209264755249,,,
220,,101449,1.016944169998169,0.7632935643196106,,,
220,,101499,0.6811405420303345,1.0143972635269165,,,
220,,101549,1.1923549175262451,1.0534547567367554,,,
220,,101599,0.7451910972595215,1.5333173274993896,,,
220,,101649,0.8174010515213013,0.9578163623809814,,,
220,0.5416473746299744,101659,,,0.677246160119614,1.2195768356323242,0.856105625629425
221,,101699,0.5447275638580322,0.8952895998954773,,,
221,,101749,0.8295395374298096,1.211693286895752,,,
221,,101799,0.5114747285842896,1.1397442817687988,,,
221,,101849,1.0909719467163086,0.9810714721679688,,,
221,,101899,0.6650630831718445,1.0590863227844238,,,
221,,101949,0.6864200830459595,1.1269373893737793,,,
221,,101999,0.681922197341919,1.4745776653289795,,,
221,,102049,0.7911982536315918,1.0489842891693115,,,
221,,102099,0.46133771538734436,1.1260342597961426,,,
221,0.5328225493431091,102119,,,0.6240994970776131,1.2321895360946655,0.7189352512359619
222,,102149,0.7759554386138916,1.3422268629074097,,,
222,,102199,0.7233702540397644,1.3779335021972656,,,
222,,102249,0.6976789832115173,1.377497673034668,,,
222,,102299,0.8904998898506165,1.0650893449783325,,,
222,,102349,0.590382993221283,1.3258823156356812,,,
222,,102399,0.7232931852340698,1.5538544654846191,,,
222,,102449,0.7286728024482727,0.8254651427268982,,,
222,,102499,1.1521337032318115,0.8683670163154602,,,
222,,102549,1.0098059177398682,0.6973991394042969,,,
222,0.5320006012916565,102579,,,0.5120973222781025,1.3846770524978638,0.5240222215652466
223,,102599,0.6975494623184204,0.7649974822998047,,,
223,,102649,0.6174150109291077,1.2303318977355957,,,
223,,102699,0.7097525596618652,1.4406964778900146,,,
223,,102749,1.0279219150543213,1.0709540843963623,,,
223,,102799,0.6303740739822388,1.2326363325119019,,,
223,,102849,0.7320314645767212,0.7143248319625854,,,
223,,102899,0.7405606508255005,0.9373966455459595,,,
223,,102949,0.8116053342819214,0.8689607381820679,,,
223,,102999,0.5008884072303772,0.8580882549285889,,,
223,0.525220513343811,103039,,,0.47865977980154956,1.4273786544799805,0.5564276576042175
224,,103049,0.968080461025238,1.1690311431884766,,,
224,,103099,0.7207984924316406,0.9238998889923096,,,
224,,103149,0.6555509567260742,1.0395293235778809,,,
224,,103199,0.6708816885948181,0.8578829765319824,,,
224,,103249,1.1729248762130737,1.5800952911376953,,,
224,,103299,0.7772613763809204,1.5225974321365356,,,
224,,103349,0.75121009349823,1.103754997253418,,,
224,,103399,0.7333256006240845,0.9497120976448059,,,
224,,103449,0.5733476281166077,1.188478946685791,,,
224,,103499,1.0224672555923462,1.0620001554489136,,,
224,0.5228840112686157,103499,,,0.45093108604050564,1.437868595123291,0.47019025683403015
225,,103549,0.9464794397354126,1.4000070095062256,,,
225,,103599,0.5771113634109497,1.080657720565796,,,
225,,103649,0.7507901191711426,1.1695435047149658,,,
225,,103699,0.8190630674362183,1.2738195657730103,,,
225,,103749,0.5422391295433044,1.477262020111084,,,
225,,103799,1.0356532335281372,1.402533769607544,,,
225,,103849,0.7101978063583374,1.1306331157684326,,,
225,,103899,0.6427770853042603,1.039782166481018,,,
225,,103949,0.8284549713134766,1.536937952041626,,,
225,0.5217903852462769,103959,,,0.5541661003126275,1.3144798278808594,0.6456992626190186
226,,103999,0.5868750810623169,0.8713156580924988,,,
226,,104049,1.2440191507339478,1.0729724168777466,,,
226,,104099,1.2616729736328125,1.1668781042099,,,
226,,104149,0.5522530674934387,1.6309950351715088,,,
226,,104199,0.5587827563285828,1.7198083400726318,,,
226,,104249,0.5880716443061829,1.011314868927002,,,
226,,104299,0.7391870021820068,1.0080105066299438,,,
226,,104349,0.9122418761253357,0.994492769241333,,,
226,,104399,0.6954740881919861,1.0493156909942627,,,
226,0.5091478228569031,104419,,,0.5552535000679625,1.3231353759765625,0.5499618649482727
227,,104449,0.5840495824813843,1.2799408435821533,,,
227,,104499,0.8777533769607544,0.9547518491744995,,,
227,,104549,0.5703981518745422,1.675789475440979,,,
227,,104599,0.902929425239563,1.0418918132781982,,,
227,,104649,0.8722890615463257,0.7926585674285889,,,
227,,104699,0.40815573930740356,1.5169676542282104,,,
227,,104749,0.5186910629272461,1.4929413795471191,,,
227,,104799,0.7307924032211304,0.8300662636756897,,,
227,,104849,0.5810943841934204,1.36735200881958,,,
227,0.5154111981391907,104879,,,0.4937474514068234,1.4731239080429077,0.405921995639801
228,,104899,0.7182521224021912,1.0081955194473267,,,
228,,104949,1.023733139038086,1.355954885482788,,,
228,,104999,0.7229186296463013,1.0056133270263672,,,
228,,105049,0.6525899767875671,0.8106337785720825,,,
228,,105099,0.6670780181884766,1.7834012508392334,,,
228,,105149,1.0151232481002808,0.8319368958473206,,,
228,,105199,0.6097028255462646,1.3172270059585571,,,
228,,105249,0.3564301133155823,1.0542824268341064,,,
228,,105299,1.0129826068878174,1.226288080215454,,,
228,0.5159546732902527,105339,,,0.5590593992116352,1.3117257356643677,0.6624718308448792
229,,105349,0.580989420413971,1.4182559251785278,,,
229,,105399,0.7970885038375854,1.040219783782959,,,
229,,105449,0.6865530014038086,1.263797640800476,,,
229,,105499,0.5635114908218384,1.231725811958313,,,
229,,105549,1.0672889947891235,0.9101808071136475,,,
229,,105599,0.8149771094322205,1.0042197704315186,,,
229,,105649,0.7973356246948242,1.1841528415679932,,,
229,,105699,0.7533878087997437,1.2641218900680542,,,
229,,105749,0.7411679029464722,1.041820764541626,,,
229,,105799,0.8683353662490845,1.018802285194397,,,
229,0.497333824634552,105799,,,0.49626206334103573,1.379526972770691,0.4859164357185364
230,,105849,0.6531165838241577,1.3928163051605225,,,
230,,105899,0.571936845779419,1.2053675651550293,,,
230,,105949,0.7539255619049072,0.864149808883667,,,
230,,105999,0.9912171959877014,1.082836627960205,,,
230,,106049,0.5536283850669861,1.3871561288833618,,,
230,,106099,0.7348461747169495,0.9811668395996094,,,
230,,106149,1.043212890625,1.1736328601837158,,,
230,,106199,0.6684874296188354,1.4081579446792603,,,
230,,106249,0.5375866293907166,1.2892396450042725,,,
230,0.5245277881622314,106259,,,0.5859725431561777,1.2506036758422852,0.6425758004188538
231,,106299,0.7347399592399597,1.2972582578659058,,,
231,,106349,0.7931807041168213,1.2531521320343018,,,
231,,106399,1.1079585552215576,1.5293928384780884,,,
231,,106449,0.5916023850440979,1.3601574897766113,,,
231,,106499,0.9374724626541138,1.4204566478729248,,,
231,,106549,0.6217952966690063,1.0624654293060303,,,
231,,106599,0.8454898595809937,0.8173351287841797,,,
231,,106649,0.6511766314506531,1.487883448600769,,,
231,,106699,0.948345422744751,1.0302107334136963,,,
231,0.5234208106994629,106719,,,0.525893706673916,1.306488275527954,0.5359781980514526
232,,106749,0.8048396110534668,1.2286056280136108,,,
232,,106799,0.7852588891983032,1.4086613655090332,,,
232,,106849,0.6675400733947754,1.0118390321731567,,,
232,,106899,1.0317457914352417,0.9363545775413513,,,
232,,106949,0.9059682488441467,1.883737325668335,,,
232,,106999,0.6799204349517822,1.0418829917907715,,,
232,,107049,0.6466383934020996,1.949959635734558,,,
232,,107099,0.5231772661209106,0.8004274368286133,,,
232,,107149,0.8784357905387878,1.0281033515930176,,,
232,0.5305060744285583,107179,,,0.4646595079516107,1.531693458557129,0.4179913103580475
233,,107199,0.5884552597999573,1.347830057144165,,,
233,,107249,0.7909705638885498,1.0910923480987549,,,
233,,107299,0.5937469601631165,1.1793980598449707,,,
233,,107349,0.6229631304740906,1.611823320388794,,,
233,,107399,0.5333874225616455,1.3915815353393555,,,
233,,107449,1.2737659215927124,1.2394258975982666,,,
233,,107499,0.9121652245521545,1.2356079816818237,,,
233,,107549,0.4984535276889801,0.9663792848587036,,,
233,,107599,0.7229892611503601,0.890285074710846,,,
233,0.5378429889678955,107639,,,0.6245072719858638,1.278565764427185,0.7202948331832886
234,,107649,0.7764873504638672,1.5316622257232666,,,
234,,107699,0.5856146216392517,1.4742238521575928,,,
234,,107749,0.883033812046051,1.5073940753936768,,,
234,,107799,0.7034221291542053,1.624813199043274,,,
234,,107849,0.9928479194641113,1.1048340797424316,,,
234,,107899,0.7026348114013672,1.5287585258483887,,,
234,,107949,1.0504722595214844,1.057417392730713,,,
234,,107999,0.702555775642395,0.8997541666030884,,,
234,,108049,1.0197930335998535,0.9076786041259766,,,
234,,108099,0.9624063968658447,1.1626442670822144,,,
234,0.5140390992164612,108099,,,0.4766209052602963,1.4216846227645874,0.5401228666305542
235,,108149,0.8065805435180664,1.3037163019180298,,,
235,,108199,0.7860569357872009,0.9340985417366028,,,
235,,108249,0.6849558353424072,1.1747345924377441,,,
235,,108299,0.8349385261535645,1.1932833194732666,,,
235,,108349,0.7683863043785095,1.080779790878296,,,
235,,108399,1.1403270959854126,0.831842303276062,,,
235,,108449,0.8696421980857849,1.020836353302002,,,
235,,108499,0.8394704461097717,1.3310800790786743,,,
235,,108549,0.8336635828018188,1.221447229385376,,,
235,0.5179926753044128,108559,,,0.5763218703275792,1.330674648284912,0.6041684150695801
236,,108599,0.6621743440628052,1.073009967803955,,,
236,,108649,1.201879620552063,1.0423505306243896,,,
236,,108699,0.8679029941558838,1.0328564643859863,,,
236,,108749,0.8685362339019775,0.9707274436950684,,,
236,,108799,1.0764124393463135,0.9275785684585571,,,
236,,108849,0.6553125381469727,1.4298067092895508,,,
236,,108899,1.1793804168701172,1.4194830656051636,,,
236,,108949,1.0552387237548828,1.1077563762664795,,,
236,,108999,0.8196495175361633,1.083294153213501,,,
236,0.5260156989097595,109019,,,0.5727198586380318,1.2654259204864502,0.6031897068023682
237,,109049,0.7050918340682983,1.0672032833099365,,,
237,,109099,0.9694888591766357,1.0908284187316895,,,
237,,109149,0.7174773216247559,1.1947588920593262,,,
237,,109199,0.878446102142334,1.0316009521484375,,,
237,,109249,0.883479118347168,0.8769178986549377,,,
237,,109299,1.054768443107605,1.2205259799957275,,,
237,,109349,0.8988822102546692,0.858350932598114,,,
237,,109399,0.7789527177810669,0.8719243407249451,,,
237,,109449,1.1077654361724854,1.3880125284194946,,,
237,0.5136515498161316,109479,,,0.5096506728285987,1.4137085676193237,0.48856115341186523
238,,109499,0.7213030457496643,0.6966607570648193,,,
238,,109549,1.0114250183105469,0.9635995626449585,,,
238,,109599,0.6093150973320007,1.1535805463790894,,,
238,,109649,0.732235312461853,1.5091729164123535,,,
238,,109699,0.6170679330825806,1.25498628616333,,,
238,,109749,0.8264058828353882,0.8833316564559937,,,
238,,109799,0.6123391389846802,1.186105728149414,,,
238,,109849,0.7488285303115845,1.2242820262908936,,,
238,,109899,0.6009040474891663,1.171149492263794,,,
238,0.5349763631820679,109939,,,0.5101264102215577,1.3170835971832275,0.5513805150985718
239,,109949,0.7562430500984192,1.0055663585662842,,,
239,,109999,0.6907408237457275,1.1200573444366455,,,
239,,110049,0.8721027374267578,1.3809447288513184,,,
239,,110099,0.5238677859306335,1.236527442932129,,,
239,,110149,0.5600079298019409,1.3400466442108154,,,
239,,110199,0.5916988253593445,1.1332746744155884,,,
239,,110249,0.6548465490341187,1.0780677795410156,,,
239,,110299,0.641884446144104,0.9028307199478149,,,
239,,110349,0.9955969452857971,0.6924649477005005,,,
239,,110399,0.6459871530532837,1.4931340217590332,,,
239,0.5258864760398865,110399,,,0.6302161207013729,1.2819902896881104,0.8320989012718201
240,,110449,0.8325120806694031,1.4183104038238525,,,
240,,110499,0.667754054069519,0.8777692317962646,,,
240,,110549,0.579917311668396,1.3250807523727417,,,
240,,110599,0.8685742020606995,1.7258137464523315,,,
240,,110649,0.8116915225982666,1.1074113845825195,,,
240,,110699,1.0938698053359985,1.0666766166687012,,,
240,,110749,0.43884778022766113,1.9623512029647827,,,
240,,110799,0.7079306840896606,0.9569244384765625,,,
240,,110849,0.7987241744995117,1.1727561950683594,,,
240,0.5183936357498169,110859,,,0.6452358298219383,1.2237380743026733,0.716402530670166
241,,110899,0.6134328842163086,1.1970913410186768,,,
241,,110949,0.541843056678772,1.2533471584320068,,,
241,,110999,0.5713868141174316,1.1837913990020752,,,
241,,111049,0.4846453070640564,1.496553659439087,,,
241,,111099,0.8419748544692993,0.7231761813163757,,,
241,,111149,0.7114651203155518,1.1104776859283447,,,
241,,111199,0.800413191318512,1.102895975112915,,,
241,,111249,0.6355422735214233,1.2799646854400635,,,
241,,111299,0.7746178507804871,1.4786359071731567,,,
241,0.5058936476707458,111319,,,0.4915046894114449,1.3632597923278809,0.5635647773742676
242,,111349,0.9487854242324829,0.8540889024734497,,,
242,,111399,0.9592376947402954,1.0631600618362427,,,
242,,111449,0.8298864364624023,1.1413099765777588,,,
242,,111499,0.7567232847213745,1.2591121196746826,,,
242,,111549,0.5594871044158936,1.3780224323272705,,,
242,,111599,0.44626766443252563,1.0075010061264038,,,
242,,111649,0.9683609008789062,1.4327436685562134,,,
242,,111699,0.8114244341850281,1.0798968076705933,,,
242,,111749,0.6244299411773682,1.1018478870391846,,,
242,0.5355532765388489,111779,,,0.5745548457251597,1.2765706777572632,0.6415212154388428
243,,111799,0.8688739538192749,0.988953173160553,,,
243,,111849,0.8380246162414551,1.1227691173553467,,,
243,,111899,0.9895669221878052,0.8989787101745605,,,
243,,111949,0.8045464754104614,1.1984868049621582,,,
243,,111999,1.0852553844451904,0.9438773393630981,,,
243,,112049,0.7300453782081604,1.2416789531707764,,,
243,,112099,0.9404191374778748,1.2314982414245605,,,
243,,112149,1.0794059038162231,1.702246904373169,,,
243,,112199,0.5624830722808838,1.8388893604278564,,,
243,0.5267083644866943,112239,,,0.538058991436727,1.4246001243591309,0.4683722257614136
244,,112249,0.9154968857765198,0.9094992876052856,,,
244,,112299,0.9792581796646118,0.7269197702407837,,,
244,,112349,0.8255882263183594,1.098401665687561,,,
244,,112399,0.5191904902458191,1.2626932859420776,,,
244,,112449,0.7601907253265381,1.188211441040039,,,
244,,112499,0.6951466202735901,1.3412898778915405,,,
244,,112549,0.8829153776168823,0.9764620065689087,,,
244,,112599,0.5176894664764404,0.9612982273101807,,,
244,,112649,0.8503948450088501,0.8629443645477295,,,
244,,112699,0.5748915076255798,1.1899949312210083,,,
244,0.5291473865509033,112699,,,0.5310588555117575,1.3271691799163818,0.6280999779701233
245,,112749,0.7844171524047852,1.008301854133606,,,
245,,112799,1.0511349439620972,1.3191096782684326,,,
245,,112849,0.6721740961074829,1.4150141477584839,,,
245,,112899,0.5308176279067993,2.051304340362549,,,
245,,112949,0.7354563474655151,0.8115850687026978,,,
245,,112999,0.5127480030059814,0.767676591873169,,,
245,,113049,0.5333355665206909,1.3007705211639404,,,
245,,113099,0.8238128423690796,1.2384674549102783,,,
245,,113149,0.5002131462097168,1.1365151405334473,,,
245,0.5315930247306824,113159,,,0.53792306646731,1.287862777709961,0.577237069606781
246,,113199,0.4455118775367737,1.296555519104004,,,
246,,113249,0.6884424686431885,1.0501422882080078,,,
246,,113299,0.9263819456100464,1.5005223751068115,,,
246,,113349,0.7908158898353577,0.8526139855384827,,,
246,,113399,0.7035189867019653,1.2399059534072876,,,
246,,113449,0.823175847530365,0.8881289958953857,,,
246,,113499,0.7102071046829224,0.9537585973739624,,,
246,,113549,0.7808914184570312,1.2440919876098633,,,
246,,113599,0.8661519289016724,1.2318212985992432,,,
246,0.5322723388671875,113619,,,0.6974310180780209,1.1825355291366577,0.8750566840171814
247,,113649,0.7779386639595032,0.8072453737258911,,,
247,,113699,0.6202833652496338,1.785224437713623,,,
247,,113749,0.574636697769165,1.6690599918365479,,,
247,,113799,0.8090683221817017,1.32974374294281,,,
247,,113849,0.6800947785377502,1.30259108543396,,,
247,,113899,0.9193856716156006,1.2149298191070557,,,
247,,113949,0.7979207038879395,0.8783016800880432,,,
247,,113999,0.6629965901374817,1.0607702732086182,,,
247,,114049,0.4726557433605194,1.1806371212005615,,,
247,0.522197961807251,114079,,,0.46316433328802503,1.521173357963562,0.4016242027282715
248,,114099,0.9492381811141968,0.9749905467033386,,,
248,,114149,0.7526586055755615,1.4679503440856934,,,
248,,114199,0.686485767364502,0.9831586480140686,,,
248,,114249,0.8615465760231018,0.8216597437858582,,,
248,,114299,0.5789339542388916,1.3533872365951538,,,
248,,114349,0.4598430097103119,1.5638329982757568,,,
248,,114399,0.7100663781166077,1.2171748876571655,,,
248,,114449,0.6077517867088318,1.2158446311950684,,,
248,,114499,0.8326762914657593,1.1033048629760742,,,
248,0.5251938104629517,114539,,,0.5840695935843414,1.2203335762023926,0.7383168935775757
249,,114549,0.4548872709274292,1.1803019046783447,,,
249,,114599,0.8889090418815613,0.9187528491020203,,,
249,,114649,0.9242125153541565,1.0228321552276611,,,
249,,114699,0.786233127117157,1.0654771327972412,,,
249,,114749,0.6031415462493896,1.182058334350586,,,
249,,114799,0.7420288324356079,1.0304365158081055,,,
249,,114849,0.8071017265319824,1.1489357948303223,,,
249,,114899,0.7632108330726624,1.2398676872253418,,,
249,,114949,0.6612993478775024,1.706721544265747,,,
249,,114999,0.5624184608459473,1.5544977188110352,,,
249,0.5288823246955872,114999,,,0.5150876716052739,1.4164375066757202,0.5213505029678345
250,,115049,0.6408812999725342,0.8330351710319519,,,
250,,115099,1.0113272666931152,1.3184013366699219,,,
250,,115149,0.8004934787750244,1.1219325065612793,,,
250,,115199,0.43321365118026733,1.258932113647461,,,
250,,115249,0.7123891711235046,1.4215972423553467,,,
250,,115299,0.715399980545044,1.2065693140029907,,,
250,,115349,1.1029967069625854,0.8260476589202881,,,
250,,115399,0.7493606805801392,0.9327537417411804,,,
250,,115449,0.6015433073043823,1.8980568647384644,,,
250,0.5375712513923645,115459,,,0.5910697295093109,1.3949922323226929,0.7502303123474121
251,,115499,0.5551530122756958,1.6092380285263062,,,
251,,115549,0.6452808976173401,1.0413658618927002,,,
251,,115599,0.8585603833198547,0.8999000191688538,,,
251,,115649,0.5934144258499146,1.4374258518218994,,,
251,,115699,0.5174987316131592,1.6670856475830078,,,
251,,115749,0.8232138156890869,1.2903169393539429,,,
251,,115799,0.7437193989753723,1.589249610900879,,,
251,,115849,0.8766328692436218,1.1978416442871094,,,
251,,115899,1.364229679107666,0.7418177723884583,,,
251,0.5232915878295898,115919,,,0.5239227946173712,1.2945868968963623,0.5760711431503296
252,,115949,0.6025500893592834,0.9944466948509216,,,
252,,115999,0.702858567237854,1.2385939359664917,,,
252,,116049,0.6054885387420654,1.013310432434082,,,
252,,116099,1.038308024406433,0.9879788756370544,,,
252,,116149,0.4840148091316223,1.3067834377288818,,,
252,,116199,0.5611480474472046,1.6084330081939697,,,
252,,116249,0.6669244766235352,1.1757960319519043,,,
252,,116299,0.5775732398033142,1.3712902069091797,,,
252,,116349,0.8310927748680115,1.3407914638519287,,,
252,0.5139232873916626,116379,,,0.5233790947397037,1.41797935962677,0.5769739151000977
253,,116399,0.834409773349762,1.8878059387207031,,,
253,,116449,0.668635368347168,1.1885449886322021,,,
253,,116499,0.8031219244003296,1.1399354934692383,,,
253,,116549,0.7744508981704712,1.6332483291625977,,,
253,,116599,0.6090419292449951,1.041479229927063,,,
253,,116649,0.8865081667900085,1.0363785028457642,,,
253,,116699,0.6876621246337891,1.1329505443572998,,,
253,,116749,1.0038933753967285,1.4363646507263184,,,
253,,116799,1.0671391487121582,1.255493402481079,,,
253,0.5107982754707336,116839,,,0.5492728014136197,1.30367112159729,0.6579408049583435
254,,116849,0.8740873336791992,1.3641164302825928,,,
254,,116899,0.6023247838020325,1.5160393714904785,,,
254,,116949,1.1289446353912354,0.9780347943305969,,,
254,,116999,0.61064612865448,1.1983375549316406,,,
254,,117049,0.7856718301773071,1.230504035949707,,,
254,,117099,0.7644498944282532,1.3021875619888306,,,
254,,117149,0.8772400617599487,1.002035140991211,,,
254,,117199,0.9872244596481323,1.6913377046585083,,,
254,,117249,0.8530240058898926,0.937450647354126,,,
254,,117299,0.9401183128356934,1.4249159097671509,,,
254,0.4863283932209015,117299,,,0.5513796384395814,1.2887495756149292,0.7291402220726013
255,,117349,0.947540283203125,0.7227091193199158,,,
255,,117399,0.5988724231719971,1.7073495388031006,,,
255,,117449,0.7285228967666626,0.8704012632369995,,,
255,,117499,0.6035285592079163,1.0730977058410645,,,
255,,117549,0.9288616180419922,1.5593209266662598,,,
255,,117599,0.6848545074462891,1.2993311882019043,,,
255,,117649,0.5858344435691833,0.9506140351295471,,,
255,,117699,0.66419917345047,1.167210340499878,,,
255,,117749,0.6944278478622437,1.4856643676757812,,,
255,0.4893108606338501,117759,,,0.53792306646731,1.344520926475525,0.5653531551361084
256,,117799,0.5998322367668152,1.5319522619247437,,,
256,,117849,0.5567423105239868,1.6197010278701782,,,
256,,117899,0.5714055895805359,1.1627336740493774,,,
256,,117949,0.6055444478988647,1.5704400539398193,,,
256,,117999,0.48782867193222046,1.2973921298980713,,,
256,,118049,0.7792207598686218,1.2074668407440186,,,
256,,118099,0.6119542121887207,1.0850995779037476,,,
256,,118149,0.6127684116363525,1.5797337293624878,,,
256,,118199,0.515821635723114,1.1501203775405884,,,
256,0.5102548003196716,118219,,,0.52528204431154,1.271484613418579,0.5767967700958252
257,,118249,0.6058394908905029,1.406465768814087,,,
257,,118299,0.5093649625778198,1.010209083557129,,,
257,,118349,0.6378459334373474,1.1035586595535278,,,
257,,118399,0.7256686687469482,0.8394162654876709,,,
257,,118449,0.6487473249435425,1.251023292541504,,,
257,,118499,0.8203839063644409,1.4590659141540527,,,
257,,118549,1.0350276231765747,0.892088770866394,,,
257,,118599,0.7574011087417603,1.441823959350586,,,
257,,118649,0.9656810164451599,0.7582669854164124,,,
257,0.5122928619384766,118679,,,0.544243577545195,1.2854335308074951,0.6217818856239319
258,,118699,0.6885090470314026,1.1915910243988037,,,
258,,118749,0.6417007446289062,0.844052791595459,,,
258,,118799,0.9587881565093994,0.8017556667327881,,,
258,,118849,0.7554739713668823,0.6922861337661743,,,
258,,118899,0.5194831490516663,0.9477982521057129,,,
258,,118949,0.7457233667373657,1.0047712326049805,,,
258,,118999,0.3601372241973877,1.5864378213882446,,,
258,,119049,0.910426676273346,1.1737302541732788,,,
258,,119099,0.9217894077301025,0.8078528642654419,,,
258,0.523590087890625,119139,,,0.5037379366589643,1.4093058109283447,0.6029755473136902
259,,119149,1.031292200088501,0.9132977724075317,,,
259,,119199,0.9365777969360352,1.1483319997787476,,,
259,,119249,0.8263380527496338,1.464096188545227,,,
259,,119299,0.9138004779815674,1.0046539306640625,,,
259,,119349,1.1511263847351074,0.8568344116210938,,,
259,,119399,0.3556891083717346,1.4075640439987183,,,
259,,119449,0.575293779373169,1.2044745683670044,,,
259,,119499,0.6792634725570679,1.0137031078338623,,,
259,,119549,0.6549925208091736,1.475877046585083,,,
259,,119599,0.8877789974212646,1.438392162322998,,,
259,0.5094062089920044,119599,,,0.5341171673236373,1.3252818584442139,0.6407374143600464
260,,119649,1.018413782119751,1.2981045246124268,,,
260,,119699,0.6189066171646118,1.7195080518722534,,,
260,,119749,0.805385947227478,0.8663058280944824,,,
260,,119799,0.7640926837921143,1.225866675376892,,,
260,,119849,0.6999642848968506,1.3859879970550537,,,
260,,119899,0.5793765783309937,1.294466257095337,,,
260,,119949,0.8190948963165283,1.6137681007385254,,,
260,,119999,0.8818196058273315,1.0731621980667114,,,
260,,120049,0.8343416452407837,1.6460031270980835,,,
260,0.5131147503852844,120059,,,0.6073127633546282,1.3463990688323975,0.5799562335014343
261,,120099,0.7738666534423828,1.161405086517334,,,
261,,120149,0.5827757716178894,0.831724226474762,,,
261,,120199,1.217313289642334,1.3167071342468262,,,
261,,120249,0.5912429094314575,1.2099616527557373,,,
261,,120299,0.8121709227561951,0.8834842443466187,,,
261,,120349,0.8332818746566772,1.0156323909759521,,,
261,,120399,1.0996713638305664,1.2503700256347656,,,
261,,120449,0.6051745414733887,1.223028302192688,,,
261,,120499,0.8348526954650879,1.150251865386963,,,
261,0.5317288637161255,120519,,,0.5513796384395814,1.3934632539749146,0.5114729404449463
262,,120549,0.9224830865859985,1.0107557773590088,,,
262,,120599,0.7223100066184998,1.1888976097106934,,,
262,,120649,0.9666500091552734,1.0492420196533203,,,
262,,120699,0.7096747159957886,1.5707147121429443,,,
262,,120749,0.653745174407959,1.0012198686599731,,,
262,,120799,0.6263290643692017,1.1769757270812988,,,
262,,120849,0.793431282043457,1.0146868228912354,,,
262,,120899,1.066988468170166,1.2655863761901855,,,
262,,120949,0.9677260518074036,0.9887782335281372,,,
262,0.5239509344100952,120979,,,0.47220334375424766,1.515737533569336,0.47810542583465576
263,,120999,0.9457643628120422,0.8889496326446533,,,
263,,121049,1.2743618488311768,0.9717222452163696,,,
263,,121099,0.6020113229751587,1.3428605794906616,,,
263,,121149,0.7140014171600342,1.1600297689437866,,,
263,,121199,0.7535386085510254,1.2020325660705566,,,
263,,121249,0.7612985372543335,1.2909367084503174,,,
263,,121299,1.1038005352020264,0.7182282209396362,,,
263,,121349,0.7234545350074768,1.1164723634719849,,,
263,,121399,0.6581424474716187,1.270592451095581,,,
263,0.5231824517250061,121439,,,0.521883920076118,1.4261573553085327,0.4526626467704773
264,,121449,1.1344690322875977,1.4641131162643433,,,
264,,121499,0.6383730173110962,1.1646223068237305,,,
264,,121549,0.8210055828094482,1.1603527069091797,,,
264,,121599,0.771835446357727,1.1009082794189453,,,
264,,121649,0.7675752639770508,1.4100334644317627,,,
264,,121699,0.7950932383537292,1.5072230100631714,,,
264,,121749,1.0049364566802979,0.8661810159683228,,,
264,,121799,0.7837684154510498,1.969799518585205,,,
264,,121849,0.8472312092781067,0.7667343616485596,,,
264,,121899,0.8449700474739075,1.4293662309646606,,,
264,0.5083526372909546,121899,,,0.5642245480494766,1.349915862083435,0.6386687755584717
265,,121949,0.6872444152832031,0.9340872764587402,,,
265,,121999,0.9887637495994568,1.0139834880828857,,,
265,,122049,0.46176424622535706,1.28497314453125,,,
265,,122099,0.8327439427375793,1.0094928741455078,,,
265,,122149,0.6264878511428833,0.9772077202796936,,,
265,,122199,0.8569674491882324,0.9893472194671631,,,
265,,122249,0.6441935300827026,1.1106047630310059,,,
265,,122299,0.6569404602050781,1.0705751180648804,,,
265,,122349,0.6902577877044678,1.0552482604980469,,,
265,0.539725124835968,122359,,,0.5686421095555253,1.3158514499664307,0.5628932118415833
266,,122399,0.7130874991416931,1.343725323677063,,,
266,,122449,0.7865355014801025,1.1405797004699707,,,
266,,122499,0.8002207279205322,0.830768346786499,,,
266,,122549,0.6431214809417725,1.0335663557052612,,,
266,,122599,0.5456035137176514,1.4268145561218262,,,
266,,122649,0.9194959402084351,1.444233775138855,,,
266,,122699,0.6507771015167236,0.9692249894142151,,,
266,,122749,0.9457170963287354,1.3405051231384277,,,
266,,122799,0.835451602935791,1.0919468402862549,,,
266,0.5345687866210938,122819,,,0.6387793937746364,1.1741677522659302,0.688459038734436
267,,122849,0.6376305222511292,1.1042921543121338,,,
267,,122899,1.102102279663086,1.0539734363555908,,,
267,,122949,1.1518418788909912,1.0304685831069946,,,
267,,122999,0.8588147163391113,0.9578007459640503,,,
267,,123049,0.8327525854110718,1.0433746576309204,,,
267,,123099,1.1792359352111816,0.7785406708717346,,,
267,,123149,0.6762940883636475,1.051377534866333,,,
267,,123199,0.8295811414718628,0.7682045102119446,,,
267,,123249,0.8572521209716797,0.9035720825195312,,,
267,0.5255947113037109,123279,,,0.5039418241130895,1.4205403327941895,0.5365455746650696
268,,123299,0.8959946632385254,1.1031900644302368,,,
268,,123349,1.1122370958328247,0.9111431241035461,,,
268,,123399,0.6795587539672852,1.4135088920593262,,,
268,,123449,0.7467089295387268,1.4585332870483398,,,
268,,123499,0.7959287166595459,0.6768329739570618,,,
268,,123549,0.6767889261245728,1.1361331939697266,,,
268,,123599,0.6900903582572937,0.9389777779579163,,,
268,,123649,1.0454237461090088,1.0918327569961548,,,
268,,123699,0.9686579704284668,0.8475115299224854,,,
268,0.5377004742622375,123739,,,0.5133206470028544,1.3731008768081665,0.5535351634025574
269,,123749,1.235080361366272,1.4256831407546997,,,
269,,123799,0.7495405077934265,0.8916035294532776,,,
269,,123849,0.46613970398902893,1.0424742698669434,,,
269,,123899,1.2301406860351562,1.0736489295959473,,,
269,,123949,0.6305210590362549,0.9360214471817017,,,
269,,123999,0.8393757939338684,1.1714386940002441,,,
269,,124049,0.9607458114624023,0.9204597473144531,,,
269,,124099,0.8189882040023804,1.1763869524002075,,,
269,,124149,0.645484983921051,1.2812424898147583,,,
269,,124199,0.8587197065353394,1.1642464399337769,,,
269,0.5230332612991333,124199,,,0.6629740383308413,1.228211522102356,0.6674716472625732
270,,124249,0.6228854060173035,1.1193203926086426,,,
270,,124299,0.9695830345153809,0.9710082411766052,,,
270,,124349,0.7513535022735596,0.9666551947593689,,,
270,,124399,0.553481936454773,1.178229808807373,,,
270,,124449,1.0043466091156006,0.674034595489502,,,
270,,124499,0.8394908308982849,0.8342158198356628,,,
270,,124549,1.005938172340393,1.4371122121810913,,,
270,,124599,1.373203992843628,0.599861741065979,,,
270,,124649,0.8584752082824707,0.9247204661369324,,,
270,0.5197523236274719,124659,,,0.6671877123827648,1.2286403179168701,0.8349581360816956
271,,124699,0.5507549047470093,1.2739756107330322,,,
271,,124749,0.7652069330215454,1.6183881759643555,,,
271,,124799,0.7360334396362305,1.4077050685882568,,,
271,,124849,0.7953555583953857,1.4391238689422607,,,
271,,124899,0.8170223236083984,0.732703447341919,,,
271,,124949,0.7164150476455688,1.567860722541809,,,
271,,124999,0.6728866100311279,1.507359504699707,,,
271,,125049,1.0523126125335693,0.722527027130127,,,
271,,125099,0.8802703022956848,1.1020779609680176,,,
271,0.5329650640487671,125119,,,0.6351094196003806,1.249655842781067,0.67283034324646
272,,125149,0.637803852558136,0.8658844828605652,,,
272,,125199,0.9271852970123291,1.3796707391738892,,,
272,,125249,0.574020504951477,1.4203637838363647,,,
272,,125299,0.8743473887443542,1.15691077709198,,,
272,,125349,0.6459616422653198,1.223666787147522,,,
272,,125399,0.7190157175064087,1.2868022918701172,,,
272,,125449,0.7065696716308594,1.1125751733779907,,,
272,,125499,0.6321531534194946,0.914431095123291,,,
272,,125549,0.6703829169273376,1.4376590251922607,,,
272,0.5322723388671875,125579,,,0.5163109963300259,1.3585219383239746,0.5594567656517029
273,,125599,0.8797262907028198,1.1468024253845215,,,
273,,125649,0.7306097745895386,0.9030674695968628,,,
273,,125699,0.6456799507141113,1.2826778888702393,,,
273,,125749,0.6456317901611328,1.1344459056854248,,,
273,,125799,0.7577066421508789,1.0347089767456055,,,
273,,125849,0.6168370246887207,1.1091372966766357,,,
273,,125899,1.0300426483154297,1.078365683555603,,,
273,,125949,0.6655595898628235,0.9288315176963806,,,
273,,125999,0.5403409004211426,2.021549701690674,,,
273,0.5268309116363525,126039,,,0.4874949028136469,1.4054497480392456,0.6063100695610046
274,,126049,0.5846520662307739,1.227972388267517,,,
274,,126099,0.9254270792007446,1.2082966566085815,,,
274,,126149,0.698889970779419,1.227957010269165,,,
274,,126199,0.66185063123703,1.1539077758789062,,,
274,,126249,0.8611617088317871,0.759642481803894,,,
274,,126299,0.6947044134140015,1.3033151626586914,,,
274,,126349,0.8407323956489563,1.0867109298706055,,,
274,,126399,0.803878664970398,1.0274046659469604,,,
274,,126449,0.6105086803436279,1.5048476457595825,,,
274,,126499,0.9857802391052246,1.2244263887405396,,,
274,0.5048200488090515,126499,,,0.5350006796248471,1.3283584117889404,0.5939716100692749
275,,126549,0.8341116309165955,0.7819993495941162,,,
275,,126599,0.8360460996627808,1.358359694480896,,,
275,,126649,0.8253490924835205,1.091325044631958,,,
275,,126699,0.7574945688247681,1.047963261604309,,,
275,,126749,0.9205704927444458,0.995760440826416,,,
275,,126799,0.6450124979019165,1.0808990001678467,,,
275,,126849,0.8471299409866333,1.4132471084594727,,,
275,,126899,0.6666781306266785,1.641355276107788,,,
275,,126949,1.0565931797027588,1.1383851766586304,,,
275,0.49449393153190613,126959,,,0.5207285578360745,1.3743354082107544,0.5702694058418274
276,,126999,0.6914799213409424,1.146202564239502,,,
276,,127049,0.6804870367050171,0.7846976518630981,,,
276,,127099,0.6569053530693054,1.0552425384521484,,,
276,,127149,0.8333685398101807,0.9439257383346558,,,
276,,127199,0.37493735551834106,0.9770700931549072,,,
276,,127249,0.8198696374893188,1.119917869567871,,,
276,,127299,0.6935691833496094,1.178940773010254,,,
276,,127349,0.683846116065979,1.131809949874878,,,
276,,127399,0.46461164951324463,1.5907739400863647,,,
276,0.503447949886322,127419,,,0.6167595487291015,1.2840611934661865,0.7365939617156982
277,,127449,0.6215792298316956,1.0727336406707764,,,
277,,127499,0.7920466661453247,1.5570111274719238,,,
277,,127549,0.7508787512779236,0.7917788624763489,,,
277,,127599,0.6548784971237183,1.381913423538208,,,
277,,127649,0.714226484298706,1.3527244329452515,,,
277,,127699,0.6018939018249512,1.4439642429351807,,,
277,,127749,0.9800370931625366,0.7926507592201233,,,
277,,127799,0.7097747325897217,1.475582242012024,,,
277,,127849,0.6489009857177734,1.0750294923782349,,,
277,0.514079213142395,127879,,,0.5434280277286938,1.329540491104126,0.725135087966919
278,,127899,1.0506575107574463,0.9081003665924072,,,
278,,127949,1.4091382026672363,1.5133213996887207,,,
278,,127999,0.667488694190979,1.2695553302764893,,,
278,,128049,0.6168321371078491,1.0484261512756348,,,
278,,128099,0.9623565077781677,0.8142868280410767,,,
278,,128149,0.7929335832595825,0.8415982723236084,,,
278,,128199,0.594410240650177,1.4232792854309082,,,
278,,128249,0.6375666260719299,1.1009774208068848,,,
278,,128299,0.7510476112365723,0.9253961443901062,,,
278,0.5332368016242981,128339,,,0.5871958678809297,1.2974025011062622,0.6106842160224915
279,,128349,0.6170281171798706,1.4000442028045654,,,
279,,128399,0.541612446308136,1.321518898010254,,,
279,,128449,0.7596461772918701,0.9687036275863647,,,
279,,128499,1.1236504316329956,1.0850632190704346,,,
279,,128549,1.0717158317565918,1.136237382888794,,,
279,,128599,0.7460241913795471,1.3278751373291016,,,
279,,128649,0.7814751267433167,1.0891270637512207,,,
279,,128699,0.826964259147644,1.0307735204696655,,,
279,,128749,0.49974843859672546,0.8410792350769043,,,
279,,128799,0.9359711408615112,1.2967312335968018,,,
279,0.5294257998466492,128799,,,0.6424493679488922,1.2352306842803955,0.7104928493499756
280,,128849,0.819794774055481,1.0226449966430664,,,
280,,128899,0.5446118116378784,1.3963301181793213,,,
280,,128949,1.1692265272140503,1.3711938858032227,,,
280,,128999,0.7216310501098633,1.3498268127441406,,,
280,,129049,0.4420398771762848,1.5585988759994507,,,
280,,129099,0.7911741733551025,0.8248516321182251,,,
280,,129149,0.9665481448173523,0.8330658674240112,,,
280,,129199,0.7503555417060852,1.267622709274292,,,
280,,129249,0.8707706928253174,1.750855565071106,,,
280,0.5281962752342224,129259,,,0.5779529699605818,1.2663573026657104,0.5917109847068787
281,,129299,0.8371461033821106,1.631327748298645,,,
281,,129349,0.7445427775382996,0.9036777019500732,,,
281,,129399,0.7270057201385498,1.081247329711914,,,
281,,129449,0.6150198578834534,1.7247799634933472,,,
281,,129499,0.6119019985198975,1.1368077993392944,,,
281,,129549,0.8042209148406982,1.1053375005722046,,,
281,,129599,0.6714940071105957,1.0850510597229004,,,
281,,129649,0.8328450918197632,0.621806263923645,,,
281,,129699,0.7554244995117188,1.1863577365875244,,,
281,0.5236992239952087,129719,,,0.5004757373929591,1.479498267173767,0.4454514682292938
282,,129749,0.7292170524597168,1.1554977893829346,,,
282,,129799,0.7770284414291382,1.2057420015335083,,,
282,,129849,0.7721794843673706,0.9525460004806519,,,
282,,129899,0.655335545539856,1.4234797954559326,,,
282,,129949,0.6552795767784119,1.4995169639587402,,,
282,,129999,0.740382194519043,1.4756979942321777,,,
282,,130049,0.4113121032714844,1.269920825958252,,,
282,,130099,0.8157049417495728,0.8629295229911804,,,
282,,130149,0.7365400791168213,0.9621668457984924,,,
282,0.5114776492118835,130179,,,0.5229713198314531,1.3260303735733032,0.49937865138053894
283,,130199,0.5930165648460388,1.3795192241668701,,,
283,,130249,0.9278144240379333,1.0179741382598877,,,
283,,130299,0.6431601643562317,1.574939489364624,,,
283,,130349,0.8889678120613098,1.0408812761306763,,,
283,,130399,0.604776918888092,1.234785795211792,,,
283,,130449,1.2426199913024902,1.1630241870880127,,,
283,,130499,0.8601619005203247,1.3427412509918213,,,
283,,130549,0.5908620357513428,1.1480703353881836,,,
283,,130599,1.0288407802581787,1.0308387279510498,,,
283,0.5226189494132996,130639,,,0.5927687916270219,1.2920429706573486,0.5900132656097412
284,,130649,0.5547451972961426,1.2514280080795288,,,
284,,130699,0.8580842018127441,1.8882958889007568,,,
284,,130749,0.4666167199611664,1.575470209121704,,,
284,,130799,0.8682770133018494,1.4196499586105347,,,
284,,130849,1.4985944032669067,1.956164836883545,,,
284,,130899,0.646418035030365,1.2868447303771973,,,
284,,130949,0.6002943515777588,0.9299429059028625,,,
284,,130999,0.5384050011634827,1.0053110122680664,,,
284,,131049,0.9924764633178711,0.9182780981063843,,,
284,,131099,0.7605878114700317,1.0156464576721191,,,
284,0.5249421000480652,131099,,,0.4745820307190431,1.4390931129455566,0.4582306742668152
285,,131149,0.5398706793785095,1.0877892971038818,,,
285,,131199,0.6766256093978882,1.0941040515899658,,,
285,,131249,0.559450626373291,1.3571901321411133,,,
285,,131299,0.611900269985199,1.5994020700454712,,,
285,,131349,0.6035052537918091,1.3331403732299805,,,
285,,131399,0.6780148148536682,0.9272646903991699,,,
285,,131449,0.6029524207115173,1.4043879508972168,,,
285,,131499,0.7380591034889221,1.1720399856567383,,,
285,,131549,0.7843995094299316,1.1173439025878906,,,
285,0.5284746885299683,131559,,,0.5090390104662227,1.3750053644180298,0.595241129398346
286,,131599,0.6584873795509338,0.9947121143341064,,,
286,,131649,0.704184353351593,1.0009448528289795,,,
286,,131699,0.5274035930633545,1.3166311979293823,,,
286,,131749,0.839059591293335,0.8322420120239258,,,
286,,131799,0.9410406351089478,0.7690924406051636,,,
286,,131849,0.7287083864212036,1.3544197082519531,,,
286,,131899,0.664664089679718,0.9917337894439697,,,
286,,131949,0.6757805347442627,1.4404816627502441,,,
286,,131999,0.69627445936203,0.8804495334625244,,,
286,0.534058690071106,132019,,,0.5198450455348648,1.3788751363754272,0.5700570940971375
287,,132049,1.094841718673706,0.9622780084609985,,,
287,,132099,0.9145227670669556,1.4895597696304321,,,
287,,132149,0.6841220259666443,1.2291351556777954,,,
287,,132199,0.7003539800643921,1.0621652603149414,,,
287,,132249,0.6791233420372009,1.0384676456451416,,,
287,,132299,0.9117965698242188,1.657500982284546,,,
287,,132349,0.8033692836761475,1.169747233390808,,,
287,,132399,0.7816551327705383,1.0808727741241455,,,
287,,132449,0.7758116722106934,0.8964870572090149,,,
287,0.5261648893356323,132479,,,0.5538942503737937,1.2753772735595703,0.6110231280326843
288,,132499,0.8149407505989075,1.1503945589065552,,,
288,,132549,0.6679826974868774,1.3746860027313232,,,
288,,132599,0.3965763449668884,1.1870551109313965,,,
288,,132649,1.1808338165283203,2.0840742588043213,,,
288,,132699,1.1850366592407227,0.9530172944068909,,,
288,,132749,0.6691548824310303,1.2035996913909912,,,
288,,132799,0.6827601194381714,0.8288112878799438,,,
288,,132849,0.7137476205825806,0.9837799668312073,,,
288,,132899,0.7115347385406494,1.3770976066589355,,,
288,0.5128296613693237,132939,,,0.48579584069593584,1.388570785522461,0.5620208382606506
289,,132949,0.806632399559021,1.2498217821121216,,,
289,,132999,0.7586748600006104,1.086969017982483,,,
289,,133049,0.7062661647796631,1.2075316905975342,,,
289,,133099,0.414730429649353,1.37009596824646,,,
289,,133149,0.763192355632782,1.3377835750579834,,,
289,,133199,0.46714287996292114,1.3223679065704346,,,
289,,133249,0.770831823348999,1.038154125213623,,,
289,,133299,0.6615558862686157,1.5213594436645508,,,
289,,133349,0.6368660926818848,1.405801773071289,,,
289,,133399,0.6289713382720947,1.1941866874694824,,,
289,0.5106490850448608,133399,,,0.5218159575914095,1.367209792137146,0.6061481833457947
290,,133449,0.62459796667099,1.1574199199676514,,,
290,,133499,0.7060262560844421,1.8254365921020508,,,
290,,133549,0.824685275554657,1.1897339820861816,,,
290,,133599,0.7191054821014404,1.0414756536483765,,,
290,,133649,0.7683214545249939,1.076671838760376,,,
290,,133699,0.7309882640838623,1.24949312210083,,,
290,,133749,0.7015875577926636,1.4211530685424805,,,
290,,133799,0.9224090576171875,1.6922876834869385,,,
290,,133849,0.47892051935195923,1.1999452114105225,,,
290,0.5264299511909485,133859,,,0.6607992388201712,1.199514389038086,0.7818422317504883
291,,133899,0.619094729423523,1.0989296436309814,,,
291,,133949,0.752615749835968,0.8838127851486206,,,
291,,133999,0.6248130798339844,1.1554474830627441,,,
291,,134049,0.753950834274292,1.1342496871948242,,,
291,,134099,0.49459555745124817,1.4557238817214966,,,
291,,134149,0.7260981798171997,1.4661619663238525,,,
291,,134199,0.724230945110321,0.9941033124923706,,,
291,,134249,0.5974557399749756,0.8304749727249146,,,
291,,134299,0.747578501701355,0.6707897186279297,,,
291,0.5317355394363403,134319,,,0.6009242897920348,1.2827492952346802,0.6396903991699219
292,,134349,0.6583494544029236,0.9011660814285278,,,
292,,134399,0.8659849166870117,1.2920085191726685,,,
292,,134449,0.955547034740448,0.9715920686721802,,,
292,,134499,0.681962788105011,1.3865129947662354,,,
292,,134549,0.5548094511032104,1.0999788045883179,,,
292,,134599,0.6172983050346375,1.1189115047454834,,,
292,,134649,0.9100744724273682,1.0337748527526855,,,
292,,134699,0.7883760333061218,1.3848090171813965,,,
292,,134749,0.5877001881599426,1.1869697570800781,,,
292,0.5317288637161255,134779,,,0.5030583118118799,1.3770349025726318,0.4808051586151123
293,,134799,1.1453229188919067,1.2854652404785156,,,
293,,134849,0.96688312292099,1.2414418458938599,,,
293,,134899,0.957951545715332,1.535820484161377,,,
293,,134949,0.43156856298446655,1.0345494747161865,,,
293,,134999,0.5555905103683472,1.3894822597503662,,,
293,,135049,0.6197828650474548,1.2556471824645996,,,
293,,135099,0.9631015062332153,1.1701924800872803,,,
293,,135149,0.5664072036743164,0.8562852740287781,,,
293,,135199,0.7989426851272583,1.0453097820281982,,,
293,0.5405537486076355,135239,,,0.4842327035476417,1.4122145175933838,0.4838121235370636
294,,135249,0.5030469298362732,1.2810931205749512,,,
294,,135299,0.9804739952087402,0.8596285581588745,,,
294,,135349,0.5663923025131226,1.0853421688079834,,,
294,,135399,0.8786259293556213,0.8187710642814636,,,
294,,135449,0.47073739767074585,1.5218104124069214,,,
294,,135499,0.6044930815696716,1.2299295663833618,,,
294,,135549,0.47961702942848206,1.3118422031402588,,,
294,,135599,0.46222829818725586,1.3529677391052246,,,
294,,135649,0.6742407083511353,1.2586978673934937,,,
294,,135699,0.7456417083740234,1.255321979522705,,,
294,0.5398743748664856,135699,,,0.5090390104662227,1.3175731897354126,0.5566115379333496
295,,135749,0.7404974699020386,0.8452252745628357,,,
295,,135799,0.4883255362510681,1.1255255937576294,,,
295,,135849,0.9525743126869202,0.7376464605331421,,,
295,,135899,0.48146918416023254,1.4273741245269775,,,
295,,135949,0.5819888114929199,1.3340418338775635,,,
295,,135999,0.994084894657135,0.9024748206138611,,,
295,,136049,0.6039777398109436,1.8053940534591675,,,
295,,136099,0.6249400973320007,0.8900200128555298,,,
295,,136149,0.5684657096862793,1.0086551904678345,,,
295,0.5343037247657776,136159,,,0.49232023922794615,1.4002248048782349,0.5472961068153381
296,,136199,0.9881781339645386,1.298650860786438,,,
296,,136249,0.845448911190033,0.6597347855567932,,,
296,,136299,0.6326684951782227,1.1328257322311401,,,
296,,136349,0.5590882897377014,1.1479179859161377,,,
296,,136399,0.6436276435852051,0.8445343971252441,,,
296,,136449,0.4098455309867859,1.1421394348144531,,,
296,,136499,0.4591584801673889,1.0361907482147217,,,
296,,136549,0.6416199207305908,1.2184715270996094,,,
296,,136599,0.5516244173049927,1.016371488571167,,,
296,0.5279312133789062,136619,,,0.4891939649313579,1.5483143329620361,0.3489931523799896
297,,136649,0.48226940631866455,1.1544582843780518,,,
297,,136699,0.5821597576141357,1.2109376192092896,,,
297,,136749,0.43248969316482544,1.5706732273101807,,,
297,,136799,0.6377324461936951,0.9023354053497314,,,
297,,136849,0.7805122137069702,1.0430271625518799,,,
297,,136899,0.3763994574546814,1.0678114891052246,,,
297,,136949,0.6471549868583679,1.1879304647445679,,,
297,,136999,0.6702238321304321,1.5194697380065918,,,
297,,137049,0.6745709776878357,1.1223704814910889,,,
297,0.5419191122055054,137079,,,0.6424493679488922,1.1838047504425049,0.7528132796287537
298,,137099,0.6348180770874023,1.4143388271331787,,,
298,,137149,0.6436091661453247,1.4939905405044556,,,
298,,137199,1.201456069946289,1.085710883140564,,,
298,,137249,0.7025232911109924,1.7786047458648682,,,
298,,137299,0.8219541311264038,1.5486303567886353,,,
298,,137349,1.4960408210754395,0.9368511438369751,,,
298,,137399,1.0801581144332886,0.8315004110336304,,,
298,,137449,1.0995237827301025,0.8442434668540955,,,
298,,137499,0.6352895498275757,1.2609201669692993,,,
298,0.533644437789917,137539,,,0.48260160391463913,1.4600735902786255,0.4813518524169922
299,,137549,0.9948061108589172,0.6390640735626221,,,
299,,137599,0.7457261085510254,1.1394009590148926,,,
299,,137649,0.9494342803955078,1.1497480869293213,,,
299,,137699,0.7712705731391907,1.665695071220398,,,
299,,137749,0.7294813394546509,1.086458444595337,,,
299,,137799,0.5589586496353149,1.6775164604187012,,,
299,,137849,0.8221784830093384,1.132129192352295,,,
299,,137899,0.4460096061229706,1.7843306064605713,,,
299,,137949,0.4120878577232361,1.1638540029525757,,,
299,,137999,0.9146806597709656,0.8959704637527466,,,
299,0.5254855751991272,137999,,,0.5131167595487292,1.4202600717544556,0.4984980523586273
