epoch,step,train_discriminator_loss,train_generator_loss,validation_discriminator_accuracy,validation_discriminator_loss,validation_generator_loss
0,49,0.9867429733276367,1.6206247806549072,,,
0,99,0.8348771333694458,1.6287068128585815,,,
0,149,0.8988919258117676,1.5652941465377808,,,
0,199,1.1382503509521484,0.9509261846542358,,,
0,249,0.8898220658302307,1.4302177429199219,,,
0,299,0.8968533873558044,1.5324432849884033,,,
0,349,1.236685037612915,0.8960705995559692,,,
0,399,1.0651201009750366,1.2726951837539673,,,
0,449,0.8788825869560242,1.682922124862671,,,
0,459,,,0.4857278782112274,1.4871007204055786,0.9286472797393799
1,499,1.002258062362671,1.5419374704360962,,,
1,549,1.1237568855285645,0.9148907661437988,,,
1,599,0.9666118621826172,1.086308240890503,,,
1,649,1.3282032012939453,0.8879472613334656,,,
1,699,1.1059231758117676,1.2228038311004639,,,
1,749,1.236405849456787,0.800318717956543,,,
1,799,1.027435541152954,1.06851327419281,,,
1,849,1.0917890071868896,0.9455163478851318,,,
1,899,1.1672993898391724,1.0829834938049316,,,
1,919,,,0.4228625798559195,1.5389755964279175,0.6920461654663086
2,949,0.8370153903961182,1.5054512023925781,,,
2,999,0.9652201533317566,1.3192431926727295,,,
2,1049,1.1660747528076172,0.7917510271072388,,,
2,1099,1.1609418392181396,0.8195397257804871,,,
2,1149,0.8981955647468567,1.349055528640747,,,
2,1199,1.3307907581329346,0.7842365503311157,,,
2,1249,0.9964033365249634,1.1473112106323242,,,
2,1299,1.2184019088745117,0.9758410453796387,,,
2,1349,1.165930986404419,1.035264253616333,,,
2,1379,,,0.6400706809840968,1.2296087741851807,0.8712897300720215
3,1399,1.1629559993743896,1.098610758781433,,,
3,1449,1.135414958000183,1.13323175907135,,,
3,1499,1.2252728939056396,0.9805169701576233,,,
3,1549,1.1187539100646973,1.1864478588104248,,,
3,1599,1.1047910451889038,1.0388784408569336,,,
3,1649,1.0639503002166748,1.4285640716552734,,,
3,1699,1.0070693492889404,0.9664312601089478,,,
3,1749,1.1743816137313843,0.8312517404556274,,,
3,1799,1.3112481832504272,0.8636459708213806,,,
3,1839,,,0.6571972271306239,1.3069690465927124,0.835588812828064
4,1849,1.1190011501312256,1.1521570682525635,,,
4,1899,1.264233946800232,1.1404082775115967,,,
4,1949,1.194282054901123,0.883739709854126,,,
4,1999,1.3080825805664062,0.8199015259742737,,,
4,2049,1.3646471500396729,1.2113361358642578,,,
4,2099,1.2733261585235596,0.8296651840209961,,,
4,2149,1.2386868000030518,0.7961758375167847,,,
4,2199,1.1609010696411133,1.1715118885040283,,,
4,2249,1.2213311195373535,0.9725010395050049,,,
4,2299,1.2847845554351807,0.946167528629303,,,
4,2299,,,0.6253907842870735,1.3020085096359253,0.936492383480072
5,2349,1.2803504467010498,0.9251708984375,,,
5,2399,1.1060551404953003,1.1865278482437134,,,
5,2449,0.9992213249206543,1.387038230895996,,,
5,2499,1.121373176574707,1.0204169750213623,,,
5,2549,1.303614854812622,0.9071575403213501,,,
5,2599,1.3390231132507324,0.7503362894058228,,,
5,2649,1.2816600799560547,0.8680689334869385,,,
5,2699,1.0340588092803955,1.1757159233093262,,,
5,2749,1.1126182079315186,1.3345775604248047,,,
5,2759,,,0.6137012369172217,1.3050531148910522,0.980170726776123
6,2799,1.2652572393417358,1.0548427104949951,,,
6,2849,1.286611795425415,0.7330992221832275,,,
6,2899,1.2298038005828857,0.9378948211669922,,,
6,2949,1.2340444326400757,1.0197126865386963,,,
6,2999,1.199758529663086,0.9385483860969543,,,
6,3049,1.1592559814453125,1.0061686038970947,,,
6,3099,1.3611528873443604,0.7315368056297302,,,
6,3149,1.1868185997009277,1.0222535133361816,,,
6,3199,1.362142562866211,0.8002246618270874,,,
6,3219,,,0.5789044447464999,1.4061408042907715,0.8056290745735168
7,3249,1.2568608522415161,0.873400092124939,,,
7,3299,1.3266232013702393,0.809416651725769,,,
7,3349,1.458195686340332,0.7838946580886841,,,
7,3399,1.3377138376235962,0.8351861238479614,,,
7,3449,1.0686686038970947,1.200129747390747,,,
7,3499,1.2358334064483643,0.8685274124145508,,,
7,3549,1.165229320526123,1.0039958953857422,,,
7,3599,1.2054229974746704,0.9847644567489624,,,
7,3649,1.2288954257965088,0.9433673620223999,,,
7,3679,,,0.7092564904172897,1.186750054359436,0.9097891449928284
8,3699,1.3084707260131836,0.7420971393585205,,,
8,3749,1.1773923635482788,1.0393908023834229,,,
8,3799,1.1283701658248901,1.050564169883728,,,
8,3849,1.3294165134429932,0.7711567878723145,,,
8,3899,1.3868401050567627,0.7496339678764343,,,
8,3949,1.1753945350646973,1.041454553604126,,,
8,3999,1.1754610538482666,0.873161256313324,,,
8,4049,1.3281539678573608,0.7428425550460815,,,
8,4099,1.3327183723449707,0.8006165027618408,,,
8,4139,,,0.5418648905803997,1.404281735420227,0.6873191595077515
9,4149,1.2238028049468994,0.7808723449707031,,,
9,4199,1.136939525604248,0.952273428440094,,,
9,4249,1.3484277725219727,0.7813013792037964,,,
9,4299,1.290224313735962,0.8107235431671143,,,
9,4349,1.0739643573760986,1.0306493043899536,,,
9,4399,1.2893818616867065,0.8813760280609131,,,
9,4449,1.2019479274749756,0.9446178078651428,,,
9,4499,1.2048025131225586,0.9082807302474976,,,
9,4549,1.3346331119537354,0.9165734052658081,,,
9,4599,1.1961238384246826,0.8961994051933289,,,
9,4599,,,0.5744189207557429,1.336310625076294,0.6998375058174133
10,4649,1.3597996234893799,0.9224357008934021,,,
10,4699,1.1422851085662842,0.9238163232803345,,,
10,4749,1.163382649421692,0.8618744611740112,,,
10,4799,1.066421389579773,0.9181480407714844,,,
10,4849,1.3123126029968262,0.8650202751159668,,,
10,4899,1.1073908805847168,0.9649192094802856,,,
10,4949,1.3765243291854858,0.8558294773101807,,,
10,4999,1.1099865436553955,0.8011460304260254,,,
10,5049,1.2312276363372803,0.8075093030929565,,,
10,5059,,,0.48627157808889493,1.417000412940979,0.6658967733383179
11,5099,1.0730539560317993,1.0740469694137573,,,
11,5149,1.156675100326538,1.0055999755859375,,,
11,5199,1.0694553852081299,0.8665039539337158,,,
11,5249,1.0757074356079102,0.9903709888458252,,,
11,5299,1.1718711853027344,1.1816036701202393,,,
11,5349,1.1784987449645996,0.8564480543136597,,,
11,5399,1.288388729095459,0.8006051182746887,,,
11,5449,1.279371976852417,0.7934789657592773,,,
11,5499,1.235123872756958,0.6798509955406189,,,
11,5519,,,0.6633818132390921,1.2153345346450806,0.9755398631095886
12,5549,1.2227674722671509,0.8877458572387695,,,
12,5599,1.165723443031311,0.9807124137878418,,,
12,5649,1.2511086463928223,0.8365925550460815,,,
12,5699,1.0892384052276611,1.0491353273391724,,,
12,5749,1.2681171894073486,0.8028519153594971,,,
12,5799,1.1873728036880493,0.8323431611061096,,,
12,5849,1.1572721004486084,0.9219993948936462,,,
12,5899,1.0911710262298584,0.9465680122375488,,,
12,5949,1.3144819736480713,0.7951287031173706,,,
12,5979,,,0.46024194644556204,1.4241108894348145,0.6879577040672302
13,5999,1.1155401468276978,0.874538779258728,,,
13,6049,1.1507163047790527,0.8400638103485107,,,
13,6099,1.3288965225219727,0.6553958654403687,,,
13,6149,1.183548092842102,0.9098692536354065,,,
13,6199,1.2099536657333374,0.9039366841316223,,,
13,6249,1.2238023281097412,0.7235527038574219,,,
13,6299,1.3223097324371338,0.7572181820869446,,,
13,6349,1.2922112941741943,0.8363509178161621,,,
13,6399,1.2777241468429565,0.863322377204895,,,
13,6439,,,0.5694576593720266,1.30619478225708,0.815011739730835
14,6449,1.2629594802856445,0.8424665927886963,,,
14,6499,1.0846445560455322,0.9855632781982422,,,
14,6549,1.311073660850525,0.8307756185531616,,,
14,6599,1.232222080230713,0.9925113916397095,,,
14,6649,1.2337753772735596,1.0469106435775757,,,
14,6699,1.2367618083953857,1.0120986700057983,,,
14,6749,1.204115390777588,0.9013396501541138,,,
14,6799,1.102003812789917,0.9224612712860107,,,
14,6849,1.183427333831787,0.8940519094467163,,,
14,6899,1.4219484329223633,0.8299571871757507,,,
14,6899,,,0.47634905532146254,1.3526631593704224,0.8433207273483276
15,6949,1.0512856245040894,1.2488737106323242,,,
15,6999,1.2033041715621948,1.028350591659546,,,
15,7049,1.117960810661316,1.103423833847046,,,
15,7099,1.1599668264389038,1.0496563911437988,,,
15,7149,1.1347442865371704,0.875299334526062,,,
15,7199,1.0963709354400635,1.1572095155715942,,,
15,7249,1.168623924255371,0.9966257214546204,,,
15,7299,1.2170052528381348,0.6990687251091003,,,
15,7349,1.1698418855667114,0.9540259838104248,,,
15,7359,,,0.6171673236373522,1.2963662147521973,0.8122009634971619
16,7399,1.0408029556274414,1.1651041507720947,,,
16,7449,1.0809576511383057,1.0940682888031006,,,
16,7499,1.253549337387085,0.7846145033836365,,,
16,7549,1.071793556213379,1.0647945404052734,,,
16,7599,0.9668937921524048,0.9944071173667908,,,
16,7649,0.9532585740089417,1.1982678174972534,,,
16,7699,1.112335443496704,0.9329103231430054,,,
16,7749,1.1477727890014648,1.058704137802124,,,
16,7799,1.2476742267608643,0.7984104156494141,,,
16,7819,,,0.6154682615196412,1.3006322383880615,0.8250985741615295
17,7849,0.9846368432044983,0.9395543336868286,,,
17,7899,1.2075228691101074,0.7826251983642578,,,
17,7949,1.3461575508117676,0.7451750040054321,,,
17,7999,1.1349327564239502,1.02858304977417,,,
17,8049,0.9962526559829712,0.9727491736412048,,,
17,8099,1.044084072113037,0.9454503059387207,,,
17,8149,1.2379601001739502,0.8152731657028198,,,
17,8199,1.087097406387329,0.8017683029174805,,,
17,8249,1.1906726360321045,0.748397946357727,,,
17,8279,,,0.5722441212450727,1.3893994092941284,0.7285906672477722
18,8299,0.9606983661651611,0.9985156059265137,,,
18,8349,1.007049798965454,1.1369357109069824,,,
18,8399,1.0896550416946411,0.8784158229827881,,,
18,8449,1.0439165830612183,1.0261632204055786,,,
18,8499,1.0435521602630615,1.0249543190002441,,,
18,8549,1.0188581943511963,0.9987814426422119,,,
18,8599,1.051051139831543,0.8952468633651733,,,
18,8649,0.9620186686515808,1.0992376804351807,,,
18,8699,1.0503909587860107,0.8928059339523315,,,
18,8739,,,0.493679488922115,1.3203151226043701,0.8350005745887756
19,8749,1.0670459270477295,0.90242600440979,,,
19,8799,0.840269923210144,0.9857466220855713,,,
19,8849,1.0309451818466187,0.9937829971313477,,,
19,8899,0.8036302328109741,1.4234201908111572,,,
19,8949,0.9845453500747681,1.1075505018234253,,,
19,8999,1.187544345855713,1.0759682655334473,,,
19,9049,1.1613959074020386,1.0169529914855957,,,
19,9099,1.0386526584625244,0.8380956649780273,,,
19,9149,1.0771150588989258,1.0665817260742188,,,
19,9199,1.2590358257293701,0.9066152572631836,,,
19,9199,,,0.7085089030854969,1.1862716674804688,0.8605307340621948
20,9249,1.073119044303894,1.0393272638320923,,,
20,9299,0.9946346282958984,1.1452949047088623,,,
20,9349,1.2538926601409912,0.7971180081367493,,,
20,9399,1.1985639333724976,0.9267991781234741,,,
20,9449,0.9435194730758667,0.9617944955825806,,,
20,9499,0.920099675655365,1.0809173583984375,,,
20,9549,0.9759287238121033,1.2563910484313965,,,
20,9599,1.2359600067138672,0.7418340444564819,,,
20,9649,1.069453239440918,0.9125230312347412,,,
20,9659,,,0.6510126410221557,1.2837163209915161,0.8457633256912231
21,9699,0.9644760489463806,1.266906976699829,,,
21,9749,0.9805635213851929,0.9684869050979614,,,
21,9799,0.8848447203636169,1.5565717220306396,,,
21,9849,1.1305962800979614,1.0613467693328857,,,
21,9899,1.117749571800232,0.739089846611023,,,
21,9949,0.8423106074333191,1.3547797203063965,,,
21,9999,1.118707537651062,1.163278341293335,,,
21,10049,0.9727710485458374,1.1320228576660156,,,
21,10099,1.1057847738265991,0.7027328014373779,,,
21,10119,,,0.5945358162294413,1.3305704593658447,0.7382205724716187
22,10149,1.178416132926941,0.9618600606918335,,,
22,10199,1.1323566436767578,0.6704955101013184,,,
22,10249,1.1509621143341064,0.8247365951538086,,,
22,10299,1.0072433948516846,0.6990360021591187,,,
22,10349,1.3252270221710205,0.6706030964851379,,,
22,10399,1.2651970386505127,0.9352412223815918,,,
22,10449,0.8641432523727417,0.7959930300712585,,,
22,10499,1.1582876443862915,1.0660409927368164,,,
22,10549,0.8066287040710449,1.3342065811157227,,,
22,10579,,,0.5791762946853337,1.371293306350708,0.8080225586891174
23,10599,1.0709267854690552,0.9966877102851868,,,
23,10649,1.3037667274475098,1.018445372581482,,,
23,10699,1.1399295330047607,1.1648426055908203,,,
23,10749,0.9897108674049377,1.0766812562942505,,,
23,10799,1.0996170043945312,0.8551750779151917,,,
23,10849,1.0470921993255615,1.0721217393875122,,,
23,10899,0.9791624546051025,1.1286611557006836,,,
23,10949,1.137012243270874,0.8608750104904175,,,
23,10999,0.8541092872619629,1.2981464862823486,,,
23,11039,,,0.517262471115944,1.3723361492156982,0.7490926384925842
24,11049,1.0503222942352295,1.200652837753296,,,
24,11099,0.957073450088501,1.071744680404663,,,
24,11149,1.0880389213562012,0.9587023258209229,,,
24,11199,1.2120269536972046,1.1199300289154053,,,
24,11249,1.1778661012649536,0.88129061460495,,,
24,11299,0.8369302749633789,1.2838139533996582,,,
24,11349,0.9576225876808167,1.0095821619033813,,,
24,11399,0.8676724433898926,1.0151139497756958,,,
24,11449,1.0597074031829834,0.925328254699707,,,
24,11499,0.9187907576560974,1.3686881065368652,,,
24,11499,,,0.6394590186217208,1.237051010131836,0.951866090297699
25,11549,1.2742968797683716,0.7726014852523804,,,
25,11599,1.0984858274459839,0.8662360906600952,,,
25,11649,0.9523699283599854,1.0001217126846313,,,
25,11699,1.0726470947265625,1.0500478744506836,,,
25,11749,1.3266137838363647,0.7701417207717896,,,
25,11799,1.1820957660675049,0.8145904541015625,,,
25,11849,1.4426281452178955,0.8893783092498779,,,
25,11899,1.0341994762420654,1.2040278911590576,,,
25,11949,1.0631375312805176,1.0914874076843262,,,
25,11959,,,0.6219926600516514,1.2911961078643799,0.8284437656402588
26,11999,1.0255614519119263,0.9021254777908325,,,
26,12049,0.7800196409225464,1.1647627353668213,,,
26,12099,1.2757766246795654,0.8739862442016602,,,
26,12149,1.092405080795288,1.2817909717559814,,,
26,12199,1.1618294715881348,0.7655377984046936,,,
26,12249,0.9189342856407166,0.9734109044075012,,,
26,12299,1.1065518856048584,1.1942496299743652,,,
26,12349,0.8175617456436157,1.2860631942749023,,,
26,12399,1.0108562707901,0.9327044486999512,,,
26,12419,,,0.638099768927552,1.2721425294876099,0.8665456175804138
27,12449,1.0020101070404053,0.861352264881134,,,
27,12499,1.0209165811538696,0.887040913105011,,,
27,12549,1.0160531997680664,1.1171578168869019,,,
27,12599,0.9764165282249451,1.2705987691879272,,,
27,12649,0.9018059372901917,1.3943791389465332,,,
27,12699,1.0500284433364868,0.9306118488311768,,,
27,12749,0.9761672616004944,1.0123944282531738,,,
27,12799,0.993747353553772,0.9605059623718262,,,
27,12849,0.9214669466018677,0.9793047904968262,,,
27,12879,,,0.6005165148837841,1.33328378200531,0.7566700577735901
28,12899,1.1890478134155273,0.858741283416748,,,
28,12949,0.9809975624084473,1.2013752460479736,,,
28,12999,1.0509557723999023,1.0404682159423828,,,
28,13049,1.0173739194869995,1.2153148651123047,,,
28,13099,1.3202284574508667,1.0055174827575684,,,
28,13149,1.2040544748306274,0.9124091863632202,,,
28,13199,0.9129546284675598,1.2254350185394287,,,
28,13249,1.0221288204193115,1.2548794746398926,,,
28,13299,1.0450382232666016,1.0918471813201904,,,
28,13339,,,0.5872638303656381,1.3813374042510986,0.7844055891036987
29,13349,0.9032245874404907,1.0611598491668701,,,
29,13399,1.2687597274780273,0.7991273403167725,,,
29,13449,0.8087254762649536,1.252728819847107,,,
29,13499,1.0457757711410522,0.9525843858718872,,,
29,13549,1.3430678844451904,1.0174670219421387,,,
29,13599,0.8013900518417358,1.1982487440109253,,,
29,13649,1.0753228664398193,1.0009822845458984,,,
29,13699,1.0576443672180176,1.116788387298584,,,
29,13749,0.9975685477256775,1.2112276554107666,,,
29,13799,1.000878095626831,1.1570063829421997,,,
29,13799,,,0.6150604866113906,1.3472987413406372,0.704898476600647
30,13849,1.2451536655426025,1.018798589706421,,,
30,13899,1.0384868383407593,1.045318365097046,,,
30,13949,0.7655755281448364,1.4050483703613281,,,
30,13999,1.018810510635376,1.2314261198043823,,,
30,14049,0.9960339069366455,0.9968008995056152,,,
30,14099,0.8916751146316528,0.9272536039352417,,,
30,14149,0.9489997625350952,1.020971417427063,,,
30,14199,1.3302080631256104,0.8694779872894287,,,
30,14249,0.9961838126182556,1.2254412174224854,,,
30,14259,,,0.6480222916949844,1.2817665338516235,1.0507538318634033
31,14299,1.1226887702941895,0.7650461196899414,,,
31,14349,0.7369574904441833,1.1226215362548828,,,
31,14399,1.2869210243225098,0.8396199941635132,,,
31,14449,1.2812296152114868,1.085989236831665,,,
31,14499,1.1179215908050537,1.1227658987045288,,,
31,14549,0.8662654161453247,1.3323627710342407,,,
31,14599,0.9470534324645996,1.339487075805664,,,
31,14649,0.9712588787078857,1.0357470512390137,,,
31,14699,0.9419069290161133,1.0375480651855469,,,
31,14719,,,0.5789724072312084,1.3038825988769531,0.6883997321128845
32,14749,1.0320286750793457,0.8502204418182373,,,
32,14799,0.9532545804977417,0.9100821018218994,,,
32,14849,1.009809970855713,0.8252330422401428,,,
32,14899,1.008710503578186,0.8716257810592651,,,
32,14949,1.0827159881591797,0.8337652683258057,,,
32,14999,0.6874926686286926,1.1152808666229248,,,
32,15049,0.7879823446273804,0.8920398950576782,,,
32,15099,0.8861181139945984,1.137980580329895,,,
32,15149,0.8952639102935791,0.9277957677841187,,,
32,15179,,,0.6468669294549408,1.284239411354065,0.8787739276885986
33,15199,0.9469579458236694,0.9708293080329895,,,
33,15249,0.7739653587341309,1.10188889503479,,,
33,15299,0.9074499607086182,1.0996294021606445,,,
33,15349,1.0650053024291992,0.6164155602455139,,,
33,15399,1.002162218093872,0.8502519726753235,,,
33,15449,1.000434398651123,1.1994290351867676,,,
33,15499,1.0684659481048584,0.7616825103759766,,,
33,15549,0.7538580298423767,1.6049845218658447,,,
33,15599,1.0291633605957031,1.1630195379257202,,,
33,15639,,,0.5233111322549953,1.3735135793685913,0.6301630139350891
34,15649,1.0243059396743774,1.0833690166473389,,,
34,15699,0.9871557950973511,1.0056477785110474,,,
34,15749,1.1482429504394531,0.7306127548217773,,,
34,15799,1.1058449745178223,1.0172450542449951,,,
34,15849,1.1309618949890137,1.0025779008865356,,,
34,15899,1.0602848529815674,0.9909588098526001,,,
34,15949,1.273270845413208,0.986026406288147,,,
34,15999,0.9362910985946655,1.0284487009048462,,,
34,16049,0.897225558757782,0.8838074803352356,,,
34,16099,0.8442162275314331,1.3363037109375,,,
34,16099,,,0.6368764442028001,1.2842308282852173,0.7274213433265686
35,16149,1.5100517272949219,1.1691269874572754,,,
35,16199,0.8299797177314758,0.9139055609703064,,,
35,16249,1.0288629531860352,0.8982405662536621,,,
35,16299,1.0673415660858154,1.0015604496002197,,,
35,16349,0.936591625213623,0.822892963886261,,,
35,16399,0.8005189895629883,1.3890962600708008,,,
35,16449,0.9427810311317444,1.023574948310852,,,
35,16499,1.004872441291809,0.8079193830490112,,,
35,16549,0.8024417757987976,0.8543740510940552,,,
35,16559,,,0.668614924561642,1.1866799592971802,0.7783527970314026
36,16599,1.0925800800323486,1.0249335765838623,,,
36,16649,1.0025713443756104,0.8851685523986816,,,
36,16699,0.8114452958106995,0.9880968332290649,,,
36,16749,1.066638469696045,0.9032247066497803,,,
36,16799,1.32871413230896,0.8708639144897461,,,
36,16849,0.7575658559799194,1.421072244644165,,,
36,16899,0.680343747138977,1.2793042659759521,,,
36,16949,0.7210983037948608,1.1981531381607056,,,
36,16999,1.1550337076187134,0.9679582118988037,,,
36,17019,,,0.602351501970912,1.3499677181243896,0.7473188042640686
37,17049,1.0300437211990356,1.2063910961151123,,,
37,17099,0.974787712097168,1.3116841316223145,,,
37,17149,0.986551821231842,0.9128538966178894,,,
37,17199,0.9438941478729248,1.136306643486023,,,
37,17249,0.9859380125999451,0.8218702077865601,,,
37,17299,0.9654076099395752,0.9464510679244995,,,
37,17349,0.6885817050933838,1.4293098449707031,,,
37,17399,0.9465022087097168,0.8674274682998657,,,
37,17449,0.9842449426651001,0.8905091285705566,,,
37,17479,,,0.6132934620089711,1.2490472793579102,0.7703980803489685
38,17499,1.0887141227722168,0.8913536667823792,,,
38,17549,0.9272348284721375,0.873926043510437,,,
38,17599,1.2405487298965454,1.0649545192718506,,,
38,17649,0.8354510068893433,1.199059009552002,,,
38,17699,1.419661283493042,1.3664379119873047,,,
38,17749,0.8807579278945923,0.9849677681922913,,,
38,17799,0.851871132850647,0.9431543350219727,,,
38,17849,1.0665807723999023,1.179534912109375,,,
38,17899,1.1538177728652954,0.907507061958313,,,
38,17939,,,0.5712246839744461,1.3159490823745728,0.7095882296562195
39,17949,0.8345634341239929,1.6064612865447998,,,
39,17999,0.8338260650634766,1.0672887563705444,,,
39,18049,1.01887845993042,0.8193767070770264,,,
39,18099,0.7923997640609741,1.201413869857788,,,
39,18149,1.0502451658248901,0.8950483798980713,,,
39,18199,0.9862072467803955,0.9426504373550415,,,
39,18249,1.40177321434021,0.9491822719573975,,,
39,18299,0.9200878739356995,1.249072790145874,,,
39,18349,1.0708376169204712,0.8134569525718689,,,
39,18399,1.4904627799987793,1.1235592365264893,,,
39,18399,,,0.7003534049204839,1.1785508394241333,0.9061785936355591
40,18449,1.1655621528625488,1.197160243988037,,,
40,18499,0.976138710975647,1.1836353540420532,,,
40,18549,1.0053465366363525,1.0341417789459229,,,
40,18599,0.95539391040802,1.0481865406036377,,,
40,18649,1.1751668453216553,0.7475433349609375,,,
40,18699,1.0430479049682617,0.9899309873580933,,,
40,18749,0.8339892625808716,1.3157014846801758,,,
40,18799,0.5815559029579163,1.3423213958740234,,,
40,18849,1.0128848552703857,1.1722381114959717,,,
40,18859,,,0.5160391463911921,1.390886664390564,0.6657207608222961
41,18899,0.8768421411514282,1.462560772895813,,,
41,18949,1.2971210479736328,0.8553981184959412,,,
41,18999,0.589485764503479,0.9990803003311157,,,
41,19049,1.0626612901687622,1.0439012050628662,,,
41,19099,1.2051968574523926,1.2448532581329346,,,
41,19149,1.225846529006958,1.0085532665252686,,,
41,19199,0.659034013748169,0.9705654382705688,,,
41,19249,0.9086205959320068,0.9941328763961792,,,
41,19299,0.9332521557807922,1.275181531906128,,,
41,19319,,,0.6213809976892756,1.191826343536377,1.0072531700134277
42,19349,1.123641014099121,0.8659677505493164,,,
42,19399,0.975516140460968,0.8543815612792969,,,
42,19449,0.8236984610557556,1.1598385572433472,,,
42,19499,0.9218572974205017,0.9748873710632324,,,
42,19549,0.7303372025489807,0.8925753831863403,,,
42,19599,0.8122354745864868,1.3819036483764648,,,
42,19649,1.1122939586639404,1.2800421714782715,,,
42,19699,1.0431385040283203,1.3104572296142578,,,
42,19749,1.5558435916900635,0.7212172150611877,,,
42,19779,,,0.6900231072448009,1.1988756656646729,0.7904191613197327
43,19799,1.0013363361358643,1.212073564529419,,,
43,19849,1.102198600769043,1.1796514987945557,,,
43,19899,1.0073202848434448,1.0023219585418701,,,
43,19949,0.7435958981513977,1.0800926685333252,,,
43,19999,0.8971461057662964,1.3278886079788208,,,
43,20049,1.1969037055969238,1.0808770656585693,,,
43,20099,0.5865324139595032,1.7542369365692139,,,
43,20149,1.084696650505066,0.7685980200767517,,,
43,20199,0.8038719296455383,1.2423182725906372,,,
43,20239,,,0.6026913143944542,1.2647711038589478,0.759452223777771
44,20249,0.7966995239257812,0.9021112322807312,,,
44,20299,0.783361554145813,1.2447787523269653,,,
44,20349,1.0701979398727417,0.675927460193634,,,
44,20399,0.9788181781768799,1.1772232055664062,,,
44,20449,0.8341636657714844,1.2558174133300781,,,
44,20499,1.017744541168213,1.074584722518921,,,
44,20549,0.8999581336975098,0.8968713283538818,,,
44,20599,0.9262877106666565,1.236793875694275,,,
44,20649,0.7267633676528931,1.166245698928833,,,
44,20699,0.8697659373283386,0.8888174891471863,,,
44,20699,,,0.5034660867201305,1.3995798826217651,0.6206223964691162
45,20749,1.055208683013916,1.2215474843978882,,,
45,20799,0.9189590215682983,1.1590945720672607,,,
45,20849,0.9770238399505615,1.000068187713623,,,
45,20899,0.7316944599151611,1.091719627380371,,,
45,20949,0.7300235629081726,1.1029986143112183,,,
45,20999,0.8259449005126953,0.8179553747177124,,,
45,21049,0.7946372032165527,1.09981369972229,,,
45,21099,0.8914240002632141,0.9688782691955566,,,
45,21149,1.204613447189331,0.9740842580795288,,,
45,21159,,,0.6563816773141226,1.2730305194854736,1.039069652557373
46,21199,0.8040817379951477,1.0508334636688232,,,
46,21249,1.0282936096191406,1.302604079246521,,,
46,21299,0.673380434513092,0.9157506823539734,,,
46,21349,0.982764482498169,1.6142361164093018,,,
46,21399,1.1409201622009277,1.0774420499801636,,,
46,21449,0.7303873300552368,1.1253087520599365,,,
46,21499,0.7055634260177612,0.9018510580062866,,,
46,21549,0.9284076690673828,1.1302533149719238,,,
46,21599,0.7652825117111206,0.8727259635925293,,,
46,21619,,,0.6473426668479,1.2775698900222778,0.7926430106163025
47,21649,0.7584993839263916,1.1256165504455566,,,
47,21699,0.6756654381752014,1.2248082160949707,,,
47,21749,1.1686394214630127,0.8495559096336365,,,
47,21799,0.7641193866729736,1.2498096227645874,,,
47,21849,1.2218698263168335,1.097986102104187,,,
47,21899,0.9094325304031372,0.820589542388916,,,
47,21949,0.7337903380393982,0.9926215410232544,,,
47,21999,0.9273030757904053,1.3170297145843506,,,
47,22049,1.0689281225204468,1.4177544116973877,,,
47,22079,,,0.5280685061845861,1.3579299449920654,0.5657417178153992
48,22099,0.7852165699005127,1.1119054555892944,,,
48,22149,0.7311618328094482,1.6920185089111328,,,
48,22199,1.017193078994751,0.7093570232391357,,,
48,22249,1.1445070505142212,1.5808109045028687,,,
48,22299,1.0678596496582031,0.8119545578956604,,,
48,22349,0.8344464898109436,1.0775318145751953,,,
48,22399,1.0321733951568604,1.0024807453155518,,,
48,22449,0.7583068609237671,1.7724766731262207,,,
48,22499,1.1576217412948608,1.1086150407791138,,,
48,22539,,,0.6793529971455756,1.2051883935928345,0.7388259172439575
49,22549,0.9287817478179932,1.0026854276657104,,,
49,22599,0.9172376990318298,1.4574233293533325,,,
49,22649,0.8064966797828674,0.7998998165130615,,,
49,22699,0.7777281403541565,0.8220295906066895,,,
49,22749,0.8520013093948364,1.183724045753479,,,
49,22799,0.5679196119308472,1.341022253036499,,,
49,22849,0.6813626885414124,1.5621566772460938,,,
49,22899,0.8066830635070801,0.9759829640388489,,,
49,22949,1.0945382118225098,1.0168328285217285,,,
49,22999,0.9528180360794067,1.3090049028396606,,,
49,22999,,,0.49571836346336823,1.3920083045959473,0.6542131304740906
50,23049,0.7961723804473877,1.4477567672729492,,,
50,23099,1.0709171295166016,1.094020128250122,,,
50,23149,0.743553876876831,1.1303114891052246,,,
50,23199,1.0189993381500244,1.13954496383667,,,
50,23249,0.8058704733848572,1.170604944229126,,,
50,23299,0.9983657598495483,1.0036685466766357,,,
50,23349,0.9584575295448303,0.9458653926849365,,,
50,23399,1.0809240341186523,0.9596604108810425,,,
50,23449,1.0134496688842773,0.83856201171875,,,
50,23459,,,0.6656245752344706,1.2115870714187622,0.7927069067955017
51,23499,1.0104823112487793,0.8385711312294006,,,
51,23549,0.9110277891159058,0.8098446130752563,,,
51,23599,0.9031100869178772,1.064119577407837,,,
51,23649,1.0718587636947632,0.9619239568710327,,,
51,23699,0.7202074527740479,0.9257688522338867,,,
51,23749,0.9595977067947388,1.1070592403411865,,,
51,23799,0.9719632863998413,0.9482842087745667,,,
51,23849,0.8137291669845581,1.2672274112701416,,,
51,23899,0.8791294693946838,1.2662737369537354,,,
51,23919,,,0.6523039282316161,1.259940266609192,0.7105970978736877
52,23949,0.5169584155082703,1.2150242328643799,,,
52,23999,1.265711784362793,0.9392120838165283,,,
52,24049,1.0142924785614014,0.9569815397262573,,,
52,24099,0.8213826417922974,1.0467360019683838,,,
52,24149,1.5429158210754395,1.269214391708374,,,
52,24199,0.8056516051292419,1.359908938407898,,,
52,24249,0.960232138633728,0.9589493274688721,,,
52,24299,0.950311541557312,0.9135838747024536,,,
52,24349,0.9736150503158569,1.1309309005737305,,,
52,24379,,,0.644420280005437,1.2349066734313965,0.8524702787399292
53,24399,0.8477177619934082,1.034967064857483,,,
53,24449,1.0476577281951904,0.7908024787902832,,,
53,24499,0.6472102403640747,1.000309705734253,,,
53,24549,0.7784575819969177,1.1546218395233154,,,
53,24599,0.974961519241333,0.7998942732810974,,,
53,24649,0.8157292604446411,1.1732984781265259,,,
53,24699,0.9742963314056396,0.9467846751213074,,,
53,24749,1.2921497821807861,0.7100465893745422,,,
53,24799,1.0360236167907715,0.9664343595504761,,,
53,24839,,,0.4912328394726111,1.4094278812408447,0.5370528697967529
54,24849,1.0786902904510498,0.8325777053833008,,,
54,24899,1.1629204750061035,0.7259440422058105,,,
54,24949,1.0797008275985718,1.1012320518493652,,,
54,24999,0.9663203954696655,0.9403446316719055,,,
54,25049,0.8022538423538208,1.1607054471969604,,,
54,25099,0.9064004421234131,0.9864895343780518,,,
54,25149,0.8740818500518799,1.1587857007980347,,,
54,25199,0.7568516731262207,1.0008344650268555,,,
54,25249,1.0311598777770996,1.1263140439987183,,,
54,25299,0.8478692770004272,1.4846051931381226,,,
54,25299,,,0.5627973358705994,1.3101588487625122,0.6801013350486755
55,25349,0.7168750166893005,1.0802557468414307,,,
55,25399,0.9586189985275269,0.9627565145492554,,,
55,25449,0.624802827835083,1.7882485389709473,,,
55,25499,0.8485994338989258,1.0508474111557007,,,
55,25549,0.8182054162025452,1.2905832529067993,,,
55,25599,0.923880398273468,0.9722944498062134,,,
55,25649,0.9466582536697388,0.9500216245651245,,,
55,25699,0.9657174348831177,0.9992254972457886,,,
55,25749,0.8056900501251221,1.430968999862671,,,
55,25759,,,0.6793529971455756,1.1880228519439697,0.8128901720046997
56,25799,0.9684010744094849,1.1254627704620361,,,
56,25849,0.6152400374412537,1.153982400894165,,,
56,25899,0.8293663263320923,1.0776304006576538,,,
56,25949,0.857585608959198,1.4330174922943115,,,
56,25999,1.1916866302490234,1.01171875,,,
56,26049,0.9183233976364136,0.9028580188751221,,,
56,26099,1.1043853759765625,0.9311535954475403,,,
56,26149,1.0144412517547607,0.9601978659629822,,,
56,26199,0.8434295058250427,1.014278769493103,,,
56,26219,,,0.6204295229033574,1.2538464069366455,0.8691356182098389
57,26249,1.0038957595825195,0.9604237675666809,,,
57,26299,1.2036128044128418,1.0124180316925049,,,
57,26349,0.8834884166717529,1.0405030250549316,,,
57,26399,0.9088364839553833,0.8257523775100708,,,
57,26449,0.8692905902862549,0.8405604958534241,,,
57,26499,0.9643821716308594,0.8146573305130005,,,
57,26549,0.8532312512397766,1.1024234294891357,,,
57,26599,0.8406088948249817,0.8654904961585999,,,
57,26649,0.7440212368965149,1.0757335424423218,,,
57,26679,,,0.6659643876580128,1.2343274354934692,0.8872987627983093
58,26699,0.8558778166770935,0.8323994874954224,,,
58,26749,0.7170162200927734,1.1394414901733398,,,
58,26799,0.9001176357269287,1.1240499019622803,,,
58,26849,0.9653520584106445,1.4409233331680298,,,
58,26899,1.0341711044311523,1.280694603919983,,,
58,26949,0.7629339694976807,1.05271315574646,,,
58,26999,1.0324126482009888,0.7723193168640137,,,
58,27049,0.6942811012268066,1.1429758071899414,,,
58,27099,0.9909834265708923,0.8879276514053345,,,
58,27139,,,0.7469077069457659,1.2386609315872192,0.8662620186805725
59,27149,0.9026764035224915,1.5215065479278564,,,
59,27199,0.8267121911048889,1.084533452987671,,,
59,27249,0.8854755759239197,1.3854751586914062,,,
59,27299,0.8512911200523376,1.2883254289627075,,,
59,27349,0.613088846206665,1.588860273361206,,,
59,27399,0.7016188502311707,0.8902038335800171,,,
59,27449,0.7978637218475342,1.329342007637024,,,
59,27499,1.0772761106491089,0.8512760400772095,,,
59,27549,0.7938371300697327,1.1258034706115723,,,
59,27599,0.8271967172622681,1.1507737636566162,,,
59,27599,,,0.3817452766073128,1.3213021755218506,0.6532680988311768
60,27649,1.0798003673553467,1.0485637187957764,,,
60,27699,0.9768374562263489,1.3523861169815063,,,
60,27749,0.8947286605834961,0.9198719263076782,,,
60,27799,0.8248586654663086,0.7771391868591309,,,
60,27849,1.0208454132080078,1.1338744163513184,,,
60,27899,1.0914068222045898,0.9009928107261658,,,
60,27949,1.1564228534698486,0.5839518308639526,,,
60,27999,0.6232436895370483,1.6762012243270874,,,
60,28049,0.7132774591445923,0.8326505422592163,,,
60,28059,,,0.6289248334919124,1.2151806354522705,0.689031720161438
61,28099,1.0621825456619263,1.366370439529419,,,
61,28149,0.9642791748046875,1.246861219406128,,,
61,28199,0.9610626697540283,1.0895150899887085,,,
61,28249,1.3403055667877197,0.6967981457710266,,,
61,28299,0.9566741585731506,0.9681771993637085,,,
61,28349,0.7758370041847229,1.1675848960876465,,,
61,28399,0.835849940776825,1.3082318305969238,,,
61,28449,0.6808652877807617,1.0488488674163818,,,
61,28499,0.5904141664505005,1.5198420286178589,,,
61,28519,,,0.5542340627973359,1.332138180732727,0.7039706110954285
62,28549,1.0494966506958008,1.0415632724761963,,,
62,28599,0.9175800085067749,1.1679613590240479,,,
62,28649,0.5636018514633179,1.2750520706176758,,,
62,28699,1.0424710512161255,1.0384979248046875,,,
62,28749,0.9861100316047668,0.9544204473495483,,,
62,28799,0.9700791835784912,1.3213446140289307,,,
62,28849,0.8578118681907654,1.3272316455841064,,,
62,28899,0.8536932468414307,0.9618140459060669,,,
62,28949,0.9455676674842834,0.8574292659759521,,,
62,28979,,,0.55579719994563,1.3067399263381958,0.6770362854003906
63,28999,0.8987866640090942,1.5369211435317993,,,
63,29049,1.189077615737915,1.1179462671279907,,,
63,29099,1.1732234954833984,0.9736968278884888,,,
63,29149,0.7456076741218567,1.1018004417419434,,,
63,29199,0.9631550312042236,1.1542271375656128,,,
63,29249,0.8899140357971191,1.3086016178131104,,,
63,29299,0.6691336631774902,1.103111982345581,,,
63,29349,1.247556209564209,0.8903425931930542,,,
63,29399,0.6975826025009155,1.5814775228500366,,,
63,29439,,,0.8122196547505777,1.2449432611465454,0.8545621633529663
64,29449,0.8070786595344543,1.4779112339019775,,,
64,29499,1.340461254119873,1.112138032913208,,,
64,29549,0.9407829642295837,1.0539164543151855,,,
64,29599,0.8631823062896729,1.0018482208251953,,,
64,29649,0.859538733959198,1.0184662342071533,,,
64,29699,1.0568830966949463,0.970090389251709,,,
64,29749,0.9427734613418579,0.9908607006072998,,,
64,29799,0.7555153369903564,1.1073145866394043,,,
64,29849,0.7167359590530396,1.209184169769287,,,
64,29899,0.900892972946167,1.3204079866409302,,,
64,29899,,,0.6791491096914504,1.2608880996704102,0.8138753175735474
65,29949,0.7575548887252808,1.1503901481628418,,,
65,29999,1.0396733283996582,0.8433579206466675,,,
65,30049,0.8911020755767822,1.1595802307128906,,,
65,30099,1.0925920009613037,0.5743280053138733,,,
65,30149,0.619206428527832,1.1131877899169922,,,
65,30199,0.8013483881950378,0.7665630578994751,,,
65,30249,0.9736146926879883,1.1000176668167114,,,
65,30299,0.9584479928016663,1.1009490489959717,,,
65,30349,0.5632848739624023,1.3401826620101929,,,
65,30359,,,0.5839336686149246,1.28913152217865,0.6305760145187378
66,30399,1.305946946144104,1.0620439052581787,,,
66,30449,0.7834522724151611,1.6119062900543213,,,
66,30499,0.7915406823158264,1.4387102127075195,,,
66,30549,1.045405626296997,1.4425773620605469,,,
66,30599,1.0352774858474731,0.880744993686676,,,
66,30649,0.8491266965866089,1.2147058248519897,,,
66,30699,0.8979123830795288,0.9820399284362793,,,
66,30749,0.8918631672859192,0.8345525860786438,,,
66,30799,1.0239315032958984,1.3025267124176025,,,
66,30819,,,0.4864075030583118,1.313969373703003,0.7475445866584778
67,30849,1.138929843902588,0.9409068822860718,,,
67,30899,0.6988081932067871,1.3594624996185303,,,
67,30949,0.5856720805168152,1.1062456369400024,,,
67,30999,0.6974276304244995,1.0533595085144043,,,
67,31049,0.8455158472061157,1.2919223308563232,,,
67,31099,0.6282501220703125,0.8704038858413696,,,
67,31149,1.1749379634857178,0.7162923812866211,,,
67,31199,0.8039145469665527,0.9928816556930542,,,
67,31249,0.8665019273757935,1.0075137615203857,,,
67,31279,,,0.615128449096099,1.2535204887390137,0.7645391225814819
68,31299,1.0785956382751465,0.8912259340286255,,,
68,31349,0.8959989547729492,1.2757863998413086,,,
68,31399,0.7435123324394226,1.4650142192840576,,,
68,31449,0.8667987585067749,0.6800501346588135,,,
68,31499,0.815919041633606,0.991890549659729,,,
68,31549,1.1040456295013428,0.9376825094223022,,,
68,31599,1.0008317232131958,0.768028736114502,,,
68,31649,0.7755293250083923,1.4321959018707275,,,
68,31699,0.880615234375,0.983713686466217,,,
68,31739,,,0.5717683838521136,1.2803491353988647,0.7114697694778442
69,31749,0.7916696071624756,1.3125226497650146,,,
69,31799,0.922931969165802,1.2728614807128906,,,
69,31849,0.807953953742981,1.2475066184997559,,,
69,31899,0.9348827004432678,1.2526270151138306,,,
69,31949,0.8900139331817627,0.8837989568710327,,,
69,31999,1.0379396677017212,0.7376382350921631,,,
69,32049,0.837634801864624,0.9103315472602844,,,
69,32099,1.1627599000930786,0.7273363471031189,,,
69,32149,0.971915066242218,1.399810791015625,,,
69,32199,0.9612579941749573,1.6685973405838013,,,
69,32199,,,0.6407503058311812,1.2540481090545654,0.9389507174491882
70,32249,0.9292908310890198,0.9634431600570679,,,
70,32299,0.7868732213973999,1.257438063621521,,,
70,32349,0.792669415473938,0.6396007537841797,,,
70,32399,0.8982350826263428,1.0595818758010864,,,
70,32449,1.008805751800537,0.7851547002792358,,,
70,32499,0.7034931778907776,1.1114680767059326,,,
70,32549,0.8391833305358887,1.7659263610839844,,,
70,32599,1.2173478603363037,0.8833068609237671,,,
70,32649,0.7225878238677979,1.1152269840240479,,,
70,32659,,,0.5968465407095284,1.2509992122650146,0.7566525340080261
71,32699,0.9033852815628052,0.9457001686096191,,,
71,32749,1.029273509979248,0.7646788358688354,,,
71,32799,1.028037428855896,1.0886740684509277,,,
71,32849,1.0310882329940796,1.0553158521652222,,,
71,32899,1.0593671798706055,1.3451353311538696,,,
71,32949,0.7030348181724548,0.9422751665115356,,,
71,32999,1.1101152896881104,0.8579046726226807,,,
71,33049,1.0019583702087402,1.102110505104065,,,
71,33099,1.2240623235702515,1.5136189460754395,,,
71,33119,,,0.6791491096914504,1.2275065183639526,0.7636979818344116
72,33149,0.883918285369873,0.932815432548523,,,
72,33199,0.9834976196289062,1.6251481771469116,,,
72,33249,0.811832070350647,1.132603406906128,,,
72,33299,1.0016059875488281,0.5890533924102783,,,
72,33349,1.1111462116241455,0.9637652635574341,,,
72,33399,0.9336113333702087,1.354874849319458,,,
72,33449,0.9945206046104431,1.1122322082519531,,,
72,33499,1.0822858810424805,1.166748046875,,,
72,33549,0.9867154359817505,0.8529243469238281,,,
72,33579,,,0.4774364550767976,1.375328540802002,0.5560340881347656
73,33599,0.8473127484321594,1.3167693614959717,,,
73,33649,0.6431781649589539,1.2733274698257446,,,
73,33699,0.7056340575218201,1.7237217426300049,,,
73,33749,0.9367230534553528,1.2161400318145752,,,
73,33799,0.7487012147903442,1.2889654636383057,,,
73,33849,1.6687595844268799,1.220167875289917,,,
73,33899,0.7362810373306274,1.065317988395691,,,
73,33949,1.0472121238708496,1.1527907848358154,,,
73,33999,0.6905392408370972,1.2855229377746582,,,
73,34039,,,0.5710887590050292,1.3480687141418457,0.6411507725715637
74,34049,0.6344456672668457,1.0305638313293457,,,
74,34099,0.6968446969985962,1.4355859756469727,,,
74,34149,1.0113332271575928,0.9386418461799622,,,
74,34199,0.522908091545105,0.7460139989852905,,,
74,34249,0.8506767749786377,1.1316323280334473,,,
74,34299,0.8462639451026917,1.0449919700622559,,,
74,34349,0.6265263557434082,1.3178672790527344,,,
74,34399,0.9004175662994385,1.149074673652649,,,
74,34449,0.8611170649528503,1.230312466621399,,,
74,34499,0.5611777305603027,1.091392159461975,,,
74,34499,,,0.5470980019029495,1.3530960083007812,0.611308217048645
75,34549,0.6448498964309692,1.0331566333770752,,,
75,34599,0.9098591208457947,1.232237696647644,,,
75,34649,0.6291193962097168,1.1041767597198486,,,
75,34699,0.9248223304748535,1.142845630645752,,,
75,34749,0.853965163230896,0.6735602617263794,,,
75,34799,0.807918131351471,0.9125609993934631,,,
75,34849,1.000269889831543,1.0381181240081787,,,
75,34899,1.0900027751922607,0.8198845386505127,,,
75,34949,0.7243196964263916,1.3870818614959717,,,
75,34959,,,0.647818404240859,1.3311512470245361,0.7278946042060852
76,34999,0.65631103515625,1.2688939571380615,,,
76,35049,0.986632227897644,1.208754062652588,,,
76,35099,0.8190115690231323,1.2572240829467773,,,
76,35149,0.8745932579040527,1.222474217414856,,,
76,35199,0.8410202860832214,1.663447618484497,,,
76,35249,1.0744911432266235,1.0207767486572266,,,
76,35299,0.9085170030593872,1.3872783184051514,,,
76,35349,0.9946843385696411,1.2773995399475098,,,
76,35399,0.7361944317817688,1.2503974437713623,,,
76,35419,,,0.7190430882153052,1.1441993713378906,0.9105376601219177
77,35449,1.0950998067855835,1.0226436853408813,,,
77,35499,0.8192343711853027,0.8199945688247681,,,
77,35549,0.7783775329589844,0.830437183380127,,,
77,35599,0.9938414096832275,1.1522842645645142,,,
77,35649,0.6301436424255371,1.1261165142059326,,,
77,35699,0.9131530523300171,0.90916508436203,,,
77,35749,1.273628830909729,0.9685564041137695,,,
77,35799,0.7778925895690918,1.4587090015411377,,,
77,35849,0.7969014644622803,1.261850118637085,,,
77,35879,,,0.5377871414978932,1.3740909099578857,0.6895913481712341
78,35899,0.7760651111602783,1.0336761474609375,,,
78,35949,0.7120789289474487,1.5168495178222656,,,
78,35999,0.9085050821304321,1.1272194385528564,,,
78,36049,0.8359378576278687,1.3452152013778687,,,
78,36099,0.857509434223175,1.102499008178711,,,
78,36149,0.7363953590393066,1.2586157321929932,,,
78,36199,0.8459821343421936,0.9310266971588135,,,
78,36249,1.102521300315857,1.490141749382019,,,
78,36299,0.9821012616157532,1.0444196462631226,,,
78,36339,,,0.590322142177518,1.2809823751449585,0.6544473767280579
79,36349,0.8376742005348206,1.1922187805175781,,,
79,36399,0.9782395958900452,0.7394135594367981,,,
79,36449,1.0569491386413574,1.132257342338562,,,
79,36499,1.023380994796753,0.9177400469779968,,,
79,36549,0.7673165798187256,1.3001782894134521,,,
79,36599,0.9617207050323486,0.7201802730560303,,,
79,36649,0.8974100351333618,0.8785433769226074,,,
79,36699,0.8537819385528564,1.273137092590332,,,
79,36749,0.659698486328125,1.2552287578582764,,,
79,36799,0.7341325283050537,1.2229644060134888,,,
79,36799,,,0.6659643876580128,1.2049288749694824,0.7287115454673767
80,36849,0.9664872884750366,1.3553009033203125,,,
80,36899,0.6099792718887329,1.2763272523880005,,,
80,36949,1.0677952766418457,0.9816927313804626,,,
80,36999,0.8331130743026733,1.3374990224838257,,,
80,37049,0.675485372543335,1.215737223625183,,,
80,37099,0.6556165218353271,1.2693164348602295,,,
80,37149,1.141658067703247,1.0201280117034912,,,
80,37199,1.073100209236145,0.9644527435302734,,,
80,37249,0.8031201362609863,1.4543631076812744,,,
80,37259,,,0.6005844773684926,1.2423672676086426,0.7831988334655762
81,37299,1.1379278898239136,0.8198392391204834,,,
81,37349,0.7559033632278442,0.9107382893562317,,,
81,37399,0.6870766282081604,1.2319279909133911,,,
81,37449,0.9851095080375671,1.2885991334915161,,,
81,37499,1.1428292989730835,1.055682897567749,,,
81,37549,1.0456042289733887,0.5467070937156677,,,
81,37599,0.9994311928749084,1.0323817729949951,,,
81,37649,1.1641340255737305,0.9594528675079346,,,
81,37699,0.8290762901306152,1.3392274379730225,,,
81,37719,,,0.5409134157944815,1.2890803813934326,0.5871853828430176
82,37749,0.7371974587440491,1.3552978038787842,,,
82,37799,0.7651824951171875,1.3856251239776611,,,
82,37849,0.719660758972168,1.063857913017273,,,
82,37899,0.9120821356773376,1.3122515678405762,,,
82,37949,0.685921311378479,1.187503457069397,,,
82,37999,1.1826364994049072,1.6683876514434814,,,
82,38049,1.094136357307434,0.9490197896957397,,,
82,38099,1.0251654386520386,0.990674614906311,,,
82,38149,0.9220614433288574,1.2682881355285645,,,
82,38179,,,0.47233926872366455,1.4516743421554565,0.5511468648910522
83,38199,1.1211555004119873,0.9004749059677124,,,
83,38249,1.3483731746673584,0.8178125619888306,,,
83,38299,0.7706280946731567,1.5861090421676636,,,
83,38349,0.8183618783950806,1.1867687702178955,,,
83,38399,1.394649624824524,1.0452499389648438,,,
83,38449,1.1230674982070923,0.9417297840118408,,,
83,38499,0.8015697002410889,1.541454553604126,,,
83,38549,0.8393129110336304,1.917300820350647,,,
83,38599,0.826279878616333,1.2002065181732178,,,
83,38639,,,0.5921571292646459,1.2241466045379639,0.7016273140907288
84,38649,0.6839007139205933,0.9963417053222656,,,
84,38699,0.8840430974960327,1.0487849712371826,,,
84,38749,1.0560200214385986,1.0633928775787354,,,
84,38799,1.0866289138793945,0.9839974641799927,,,
84,38849,0.7515237331390381,1.3482494354248047,,,
84,38899,0.5344628095626831,1.2194806337356567,,,
84,38949,0.7932442426681519,1.2085522413253784,,,
84,38999,0.9756545424461365,1.083803415298462,,,
84,39049,0.7165498733520508,1.2535350322723389,,,
84,39099,0.7886513471603394,1.1613314151763916,,,
84,39099,,,0.6213809976892756,1.239758849143982,0.7798511385917664
85,39149,1.0359539985656738,1.1556193828582764,,,
85,39199,0.9611998796463013,1.347937822341919,,,
85,39249,0.8427127599716187,1.2904717922210693,,,
85,39299,0.8804859519004822,1.3101122379302979,,,
85,39349,0.723639726638794,1.2310326099395752,,,
85,39399,0.9106200933456421,0.79500412940979,,,
85,39449,0.6442303657531738,1.0514872074127197,,,
85,39499,0.8864530324935913,1.1444714069366455,,,
85,39549,0.5752915740013123,1.358713150024414,,,
85,39559,,,0.6234878347152372,1.258730173110962,0.6980285048484802
86,39599,1.2555673122406006,1.3044137954711914,,,
86,39649,1.2958273887634277,0.9858561754226685,,,
86,39699,0.9671103358268738,1.0382349491119385,,,
86,39749,0.745613157749176,0.9680578708648682,,,
86,39799,0.8868054747581482,1.4491846561431885,,,
86,39849,1.012423038482666,1.1797821521759033,,,
86,39899,0.9723396897315979,1.1449613571166992,,,
86,39949,0.8249700665473938,1.1493010520935059,,,
86,39999,0.8418641090393066,0.8518579006195068,,,
86,40019,,,0.5244664944950388,1.424662709236145,0.5656225681304932
87,40049,0.7384389638900757,1.381831407546997,,,
87,40099,1.0001736879348755,1.1526992321014404,,,
87,40149,0.9638592004776001,0.7768412232398987,,,
87,40199,0.8234443068504333,1.1630959510803223,,,
87,40249,0.7127913236618042,1.6147381067276,,,
87,40299,0.8597052097320557,0.902817964553833,,,
87,40349,1.0403804779052734,0.8639723062515259,,,
87,40399,0.6860957145690918,1.2681128978729248,,,
87,40449,0.8882094621658325,0.8987241983413696,,,
87,40479,,,0.5799918445018349,1.3449286222457886,0.6915448307991028
88,40499,0.9362043142318726,0.8419440984725952,,,
88,40549,1.133209466934204,0.9271888136863708,,,
88,40599,0.9448884129524231,1.0927693843841553,,,
88,40649,0.972396731376648,0.8447214961051941,,,
88,40699,0.7424523830413818,1.4693305492401123,,,
88,40749,0.8386365175247192,0.9338246583938599,,,
88,40799,1.0046451091766357,1.1209356784820557,,,
88,40849,0.947967529296875,1.023888111114502,,,
88,40899,0.741708517074585,1.308506727218628,,,
88,40939,,,0.6633818132390921,1.1926027536392212,0.8159886598587036
89,40949,0.5556041598320007,1.0917081832885742,,,
89,40999,0.8943785429000854,0.9906110763549805,,,
89,41049,0.9223588705062866,1.074773907661438,,,
89,41099,1.043370246887207,0.925525426864624,,,
89,41149,1.228230357170105,1.0613114833831787,,,
89,41199,1.2178032398223877,0.8808445334434509,,,
89,41249,0.8498739004135132,2.0663461685180664,,,
89,41299,1.1128287315368652,1.2110064029693604,,,
89,41349,0.8532140254974365,1.0943385362625122,,,
89,41399,1.0235495567321777,1.0222601890563965,,,
89,41399,,,0.5965067282859862,1.2791903018951416,0.7782720327377319
90,41449,0.8715447783470154,0.8817685842514038,,,
90,41499,0.920678973197937,1.1087162494659424,,,
90,41549,0.731518030166626,1.3360204696655273,,,
90,41599,0.7346451282501221,0.9135450720787048,,,
90,41649,0.9340874552726746,1.271941065788269,,,
90,41699,0.60920250415802,1.5999183654785156,,,
90,41749,1.016025424003601,1.2344815731048584,,,
90,41799,0.615074872970581,1.1328508853912354,,,
90,41849,0.9816597700119019,1.1049929857254028,,,
90,41859,,,0.5320782927823842,1.353063941001892,0.6050125956535339
91,41899,0.7688611745834351,1.0404026508331299,,,
91,41949,1.0956361293792725,0.8380677700042725,,,
91,41999,0.9860576391220093,1.1086235046386719,,,
91,42049,0.8504304885864258,1.0886530876159668,,,
91,42099,0.6962726712226868,1.4734666347503662,,,
91,42149,0.8686831593513489,1.0929317474365234,,,
91,42199,0.6790987253189087,0.9668027758598328,,,
91,42249,0.7218509912490845,1.3689558506011963,,,
91,42299,0.7661049365997314,1.4419441223144531,,,
91,42319,,,0.5315345929047166,1.3463215827941895,0.5325666666030884
92,42349,1.0594813823699951,0.7603541612625122,,,
92,42399,1.0837976932525635,1.4781708717346191,,,
92,42449,0.8531767129898071,1.539766788482666,,,
92,42499,0.9294626712799072,1.3935227394104004,,,
92,42549,0.8667055368423462,1.431553602218628,,,
92,42599,0.8209875822067261,1.3243564367294312,,,
92,42649,0.9156167507171631,1.320829153060913,,,
92,42699,1.0513336658477783,1.0551925897598267,,,
92,42749,0.9407398104667664,1.3556711673736572,,,
92,42779,,,0.5651080603506864,1.2873440980911255,0.7353237271308899
93,42799,0.7095298767089844,1.393947720527649,,,
93,42849,0.8372466564178467,1.2600005865097046,,,
93,42899,0.9497687220573425,0.9378448724746704,,,
93,42949,1.0121963024139404,1.2160826921463013,,,
93,42999,1.0559412240982056,0.9222474098205566,,,
93,43049,0.8597732782363892,1.045021414756775,,,
93,43099,0.7674827575683594,1.1981124877929688,,,
93,43149,0.7255232334136963,1.5087559223175049,,,
93,43199,1.1096720695495605,1.119311809539795,,,
93,43239,,,0.5545738752208781,1.336355209350586,0.5962591171264648
94,43249,0.6827907562255859,0.9850490689277649,,,
94,43299,0.959306538105011,0.7669945955276489,,,
94,43349,1.2263572216033936,1.012524127960205,,,
94,43399,0.922390341758728,1.536034345626831,,,
94,43449,0.7028181552886963,1.5153295993804932,,,
94,43499,0.9087255597114563,1.0348868370056152,,,
94,43549,0.8245193958282471,0.99574875831604,,,
94,43599,0.8718332052230835,1.1031973361968994,,,
94,43649,0.8071951270103455,0.9683445692062378,,,
94,43699,0.8639294505119324,1.3047243356704712,,,
94,43699,,,0.5808753568030447,1.2834223508834839,0.70304936170578
95,43749,0.6332384347915649,1.206545114517212,,,
95,43799,1.0398273468017578,1.2135744094848633,,,
95,43849,0.5788961052894592,1.037377119064331,,,
95,43899,0.9982423782348633,1.3030717372894287,,,
95,43949,0.8290648460388184,0.8920360207557678,,,
95,43999,0.7739840745925903,1.057521939277649,,,
95,44049,0.5763668417930603,1.3888030052185059,,,
95,44099,0.8860262632369995,0.919773280620575,,,
95,44149,0.8360665440559387,1.3294097185134888,,,
95,44159,,,0.5799238820171265,1.3323637247085571,0.5975439548492432
96,44199,1.1784448623657227,0.6464978456497192,,,
96,44249,0.7650375366210938,0.937670111656189,,,
96,44299,0.7278652787208557,1.6821918487548828,,,
96,44349,1.1151044368743896,1.8289227485656738,,,
96,44399,0.6682422757148743,1.0635011196136475,,,
96,44449,0.7860938310623169,1.3839595317840576,,,
96,44499,0.6166766881942749,1.4341044425964355,,,
96,44549,0.9901511669158936,1.5053186416625977,,,
96,44599,1.0376564264297485,1.3256042003631592,,,
96,44619,,,0.6249830093788229,1.2062187194824219,0.6908230781555176
97,44649,0.6379746198654175,0.9313777685165405,,,
97,44699,0.8809421062469482,1.1714128255844116,,,
97,44749,1.1551973819732666,1.1689543724060059,,,
97,44799,0.5805700421333313,1.2298859357833862,,,
97,44849,0.8221726417541504,0.7821877598762512,,,
97,44899,0.9748966097831726,1.0409632921218872,,,
97,44949,0.8469942808151245,1.2357076406478882,,,
97,44999,0.793485164642334,1.185692310333252,,,
97,45049,0.7847894430160522,1.7417399883270264,,,
97,45079,,,0.5683702596166916,1.2779628038406372,0.7098932862281799
98,45099,0.4773916006088257,1.2758805751800537,,,
98,45149,0.6696205139160156,1.4718120098114014,,,
98,45199,0.8020179271697998,1.4541517496109009,,,
98,45249,1.3839105367660522,1.042653203010559,,,
98,45299,0.8256065249443054,1.318770170211792,,,
98,45349,0.9139996767044067,0.8485069274902344,,,
98,45399,0.8999517560005188,0.8406415581703186,,,
98,45449,0.7260240316390991,1.1586898565292358,,,
98,45499,0.5574836730957031,1.5872316360473633,,,
98,45539,,,0.6378279189887183,1.2819737195968628,0.6936069130897522
99,45549,1.12229585647583,1.1339898109436035,,,
99,45599,0.8466426134109497,1.0692111253738403,,,
99,45649,0.8872501850128174,1.0317671298980713,,,
99,45699,0.8040776252746582,1.674107313156128,,,
99,45749,0.7818593978881836,1.4757894277572632,,,
99,45799,0.7177581191062927,0.9213259220123291,,,
99,45849,0.7619224786758423,0.9844140410423279,,,
99,45899,0.8548649549484253,0.9228990077972412,,,
99,45949,1.0417240858078003,0.8173075914382935,,,
99,45999,0.8897470831871033,1.0914405584335327,,,
99,45999,,,0.6578768519777083,1.252636194229126,0.7350415587425232
100,46049,0.766404926776886,0.7133092880249023,,,
100,46099,0.642770528793335,1.3384125232696533,,,
100,46149,1.0842005014419556,1.3937180042266846,,,
100,46199,0.9849762916564941,1.2476942539215088,,,
100,46249,0.765408992767334,1.052554726600647,,,
100,46299,0.7978461980819702,1.1727395057678223,,,
100,46349,0.4153606593608856,1.102651834487915,,,
100,46399,0.9838791489601135,1.266985535621643,,,
100,46449,0.6835072636604309,1.0856266021728516,,,
100,46459,,,0.6243033845317385,1.2846696376800537,0.7298569083213806
101,46499,1.0369458198547363,1.0292418003082275,,,
101,46549,0.936107337474823,1.2320563793182373,,,
101,46599,1.4862858057022095,0.6816345453262329,,,
101,46649,0.7173816561698914,0.78144770860672,,,
101,46699,0.7898033857345581,1.1618980169296265,,,
101,46749,0.8839439153671265,1.0837982892990112,,,
101,46799,0.802286684513092,1.316899299621582,,,
101,46849,0.6525055170059204,1.3286787271499634,,,
101,46899,0.9795843958854675,1.4940910339355469,,,
101,46919,,,0.5674187848307735,1.2987611293792725,0.7487908005714417
102,46949,0.8425946235656738,1.1755101680755615,,,
102,46999,0.8124233484268188,1.0947294235229492,,,
102,47049,0.7793123126029968,0.7456836700439453,,,
102,47099,1.007991909980774,1.2259502410888672,,,
102,47149,1.0472171306610107,0.8486835360527039,,,
102,47199,0.9888013601303101,1.1068167686462402,,,
102,47249,1.0598280429840088,1.2765693664550781,,,
102,47299,0.734825849533081,1.407625675201416,,,
102,47349,0.8978136777877808,1.2841864824295044,,,
102,47379,,,0.5103982601603915,1.3380862474441528,0.5444464087486267
103,47399,0.9126042127609253,1.1681289672851562,,,
103,47449,0.8295032382011414,1.4399863481521606,,,
103,47499,0.6834405660629272,1.2709064483642578,,,
103,47549,0.6623080372810364,1.0550272464752197,,,
103,47599,0.962350070476532,1.1823782920837402,,,
103,47649,1.1193420886993408,1.9351117610931396,,,
103,47699,0.8727412223815918,0.9003347158432007,,,
103,47749,0.6565299034118652,1.3253796100616455,,,
103,47799,1.138700246810913,0.4962363541126251,,,
103,47839,,,0.5303112681799647,1.3718405961990356,0.5347317457199097
104,47849,0.8637950420379639,1.034909963607788,,,
104,47899,1.1580766439437866,1.1078617572784424,,,
104,47949,0.9199636578559875,0.9439857602119446,,,
104,47999,0.6803268194198608,0.8514425754547119,,,
104,48049,0.6814541816711426,1.083235740661621,,,
104,48099,0.664441704750061,1.100618839263916,,,
104,48149,0.965964674949646,1.0309786796569824,,,
104,48199,0.7344316244125366,0.8655166625976562,,,
104,48249,0.8698752522468567,1.097294569015503,,,
104,48299,0.7063096761703491,1.4518901109695435,,,
104,48299,,,0.706537991028952,1.1934244632720947,0.8277117013931274
105,48349,0.9802226424217224,0.9666038751602173,,,
105,48399,0.8076121807098389,1.2974927425384521,,,
105,48449,0.9422979950904846,0.8847479820251465,,,
105,48499,0.6852007508277893,1.4959938526153564,,,
105,48549,0.9607455730438232,0.9447141885757446,,,
105,48599,0.9065693020820618,1.3341856002807617,,,
105,48649,0.8502163887023926,1.3336745500564575,,,
105,48699,1.047238826751709,0.7493627071380615,,,
105,48749,0.8397386074066162,1.1246048212051392,,,
105,48759,,,0.6083322006252548,1.2861826419830322,0.753305196762085
106,48799,0.5246303081512451,0.9117506742477417,,,
106,48849,0.6516367793083191,1.3114964962005615,,,
106,48899,0.650999128818512,1.1566598415374756,,,
106,48949,1.0781176090240479,0.9106332063674927,,,
106,48999,0.6994669437408447,1.1894545555114746,,,
106,49049,1.2652912139892578,1.0137442350387573,,,
106,49099,0.6108176112174988,0.9536067843437195,,,
106,49149,0.7533514499664307,1.1861087083816528,,,
106,49199,0.8357424736022949,1.2005743980407715,,,
106,49219,,,0.5241266820714965,1.2562686204910278,0.8684963583946228
107,49249,1.0040642023086548,1.3057702779769897,,,
107,49299,0.8893860578536987,0.9867215156555176,,,
107,49349,0.796107292175293,1.2409250736236572,,,
107,49399,0.8455796837806702,1.156334400177002,,,
107,49449,0.6105568408966064,1.3721203804016113,,,
107,49499,0.6578975915908813,1.8044811487197876,,,
107,49549,0.7645706534385681,1.413788080215454,,,
107,49599,0.796529233455658,1.4156506061553955,,,
107,49649,0.8342454433441162,1.3199620246887207,,,
107,49679,,,0.5480494766888677,1.3218607902526855,0.637094259262085
108,49699,0.9194661378860474,1.639620304107666,,,
108,49749,0.7105611562728882,1.677283525466919,,,
108,49799,0.8672559261322021,0.971165120601654,,,
108,49849,0.7948700785636902,1.5840717554092407,,,
108,49899,0.8164584636688232,1.4444749355316162,,,
108,49949,0.9982693791389465,1.534510850906372,,,
108,49999,0.8798263669013977,1.036313772201538,,,
108,50049,1.2805908918380737,1.1019277572631836,,,
108,50099,1.0204520225524902,0.9787331819534302,,,
108,50139,,,0.6813918716868289,1.1523542404174805,0.8895491361618042
109,50149,0.7249438762664795,1.58549964427948,,,
109,50199,0.9099212884902954,0.8027548789978027,,,
109,50249,1.102935552597046,1.0257172584533691,,,
109,50299,0.9654654264450073,1.3275971412658691,,,
109,50349,0.8666200041770935,0.8096263408660889,,,
109,50399,1.0795516967773438,1.5032260417938232,,,
109,50449,0.8928319811820984,0.9632030725479126,,,
109,50499,0.9179866909980774,0.8644726276397705,,,
109,50549,0.566248893737793,1.398641586303711,,,
109,50599,0.9863011837005615,1.0367610454559326,,,
109,50599,,,0.5982737528884056,1.3165827989578247,0.6785349249839783
110,50649,1.1233855485916138,0.7887694239616394,,,
110,50699,0.7214871644973755,1.087978720664978,,,
110,50749,0.7486420273780823,1.3357255458831787,,,
110,50799,0.8579654693603516,1.7268849611282349,,,
110,50849,0.7567691802978516,0.8847639560699463,,,
110,50899,1.4510321617126465,1.7577253580093384,,,
110,50949,1.008704423904419,1.426544427871704,,,
110,50999,0.699965238571167,1.4956836700439453,,,
110,51049,0.9464565515518188,1.2853267192840576,,,
110,51059,,,0.6855375832540438,1.2101103067398071,0.867973268032074
111,51099,0.768264651298523,1.2335954904556274,,,
111,51149,1.1002174615859985,0.7513391971588135,,,
111,51199,1.028512954711914,1.269463300704956,,,
111,51249,1.0422519445419312,1.2054753303527832,,,
111,51299,0.9881993532180786,1.0325498580932617,,,
111,51349,0.6282655596733093,1.2459774017333984,,,
111,51399,0.7351903915405273,1.455613613128662,,,
111,51449,0.8633665442466736,1.1011801958084106,,,
111,51499,0.6449920535087585,1.198805332183838,,,
111,51519,,,0.48287345385347286,1.4595246315002441,0.47407081723213196
112,51549,1.1879417896270752,1.0150269269943237,,,
112,51599,0.7237433195114136,0.7132648229598999,,,
112,51649,0.683970034122467,0.8452101945877075,,,
112,51699,0.7849599123001099,0.8822709321975708,,,
112,51749,0.6327855587005615,1.765864372253418,,,
112,51799,0.6740859746932983,1.4016469717025757,,,
112,51849,0.5897274017333984,0.9740525484085083,,,
112,51899,0.7595337629318237,1.3548369407653809,,,
112,51949,0.6172018051147461,0.754803478717804,,,
112,51979,,,0.5993611526437407,1.3143411874771118,0.677932858467102
113,51999,0.607550859451294,1.2247774600982666,,,
113,52049,0.4595329165458679,1.5666885375976562,,,
113,52099,0.9596999883651733,1.440007209777832,,,
113,52149,0.8498419523239136,0.7507890462875366,,,
113,52199,0.8836765289306641,0.60816490650177,,,
113,52249,0.7531071305274963,1.2072066068649292,,,
113,52299,1.360425353050232,1.0304055213928223,,,
113,52349,0.9677172303199768,0.8982246518135071,,,
113,52399,1.0306086540222168,0.9945693612098694,,,
113,52439,,,0.5854288432785103,1.30548095703125,0.6718978881835938
114,52449,0.9742640852928162,1.641463279724121,,,
114,52499,0.8286997675895691,0.7843044996261597,,,
114,52549,0.8591564297676086,1.641721248626709,,,
114,52599,0.9725143909454346,0.8710947036743164,,,
114,52649,0.629263699054718,1.8075675964355469,,,
114,52699,0.4947470724582672,1.1717779636383057,,,
114,52749,1.0383903980255127,2.03732967376709,,,
114,52799,1.1179355382919312,1.1029653549194336,,,
114,52849,1.0538939237594604,1.062451720237732,,,
114,52899,1.0405735969543457,0.9669384956359863,,,
114,52899,,,0.6137691994019301,1.2534114122390747,0.7383794784545898
115,52949,0.7246804237365723,1.0988953113555908,,,
115,52999,0.8228586912155151,1.2033214569091797,,,
115,53049,0.8955675959587097,1.4795235395431519,,,
115,53099,0.7375315427780151,1.4948058128356934,,,
115,53149,0.6696800589561462,1.7522244453430176,,,
115,53199,0.8022328615188599,1.0783791542053223,,,
115,53249,0.8112955093383789,0.9537044167518616,,,
115,53299,0.9683007597923279,0.934455156326294,,,
115,53349,0.5791756510734558,0.9480525255203247,,,
115,53359,,,0.4080467581894794,1.3696082830429077,0.664506733417511
116,53399,0.9661086797714233,0.8252719640731812,,,
116,53449,0.7421683073043823,1.8179174661636353,,,
116,53499,1.1193151473999023,0.8362680673599243,,,
116,53549,0.8711280226707458,1.3561509847640991,,,
116,53599,0.8240348100662231,1.3045917749404907,,,
116,53649,0.9817699790000916,0.9281399250030518,,,
116,53699,1.1677674055099487,1.1606650352478027,,,
116,53749,0.6878529787063599,1.6759965419769287,,,
116,53799,0.8152808547019958,1.1185097694396973,,,
116,53819,,,0.5603506864210955,1.3309980630874634,0.6964417695999146
117,53849,0.6169953942298889,0.9752188920974731,,,
117,53899,0.87389075756073,1.2052018642425537,,,
117,53949,0.7662333846092224,0.9516985416412354,,,
117,53999,0.9893333315849304,1.0494351387023926,,,
117,54049,0.6296759843826294,1.1927900314331055,,,
117,54099,0.7785948514938354,1.023810625076294,,,
117,54149,0.7261998653411865,1.2170977592468262,,,
117,54199,0.4982701241970062,1.9471018314361572,,,
117,54249,1.0973961353302002,1.0096352100372314,,,
117,54279,,,0.5445154274840288,1.311059594154358,0.7042524814605713
118,54299,0.8449463248252869,1.0076849460601807,,,
118,54349,0.5961521863937378,1.128648042678833,,,
118,54399,0.4547767639160156,1.2227667570114136,,,
118,54449,1.1694891452789307,0.9861561059951782,,,
118,54499,0.8622205257415771,0.8237990140914917,,,
118,54549,0.9363621473312378,1.1273553371429443,,,
118,54599,0.5133907794952393,0.9265150427818298,,,
118,54649,1.0083072185516357,0.7584774494171143,,,
118,54699,0.6680221557617188,0.9750384092330933,,,
118,54739,,,0.5964387658012777,1.2939810752868652,0.6635444164276123
119,54749,0.5198509693145752,1.1828919649124146,,,
119,54799,1.1574575901031494,1.3002238273620605,,,
119,54849,0.7315524816513062,1.2199013233184814,,,
119,54899,0.8220371603965759,1.1562249660491943,,,
119,54949,0.9016544818878174,1.2552310228347778,,,
119,54999,0.9798162579536438,1.1188865900039673,,,
119,55049,0.6969711780548096,0.9856053590774536,,,
119,55099,0.9164129495620728,1.0609841346740723,,,
119,55149,0.5751369595527649,1.364525556564331,,,
119,55199,1.084993600845337,1.4848746061325073,,,
119,55199,,,0.5564768247927144,1.3043553829193115,0.6980184316635132
120,55249,0.7913132309913635,0.8722520470619202,,,
120,55299,0.7118318676948547,0.6541022062301636,,,
120,55349,0.87322998046875,0.9352572560310364,,,
120,55399,0.7851321697235107,1.0038840770721436,,,
120,55449,0.6927628517150879,1.4207351207733154,,,
120,55499,0.6414762735366821,1.344252109527588,,,
120,55549,0.6300745010375977,0.7836058735847473,,,
120,55599,0.9389894008636475,0.947708249092102,,,
120,55649,1.1496119499206543,0.910582423210144,,,
120,55659,,,0.7246160119613974,1.2568460702896118,0.772548496723175
121,55699,0.6573601961135864,0.878240168094635,,,
121,55749,0.9719972014427185,0.896106481552124,,,
121,55799,0.8452116250991821,1.524423599243164,,,
121,55849,0.8162157535552979,1.1700252294540405,,,
121,55899,0.7032479643821716,1.1564466953277588,,,
121,55949,0.738034725189209,1.263938546180725,,,
121,55999,0.8828867077827454,1.5930020809173584,,,
121,56049,0.9447848796844482,0.8904774188995361,,,
121,56099,0.969438910484314,1.2561403512954712,,,
121,56119,,,0.5770014951746636,1.2854506969451904,0.7711933851242065
122,56149,0.9641065001487732,1.6889820098876953,,,
122,56199,0.9668890237808228,1.0785350799560547,,,
122,56249,0.8103374242782593,1.5424578189849854,,,
122,56299,1.0903232097625732,0.7960690855979919,,,
122,56349,0.6830736398696899,1.1198573112487793,,,
122,56399,1.0227618217468262,0.6940168738365173,,,
122,56449,0.9347021579742432,1.2249282598495483,,,
122,56499,0.8704345226287842,1.2904953956604004,,,
122,56549,0.8502994775772095,1.274876356124878,,,
122,56579,,,0.6134973494630964,1.3127082586288452,0.815714418888092
123,56599,0.7181816101074219,1.215703010559082,,,
123,56649,1.0741974115371704,0.7815982103347778,,,
123,56699,0.9026997089385986,1.0230792760849,,,
123,56749,0.8376770615577698,1.292688012123108,,,
123,56799,0.8678058385848999,1.4042246341705322,,,
123,56849,0.8755660057067871,1.0194023847579956,,,
123,56899,0.8724196553230286,0.8444409370422363,,,
123,56949,0.9387607574462891,1.272789716720581,,,
123,56999,0.4884049892425537,1.4431941509246826,,,
123,57039,,,0.6207693353268996,1.2393825054168701,0.7265361547470093
124,57049,0.6374803781509399,1.3462200164794922,,,
124,57099,0.7363358736038208,1.1346516609191895,,,
124,57149,0.6049146056175232,1.0749175548553467,,,
124,57199,0.8610741496086121,1.3999197483062744,,,
124,57249,0.9621121287345886,0.9540573954582214,,,
124,57299,0.8576768636703491,1.1209020614624023,,,
124,57349,1.1722326278686523,1.128379225730896,,,
124,57399,1.0810226202011108,2.1489319801330566,,,
124,57449,0.7583011388778687,1.274561882019043,,,
124,57499,1.4467394351959229,0.7922289967536926,,,
124,57499,,,0.5133206470028544,1.3518280982971191,0.5547459125518799
125,57549,1.1073968410491943,1.1339020729064941,,,
125,57599,0.76545649766922,1.6081268787384033,,,
125,57649,0.6377939581871033,1.0659934282302856,,,
125,57699,0.6388260126113892,1.0738232135772705,,,
125,57749,0.7885288000106812,1.5885870456695557,,,
125,57799,1.613625407218933,0.8299633860588074,,,
125,57849,0.757806658744812,1.6921101808547974,,,
125,57899,0.741500973701477,1.3569566011428833,,,
125,57949,0.7586390376091003,1.2483224868774414,,,
125,57959,,,0.6073127633546282,1.3767976760864258,0.7100002765655518
126,57999,1.238897442817688,1.2864456176757812,,,
126,58049,0.7479273676872253,0.9437882900238037,,,
126,58099,0.9413419961929321,0.7519859075546265,,,
126,58149,0.7547608017921448,1.631025791168213,,,
126,58199,0.6202247738838196,1.1139878034591675,,,
126,58249,1.1393208503723145,1.1334893703460693,,,
126,58299,0.6447830200195312,0.972388505935669,,,
126,58349,1.057260274887085,1.3090742826461792,,,
126,58399,0.7355233430862427,1.2700493335723877,,,
126,58419,,,0.5969145031942368,1.2924548387527466,0.6444523334503174
127,58449,0.56279456615448,1.8232030868530273,,,
127,58499,1.0195306539535522,1.0111808776855469,,,
127,58549,1.1096528768539429,1.056675672531128,,,
127,58599,1.0755548477172852,1.3593003749847412,,,
127,58649,0.5248160362243652,1.328719139099121,,,
127,58699,0.8671120405197144,1.16835618019104,,,
127,58749,1.0621144771575928,0.8159890174865723,,,
127,58799,0.6208633184432983,1.109621524810791,,,
127,58849,0.8779717087745667,1.096426248550415,,,
127,58879,,,0.6037107516650809,1.3065584897994995,0.6440913677215576
128,58899,0.9626685380935669,1.2475991249084473,,,
128,58949,0.8208420872688293,1.5596956014633179,,,
128,58999,0.7575891017913818,1.2972218990325928,,,
128,59049,0.5131715536117554,1.5485544204711914,,,
128,59099,1.0552934408187866,1.1611275672912598,,,
128,59149,1.2914527654647827,1.3782315254211426,,,
128,59199,0.7360970973968506,0.9973430633544922,,,
128,59249,1.0452985763549805,1.1030912399291992,,,
128,59299,0.618395209312439,1.0928722620010376,,,
128,59339,,,0.5780888949299986,1.3250404596328735,0.6153429746627808
129,59349,0.7761545777320862,1.8208950757980347,,,
129,59399,0.7065849304199219,1.3676512241363525,,,
129,59449,0.6080121994018555,1.015955924987793,,,
129,59499,0.5244391560554504,1.5180637836456299,,,
129,59549,0.6500616073608398,1.6381285190582275,,,
129,59599,0.5228148698806763,1.0368164777755737,,,
129,59649,1.1075503826141357,0.7371069192886353,,,
129,59699,1.4457330703735352,1.394352674484253,,,
129,59749,0.8008378148078918,0.9726945757865906,,,
129,59799,0.5021323561668396,1.4558759927749634,,,
129,59799,,,0.6334103574826696,1.229197382926941,0.7023828625679016
130,59849,1.135841965675354,0.9337476491928101,,,
130,59899,0.9277235865592957,1.0738286972045898,,,
130,59949,0.6981088519096375,1.1854172945022583,,,
130,59999,0.7033022046089172,0.9364256262779236,,,
130,60049,0.9717131853103638,0.7123247385025024,,,
130,60099,0.7796143293380737,1.0957984924316406,,,
130,60149,0.848696231842041,1.3724693059921265,,,
130,60199,0.4520125389099121,1.3701103925704956,,,
130,60249,1.0912712812423706,1.2133979797363281,,,
130,60259,,,0.4923882017126546,1.3561253547668457,0.6865453124046326
131,60299,0.7389096021652222,1.5906600952148438,,,
131,60349,0.8580490350723267,1.3304290771484375,,,
131,60399,0.679426908493042,1.0241878032684326,,,
131,60449,0.7636724710464478,1.396308183670044,,,
131,60499,1.1721858978271484,0.9186295866966248,,,
131,60549,0.928107500076294,1.4442262649536133,,,
131,60599,0.7392045855522156,1.1335928440093994,,,
131,60649,0.7423419952392578,0.9320842027664185,,,
131,60699,1.2053226232528687,0.8740927577018738,,,
131,60719,,,0.5286801685469621,1.320156216621399,0.5822728276252747
132,60749,0.60728919506073,1.079160213470459,,,
132,60799,0.7036969661712646,1.7709462642669678,,,
132,60849,0.6868617534637451,1.2330107688903809,,,
132,60899,0.5281981229782104,1.055579662322998,,,
132,60949,0.9340673089027405,0.8431389927864075,,,
132,60999,0.7845929861068726,1.3408998250961304,,,
132,61049,0.5064902305603027,1.481277346611023,,,
132,61099,0.6183896660804749,1.001494288444519,,,
132,61149,0.6329187154769897,0.907340407371521,,,
132,61179,,,0.6456436047301889,1.2945411205291748,0.7954902052879333
133,61199,0.7891597151756287,1.1014416217803955,,,
133,61249,0.8683332800865173,1.6089346408843994,,,
133,61299,0.5425397157669067,1.0774497985839844,,,
133,61349,0.7835564613342285,0.9626129269599915,,,
133,61399,0.534217357635498,1.2858972549438477,,,
133,61449,0.7786396741867065,1.494877815246582,,,
133,61499,0.9614627361297607,1.2046396732330322,,,
133,61549,0.6699492931365967,1.7826030254364014,,,
133,61599,0.6317147016525269,1.386747121810913,,,
133,61639,,,0.5668750849531059,1.348584771156311,0.6173798441886902
134,61649,0.571625828742981,1.0217125415802002,,,
134,61699,0.6822108030319214,1.712645411491394,,,
134,61749,0.7312240600585938,1.1754202842712402,,,
134,61799,1.6985292434692383,0.8644073009490967,,,
134,61849,0.7289990186691284,1.8053016662597656,,,
134,61899,0.854811429977417,2.0943682193756104,,,
134,61949,0.5410393476486206,1.2211568355560303,,,
134,61999,0.7180168628692627,0.9540663957595825,,,
134,62049,0.8726113438606262,1.3556346893310547,,,
134,62099,1.2568737268447876,0.9876757860183716,,,
134,62099,,,0.6511485659915727,1.2686166763305664,0.6988078951835632
135,62149,0.7737741470336914,0.8496224880218506,,,
135,62199,0.7163437604904175,1.2466776371002197,,,
135,62249,0.938715398311615,1.4517148733139038,,,
135,62299,0.5062050223350525,1.1353418827056885,,,
135,62349,1.0590095520019531,0.8303401470184326,,,
135,62399,0.8711498975753784,1.195986032485962,,,
135,62449,0.9427560567855835,1.5829005241394043,,,
135,62499,0.95167475938797,0.9238265752792358,,,
135,62549,0.6373859643936157,1.5195345878601074,,,
135,62559,,,0.5848851434008427,1.2407395839691162,0.7414273023605347
136,62599,1.0160589218139648,0.7347640991210938,,,
136,62649,0.790216326713562,1.1660162210464478,,,
136,62699,0.6467238664627075,0.9422235488891602,,,
136,62749,0.8620939254760742,0.8243913054466248,,,
136,62799,0.7494128346443176,0.6642046570777893,,,
136,62849,0.8048023581504822,1.273486614227295,,,
136,62899,0.8375978469848633,1.100172996520996,,,
136,62949,1.057592749595642,0.8783558011054993,,,
136,62999,0.7216943502426147,1.652940273284912,,,
136,63019,,,0.6494495038738616,1.270698070526123,0.6889378428459167
137,63049,0.600636899471283,1.381966471672058,,,
137,63099,0.5701606273651123,1.4006723165512085,,,
137,63149,0.5891261100769043,1.210207223892212,,,
137,63199,0.8562172651290894,0.868566632270813,,,
137,63249,0.7946703433990479,1.2442353963851929,,,
137,63299,0.6934648156166077,1.2572977542877197,,,
137,63349,0.43231555819511414,1.2471966743469238,,,
137,63399,0.6736119389533997,1.9206209182739258,,,
137,63449,0.7253670692443848,1.0761773586273193,,,
137,63479,,,0.6383716188663857,1.2695168256759644,0.7648218870162964
138,63499,0.9033424854278564,1.5353870391845703,,,
138,63549,0.5905824899673462,0.9140908718109131,,,
138,63599,0.7217020392417908,1.1300034523010254,,,
138,63649,0.5521371364593506,1.1771519184112549,,,
138,63699,0.6876732110977173,1.3907239437103271,,,
138,63749,0.701135516166687,1.6906009912490845,,,
138,63799,0.7992302179336548,1.7232719659805298,,,
138,63849,0.6330350041389465,1.0898473262786865,,,
138,63899,0.9264790415763855,1.1495229005813599,,,
138,63939,,,0.5912736169634362,1.2746365070343018,0.6685324907302856
139,63949,0.7757462859153748,1.3035558462142944,,,
139,63999,0.6242278814315796,1.2128217220306396,,,
139,64049,0.6820647716522217,0.8204243183135986,,,
139,64099,0.6543526649475098,1.2243540287017822,,,
139,64149,0.7750293016433716,1.2155399322509766,,,
139,64199,0.8320299386978149,1.189464807510376,,,
139,64249,0.9102282524108887,1.1131513118743896,,,
139,64299,0.6186707019805908,1.199265956878662,,,
139,64349,1.0237040519714355,1.088364601135254,,,
139,64399,0.9195109605789185,1.561842441558838,,,
139,64399,,,0.5794481446241675,1.3236302137374878,0.7069743275642395
140,64449,0.8380188941955566,1.2229496240615845,,,
140,64499,1.5231631994247437,1.1186492443084717,,,
140,64549,0.5383495092391968,1.6142148971557617,,,
140,64599,0.5079294443130493,1.1717469692230225,,,
140,64649,0.8705102801322937,0.8801536560058594,,,
140,64699,1.1577730178833008,0.8857626914978027,,,
140,64749,0.7237052321434021,0.961135983467102,,,
140,64799,0.645675778388977,1.3395490646362305,,,
140,64849,0.8264961242675781,1.4569735527038574,,,
140,64859,,,0.6123419872230529,1.3047343492507935,0.7086893916130066
141,64899,0.7725611925125122,0.8862996697425842,,,
141,64949,1.2531284093856812,0.740058183670044,,,
141,64999,1.2176352739334106,0.8701857924461365,,,
141,65049,1.1414154767990112,1.0620783567428589,,,
141,65099,1.034259557723999,1.8491179943084717,,,
141,65149,0.728614091873169,1.3487341403961182,,,
141,65199,1.2236711978912354,1.034859538078308,,,
141,65249,0.8983656167984009,0.8297317028045654,,,
141,65299,0.9941644072532654,1.1192386150360107,,,
141,65319,,,0.6037107516650809,1.2588777542114258,0.6557449698448181
142,65349,0.807549238204956,1.216247320175171,,,
142,65399,0.9409188032150269,0.97115159034729,,,
142,65449,0.7889808416366577,1.269295334815979,,,
142,65499,0.8769859671592712,1.3613824844360352,,,
142,65549,0.7214045524597168,0.7992945909500122,,,
142,65599,0.9214893579483032,1.5866739749908447,,,
142,65649,0.7290327548980713,1.0044773817062378,,,
142,65699,0.48103606700897217,1.8020057678222656,,,
142,65749,0.84857177734375,1.4104194641113281,,,
142,65779,,,0.7952969960581759,1.145601749420166,1.007581353187561
143,65799,0.9013941287994385,1.1464601755142212,,,
143,65849,1.5534005165100098,0.9322985410690308,,,
143,65899,0.5902611613273621,1.3428150415420532,,,
143,65949,0.6531611680984497,1.7931978702545166,,,
143,65999,0.6042603850364685,1.5126888751983643,,,
143,66049,1.0959851741790771,0.9540660381317139,,,
143,66099,0.763957142829895,1.4779694080352783,,,
143,66149,0.558652400970459,0.9466825127601624,,,
143,66199,1.134907603263855,0.7690790891647339,,,
143,66239,,,0.6557020524670382,1.2296055555343628,0.8120955228805542
144,66249,0.6631295084953308,1.3279893398284912,,,
144,66299,0.6319308876991272,1.2601659297943115,,,
144,66349,0.5403627753257751,1.7448718547821045,,,
144,66399,0.7004930377006531,1.186730146408081,,,
144,66449,0.8879830837249756,1.5023226737976074,,,
144,66499,0.6063953638076782,1.6689143180847168,,,
144,66549,0.4686833620071411,1.0768821239471436,,,
144,66599,0.5607427358627319,1.2820403575897217,,,
144,66649,0.6937569379806519,1.373822569847107,,,
144,66699,0.7701670527458191,1.3408291339874268,,,
144,66699,,,0.6565176022835395,1.2139958143234253,0.7921848297119141
145,66749,0.6450627446174622,1.3988852500915527,,,
145,66799,0.5805376768112183,1.1390153169631958,,,
145,66849,0.9049258828163147,1.0067158937454224,,,
145,66899,0.8397989869117737,1.1668598651885986,,,
145,66949,0.6442074179649353,1.2429733276367188,,,
145,66999,0.5317679643630981,1.1402993202209473,,,
145,67049,0.8992937207221985,0.913327693939209,,,
145,67099,0.6192154884338379,1.7643239498138428,,,
145,67149,0.9517885446548462,1.3996371030807495,,,
145,67159,,,0.6227402473834444,1.2545241117477417,0.794069230556488
146,67199,0.5255135297775269,1.509703278541565,,,
146,67249,0.6795573830604553,1.060140609741211,,,
146,67299,0.6748244762420654,1.0943248271942139,,,
146,67349,0.7534816861152649,0.9192362427711487,,,
146,67399,0.49219435453414917,1.2715284824371338,,,
146,67449,0.8222751021385193,1.452510118484497,,,
146,67499,0.4877837896347046,1.4061620235443115,,,
146,67549,0.6552767753601074,1.0771716833114624,,,
146,67599,0.6650536060333252,1.1936086416244507,,,
146,67619,,,0.5393502786461873,1.3413702249526978,0.5548710227012634
147,67649,1.187774896621704,1.2384366989135742,,,
147,67699,0.7492578029632568,1.0938562154769897,,,
147,67749,0.6580130457878113,1.3568240404129028,,,
147,67799,1.0410048961639404,1.1100295782089233,,,
147,67849,0.6922266483306885,0.8974339962005615,,,
147,67899,0.7382739782333374,1.081364393234253,,,
147,67949,1.442747950553894,0.7221201658248901,,,
147,67999,0.9778912663459778,1.530623197555542,,,
147,68049,0.8715318441390991,1.0084189176559448,,,
147,68079,,,0.6050700013592497,1.3145726919174194,0.735836923122406
148,68099,0.955878734588623,1.6294037103652954,,,
148,68149,0.8890768885612488,0.83527672290802,,,
148,68199,1.058873176574707,1.308002233505249,,,
148,68249,0.6865243911743164,1.2258284091949463,,,
148,68299,0.8166519999504089,1.1046931743621826,,,
148,68349,0.9078361988067627,1.2710001468658447,,,
148,68399,0.46440309286117554,1.0561548471450806,,,
148,68449,0.5240697860717773,1.121180534362793,,,
148,68499,0.8149847984313965,1.4952692985534668,,,
148,68539,,,0.5907978795704771,1.3175140619277954,0.700718879699707
149,68549,1.00492262840271,1.0113317966461182,,,
149,68599,0.6834579110145569,1.412172555923462,,,
149,68649,0.47768741846084595,1.5173529386520386,,,
149,68699,0.6392232179641724,1.598893404006958,,,
149,68749,0.9187518954277039,1.4161440134048462,,,
149,68799,0.916838526725769,0.9754271507263184,,,
149,68849,0.9321472644805908,1.3063256740570068,,,
149,68899,1.0444247722625732,1.0905563831329346,,,
149,68949,0.6921406984329224,1.042596697807312,,,
149,68999,0.9417978525161743,1.6793897151947021,,,
149,68999,,,0.5969824656789452,1.2022674083709717,0.707762598991394
150,69049,0.6586230993270874,1.615952968597412,,,
150,69099,0.7336107492446899,1.2896099090576172,,,
150,69149,0.8815564513206482,0.9765622615814209,,,
150,69199,0.615565299987793,1.0548241138458252,,,
150,69249,0.4941259026527405,1.6803550720214844,,,
150,69299,0.8698182106018066,1.0861661434173584,,,
150,69349,1.4171953201293945,0.963639497756958,,,
150,69399,0.7166168689727783,1.3789397478103638,,,
150,69449,0.6162304878234863,1.286855936050415,,,
150,69459,,,0.5659915726518961,1.2659069299697876,0.641367495059967
151,69499,0.5957116484642029,1.3169409036636353,,,
151,69549,0.8002408742904663,0.9487528204917908,,,
151,69599,0.9239698648452759,1.0521316528320312,,,
151,69649,0.6701961159706116,1.433370590209961,,,
151,69699,0.8919432163238525,1.175694227218628,,,
151,69749,0.7944643497467041,1.026516079902649,,,
151,69799,0.6102981567382812,1.126693606376648,,,
151,69849,0.6522920727729797,1.5935585498809814,,,
151,69899,0.6566969156265259,1.760093331336975,,,
151,69919,,,0.6365366317792579,1.2158907651901245,0.8843415975570679
152,69949,0.791058361530304,1.7395312786102295,,,
152,69999,0.8525969982147217,1.2296831607818604,,,
152,70049,0.6642375588417053,1.2646316289901733,,,
152,70099,0.912268877029419,1.4625563621520996,,,
152,70149,1.2863519191741943,1.405573844909668,,,
152,70199,1.0602850914001465,0.8051971793174744,,,
152,70249,0.5242803692817688,1.5141146183013916,,,
152,70299,0.614172101020813,1.3201087713241577,,,
152,70349,0.7172291278839111,1.4213178157806396,,,
152,70379,,,0.6327307326355851,1.2217479944229126,0.7062827348709106
153,70399,0.9476036429405212,1.1597933769226074,,,
153,70449,0.7656921744346619,1.1178507804870605,,,
153,70499,1.0099599361419678,1.017095923423767,,,
153,70549,0.7158467769622803,1.5504343509674072,,,
153,70599,0.7906166911125183,1.3802897930145264,,,
153,70649,0.46769583225250244,1.140022873878479,,,
153,70699,1.2020548582077026,1.0958006381988525,,,
153,70749,0.7472409009933472,1.4500768184661865,,,
153,70799,0.803914487361908,1.444422960281372,,,
153,70839,,,0.7454804947668887,1.1767613887786865,0.7539033889770508
154,70849,0.3332325220108032,1.0182464122772217,,,
154,70899,0.8580929040908813,1.5370639562606812,,,
154,70949,1.1397336721420288,1.0453791618347168,,,
154,70999,0.7910258769989014,1.1116443872451782,,,
154,71049,0.7416428327560425,1.5556979179382324,,,
154,71099,0.7777453064918518,1.553183674812317,,,
154,71149,0.6281473636627197,1.429885983467102,,,
154,71199,0.7078240513801575,1.3412268161773682,,,
154,71249,0.6134247183799744,1.6776089668273926,,,
154,71299,0.8058192133903503,1.4816246032714844,,,
154,71299,,,0.6103031126817996,1.2750399112701416,0.6784912347793579
155,71349,0.3497544825077057,1.0594308376312256,,,
155,71399,0.8214075565338135,1.0187363624572754,,,
155,71449,0.48127317428588867,1.218320608139038,,,
155,71499,0.767841100692749,1.4028011560440063,,,
155,71549,0.9180282950401306,1.8322093486785889,,,
155,71599,0.6402047872543335,1.382444143295288,,,
155,71649,0.7279936075210571,0.8578313589096069,,,
155,71699,1.0478590726852417,0.6746901273727417,,,
155,71749,0.8080719113349915,0.9222720861434937,,,
155,71759,,,0.5167867337229849,1.3721705675125122,0.5314372181892395
156,71799,0.626329779624939,1.7365388870239258,,,
156,71849,0.7610791921615601,1.2952735424041748,,,
156,71899,0.6539615392684937,1.3998773097991943,,,
156,71949,0.6514869928359985,1.0827410221099854,,,
156,71999,1.0735511779785156,1.2740857601165771,,,
156,72049,0.48982059955596924,1.267338752746582,,,
156,72099,0.4741550385951996,1.3330538272857666,,,
156,72149,0.7052040100097656,0.8145864009857178,,,
156,72199,0.6039149761199951,0.9525649547576904,,,
156,72219,,,0.6136332744325133,1.2913743257522583,0.6768393516540527
157,72249,0.6951576471328735,0.7403421401977539,,,
157,72299,0.9500738382339478,1.2978601455688477,,,
157,72349,0.7005101442337036,1.3208742141723633,,,
157,72399,1.0036084651947021,1.0291553735733032,,,
157,72449,0.8145808577537537,0.781450629234314,,,
157,72499,0.8916994333267212,0.9107009172439575,,,
157,72549,0.5980339646339417,1.9942443370819092,,,
157,72599,0.888089656829834,1.4279013872146606,,,
157,72649,0.6175202131271362,1.325299620628357,,,
157,72679,,,0.5519913008019574,1.2593169212341309,0.6191039085388184
158,72699,0.8206884860992432,1.2919933795928955,,,
158,72749,0.5584390759468079,0.9830638766288757,,,
158,72799,0.7891860008239746,1.371436357498169,,,
158,72849,0.7800439596176147,1.3306455612182617,,,
158,72899,0.6998639106750488,1.381245732307434,,,
158,72949,0.7362490892410278,0.7465343475341797,,,
158,72999,0.6180179715156555,1.2684252262115479,,,
158,73049,0.9152193069458008,0.9151012301445007,,,
158,73099,0.8907603621482849,1.23328697681427,,,
158,73139,,,0.484436591001767,1.4177395105361938,0.4321025013923645
159,73149,0.54327392578125,0.9961627721786499,,,
159,73199,0.8326507806777954,1.1534366607666016,,,
159,73249,0.584052562713623,1.0163902044296265,,,
159,73299,0.756769061088562,1.114015817642212,,,
159,73349,0.4207630157470703,1.3608336448669434,,,
159,73399,0.9072909355163574,1.6232441663742065,,,
159,73449,0.8283390998840332,1.3904483318328857,,,
159,73499,0.8684138059616089,1.663588285446167,,,
159,73549,0.6114547252655029,1.1799365282058716,,,
159,73599,0.9382444620132446,1.9506484270095825,,,
159,73599,,,0.5487970640206606,1.2192765474319458,0.8026530146598816
160,73649,0.6947131752967834,1.255494475364685,,,
160,73699,0.7662731409072876,2.1757259368896484,,,
160,73749,0.5292257070541382,1.4549896717071533,,,
160,73799,1.0782572031021118,1.6219356060028076,,,
160,73849,0.755031943321228,1.2450040578842163,,,
160,73899,0.539125919342041,1.5726996660232544,,,
160,73949,0.7188194990158081,1.1814830303192139,,,
160,73999,0.7210129499435425,1.0861504077911377,,,
160,74049,0.764133632183075,1.3865810632705688,,,
160,74059,,,0.6314394454261247,1.2878178358078003,0.7126724123954773
161,74099,0.8507860898971558,1.3242398500442505,,,
161,74149,0.6986212134361267,1.5051155090332031,,,
161,74199,0.7680432796478271,1.2006571292877197,,,
161,74249,0.7365809679031372,1.0141615867614746,,,
161,74299,0.6477673053741455,1.390378713607788,,,
161,74349,0.4433583915233612,1.7174527645111084,,,
161,74399,1.120654821395874,0.9858576655387878,,,
161,74449,1.0636608600616455,0.9068502187728882,,,
161,74499,0.5230838060379028,1.4245269298553467,,,
161,74519,,,0.44610574962620636,1.5217156410217285,0.469556987285614
162,74549,0.775659441947937,1.124332308769226,,,
162,74599,0.7512164115905762,1.1706900596618652,,,
162,74649,0.6304503083229065,1.5179288387298584,,,
162,74699,0.9665502309799194,1.8366183042526245,,,
162,74749,0.8099225163459778,1.825303316116333,,,
162,74799,0.9953003525733948,0.8085183501243591,,,
162,74849,0.7124938368797302,0.9429405927658081,,,
162,74899,0.551986575126648,1.3467514514923096,,,
162,74949,0.6887441277503967,1.4941551685333252,,,
162,74979,,,0.6368764442028001,1.1771211624145508,0.6695604920387268
163,74999,1.0739825963974,1.1583564281463623,,,
163,75049,0.7182389497756958,1.701465129852295,,,
163,75099,0.8343026638031006,1.4043564796447754,,,
163,75149,0.7049089670181274,1.1486799716949463,,,
163,75199,0.6421651244163513,0.9151202440261841,,,
163,75249,0.8551206588745117,1.186601161956787,,,
163,75299,0.5634818077087402,1.349806785583496,,,
163,75349,0.6200141906738281,1.3799498081207275,,,
163,75399,0.8836468458175659,1.1559089422225952,,,
163,75439,,,0.5751665080875357,1.1722091436386108,0.9067507386207581
164,75449,0.7465209364891052,1.4994685649871826,,,
164,75499,0.6796647310256958,0.9680509567260742,,,
164,75549,0.9701245427131653,1.4110069274902344,,,
164,75599,0.956807017326355,1.2160494327545166,,,
164,75649,0.7230838537216187,1.591933012008667,,,
164,75699,0.5805603265762329,1.8001244068145752,,,
164,75749,0.7452895045280457,0.914004921913147,,,
164,75799,0.9759382605552673,0.9059106111526489,,,
164,75849,0.9696129560470581,0.8370610475540161,,,
164,75899,0.8825782537460327,1.3744745254516602,,,
164,75899,,,0.5071360608943863,1.4656544923782349,0.5227546691894531
165,75949,0.8837302923202515,1.5111150741577148,,,
165,75999,0.702233612537384,1.5012015104293823,,,
165,76049,0.953083336353302,1.4263893365859985,,,
165,76099,0.7037318348884583,1.294164776802063,,,
165,76149,0.5296646356582642,1.3670973777770996,,,
165,76199,0.9875260591506958,1.2173997163772583,,,
165,76249,0.6487629413604736,1.2177475690841675,,,
165,76299,0.7412111759185791,1.492493748664856,,,
165,76349,0.4730142056941986,1.1659672260284424,,,
165,76359,,,0.3980562729373386,1.388114094734192,0.6596119403839111
166,76399,0.5613514184951782,1.4883238077163696,,,
166,76449,1.2125554084777832,0.9666925668716431,,,
166,76499,1.0816367864608765,1.5329008102416992,,,
166,76549,0.5401198863983154,0.9724750518798828,,,
166,76599,0.6927104592323303,1.159285068511963,,,
166,76649,0.9800578355789185,1.2477105855941772,,,
166,76699,0.9477131962776184,1.8232795000076294,,,
166,76749,0.7794766426086426,1.2831194400787354,,,
166,76799,0.3777971863746643,1.5823454856872559,,,
166,76819,,,0.5788364822617915,1.2600659132003784,0.6310125589370728
167,76849,1.209559679031372,0.7797141075134277,,,
167,76899,0.6379052400588989,1.273707389831543,,,
167,76949,1.0761675834655762,0.6067904233932495,,,
167,76999,0.8277934789657593,1.2284573316574097,,,
167,77049,0.5107741355895996,1.4597746133804321,,,
167,77099,0.7019097805023193,0.900001049041748,,,
167,77149,0.8294451236724854,0.8978156447410583,,,
167,77199,0.7193765640258789,1.4256904125213623,,,
167,77249,1.3585340976715088,1.940202236175537,,,
167,77279,,,0.6762946853336959,1.1982905864715576,0.9286451935768127
168,77299,0.809995174407959,1.5019906759262085,,,
168,77349,0.6442362070083618,1.2412358522415161,,,
168,77399,0.6122860312461853,1.333646535873413,,,
168,77449,0.6988662481307983,1.4032938480377197,,,
168,77499,0.6649712324142456,1.2126564979553223,,,
168,77549,0.780959963798523,1.1342391967773438,,,
168,77599,0.6182376146316528,1.644770860671997,,,
168,77649,1.2340571880340576,2.1206860542297363,,,
168,77699,0.8833985328674316,1.0711162090301514,,,
168,77739,,,0.5150876716052739,1.36595618724823,0.586662769317627
169,77749,0.5407842397689819,1.0083057880401611,,,
169,77799,0.8108435273170471,1.2505956888198853,,,
169,77849,0.9213190078735352,1.4387061595916748,,,
169,77899,0.8751723766326904,0.8092650771141052,,,
169,77949,0.653962254524231,1.59115469455719,,,
169,77999,0.9588907957077026,1.036065697669983,,,
169,78049,0.8756897449493408,1.7941107749938965,,,
169,78099,0.5332413911819458,1.4301708936691284,,,
169,78149,0.5904173851013184,1.9142136573791504,,,
169,78199,1.0594074726104736,0.9304136037826538,,,
169,78199,,,0.6457115672148974,1.2487034797668457,0.6561155319213867
170,78249,0.5495781898498535,1.2049214839935303,,,
170,78299,0.7502130270004272,1.16388738155365,,,
170,78349,0.6974851489067078,1.5984270572662354,,,
170,78399,0.949570894241333,1.1841365098953247,,,
170,78449,0.6842614412307739,1.0610710382461548,,,
170,78499,0.511723518371582,0.5995681285858154,,,
170,78549,0.5395060181617737,1.0563589334487915,,,
170,78599,0.4073326587677002,2.2441394329071045,,,
170,78649,0.533221960067749,1.8599656820297241,,,
170,78659,,,0.6529155905939921,1.229176640510559,0.7053734660148621
171,78699,0.8277972340583801,1.1183738708496094,,,
171,78749,0.7385036945343018,0.7698825597763062,,,
171,78799,0.699623703956604,1.4145115613937378,,,
171,78849,0.6841606497764587,0.9486078023910522,,,
171,78899,0.7978103160858154,0.9519978761672974,,,
171,78949,0.7678112983703613,1.120220422744751,,,
171,78999,1.0292587280273438,1.3913023471832275,,,
171,79049,0.6499004364013672,1.7891777753829956,,,
171,79099,0.5232008695602417,1.6490957736968994,,,
171,79119,,,0.5441076525757782,1.3125243186950684,0.6413248777389526
172,79149,0.9102603793144226,1.2366981506347656,,,
172,79199,0.4673793911933899,1.3096623420715332,,,
172,79249,0.7030580639839172,0.8557590246200562,,,
172,79299,1.0529519319534302,0.9650941491127014,,,
172,79349,0.7301396727561951,1.4100086688995361,,,
172,79399,0.6690446734428406,0.9680042266845703,,,
172,79449,0.8056826591491699,1.1606266498565674,,,
172,79499,0.8636031150817871,1.0780375003814697,,,
172,79549,0.8819042444229126,1.3174012899398804,,,
172,79579,,,0.6662362375968466,1.1713570356369019,0.8075751066207886
173,79599,0.5677224397659302,1.3922779560089111,,,
173,79649,0.6383413672447205,0.9395294189453125,,,
173,79699,0.8513094186782837,1.2276325225830078,,,
173,79749,0.765286922454834,1.2380397319793701,,,
173,79799,0.9785621762275696,1.2209362983703613,,,
173,79849,0.8726192712783813,0.9648240208625793,,,
173,79899,0.6711333990097046,1.3537492752075195,,,
173,79949,1.241518497467041,1.3060349225997925,,,
173,79999,1.4211223125457764,1.5383410453796387,,,
173,80039,,,0.686964795432921,1.2164829969406128,0.8232329487800598
174,80049,0.6923621296882629,1.2844765186309814,,,
174,80099,0.6560043096542358,0.9763957262039185,,,
174,80149,0.464105486869812,1.0070182085037231,,,
174,80199,0.7745231986045837,1.3641936779022217,,,
174,80249,0.7755893468856812,1.0626527070999146,,,
174,80299,0.553186297416687,1.721592664718628,,,
174,80349,0.47806623578071594,1.5768909454345703,,,
174,80399,0.3946813941001892,2.5605289936065674,,,
174,80449,0.6638436317443848,1.1199193000793457,,,
174,80499,0.8265222311019897,0.8313612937927246,,,
174,80499,,,0.4971455756422455,1.3559715747833252,0.5676978230476379
175,80549,0.8090161085128784,1.281256914138794,,,
175,80599,0.5522339940071106,1.7714884281158447,,,
175,80649,0.7908911108970642,1.3180453777313232,,,
175,80699,0.5412325859069824,1.8436486721038818,,,
175,80749,0.9364875555038452,1.863844871520996,,,
175,80799,0.8184566497802734,0.7907333970069885,,,
175,80849,0.7800047397613525,1.3167606592178345,,,
175,80899,0.9273490905761719,1.7784507274627686,,,
175,80949,0.9556618332862854,0.8629487752914429,,,
175,80959,,,0.6204974853880658,1.222965121269226,0.6543935537338257
176,80999,0.7027708292007446,1.4176268577575684,,,
176,81049,0.6928537487983704,1.159780740737915,,,
176,81099,0.7064602375030518,1.1170382499694824,,,
176,81149,0.7192829847335815,1.0341358184814453,,,
176,81199,0.5756834745407104,1.2256667613983154,,,
176,81249,0.843894362449646,1.7391207218170166,,,
176,81299,1.0198396444320679,0.9614536762237549,,,
176,81349,0.7295140027999878,1.1432021856307983,,,
176,81399,0.8403722643852234,1.045163631439209,,,
176,81419,,,0.4641837705586516,1.4603362083435059,0.5585173964500427
177,81449,0.8543952703475952,1.3486485481262207,,,
177,81499,0.7608841061592102,1.388664722442627,,,
177,81549,1.183430790901184,0.9985546469688416,,,
177,81599,0.8398934602737427,1.714547872543335,,,
177,81649,0.633446991443634,1.3906917572021484,,,
177,81699,0.6138738393783569,1.675382137298584,,,
177,81749,1.2833490371704102,0.927452564239502,,,
177,81799,0.7775686979293823,1.0949338674545288,,,
177,81849,1.0968083143234253,1.3908956050872803,,,
177,81879,,,0.6143808617643061,1.3055230379104614,0.703944981098175
178,81899,0.7570502161979675,0.6807146668434143,,,
178,81949,0.8276565074920654,0.7772393226623535,,,
178,81999,0.9672536253929138,1.0111792087554932,,,
178,82049,1.0425760746002197,1.5146456956863403,,,
178,82099,0.8037750124931335,1.5499919652938843,,,
178,82149,1.0120983123779297,1.075869083404541,,,
178,82199,0.715067982673645,1.6803133487701416,,,
178,82249,0.7637119293212891,1.3842768669128418,,,
178,82299,0.9169238209724426,0.770595371723175,,,
178,82339,,,0.5341171673236373,1.352197527885437,0.5466014742851257
179,82349,0.7542961239814758,1.671147108078003,,,
179,82399,0.9109616279602051,0.709983229637146,,,
179,82449,1.003064513206482,1.3761613368988037,,,
179,82499,0.8210887908935547,1.040096402168274,,,
179,82549,0.8710209131240845,0.9745896458625793,,,
179,82599,0.8026391863822937,1.6354055404663086,,,
179,82649,0.5171873569488525,1.590595006942749,,,
179,82699,0.7655777931213379,0.9741859436035156,,,
179,82749,0.6678029894828796,1.0554001331329346,,,
179,82799,0.6349180936813354,1.251649260520935,,,
179,82799,,,0.6653527252956368,1.2245194911956787,0.7800130844116211
180,82849,0.5289652347564697,1.5446579456329346,,,
180,82899,0.7176045775413513,1.4930448532104492,,,
180,82949,1.1597275733947754,0.979094386100769,,,
180,82999,1.0019161701202393,1.154468059539795,,,
180,83049,0.6469016075134277,1.5663833618164062,,,
180,83099,0.8611765503883362,0.8645763397216797,,,
180,83149,0.47626638412475586,2.4346418380737305,,,
180,83199,1.0301146507263184,1.0738472938537598,,,
180,83249,0.7843064069747925,1.0078721046447754,,,
180,83259,,,0.6544787277422862,1.1949307918548584,0.7687353491783142
181,83299,0.382438063621521,2.197451114654541,,,
181,83349,0.7861584424972534,1.3537330627441406,,,
181,83399,0.44399628043174744,1.583801031112671,,,
181,83449,0.5553281307220459,0.8227753639221191,,,
181,83499,0.7158005237579346,1.4195610284805298,,,
181,83549,1.0014820098876953,1.0338786840438843,,,
181,83599,1.1562882661819458,1.0038219690322876,,,
181,83649,0.6408805847167969,1.4191207885742188,,,
181,83699,0.4984751343727112,1.4854003190994263,,,
181,83719,,,0.5286122060622537,1.3006778955459595,0.5231048464775085
182,83749,0.658954381942749,0.6603257656097412,,,
182,83799,0.564231276512146,1.3514320850372314,,,
182,83849,0.4860336184501648,1.0791494846343994,,,
182,83899,0.7184123992919922,1.3442082405090332,,,
182,83949,0.7112536430358887,1.1837852001190186,,,
182,83999,0.6960199475288391,1.1665481328964233,,,
182,84049,0.668949544429779,1.1020698547363281,,,
182,84099,0.9268825650215149,1.1148148775100708,,,
182,84149,0.7631164193153381,0.9155181050300598,,,
182,84179,,,0.6073127633546282,1.2620580196380615,0.6089861392974854
183,84199,0.40106356143951416,1.294968605041504,,,
183,84249,0.7333124279975891,2.182734489440918,,,
183,84299,0.7940560579299927,1.434389352798462,,,
183,84349,0.7818345427513123,1.1057063341140747,,,
183,84399,1.0801029205322266,1.340195655822754,,,
183,84449,0.5928298830986023,1.1679574251174927,,,
183,84499,1.0337884426116943,2.19539475440979,,,
183,84549,1.0126086473464966,1.2355477809906006,,,
183,84599,0.9568032622337341,1.5367529392242432,,,
183,84639,,,0.6341579448144624,1.2950559854507446,0.7048426270484924
184,84649,0.5837876796722412,1.0767680406570435,,,
184,84699,0.6854593753814697,1.1696146726608276,,,
184,84749,0.996947169303894,1.2791874408721924,,,
184,84799,0.5769039392471313,1.3109124898910522,,,
184,84849,1.001626968383789,1.3141851425170898,,,
184,84899,0.5746139287948608,1.2617673873901367,,,
184,84949,0.6480438113212585,1.3331513404846191,,,
184,84999,0.6419060230255127,1.1806639432907104,,,
184,85049,0.859301745891571,1.6823651790618896,,,
184,85099,1.179837942123413,1.1562395095825195,,,
184,85099,,,0.6060894386298763,1.1974902153015137,0.6377739310264587
185,85149,0.9863797426223755,1.0680688619613647,,,
185,85199,0.9068704843521118,0.7715094685554504,,,
185,85249,0.7870469093322754,1.0962374210357666,,,
185,85299,0.558931827545166,2.231600761413574,,,
185,85349,0.5399243831634521,1.3312866687774658,,,
185,85399,0.90589439868927,0.889668345451355,,,
185,85449,0.7191367745399475,0.6941755414009094,,,
185,85499,0.49530452489852905,1.5470268726348877,,,
185,85549,0.8429887294769287,1.3640122413635254,,,
185,85559,,,0.5887590050292238,1.2746191024780273,0.6791118383407593
186,85599,0.5508129596710205,0.8252048492431641,,,
186,85649,0.7476525902748108,1.498351812362671,,,
186,85699,1.3906203508377075,1.282254695892334,,,
186,85749,0.7834930419921875,1.2056292295455933,,,
186,85799,1.1234755516052246,1.0918455123901367,,,
186,85849,0.7395950555801392,1.335516095161438,,,
186,85899,0.737945556640625,1.147551417350769,,,
186,85949,0.6114059090614319,2.4970929622650146,,,
186,85999,0.698607325553894,1.016845941543579,,,
186,86019,,,0.5939241538670654,1.2591725587844849,0.6776929497718811
187,86049,0.7760874629020691,0.9932059049606323,,,
187,86099,0.9525858163833618,1.114869236946106,,,
187,86149,0.9235262870788574,0.9478780031204224,,,
187,86199,0.5715013146400452,1.0010833740234375,,,
187,86249,0.7968090772628784,0.6545229554176331,,,
187,86299,0.6297103762626648,1.108934760093689,,,
187,86349,0.8480499982833862,0.8445529341697693,,,
187,86399,0.7552185654640198,0.9466710090637207,,,
187,86449,0.9237419366836548,0.778670072555542,,,
187,86479,,,0.6044583389968737,1.2212005853652954,0.6095779538154602
188,86499,0.654857873916626,1.154571294784546,,,
188,86549,0.5089576244354248,1.5766173601150513,,,
188,86599,0.7209049463272095,1.4833505153656006,,,
188,86649,0.874282956123352,1.4948108196258545,,,
188,86699,0.964215099811554,0.9281342029571533,,,
188,86749,0.6815069913864136,1.2850165367126465,,,
188,86799,0.8406745195388794,1.5436573028564453,,,
188,86849,0.8664492964744568,0.9412696957588196,,,
188,86899,0.4368985891342163,1.0958657264709473,,,
188,86939,,,0.5470300394182411,1.3193538188934326,0.5404120087623596
189,86949,0.5143476724624634,1.3910560607910156,,,
189,86999,0.7082948088645935,1.2868263721466064,,,
189,87049,0.6562070846557617,1.0695408582687378,,,
189,87099,0.6827136278152466,1.5020250082015991,,,
189,87149,0.853413999080658,1.4809706211090088,,,
189,87199,0.3964802026748657,1.919767141342163,,,
189,87249,0.8028672933578491,1.2430403232574463,,,
189,87299,0.7141636610031128,1.4645346403121948,,,
189,87349,0.800592839717865,0.8971143364906311,,,
189,87399,0.8046908378601074,1.3279093503952026,,,
189,87399,,,0.5795840695935843,1.3185198307037354,0.6616824865341187
190,87449,0.6664149165153503,1.0329132080078125,,,
190,87499,0.7590535283088684,1.317919135093689,,,
190,87549,0.9015359878540039,0.7894822359085083,,,
190,87599,0.7198399305343628,1.323992371559143,,,
190,87649,0.6275215148925781,1.0770859718322754,,,
190,87699,0.6180663108825684,0.9422306418418884,,,
190,87749,1.4201006889343262,1.0982332229614258,,,
190,87799,0.5506103038787842,1.5246973037719727,,,
190,87849,0.7755605578422546,0.9509856104850769,,,
190,87859,,,0.6058855511757509,1.2386969327926636,0.6836732625961304
191,87899,0.9920082092285156,0.9463841319084167,,,
191,87949,1.0413665771484375,1.2681221961975098,,,
191,87999,0.9252578020095825,1.3948699235916138,,,
191,88049,0.687764048576355,1.1893725395202637,,,
191,88099,0.9510362148284912,1.2242212295532227,,,
191,88149,0.6969267129898071,1.4252057075500488,,,
191,88199,0.7954608201980591,1.7054953575134277,,,
191,88249,0.7947063446044922,1.1567010879516602,,,
191,88299,0.8929927349090576,1.685289978981018,,,
191,88319,,,0.6221285850210684,1.2200285196304321,0.6656295657157898
192,88349,0.9750750064849854,1.3322995901107788,,,
192,88399,0.5550245046615601,1.01863694190979,,,
192,88449,1.0244871377944946,0.9816114902496338,,,
192,88499,0.6829923391342163,1.1360076665878296,,,
192,88549,0.38368913531303406,1.9564268589019775,,,
192,88599,0.9226984977722168,0.8113434910774231,,,
192,88649,0.6386628746986389,1.247345209121704,,,
192,88699,0.6694689989089966,1.2826873064041138,,,
192,88749,0.36399033665657043,1.3401094675064087,,,
192,88779,,,0.5607584613293461,1.2895288467407227,0.5998994708061218
193,88799,1.0070152282714844,1.4155292510986328,,,
193,88849,0.47494176030158997,1.5107340812683105,,,
193,88899,1.0193966627120972,1.0843923091888428,,,
193,88949,0.5667171478271484,1.2751634120941162,,,
193,88999,0.5714225769042969,1.54409658908844,,,
193,89049,0.683538019657135,1.3270752429962158,,,
193,89099,0.7290874719619751,1.3598603010177612,,,
193,89149,0.7435850501060486,1.9946694374084473,,,
193,89199,0.573872983455658,1.5799973011016846,,,
193,89239,,,0.5880793801821395,1.2825736999511719,0.6566407084465027
194,89249,0.6527318954467773,1.2659764289855957,,,
194,89299,0.8009960651397705,1.3577079772949219,,,
194,89349,0.942427396774292,0.9675900936126709,,,
194,89399,0.6239901781082153,0.9883490800857544,,,
194,89449,0.7703078389167786,0.7832003235816956,,,
194,89499,0.34087955951690674,2.0375659465789795,,,
194,89549,0.7450684309005737,1.255117654800415,,,
194,89599,0.6683182716369629,1.5110023021697998,,,
194,89649,0.6669390201568604,1.023550271987915,,,
194,89699,1.0797550678253174,1.2673935890197754,,,
194,89699,,,0.6395269811064292,1.1856850385665894,0.8189026713371277
195,89749,0.8311943411827087,1.119539737701416,,,
195,89799,0.9446346163749695,0.8760582208633423,,,
195,89849,0.5522426962852478,0.9904521703720093,,,
195,89899,0.7733259201049805,0.9320977926254272,,,
195,89949,0.6775146126747131,1.237128734588623,,,
195,89999,0.449088454246521,1.295912742614746,,,
195,90049,0.6262073516845703,1.920288324356079,,,
195,90099,0.482829749584198,1.7041075229644775,,,
195,90149,0.5326535701751709,1.1529872417449951,,,
195,90159,,,0.7965203207829278,1.1453146934509277,0.8490536212921143
196,90199,0.7565346360206604,1.4275109767913818,,,
196,90249,0.5573182702064514,1.7476780414581299,,,
196,90299,0.8266461491584778,1.083651065826416,,,
196,90349,0.5719562768936157,1.3616604804992676,,,
196,90399,0.704445481300354,1.0366947650909424,,,
196,90449,0.5230286121368408,1.5992629528045654,,,
196,90499,0.7208349704742432,0.8678345084190369,,,
196,90549,1.0473453998565674,1.1805620193481445,,,
196,90599,0.7115045785903931,1.6342614889144897,,,
196,90619,,,0.6284490960989534,1.2284259796142578,0.8267790675163269
197,90649,0.7197145223617554,1.5311164855957031,,,
197,90699,0.4212675094604492,1.6088521480560303,,,
197,90749,0.6168707609176636,1.8881351947784424,,,
197,90799,1.05117666721344,2.5040512084960938,,,
197,90849,1.0267102718353271,1.6214795112609863,,,
197,90899,0.534205436706543,2.2841105461120605,,,
197,90949,0.8558927774429321,1.13737952709198,,,
197,90999,0.8979006409645081,1.0259170532226562,,,
197,91049,0.5145589709281921,0.9955569505691528,,,
197,91079,,,0.5563408998232975,1.3291425704956055,0.656762957572937
198,91099,1.2565972805023193,1.906522512435913,,,
198,91149,0.7642391920089722,1.5924773216247559,,,
198,91199,0.8622087836265564,0.7896149158477783,,,
198,91249,0.8622311949729919,0.9760512113571167,,,
198,91299,1.0660654306411743,1.524367094039917,,,
198,91349,1.1172139644622803,1.0454334020614624,,,
198,91399,0.7448294758796692,0.8730648756027222,,,
198,91449,0.8761416077613831,1.3593171834945679,,,
198,91499,0.5248742699623108,0.9902914762496948,,,
198,91539,,,0.653527252956368,1.228043556213379,0.899948000907898
199,91549,0.7806824445724487,1.5481443405151367,,,
199,91599,0.8874329328536987,0.9184110164642334,,,
199,91649,0.6043426394462585,1.406455159187317,,,
199,91699,0.7493380308151245,0.9825550317764282,,,
199,91749,0.6512323021888733,1.4184969663619995,,,
199,91799,0.965836226940155,1.3435068130493164,,,
199,91849,0.8210434913635254,1.2195919752120972,,,
199,91899,0.5392224788665771,1.7001512050628662,,,
199,91949,0.5523623824119568,1.5600252151489258,,,
199,91999,0.8364161849021912,1.0876215696334839,,,
199,91999,,,0.5356123419872231,1.2543389797210693,0.6019883155822754
200,92049,0.7293246984481812,1.1150449514389038,,,
200,92099,0.5734650492668152,1.3221534490585327,,,
200,92149,1.0963796377182007,1.4831397533416748,,,
200,92199,0.9760338068008423,0.7825303673744202,,,
200,92249,0.5554865598678589,1.3328553438186646,,,
200,92299,0.6058974266052246,1.3894670009613037,,,
200,92349,0.9220813512802124,1.2075093984603882,,,
200,92399,0.5859125852584839,1.361259937286377,,,
200,92449,0.8147874474525452,1.5865297317504883,,,
200,92459,,,0.5342530922930543,1.3549624681472778,0.49155324697494507
201,92499,0.483274906873703,1.7153563499450684,,,
201,92549,0.8845729827880859,0.945791482925415,,,
201,92599,0.6885460615158081,1.7057528495788574,,,
201,92649,0.6453311443328857,1.217923641204834,,,
201,92699,0.7956130504608154,1.6470524072647095,,,
201,92749,0.6715543270111084,0.978699266910553,,,
201,92799,0.8514967560768127,1.9917980432510376,,,
201,92849,0.9222011566162109,1.9118385314941406,,,
201,92899,0.6934433579444885,1.4406239986419678,,,
201,92919,,,0.5585156993339676,1.2667230367660522,0.6456825137138367
202,92949,0.9187735319137573,1.6141433715820312,,,
202,92999,0.37447452545166016,1.2094531059265137,,,
202,93049,0.9322205781936646,1.2054665088653564,,,
202,93099,0.5802978277206421,1.0291569232940674,,,
202,93149,0.5317168831825256,1.7998037338256836,,,
202,93199,0.6828193664550781,1.5065855979919434,,,
202,93249,0.9146887063980103,1.174459457397461,,,
202,93299,0.5863142013549805,1.151413917541504,,,
202,93349,0.6706183552742004,1.0221788883209229,,,
202,93379,,,0.5147478591817317,1.3347045183181763,0.5352704524993896
203,93399,0.5598174929618835,1.1564695835113525,,,
203,93449,0.9529626965522766,1.7761688232421875,,,
203,93499,0.9064387679100037,1.340092420578003,,,
203,93549,0.9564164280891418,1.4758033752441406,,,
203,93599,0.808236300945282,1.8163281679153442,,,
203,93649,1.3994901180267334,1.3043570518493652,,,
203,93699,0.6973285675048828,1.4381248950958252,,,
203,93749,1.0424219369888306,1.116137981414795,,,
203,93799,0.2949392795562744,1.493877649307251,,,
203,93839,,,0.5154954465135245,1.3800135850906372,0.49474459886550903
204,93849,0.5862700939178467,1.567407488822937,,,
204,93899,1.0486255884170532,1.07625412940979,,,
204,93949,0.60445636510849,1.8110255002975464,,,
204,93999,0.7990621328353882,1.0439212322235107,,,
204,94049,0.598090410232544,1.3654065132141113,,,
204,94099,0.8833611011505127,0.9101355671882629,,,
204,94149,0.5507882237434387,1.429565668106079,,,
204,94199,0.7175247669219971,0.8644982576370239,,,
204,94249,0.7236114144325256,1.0472602844238281,,,
204,94299,0.5531107783317566,1.2906855344772339,,,
204,94299,,,0.5239907571020797,1.3818222284317017,0.6102291345596313
205,94349,1.0791378021240234,1.8208019733428955,,,
205,94399,0.8270679712295532,1.0561800003051758,,,
205,94449,1.3041287660598755,1.1859281063079834,,,
205,94499,0.5953720808029175,1.4428231716156006,,,
205,94549,1.0044931173324585,0.9102823138237,,,
205,94599,0.7452223896980286,1.2542760372161865,,,
205,94649,0.9178047180175781,1.0572882890701294,,,
205,94699,0.746387779712677,1.7751986980438232,,,
205,94749,0.6953039169311523,1.435758113861084,,,
205,94759,,,0.5358841919260569,1.3569142818450928,0.5638540983200073
206,94799,1.132650375366211,1.0520756244659424,,,
206,94849,0.7040654420852661,1.1669142246246338,,,
206,94899,0.4784456193447113,1.1295239925384521,,,
206,94949,0.7234446406364441,1.1410483121871948,,,
206,94999,0.6811804175376892,1.2819926738739014,,,
206,95049,0.8633807301521301,1.4058923721313477,,,
206,95099,0.8698331117630005,1.0257378816604614,,,
206,95149,0.8269509673118591,0.8452520370483398,,,
206,95199,0.9013246297836304,0.9474998712539673,,,
206,95219,,,0.6982465678945222,1.1832576990127563,0.8511139750480652
207,95249,0.5652651786804199,1.1236801147460938,,,
207,95299,1.5588555335998535,1.4170876741409302,,,
207,95349,0.5025507807731628,1.5276262760162354,,,
207,95399,0.40985971689224243,1.7621798515319824,,,
207,95449,0.8398826122283936,0.875320315361023,,,
207,95499,0.8127533793449402,0.9074658155441284,,,
207,95549,1.0210415124893188,0.8184827566146851,,,
207,95599,0.8749160170555115,1.152966022491455,,,
207,95649,0.6492083072662354,1.4931669235229492,,,
207,95679,,,0.6865570205246704,1.2129526138305664,0.7903578877449036
208,95699,0.8658638000488281,0.8361672163009644,,,
208,95749,0.8710139989852905,1.3034509420394897,,,
208,95799,0.6461057662963867,1.0879703760147095,,,
208,95849,0.6129550933837891,1.6768414974212646,,,
208,95899,0.5421162843704224,0.6074576377868652,,,
208,95949,1.0415366888046265,1.0178413391113281,,,
208,95999,0.7706378102302551,1.0173208713531494,,,
208,96049,1.0307046175003052,0.8724125623703003,,,
208,96099,0.8830211162567139,1.505057692527771,,,
208,96139,,,0.5780888949299986,1.2699705362319946,0.7616746425628662
209,96149,1.0291293859481812,1.31069016456604,,,
209,96199,1.1431560516357422,1.2447952032089233,,,
209,96249,0.6777060031890869,1.3436627388000488,,,
209,96299,0.47587651014328003,1.110994577407837,,,
209,96349,0.7347398996353149,1.448318600654602,,,
209,96399,0.5596274137496948,1.185139536857605,,,
209,96449,0.6461263298988342,1.2171437740325928,,,
209,96499,0.6031895279884338,0.8461635112762451,,,
209,96549,0.6862353086471558,0.8279314041137695,,,
209,96599,0.7736573219299316,1.3051220178604126,,,
209,96599,,,0.5706130216120702,1.2923054695129395,0.6516819000244141
210,96649,0.49307987093925476,1.7524943351745605,,,
210,96699,0.780776858329773,1.137997031211853,,,
210,96749,0.7726188898086548,1.572135329246521,,,
210,96799,0.6690710186958313,1.6825695037841797,,,
210,96849,0.8324244022369385,1.2286972999572754,,,
210,96899,0.6248966455459595,1.397512674331665,,,
210,96949,0.5130951404571533,1.3313418626785278,,,
210,96999,0.5829689502716064,1.4593420028686523,,,
210,97049,0.9933322668075562,1.5359666347503662,,,
210,97059,,,0.6521680032621993,1.2256290912628174,0.8798428177833557
211,97099,0.8038526773452759,1.378096580505371,,,
211,97149,0.6327842473983765,0.5694295167922974,,,
211,97199,0.6802638173103333,1.4070700407028198,,,
211,97249,1.046790361404419,1.659048080444336,,,
211,97299,1.122187852859497,1.7110271453857422,,,
211,97349,0.6978680491447449,0.8618662357330322,,,
211,97399,0.615818977355957,1.2252225875854492,,,
211,97449,0.5839112997055054,1.251711130142212,,,
211,97499,0.7897945642471313,1.068001389503479,,,
211,97519,,,0.5739431833627837,1.2389910221099854,0.5460062026977539
212,97549,0.7345035076141357,1.2935843467712402,,,
212,97599,0.8794534802436829,1.2769588232040405,,,
212,97649,0.5950733423233032,1.3624333143234253,,,
212,97699,0.5837525129318237,1.2663090229034424,,,
212,97749,0.3700140118598938,1.5006953477859497,,,
212,97799,0.8896404504776001,1.4643940925598145,,,
212,97849,0.6454704999923706,1.1485681533813477,,,
212,97899,0.783443808555603,1.3194775581359863,,,
212,97949,0.7126516699790955,1.1616699695587158,,,
212,97979,,,0.5668750849531059,1.2528183460235596,0.6400824189186096
213,97999,1.3887009620666504,0.5630366206169128,,,
213,98049,0.9840545654296875,1.0267994403839111,,,
213,98099,0.5769075155258179,1.4848458766937256,,,
213,98149,0.4948464334011078,1.2791228294372559,,,
213,98199,0.8132492899894714,1.3484090566635132,,,
213,98249,0.7776463031768799,1.0738162994384766,,,
213,98299,0.6293865442276001,0.9489089250564575,,,
213,98349,0.795249879360199,1.3070571422576904,,,
213,98399,0.8076223731040955,1.3966102600097656,,,
213,98439,,,0.5214761451678673,1.363851547241211,0.5587370991706848
214,98449,0.7723839282989502,1.5457065105438232,,,
214,98499,1.0589404106140137,0.791039764881134,,,
214,98549,0.6696677207946777,0.7103968262672424,,,
214,98599,0.9026122689247131,1.2947889566421509,,,
214,98649,0.5868787169456482,1.594367504119873,,,
214,98699,0.737747311592102,0.7901836633682251,,,
214,98749,0.9425562620162964,1.3747200965881348,,,
214,98799,0.5149343013763428,1.9585423469543457,,,
214,98849,0.6046457290649414,1.4879531860351562,,,
214,98899,0.891220211982727,1.1131848096847534,,,
214,98899,,,0.5071360608943863,1.364089012145996,0.5823546051979065
215,98949,0.7181544899940491,1.4129608869552612,,,
215,98999,0.6327821612358093,0.847686767578125,,,
215,99049,0.5123364329338074,1.504537582397461,,,
215,99099,0.44981661438941956,1.668186902999878,,,
215,99149,0.5537640452384949,1.7661060094833374,,,
215,99199,0.5688173174858093,0.9858214855194092,,,
215,99249,0.8256703615188599,1.272477149963379,,,
215,99299,0.7325061559677124,1.578168272972107,,,
215,99349,0.8872072696685791,1.1099703311920166,,,
215,99359,,,0.7100040777490825,1.1749675273895264,0.7384955286979675
216,99399,0.5946063995361328,1.0321567058563232,,,
216,99449,0.6506011486053467,1.7137075662612915,,,
216,99499,0.6042935848236084,1.7471119165420532,,,
216,99549,1.0136771202087402,1.5500653982162476,,,
216,99599,1.3395651578903198,1.0780032873153687,,,
216,99649,1.060786485671997,1.781090497970581,,,
216,99699,0.6472604274749756,1.3093451261520386,,,
216,99749,0.8267446756362915,0.8750100135803223,,,
216,99799,0.7474435567855835,1.0847994089126587,,,
216,99819,,,0.4771646051379638,1.4339935779571533,0.5201534628868103
217,99849,0.9200649261474609,0.9925217628479004,,,
217,99899,0.5913140773773193,1.1329751014709473,,,
217,99949,0.7656047940254211,1.0594768524169922,,,
217,99999,0.7707772254943848,1.5137908458709717,,,
217,100049,0.7273305654525757,2.289553642272949,,,
217,100099,0.9878454208374023,1.115361213684082,,,
217,100149,0.4387279748916626,1.325257420539856,,,
217,100199,0.56685870885849,1.3748981952667236,,,
217,100249,0.80275559425354,0.8714845180511475,,,
217,100279,,,0.6529155905939921,1.2715054750442505,1.0626649856567383
218,100299,0.8639819622039795,1.873955249786377,,,
218,100349,0.6211059093475342,0.8164507746696472,,,
218,100399,0.7030859589576721,1.2315607070922852,,,
218,100449,0.7254974246025085,1.3775018453598022,,,
218,100499,0.8878159523010254,0.7481296062469482,,,
218,100549,0.47710663080215454,1.142973780632019,,,
218,100599,0.6747790575027466,1.497833013534546,,,
218,100649,0.458823561668396,1.5435080528259277,,,
218,100699,0.800702691078186,1.0185704231262207,,,
218,100739,,,0.5668750849531059,1.3340452909469604,0.6059074997901917
219,100749,0.7791025638580322,1.37237548828125,,,
219,100799,0.6388017535209656,1.1277318000793457,,,
219,100849,0.890351414680481,0.7886866331100464,,,
219,100899,1.1999934911727905,0.6797932982444763,,,
219,100949,0.7609876990318298,1.3218963146209717,,,
219,100999,0.861298143863678,1.1062612533569336,,,
219,101049,0.5529509782791138,1.4452173709869385,,,
219,101099,0.7122541666030884,1.059973120689392,,,
219,101149,0.6335959434509277,1.8333396911621094,,,
219,101199,0.8227753639221191,0.8109162449836731,,,
219,101199,,,0.48185401658284627,1.5051783323287964,0.4361238181591034
220,101249,0.6885526180267334,1.5589375495910645,,,
220,101299,0.6636636257171631,1.011574149131775,,,
220,101349,0.7988688945770264,1.0843669176101685,,,
220,101399,0.8702729940414429,1.5173437595367432,,,
220,101449,0.44826632738113403,1.3934237957000732,,,
220,101499,0.9942207336425781,2.107489585876465,,,
220,101549,0.9005845189094543,1.6535732746124268,,,
220,101599,1.0040175914764404,1.5468411445617676,,,
220,101649,0.5491361618041992,1.250192642211914,,,
220,101659,,,0.48980562729373384,1.3506581783294678,0.5925301313400269
221,101699,1.0426992177963257,1.2106728553771973,,,
221,101749,0.6732054948806763,1.5015313625335693,,,
221,101799,0.716759204864502,1.6602848768234253,,,
221,101849,0.8395715355873108,1.6297571659088135,,,
221,101899,0.7806938886642456,1.6242109537124634,,,
221,101949,0.8958730697631836,0.8639454245567322,,,
221,101999,0.6761560440063477,1.232492446899414,,,
221,102049,1.0267138481140137,1.2111542224884033,,,
221,102099,0.9806229472160339,1.2934083938598633,,,
221,102119,,,0.6194780481174392,1.2696677446365356,0.6810408234596252
222,102149,0.45652860403060913,1.2427058219909668,,,
222,102199,0.6378304362297058,1.0294108390808105,,,
222,102249,0.6943498849868774,1.0990126132965088,,,
222,102299,0.6079299449920654,0.9386025071144104,,,
222,102349,0.8113139867782593,1.3926687240600586,,,
222,102399,1.1513240337371826,1.0284076929092407,,,
222,102449,0.6959743499755859,0.8871959447860718,,,
222,102499,0.5487010478973389,0.9689103364944458,,,
222,102549,0.5894979238510132,1.366370439529419,,,
222,102579,,,0.6423814054641838,1.235748529434204,0.6815851330757141
223,102599,0.9293134212493896,1.004900574684143,,,
223,102649,0.5510027408599854,1.5114214420318604,,,
223,102699,0.8107861280441284,1.4051364660263062,,,
223,102749,0.7470429539680481,1.24222731590271,,,
223,102799,0.588356614112854,1.5272347927093506,,,
223,102849,0.7633180618286133,1.2098817825317383,,,
223,102899,0.5665788650512695,1.5070635080337524,,,
223,102949,0.711772620677948,2.0461387634277344,,,
223,102999,0.7549936771392822,1.238609790802002,,,
223,103039,,,0.5490689139594943,1.2994155883789062,0.6266710758209229
224,103049,0.9836799502372742,0.6833385229110718,,,
224,103099,0.6168003678321838,1.5216350555419922,,,
224,103149,0.7026664018630981,0.880092978477478,,,
224,103199,0.7398477792739868,1.1749505996704102,,,
224,103249,0.8503918647766113,1.0214520692825317,,,
224,103299,0.8782232999801636,0.8015768527984619,,,
224,103349,1.0934319496154785,0.7917348742485046,,,
224,103399,0.6599791049957275,0.9238948225975037,,,
224,103449,0.479079008102417,1.5682333707809448,,,
224,103499,0.9755121469497681,1.0739493370056152,,,
224,103499,,,0.6073807258393367,1.2787137031555176,0.755859375
225,103549,0.9213828444480896,2.1850759983062744,,,
225,103599,1.0695408582687378,1.0586498975753784,,,
225,103649,0.947364330291748,0.7724527716636658,,,
225,103699,0.5712088346481323,1.3244704008102417,,,
225,103749,0.6271523237228394,1.2730515003204346,,,
225,103799,1.0406670570373535,1.009841799736023,,,
225,103849,0.5587732195854187,1.0618367195129395,,,
225,103899,0.6910263895988464,1.352332353591919,,,
225,103949,0.9527478218078613,1.3986272811889648,,,
225,103959,,,0.5778170449911649,1.294223427772522,0.5552393794059753
226,103999,0.8083239793777466,1.0706391334533691,,,
226,104049,0.6742165684700012,1.2819238901138306,,,
226,104099,0.8053002953529358,1.1370717287063599,,,
226,104149,0.8145816326141357,0.9546114206314087,,,
226,104199,0.8246155977249146,0.9058059453964233,,,
226,104249,0.5286356806755066,1.1558873653411865,,,
226,104299,0.7096036672592163,1.4097548723220825,,,
226,104349,0.8532443046569824,0.9392760992050171,,,
226,104399,0.9279597997665405,1.3225994110107422,,,
226,104419,,,0.6755470980019029,1.2309157848358154,0.7330973148345947
227,104449,0.6753993630409241,1.4924049377441406,,,
227,104499,0.9584466218948364,1.4718012809753418,,,
227,104549,0.6278219819068909,1.2914808988571167,,,
227,104599,0.8409992456436157,1.3225657939910889,,,
227,104649,0.580767810344696,1.6859229803085327,,,
227,104699,0.6601711511611938,1.0917270183563232,,,
227,104749,0.9206123352050781,1.0303988456726074,,,
227,104799,0.7464553117752075,1.7117278575897217,,,
227,104849,0.6663669347763062,1.3830112218856812,,,
227,104879,,,0.5939241538670654,1.2359657287597656,0.6038030982017517
228,104899,0.725676953792572,1.273593544960022,,,
228,104949,0.6200571060180664,1.1239391565322876,,,
228,104999,0.4863054156303406,1.1193788051605225,,,
228,105049,0.8782521486282349,2.022839069366455,,,
228,105099,0.8649973273277283,1.3672984838485718,,,
228,105149,0.6467013359069824,1.374767780303955,,,
228,105199,0.8247956037521362,1.4494526386260986,,,
228,105249,1.4013346433639526,1.0998774766921997,,,
228,105299,0.6869154572486877,0.9114832282066345,,,
228,105339,,,0.5819627565583798,1.3097609281539917,0.67330002784729
229,105349,0.6529631614685059,0.7303519248962402,,,
229,105399,0.6545265316963196,1.1459133625030518,,,
229,105449,0.9760302305221558,1.0344035625457764,,,
229,105499,0.5734621286392212,1.134474754333496,,,
229,105549,0.6772871017456055,1.2523937225341797,,,
229,105599,0.6503949165344238,1.1449791193008423,,,
229,105649,0.6520066261291504,0.9685436487197876,,,
229,105699,0.5983755588531494,1.2656893730163574,,,
229,105749,0.5853992104530334,1.1729295253753662,,,
229,105799,1.0238624811172485,1.3414570093154907,,,
229,105799,,,0.505844773684926,1.3829333782196045,0.4868563413619995
230,105849,0.7518151998519897,1.230684518814087,,,
230,105899,0.9200339913368225,1.2801575660705566,,,
230,105949,0.43859022855758667,1.797677993774414,,,
230,105999,0.49256783723831177,1.6273279190063477,,,
230,106049,0.6383149027824402,1.3342002630233765,,,
230,106099,0.7130507826805115,1.7323744297027588,,,
230,106149,0.8747206926345825,0.7771313190460205,,,
230,106199,0.6654334664344788,1.092820644378662,,,
230,106249,0.6526416540145874,1.3482675552368164,,,
230,106259,,,0.4911648769879027,1.444213628768921,0.5018496513366699
231,106299,0.7160556316375732,1.045519232749939,,,
231,106349,0.693026065826416,1.0217138528823853,,,
231,106399,0.6723864078521729,0.8158921003341675,,,
231,106449,0.5188050270080566,2.0081067085266113,,,
231,106499,0.3915834426879883,1.4370768070220947,,,
231,106549,0.7074124813079834,1.26560640335083,,,
231,106599,0.963381826877594,1.0294773578643799,,,
231,106649,1.0756926536560059,1.7087211608886719,,,
231,106699,1.105736255645752,1.0502190589904785,,,
231,106719,,,0.5675547098001903,1.2973982095718384,0.71405428647995
232,106749,0.9945592880249023,1.1347379684448242,,,
232,106799,0.7110352516174316,1.2672088146209717,,,
232,106849,0.8707079291343689,1.1127631664276123,,,
232,106899,1.0958895683288574,1.4943146705627441,,,
232,106949,0.8430290222167969,1.937012791633606,,,
232,106999,0.5418071746826172,1.3248839378356934,,,
232,107049,0.667249321937561,1.2470030784606934,,,
232,107099,0.5651220083236694,1.6155829429626465,,,
232,107149,0.8385061025619507,1.2028346061706543,,,
232,107179,,,0.48797064020660597,1.3937280178070068,0.5307660698890686
233,107199,0.409584641456604,2.0107717514038086,,,
233,107249,0.763153076171875,1.1177852153778076,,,
233,107299,0.8887949585914612,1.903839111328125,,,
233,107349,0.7972171306610107,1.2642593383789062,,,
233,107399,0.6725703477859497,1.2731614112854004,,,
233,107449,1.0638161897659302,1.3630492687225342,,,
233,107499,0.4705096185207367,1.7523999214172363,,,
233,107549,0.7340725660324097,1.5892260074615479,,,
233,107599,0.517501950263977,1.1457709074020386,,,
233,107639,,,0.5712246839744461,1.3378015756607056,0.5628374814987183
234,107649,0.8690313100814819,1.4145479202270508,,,
234,107699,0.6997623443603516,0.9565751552581787,,,
234,107749,0.9067291021347046,1.4711971282958984,,,
234,107799,0.5539128184318542,1.4115245342254639,,,
234,107849,0.7156147956848145,0.9551746845245361,,,
234,107899,0.5687999129295349,1.573898196220398,,,
234,107949,0.6378577947616577,1.0491960048675537,,,
234,107999,0.6534838676452637,1.0220346450805664,,,
234,108049,0.8816875219345093,1.5005375146865845,,,
234,108099,1.0059735774993896,2.0958826541900635,,,
234,108099,,,0.6461873046078564,1.4730485677719116,0.9538739919662476
235,108149,0.5359967947006226,1.043402910232544,,,
235,108199,0.5416641235351562,1.8009922504425049,,,
235,108249,0.7135865688323975,1.388157844543457,,,
235,108299,0.5946335792541504,0.9832455515861511,,,
235,108349,0.709180474281311,1.5112688541412354,,,
235,108399,0.8384199738502502,1.1170883178710938,,,
235,108449,0.36181962490081787,1.5725077390670776,,,
235,108499,0.8824861645698547,1.0174741744995117,,,
235,108549,0.6654897928237915,1.0442436933517456,,,
235,108559,,,0.47335870599429114,1.4288462400436401,0.48476776480674744
236,108599,0.8461252450942993,1.4191854000091553,,,
236,108649,1.1115537881851196,1.7783657312393188,,,
236,108699,0.4315907955169678,1.5361382961273193,,,
236,108749,0.8242661356925964,1.2553043365478516,,,
236,108799,0.6624866724014282,1.580258846282959,,,
236,108849,0.9640398025512695,1.3392717838287354,,,
236,108899,0.601966142654419,1.389724612236023,,,
236,108949,0.6182525157928467,0.9289824962615967,,,
236,108999,0.637531578540802,1.3458964824676514,,,
236,109019,,,0.5158352589370667,1.3818628787994385,0.6069176197052002
237,109049,0.6202818155288696,1.3073129653930664,,,
237,109099,0.8521738648414612,0.9513968229293823,,,
237,109149,0.548287034034729,1.5244699716567993,,,
237,109199,0.7168505191802979,0.9756754040718079,,,
237,109249,0.6555346250534058,1.6801097393035889,,,
237,109299,0.6728042960166931,2.005488872528076,,,
237,109349,0.7851710319519043,1.3134894371032715,,,
237,109399,0.7634688019752502,1.753507375717163,,,
237,109449,0.5403473377227783,1.3351993560791016,,,
237,109479,,,0.5116895473698518,1.471491813659668,0.532067060470581
238,109499,0.8969032764434814,1.3183188438415527,,,
238,109549,0.43731415271759033,1.914677619934082,,,
238,109599,0.7711167335510254,1.0063729286193848,,,
238,109649,0.39081886410713196,1.4382743835449219,,,
238,109699,0.6514319181442261,1.1492149829864502,,,
238,109749,0.3884131610393524,1.108891487121582,,,
238,109799,0.8807075023651123,1.4841701984405518,,,
238,109849,0.6266051530838013,1.7079472541809082,,,
238,109899,1.2113299369812012,1.1949009895324707,,,
238,109939,,,0.5742829957863259,1.2357052564620972,0.6535074710845947
239,109949,0.7874205708503723,1.028907299041748,,,
239,109999,1.1311670541763306,1.332221508026123,,,
239,110049,0.7348271012306213,0.9551219344139099,,,
239,110099,0.9964374303817749,1.4546294212341309,,,
239,110149,0.8919503092765808,1.1610522270202637,,,
239,110199,0.5531733632087708,1.5743811130523682,,,
239,110249,0.506828248500824,1.2230842113494873,,,
239,110299,0.8996154069900513,1.0186338424682617,,,
239,110349,0.6666790246963501,1.2818416357040405,,,
239,110399,0.6064020395278931,1.6245357990264893,,,
239,110399,,,0.4813782791898872,1.3001067638397217,0.6654829382896423
240,110449,1.2131590843200684,1.9003524780273438,,,
240,110499,0.8216383457183838,1.2619177103042603,,,
240,110549,0.8844364285469055,1.2223246097564697,,,
240,110599,0.5966604351997375,0.979080855846405,,,
240,110649,1.2195614576339722,1.7025352716445923,,,
240,110699,0.7550257444381714,0.9109596610069275,,,
240,110749,0.6374474763870239,1.6241519451141357,,,
240,110799,0.9489550590515137,2.080573558807373,,,
240,110849,0.40725797414779663,1.2800326347351074,,,
240,110859,,,0.518349870871279,1.3552360534667969,0.5796501636505127
241,110899,0.7207059860229492,0.739194393157959,,,
241,110949,0.5950698852539062,1.328341007232666,,,
241,110999,0.4203178584575653,1.7494261264801025,,,
241,111049,0.620653510093689,1.6053361892700195,,,
241,111099,0.713223397731781,1.5261330604553223,,,
241,111149,0.7663751840591431,1.1070055961608887,,,
241,111199,1.0479474067687988,1.0834343433380127,,,
241,111249,0.917315661907196,1.5407860279083252,,,
241,111299,0.790289580821991,1.1829992532730103,,,
241,111319,,,0.5757781704499116,1.3557969331741333,0.5912302136421204
242,111349,1.1162607669830322,0.9674174189567566,,,
242,111399,0.5159416198730469,1.7515182495117188,,,
242,111449,0.6400637626647949,1.3055088520050049,,,
242,111499,0.5458933115005493,1.4606151580810547,,,
242,111549,0.6178082227706909,1.1053292751312256,,,
242,111599,0.6395848989486694,1.9806228876113892,,,
242,111649,0.924011766910553,0.8521766662597656,,,
242,111699,1.042490005493164,1.6944485902786255,,,
242,111749,0.6453866958618164,1.3340108394622803,,,
242,111779,,,0.3911240994970776,1.4616893529891968,0.6331512928009033
243,111799,0.4199986755847931,2.383171319961548,,,
243,111849,0.7109628915786743,0.9149899482727051,,,
243,111899,0.5722147226333618,1.062821388244629,,,
243,111949,0.5592609643936157,1.2278985977172852,,,
243,111999,0.6546128988265991,0.7491827011108398,,,
243,112049,0.6904891729354858,0.8468814492225647,,,
243,112099,0.4362967610359192,1.5200612545013428,,,
243,112149,0.5236573219299316,1.1389529705047607,,,
243,112199,0.8934506177902222,0.9460089206695557,,,
243,112239,,,0.5539622128585021,1.4034584760665894,0.6982733011245728
244,112249,0.8103091716766357,1.1120251417160034,,,
244,112299,0.8776984810829163,0.9923930168151855,,,
244,112349,0.377033531665802,1.6402599811553955,,,
244,112399,0.7014345526695251,1.4932994842529297,,,
244,112449,0.7508702278137207,1.0253266096115112,,,
244,112499,0.5869863629341125,1.5991989374160767,,,
244,112549,0.7224476337432861,1.3480172157287598,,,
244,112599,0.47452789545059204,1.0636928081512451,,,
244,112649,0.7686769962310791,0.9672142267227173,,,
244,112699,0.6721073389053345,1.613821029663086,,,
244,112699,,,0.632866657605002,1.1675938367843628,0.6952121257781982
245,112749,0.7006325125694275,1.1149133443832397,,,
245,112799,0.6961311101913452,0.9249453544616699,,,
245,112849,0.5930190086364746,1.6470885276794434,,,
245,112899,0.7948330640792847,1.0554081201553345,,,
245,112949,0.6392762660980225,1.5565967559814453,,,
245,112999,0.5765763521194458,1.1678955554962158,,,
245,113049,1.0649492740631104,1.2801649570465088,,,
245,113099,0.8573014736175537,1.2067240476608276,,,
245,113149,0.623121976852417,1.2487553358078003,,,
245,113159,,,0.48681527796656243,1.4402594566345215,0.5762644410133362
246,113199,0.4897335171699524,1.607284426689148,,,
246,113249,1.1452041864395142,1.1029937267303467,,,
246,113299,0.7296162843704224,1.192099690437317,,,
246,113349,0.9520184993743896,0.8940716981887817,,,
246,113399,0.7263113260269165,1.1911213397979736,,,
246,113449,0.7404351234436035,0.9267055988311768,,,
246,113499,1.478850245475769,1.2907626628875732,,,
246,113549,0.5587756633758545,1.2643682956695557,,,
246,113599,0.6160488128662109,0.9894291758537292,,,
246,113619,,,0.5281364686692945,1.3624728918075562,0.5521277785301208
247,113649,0.548453152179718,1.6093114614486694,,,
247,113699,0.6353079676628113,0.7564747333526611,,,
247,113749,0.5523577332496643,1.2259190082550049,,,
247,113799,0.7132846117019653,1.4715375900268555,,,
247,113849,0.6050510406494141,1.7176753282546997,,,
247,113899,0.8130378127098083,0.8315988779067993,,,
247,113949,0.7875480055809021,1.2969847917556763,,,
247,113999,0.36841142177581787,1.4884965419769287,,,
247,114049,0.46703284978866577,1.5129075050354004,,,
247,114079,,,0.49571836346336823,1.3946465253829956,0.46750661730766296
248,114099,0.29864856600761414,1.1048767566680908,,,
248,114149,0.6859270930290222,0.9641327261924744,,,
248,114199,0.9993833899497986,1.2443586587905884,,,
248,114249,0.4953371286392212,1.6181395053863525,,,
248,114299,0.7837386131286621,1.2344670295715332,,,
248,114349,0.8275378942489624,0.9256550073623657,,,
248,114399,0.8435587882995605,1.3246452808380127,,,
248,114449,0.8873324394226074,1.4026703834533691,,,
248,114499,1.0958576202392578,1.036947250366211,,,
248,114539,,,0.6033709392415386,1.217142105102539,0.7386890649795532
249,114549,0.8688046932220459,1.3289211988449097,,,
249,114599,0.43584221601486206,0.9922454953193665,,,
249,114649,1.070978045463562,0.8018481731414795,,,
249,114699,0.9781928658485413,2.1435017585754395,,,
249,114749,0.6932690739631653,1.5733919143676758,,,
249,114799,0.5848573446273804,1.0795698165893555,,,
249,114849,0.6054918766021729,1.6771109104156494,,,
249,114899,0.9401249885559082,1.4880329370498657,,,
249,114949,0.7221480011940002,0.8744762539863586,,,
249,114999,0.9457487463951111,2.7970478534698486,,,
249,114999,,,0.5917493543563953,1.3122413158416748,1.13033926486969
250,115049,0.6899538040161133,1.613896369934082,,,
250,115099,0.6838852167129517,0.9028111100196838,,,
250,115149,0.8108948469161987,1.1810743808746338,,,
250,115199,0.48424309492111206,1.5130462646484375,,,
250,115249,0.5840682983398438,1.966342568397522,,,
250,115299,0.44970637559890747,1.4939336776733398,,,
250,115349,0.8028655052185059,1.1084977388381958,,,
250,115399,0.9172095060348511,1.5193843841552734,,,
250,115449,0.9219746589660645,0.9641633033752441,,,
250,115459,,,0.4906211771102352,1.4710166454315186,0.4154442548751831
251,115499,0.7797155380249023,1.1307930946350098,,,
251,115549,0.919501781463623,0.9173846244812012,,,
251,115599,0.9503872394561768,2.009174346923828,,,
251,115649,0.6363776922225952,0.8237285614013672,,,
251,115699,0.7842426300048828,1.0058563947677612,,,
251,115749,0.7896576523780823,0.957550048828125,,,
251,115799,0.7928328514099121,1.4095799922943115,,,
251,115849,0.7870058417320251,1.2043883800506592,,,
251,115899,0.6895214319229126,1.0505163669586182,,,
251,115919,,,0.49497077613157536,1.4774956703186035,0.4509310722351074
252,115949,0.6929932236671448,1.089220404624939,,,
252,115999,0.6220923662185669,1.0389025211334229,,,
252,116049,0.4336565434932709,0.9710060954093933,,,
252,116099,0.4785926043987274,1.475179672241211,,,
252,116149,0.5022697448730469,1.2751390933990479,,,
252,116199,0.7830902338027954,1.8047730922698975,,,
252,116249,0.6343052387237549,2.537008762359619,,,
252,116299,0.5412295460700989,1.719623327255249,,,
252,116349,0.7220596671104431,1.3721699714660645,,,
252,116379,,,0.689887182275384,1.1267189979553223,1.0466036796569824
253,116399,1.2838175296783447,0.8093371987342834,,,
253,116449,0.5424566268920898,1.961414098739624,,,
253,116499,0.8473037481307983,1.1387861967086792,,,
253,116549,0.7506729960441589,1.283661961555481,,,
253,116599,1.078489899635315,1.2548363208770752,,,
253,116649,0.6199855804443359,1.1709272861480713,,,
253,116699,0.8493173122406006,1.4293473958969116,,,
253,116749,0.625078558921814,1.5777928829193115,,,
253,116799,0.4807322323322296,1.1662375926971436,,,
253,116839,,,0.5890308549680576,1.2427759170532227,0.8027203679084778
254,116849,0.5691962242126465,1.3290623426437378,,,
254,116899,0.7275461554527283,0.8386330604553223,,,
254,116949,0.4907396137714386,0.8338425159454346,,,
254,116999,0.7044565677642822,1.6797696352005005,,,
254,117049,0.4766763746738434,1.180570125579834,,,
254,117099,1.1316956281661987,1.3269020318984985,,,
254,117149,0.6999740600585938,1.40291428565979,,,
254,117199,0.7514957785606384,1.2585129737854004,,,
254,117249,0.7777657508850098,1.19371497631073,,,
254,117299,0.8172520995140076,1.2986695766448975,,,
254,117299,,,0.5273888813375017,1.4221174716949463,0.5691158175468445
255,117349,0.6820259690284729,1.443282127380371,,,
255,117399,0.5508331656455994,1.4607635736465454,,,
255,117449,0.5447095036506653,1.48622465133667,,,
255,117499,0.7528055310249329,1.6623625755310059,,,
255,117549,0.5067543387413025,2.3201377391815186,,,
255,117599,0.8529951572418213,1.6142010688781738,,,
255,117649,0.6700650453567505,1.4183571338653564,,,
255,117699,0.7259832620620728,1.3997845649719238,,,
255,117749,0.6658764481544495,1.6042518615722656,,,
255,117759,,,0.513864346880522,1.3823822736740112,0.4879501760005951
256,117799,0.6849385499954224,1.444216012954712,,,
256,117849,0.535816490650177,1.8941723108291626,,,
256,117899,0.5427939891815186,1.6916260719299316,,,
256,117949,0.6245409250259399,1.5537168979644775,,,
256,117999,0.7650371789932251,1.2444318532943726,,,
256,118049,0.6884407997131348,0.828902006149292,,,
256,118099,0.7815334796905518,1.2147440910339355,,,
256,118149,0.6174874901771545,0.9573849439620972,,,
256,118199,0.801432728767395,1.2615289688110352,,,
256,118219,,,0.7013048797064021,1.1494386196136475,0.7653985023498535
257,118249,0.5023974180221558,1.3465980291366577,,,
257,118299,0.6040478944778442,0.9067832231521606,,,
257,118349,0.5026960372924805,1.3296763896942139,,,
257,118399,0.8211954832077026,0.9568188190460205,,,
257,118449,0.8562887907028198,0.9238764643669128,,,
257,118499,1.0691899061203003,1.4554048776626587,,,
257,118549,1.1397017240524292,1.524761438369751,,,
257,118599,0.8553094267845154,1.150408148765564,,,
257,118649,0.43059471249580383,2.411439895629883,,,
257,118679,,,0.5405736033709393,1.3398239612579346,0.5818291306495667
258,118699,0.5941200256347656,1.4939899444580078,,,
258,118749,0.5890111923217773,1.3310906887054443,,,
258,118799,0.8826539516448975,1.0868102312088013,,,
258,118849,0.7048540711402893,0.920339822769165,,,
258,118899,0.6113690733909607,1.3009822368621826,,,
258,118949,0.6321036219596863,1.1360502243041992,,,
258,118999,0.5213463306427002,1.8904378414154053,,,
258,119049,0.679263710975647,1.382792353630066,,,
258,119099,0.8580677509307861,1.3393597602844238,,,
258,119139,,,0.6336142449367949,1.2347548007965088,0.7861027717590332
259,119149,0.5243874788284302,2.046677350997925,,,
259,119199,0.7245023250579834,1.0087254047393799,,,
259,119249,0.2994306683540344,1.6189417839050293,,,
259,119299,0.5816493034362793,1.1878292560577393,,,
259,119349,0.7387478351593018,0.9226455688476562,,,
259,119399,0.7309587001800537,1.3739488124847412,,,
259,119449,0.6085329055786133,1.6391881704330444,,,
259,119499,0.6697818040847778,2.0825657844543457,,,
259,119549,0.6424129009246826,2.6563196182250977,,,
259,119599,0.950609564781189,0.9307012557983398,,,
259,119599,,,0.5322821802365094,1.4006396532058716,0.5319939851760864
260,119649,0.473467081785202,1.0978046655654907,,,
260,119699,0.6666774749755859,0.891675591468811,,,
260,119749,0.800324559211731,0.9819559454917908,,,
260,119799,0.6972844004631042,1.5349607467651367,,,
260,119849,0.8467167615890503,1.0566198825836182,,,
260,119899,0.6510036587715149,2.034402370452881,,,
260,119949,0.5849206447601318,1.1550288200378418,,,
260,119999,0.6857093572616577,2.175600528717041,,,
260,120049,0.8122528791427612,1.1134350299835205,,,
260,120059,,,0.7581215169226587,1.2109735012054443,0.7350515723228455
261,120099,0.7415554523468018,0.7765569686889648,,,
261,120149,0.6057142019271851,1.3697949647903442,,,
261,120199,1.1536381244659424,1.3899129629135132,,,
261,120249,0.7540033459663391,0.9242991805076599,,,
261,120299,0.6771472692489624,0.9085122346878052,,,
261,120349,0.4931538701057434,1.431532859802246,,,
261,120399,0.7133922576904297,1.4584641456604004,,,
261,120449,0.4368935823440552,1.680077314376831,,,
261,120499,0.7057506442070007,1.773642897605896,,,
261,120519,,,0.6113225499524263,1.3280894756317139,0.6513453722000122
262,120549,0.9509694576263428,0.9308613538742065,,,
262,120599,1.0940285921096802,1.2634601593017578,,,
262,120649,0.5121476650238037,1.4684065580368042,,,
262,120699,0.49515631794929504,0.99232017993927,,,
262,120749,0.8251948952674866,0.914300799369812,,,
262,120799,0.8233667016029358,1.318251609802246,,,
262,120849,0.394520103931427,1.3314483165740967,,,
262,120899,0.6247814893722534,1.2602092027664185,,,
262,120949,0.5786109566688538,1.4715347290039062,,,
262,120979,,,0.7229849123283947,1.2542474269866943,0.7528267502784729
263,120999,0.6024583578109741,1.1665277481079102,,,
263,121049,0.5470186471939087,1.1764862537384033,,,
263,121099,0.8039777874946594,1.4424748420715332,,,
263,121149,0.8322428464889526,1.224459171295166,,,
263,121199,0.6563524603843689,1.2304461002349854,,,
263,121249,0.9135884046554565,1.3422958850860596,,,
263,121299,0.6493210792541504,1.4592015743255615,,,
263,121349,0.5326932668685913,1.3414721488952637,,,
263,121399,0.596544623374939,1.165911316871643,,,
263,121439,,,0.5889628924833492,1.2308357954025269,0.6257346272468567
264,121449,0.6559635996818542,1.7047934532165527,,,
264,121499,0.8105289340019226,0.9235061407089233,,,
264,121549,1.1613452434539795,1.213089942932129,,,
264,121599,1.3389008045196533,1.1230088472366333,,,
264,121649,0.6148832440376282,1.2480006217956543,,,
264,121699,0.45640552043914795,1.1419565677642822,,,
264,121749,0.7009344696998596,1.2949631214141846,,,
264,121799,0.8676139712333679,1.4119254350662231,,,
264,121849,0.8103320598602295,1.4631202220916748,,,
264,121899,0.766425609588623,0.8386250734329224,,,
264,121899,,,0.5271849938833764,1.223010778427124,0.6075209379196167
265,121949,0.9314298033714294,1.3119425773620605,,,
265,121999,0.5491560697555542,1.2560391426086426,,,
265,122049,0.47631537914276123,1.067487120628357,,,
265,122099,0.5676786303520203,0.922666609287262,,,
265,122149,1.0795707702636719,1.2939748764038086,,,
265,122199,0.8083820343017578,0.6832025051116943,,,
265,122249,0.6511431932449341,1.156972050666809,,,
265,122299,0.7171911001205444,0.9919446706771851,,,
265,122349,1.211771011352539,1.6006293296813965,,,
265,122359,,,0.6062253635992932,1.3312466144561768,0.7575592994689941
266,122399,0.8432818055152893,1.1554975509643555,,,
266,122449,0.6136630177497864,1.2178599834442139,,,
266,122499,1.0001232624053955,1.3027081489562988,,,
266,122549,0.8521787524223328,1.1781411170959473,,,
266,122599,0.570099949836731,1.4418728351593018,,,
266,122649,0.6136924028396606,1.5854398012161255,,,
266,122699,0.7335131168365479,1.750052571296692,,,
266,122749,0.9887979030609131,1.1518257856369019,,,
266,122799,0.5480213761329651,1.1973907947540283,,,
266,122819,,,0.4683294821258665,1.5296475887298584,0.47206228971481323
267,122849,0.49356380105018616,1.306687593460083,,,
267,122899,0.8173097968101501,0.8374103307723999,,,
267,122949,0.355205774307251,2.0101232528686523,,,
267,122999,1.6577330827713013,1.304102897644043,,,
267,123049,1.065462589263916,0.6673290133476257,,,
267,123099,0.5523979067802429,1.0321294069290161,,,
267,123149,0.768922746181488,1.1183053255081177,,,
267,123199,0.8947955369949341,1.7825695276260376,,,
267,123249,0.952229380607605,1.1992590427398682,,,
267,123279,,,0.4902813646866929,1.604249119758606,0.4114847481250763
268,123299,0.7871025800704956,1.2737767696380615,,,
268,123349,0.6863363981246948,1.5192899703979492,,,
268,123399,0.398570716381073,2.0861904621124268,,,
268,123449,1.1828497648239136,1.2258071899414062,,,
268,123499,0.6412503719329834,1.3099980354309082,,,
268,123549,0.7565101385116577,0.8822860717773438,,,
268,123599,0.9340351819992065,0.9155149459838867,,,
268,123649,0.7331539392471313,2.337937355041504,,,
268,123699,0.6640373468399048,1.695974588394165,,,
268,123739,,,0.6045942639662906,1.2569760084152222,0.5860979557037354
269,123749,0.51498943567276,1.1476695537567139,,,
269,123799,0.7142499089241028,1.2939643859863281,,,
269,123849,0.5751713514328003,1.2626392841339111,,,
269,123899,0.44637465476989746,1.4017250537872314,,,
269,123949,0.727324366569519,1.1844292879104614,,,
269,123999,0.6524543762207031,1.3405389785766602,,,
269,124049,0.7620609402656555,1.3874099254608154,,,
269,124099,0.9398211240768433,0.8921127319335938,,,
269,124149,0.35592079162597656,1.8015727996826172,,,
269,124199,0.608783483505249,1.2594211101531982,,,
269,124199,,,0.5581758869104254,1.3071985244750977,0.5707696676254272
270,124249,1.1358356475830078,1.6297705173492432,,,
270,124299,0.5545414090156555,1.1798397302627563,,,
270,124349,0.42993903160095215,0.9339573383331299,,,
270,124399,1.0746150016784668,2.022613048553467,,,
270,124449,0.7145910859107971,1.6136969327926636,,,
270,124499,0.911784291267395,1.2716064453125,,,
270,124549,0.39435523748397827,1.5069231986999512,,,
270,124599,0.6283445358276367,0.8541962504386902,,,
270,124649,0.4293591380119324,1.3481673002243042,,,
270,124659,,,0.6642653255403017,1.3084394931793213,0.7551499009132385
271,124699,0.5533525347709656,1.4210548400878906,,,
271,124749,0.733029842376709,1.1260476112365723,,,
271,124799,0.7368557453155518,1.574674129486084,,,
271,124849,0.7620736360549927,1.261523723602295,,,
271,124899,0.46068471670150757,1.3174725770950317,,,
271,124949,0.7611509561538696,1.4064018726348877,,,
271,124999,0.7487708926200867,1.039672613143921,,,
271,125049,0.6855040192604065,0.9866963624954224,,,
271,125099,0.7349947094917297,1.3766955137252808,,,
271,125119,,,0.5332336550224276,1.361212134361267,0.5818150639533997
272,125149,0.6580338478088379,1.560860276222229,,,
272,125199,1.0477523803710938,1.1524118185043335,,,
272,125249,0.6701493263244629,1.4191850423812866,,,
272,125299,0.7508840560913086,1.4894174337387085,,,
272,125349,1.0260493755340576,1.9193682670593262,,,
272,125399,0.791998028755188,0.7705199122428894,,,
272,125449,0.6385869383811951,1.6758723258972168,,,
272,125499,0.8788048028945923,1.284461498260498,,,
272,125549,0.86593097448349,1.2215025424957275,,,
272,125579,,,0.5521272257713742,1.336958885192871,0.5954587459564209
273,125599,0.8715834617614746,0.7446357607841492,,,
273,125649,0.6497911214828491,1.836312174797058,,,
273,125699,0.7693659663200378,0.9118422269821167,,,
273,125749,0.7699631452560425,1.1396780014038086,,,
273,125799,0.945159375667572,1.3781627416610718,,,
273,125849,0.8115558624267578,1.3086918592453003,,,
273,125899,0.7961273789405823,1.2445945739746094,,,
273,125949,0.8668911457061768,1.7340930700302124,,,
273,125999,0.454877108335495,1.516617774963379,,,
273,126039,,,0.5273209188527933,1.3247406482696533,0.55911785364151
274,126049,0.6540281772613525,1.4476646184921265,,,
274,126099,0.38446253538131714,1.6895390748977661,,,
274,126149,0.7102651000022888,0.9208804368972778,,,
274,126199,0.7040352821350098,1.831955075263977,,,
274,126249,0.8129615187644958,1.0106298923492432,,,
274,126299,1.000740885734558,1.1663641929626465,,,
274,126349,0.6180341839790344,1.2229630947113037,,,
274,126399,0.9485242962837219,2.9460830688476562,,,
274,126449,0.7672555446624756,1.188108205795288,,,
274,126499,0.6090133190155029,1.5429365634918213,,,
274,126499,,,0.5512437134701644,1.3417497873306274,0.5302537679672241
275,126549,0.7724339962005615,1.345903992652893,,,
275,126599,0.8913366198539734,1.2532033920288086,,,
275,126649,0.9191594123840332,1.2263398170471191,,,
275,126699,0.5665395259857178,1.6558318138122559,,,
275,126749,0.6135327816009521,0.9124294519424438,,,
275,126799,1.0753364562988281,1.3415780067443848,,,
275,126849,0.9405435919761658,1.246638536453247,,,
275,126899,0.7098530530929565,1.0171613693237305,,,
275,126949,0.5180593729019165,1.1819261312484741,,,
275,126959,,,0.5202528204431154,1.3402167558670044,0.5015729665756226
276,126999,0.9807941317558289,1.4731769561767578,,,
276,127049,0.9733283519744873,1.750388264656067,,,
276,127099,0.6851151585578918,1.613655686378479,,,
276,127149,0.7845708727836609,1.5152661800384521,,,
276,127199,0.5789586305618286,1.6258764266967773,,,
276,127249,0.5912398099899292,1.0207252502441406,,,
276,127299,0.6407228112220764,1.086690902709961,,,
276,127349,0.8652491569519043,1.0060641765594482,,,
276,127399,0.7596410512924194,1.0293068885803223,,,
276,127419,,,0.5210683702596167,1.388893961906433,0.4817450940608978
277,127449,0.9612526893615723,1.3709512948989868,,,
277,127499,0.5247576832771301,1.7343180179595947,,,
277,127549,0.8195466995239258,1.4322965145111084,,,
277,127599,0.9221476316452026,1.0161786079406738,,,
277,127649,0.6114218235015869,1.49368155002594,,,
277,127699,1.1586697101593018,0.767846941947937,,,
277,127749,0.8141318559646606,1.1042872667312622,,,
277,127799,0.8984254598617554,1.4907259941101074,,,
277,127849,0.7642217874526978,1.1366583108901978,,,
277,127879,,,0.5536903629196683,1.2301799058914185,0.5776597857475281
278,127899,0.6867438554763794,1.2783253192901611,,,
278,127949,1.06464421749115,1.176367998123169,,,
278,127999,0.7756859660148621,1.150223731994629,,,
278,128049,1.013039231300354,1.7648240327835083,,,
278,128099,0.7612288594245911,1.8043386936187744,,,
278,128149,0.9283145666122437,1.527489185333252,,,
278,128199,0.7012166380882263,1.315678358078003,,,
278,128249,0.6686830520629883,1.180517315864563,,,
278,128299,0.9969477653503418,0.8430687189102173,,,
278,128339,,,0.6428571428571429,1.2154834270477295,0.6839802861213684
279,128349,1.2427371740341187,0.9524770975112915,,,
279,128399,0.659417450428009,0.8798055648803711,,,
279,128449,0.8842282891273499,0.8991119861602783,,,
279,128499,0.7867587804794312,1.1056287288665771,,,
279,128549,0.5181065797805786,1.9322280883789062,,,
279,128599,0.9052331447601318,1.2277278900146484,,,
279,128649,0.6338078379631042,1.3115345239639282,,,
279,128699,0.5779018402099609,1.710245966911316,,,
279,128749,0.7065447568893433,1.4718765020370483,,,
279,128799,0.5185650587081909,1.3945486545562744,,,
279,128799,,,0.6574011145847493,1.2154951095581055,0.7490884065628052
280,128849,0.791123628616333,1.106292963027954,,,
280,128899,0.5649043321609497,1.2093963623046875,,,
280,128949,0.4701252281665802,1.1442766189575195,,,
280,128999,0.6530793905258179,1.0090155601501465,,,
280,129049,0.559794545173645,1.19861900806427,,,
280,129099,0.5566406846046448,1.29067063331604,,,
280,129149,0.4349260926246643,2.0269479751586914,,,
280,129199,0.9394640922546387,1.234025239944458,,,
280,129249,1.1152315139770508,0.9443724155426025,,,
280,129259,,,0.47152371890716327,1.5378621816635132,0.4934214651584625
281,129299,1.3072611093521118,1.5445886850357056,,,
281,129349,0.6024584770202637,1.1479212045669556,,,
281,129399,0.6235539317131042,1.5121822357177734,,,
281,129449,0.7075276374816895,1.3972104787826538,,,
281,129499,0.5601640939712524,1.5464729070663452,,,
281,129549,0.7488091588020325,1.0304169654846191,,,
281,129599,0.6996022462844849,1.5321319103240967,,,
281,129649,0.7344602346420288,0.6717348098754883,,,
281,129699,0.9025292992591858,0.8665176630020142,,,
281,129719,,,0.5019029495718363,1.4164613485336304,0.522851288318634
282,129749,0.5872240662574768,1.079397439956665,,,
282,129799,0.6014185547828674,1.0943280458450317,,,
282,129849,0.41929545998573303,1.0252878665924072,,,
282,129899,0.6501017808914185,1.3546451330184937,,,
282,129949,0.7842256426811218,0.8996884226799011,,,
282,129999,0.7747098207473755,1.3935067653656006,,,
282,130049,0.7893536686897278,1.1591747999191284,,,
282,130099,0.4572315216064453,1.1611171960830688,,,
282,130149,0.3980201482772827,1.6750195026397705,,,
282,130179,,,0.5067962484708441,1.4283874034881592,0.42850154638290405
283,130199,0.6832437515258789,0.9649906158447266,,,
283,130249,0.4401389956474304,1.7858567237854004,,,
283,130299,0.7186743021011353,0.963712215423584,,,
283,130349,0.48454371094703674,1.7410956621170044,,,
283,130399,0.7277525663375854,1.402727723121643,,,
283,130449,1.027137279510498,1.4008595943450928,,,
283,130499,0.949246883392334,1.6912415027618408,,,
283,130549,0.738242506980896,1.9330661296844482,,,
283,130599,0.6981654763221741,1.7748620510101318,,,
283,130639,,,0.8449096098953378,0.9803019762039185,0.9893771409988403
284,130649,0.646435558795929,1.1225584745407104,,,
284,130699,0.5688647627830505,1.3931758403778076,,,
284,130749,0.8068721294403076,1.0378522872924805,,,
284,130799,0.8578722476959229,1.3475278615951538,,,
284,130849,0.9825891852378845,0.9393808841705322,,,
284,130899,0.9654862284660339,1.346451997756958,,,
284,130949,0.5875855684280396,1.6007664203643799,,,
284,130999,0.8449607491493225,1.1366820335388184,,,
284,131049,0.6776384115219116,1.475104808807373,,,
284,131099,0.6851893067359924,1.1215968132019043,,,
284,131099,,,0.4972815006116624,1.4742950201034546,0.40097776055336
285,131149,0.6613941192626953,0.9320749640464783,,,
285,131199,0.2947418689727783,1.8327319622039795,,,
285,131249,0.45775339007377625,1.252673625946045,,,
285,131299,0.7303887605667114,1.301523208618164,,,
285,131349,0.7403690814971924,1.4259076118469238,,,
285,131399,0.551071286201477,1.3315954208374023,,,
285,131449,0.5191177725791931,1.8568377494812012,,,
285,131499,0.782958984375,2.1102826595306396,,,
285,131549,0.8260239362716675,1.3826801776885986,,,
285,131559,,,0.5572244121245072,1.2985039949417114,0.7116577625274658
286,131599,0.9866208434104919,1.0567865371704102,,,
286,131649,0.8434689044952393,1.0539798736572266,,,
286,131699,0.7046201229095459,1.3203564882278442,,,
286,131749,0.6812207102775574,1.174423098564148,,,
286,131799,0.5796602964401245,1.3883287906646729,,,
286,131849,0.4927601218223572,1.1515120267868042,,,
286,131899,0.4921480417251587,0.9907456636428833,,,
286,131949,0.526856541633606,1.1659082174301147,,,
286,131999,0.6796029806137085,0.9938219785690308,,,
286,132019,,,0.665080875356803,1.2627025842666626,0.6681675910949707
287,132049,0.9575046300888062,0.6780731678009033,,,
287,132099,0.5075998902320862,1.1319912672042847,,,
287,132149,0.8610827922821045,1.427899718284607,,,
287,132199,0.9381616711616516,1.2767235040664673,,,
287,132249,0.49982672929763794,1.442020297050476,,,
287,132299,0.6180315017700195,1.002622365951538,,,
287,132349,0.4461454153060913,1.865896463394165,,,
287,132399,1.2747747898101807,1.7172486782073975,,,
287,132449,0.5601190328598022,1.1226447820663452,,,
287,132479,,,0.5164469212994427,1.3631106615066528,0.546201765537262
288,132499,0.7585595846176147,0.7457183599472046,,,
288,132549,0.8545306921005249,0.8955519199371338,,,
288,132599,0.8555895090103149,1.086360216140747,,,
288,132649,0.7324666976928711,1.9093282222747803,,,
288,132699,0.5428584218025208,1.6179358959197998,,,
288,132749,0.7274620532989502,1.1029176712036133,,,
288,132799,0.5236403346061707,2.198904037475586,,,
288,132849,0.9876056909561157,1.1673613786697388,,,
288,132899,0.588107168674469,1.4898486137390137,,,
288,132939,,,0.6166915862443931,1.2314012050628662,0.6942971348762512
289,132949,0.7890497446060181,1.1973724365234375,,,
289,132999,0.6947098970413208,1.593247652053833,,,
289,133049,0.6186058521270752,1.0339016914367676,,,
289,133099,0.6319148540496826,1.4388784170150757,,,
289,133149,0.7898131608963013,2.4593842029571533,,,
289,133199,0.7928634881973267,1.0464454889297485,,,
289,133249,0.8193602561950684,1.360457181930542,,,
289,133299,0.7882956266403198,0.6879518628120422,,,
289,133349,0.31513720750808716,1.268566370010376,,,
289,133399,0.4991827607154846,1.812158465385437,,,
289,133399,,,0.5907299170857686,1.2874640226364136,0.7732115387916565
290,133449,0.8789374828338623,0.8854180574417114,,,
290,133499,0.4648822844028473,1.187549114227295,,,
290,133549,0.52190101146698,1.0274908542633057,,,
290,133599,0.5930433869361877,0.6677731871604919,,,
290,133649,0.8039952516555786,1.8403306007385254,,,
290,133699,0.7969470620155334,1.2935388088226318,,,
290,133749,0.5760722160339355,1.2277462482452393,,,
290,133799,0.6229274272918701,1.3401927947998047,,,
290,133849,0.6316515207290649,1.3237210512161255,,,
290,133859,,,0.6071768383852114,1.294968843460083,0.7015593647956848
291,133899,0.7296392917633057,1.4036586284637451,,,
291,133949,0.8682430982589722,1.0578519105911255,,,
291,133999,0.9451353549957275,1.1144232749938965,,,
291,134049,0.7879316806793213,1.4308550357818604,,,
291,134099,0.7672989368438721,1.1366100311279297,,,
291,134149,0.8117880821228027,1.4379757642745972,,,
291,134199,0.626593828201294,1.0044560432434082,,,
291,134249,0.5022618174552917,1.491532802581787,,,
291,134299,0.6469697952270508,1.3300702571868896,,,
291,134319,,,0.5755742829957863,1.268255352973938,0.6549162268638611
292,134349,0.9175124168395996,1.0255980491638184,,,
292,134399,1.40666663646698,0.9965009093284607,,,
292,134449,1.1405611038208008,0.9699349403381348,,,
292,134499,0.5647242069244385,1.317427635192871,,,
292,134549,0.6885597705841064,1.8293335437774658,,,
292,134599,0.5076820850372314,1.6621195077896118,,,
292,134649,1.076326847076416,1.5031794309616089,,,
292,134699,0.7424373030662537,1.5365581512451172,,,
292,134749,0.673499584197998,1.8133771419525146,,,
292,134779,,,0.5490009514747859,1.2730154991149902,0.7190921902656555
293,134799,0.4071468710899353,1.5702714920043945,,,
293,134849,0.5416052937507629,0.9046547412872314,,,
293,134899,0.9110029935836792,1.3175711631774902,,,
293,134949,0.4502396881580353,3.0743632316589355,,,
293,134999,0.5204698443412781,1.3818135261535645,,,
293,135049,0.5916665196418762,1.1738239526748657,,,
293,135099,0.8549003601074219,0.8577021956443787,,,
293,135149,0.778504490852356,1.3859786987304688,,,
293,135199,0.4730112552642822,1.7591967582702637,,,
293,135239,,,0.5286122060622537,1.3873770236968994,0.6168150305747986
294,135249,0.5950304269790649,1.5011659860610962,,,
294,135299,0.7099490165710449,1.6269145011901855,,,
294,135349,0.7887592315673828,2.2472033500671387,,,
294,135399,0.6015975475311279,1.4361820220947266,,,
294,135449,0.6315973997116089,1.2167072296142578,,,
294,135499,0.6263847947120667,2.0061092376708984,,,
294,135549,0.5794812440872192,2.6928091049194336,,,
294,135599,0.5274254083633423,1.4260095357894897,,,
294,135649,0.6601451635360718,1.716394305229187,,,
294,135699,0.9800584316253662,0.8263881206512451,,,
294,135699,,,0.5180100584477368,1.372346043586731,0.48723655939102173
295,135749,0.7306720018386841,0.9399410486221313,,,
295,135799,0.6243019104003906,1.5360207557678223,,,
295,135849,0.6300022602081299,1.1494320631027222,,,
295,135899,1.0366477966308594,1.3568177223205566,,,
295,135949,0.7091354727745056,0.9657915830612183,,,
295,135999,1.0152968168258667,0.8063716888427734,,,
295,136049,0.6473038196563721,1.383989691734314,,,
295,136099,0.808381199836731,1.1635246276855469,,,
295,136149,0.36235806345939636,1.528351068496704,,,
295,136159,,,0.8240451270898465,1.157440185546875,0.8948855996131897
296,136199,0.5349226593971252,0.9549787044525146,,,
296,136249,0.916290283203125,1.448464035987854,,,
296,136299,0.6413658857345581,1.3678514957427979,,,
296,136349,0.5577579140663147,1.2000997066497803,,,
296,136399,0.36294394731521606,1.6141490936279297,,,
296,136449,0.7199575901031494,2.032954216003418,,,
296,136499,1.3058865070343018,1.2387847900390625,,,
296,136549,0.6076947450637817,1.0941802263259888,,,
296,136599,0.5610485076904297,1.2585238218307495,,,
296,136619,,,0.5934484164741063,1.3931469917297363,0.8018301129341125
297,136649,0.4706827998161316,1.4174480438232422,,,
297,136699,0.6101686954498291,2.088229179382324,,,
297,136749,0.719903826713562,1.3968274593353271,,,
297,136799,0.6024661064147949,1.2651891708374023,,,
297,136849,0.47986847162246704,1.4986552000045776,,,
297,136899,0.6189122200012207,1.1916929483413696,,,
297,136949,0.7506837248802185,1.3366076946258545,,,
297,136999,0.8866891264915466,2.165907859802246,,,
297,137049,0.8677425384521484,1.2933924198150635,,,
297,137079,,,0.5623895609623488,1.4177887439727783,0.5462004542350769
298,137099,0.40940749645233154,0.9418841600418091,,,
298,137149,0.788757860660553,1.045162558555603,,,
298,137199,0.6366757154464722,1.299951434135437,,,
298,137249,1.1117618083953857,0.7837393879890442,,,
298,137299,0.8083387613296509,1.2568060159683228,,,
298,137349,0.5783928632736206,0.9483142495155334,,,
298,137399,0.8549711108207703,0.8250221014022827,,,
298,137449,0.791228175163269,1.492898941040039,,,
298,137499,0.6528537273406982,1.5014190673828125,,,
298,137539,,,0.6026233519097458,1.314060926437378,0.8128042817115784
299,137549,0.7303134799003601,2.2636704444885254,,,
299,137599,0.5542507171630859,1.5047597885131836,,,
299,137649,0.6746372580528259,1.1483690738677979,,,
299,137699,0.3703843355178833,1.6105175018310547,,,
299,137749,0.5064918994903564,2.3805038928985596,,,
299,137799,0.841539740562439,0.910458505153656,,,
299,137849,1.1682240962982178,0.8649394512176514,,,
299,137899,0.7262585759162903,1.0773274898529053,,,
299,137949,0.6339336037635803,1.545946717262268,,,
299,137999,0.6743622422218323,1.7887388467788696,,,
299,137999,,,0.5733315210004077,1.337018370628357,0.7195133566856384
