epoch,step,train_discriminator_loss,train_generator_loss,validation_discriminator_accuracy,validation_discriminator_loss,validation_generator_loss
0,49,1.3637661933898926,0.6947545409202576,,,
0,99,1.3411270380020142,0.7040441036224365,,,
0,149,1.3407528400421143,0.6957973837852478,,,
0,199,1.3212738037109375,0.7098740339279175,,,
0,249,1.3101824522018433,0.7165200114250183,,,
0,299,1.3294360637664795,0.6986863017082214,,,
0,349,1.3178925514221191,0.7186847925186157,,,
0,399,1.2975640296936035,0.733536958694458,,,
0,449,1.3145573139190674,0.7248059511184692,,,
0,459,,,0.788840560010874,1.304269552230835,0.718595564365387
1,499,1.2906553745269775,0.7526414394378662,,,
1,549,1.3736572265625,0.670260488986969,,,
1,599,1.3101048469543457,0.7340860366821289,,,
1,649,1.296025276184082,0.7576590776443481,,,
1,699,1.3405767679214478,0.7000713348388672,,,
1,749,1.3245582580566406,0.7316812872886658,,,
1,799,1.3196278810501099,0.7330824136734009,,,
1,849,1.2892420291900635,0.7621914148330688,,,
1,899,1.27787446975708,0.7632766962051392,,,
1,919,,,0.7306646731004486,1.3199745416641235,0.737255334854126
2,949,1.3095424175262451,0.7368772625923157,,,
2,999,1.3066718578338623,0.7192946076393127,,,
2,1049,1.2696983814239502,0.7764691710472107,,,
2,1099,1.3250287771224976,0.721024751663208,,,
2,1149,1.283342719078064,0.7918184399604797,,,
2,1199,1.3270752429962158,0.7237869501113892,,,
2,1249,1.2957345247268677,0.7617554664611816,,,
2,1299,1.2982358932495117,0.7605899572372437,,,
2,1349,1.3271815776824951,0.7231717705726624,,,
2,1379,,,0.7072176158760364,1.3095484972000122,0.7437956929206848
3,1399,1.2909284830093384,0.7400110960006714,,,
3,1449,1.3110268115997314,0.7349386811256409,,,
3,1499,1.2819160223007202,0.7592387199401855,,,
3,1549,1.3120872974395752,0.7305514812469482,,,
3,1599,1.2793563604354858,0.7678518295288086,,,
3,1649,1.25609290599823,0.7928296327590942,,,
3,1699,1.2647788524627686,0.763414740562439,,,
3,1749,1.3199468851089478,0.7262319326400757,,,
3,1799,1.2586753368377686,0.8034713268280029,,,
3,1839,,,0.6080603506864211,1.3329564332962036,0.760071873664856
4,1849,1.2560293674468994,0.7976961731910706,,,
4,1899,1.3013768196105957,0.7498885989189148,,,
4,1949,1.2373582124710083,0.7942445278167725,,,
4,1999,1.2611300945281982,0.7520594000816345,,,
4,2049,1.318727731704712,0.7563528418540955,,,
4,2099,1.320353388786316,0.719864010810852,,,
4,2149,1.328231692314148,0.773754358291626,,,
4,2199,1.2364534139633179,0.7937740087509155,,,
4,2249,1.2001349925994873,0.8090872168540955,,,
4,2299,1.2713971138000488,0.7537866234779358,,,
4,2299,,,0.23467445969824657,1.3874311447143555,0.7162769436836243
5,2349,1.2234928607940674,0.8026984930038452,,,
5,2399,1.1823811531066895,0.8137100338935852,,,
5,2449,1.1218235492706299,0.9159048795700073,,,
5,2499,1.2187010049819946,0.7925509810447693,,,
5,2549,1.2962253093719482,0.7176706790924072,,,
5,2599,1.1625478267669678,0.9062680602073669,,,
5,2649,1.1832044124603271,0.94731605052948,,,
5,2699,1.178185224533081,0.8419531583786011,,,
5,2749,1.1598812341690063,0.8651927709579468,,,
5,2759,,,0.6786733722984912,1.3051942586898804,0.7156815528869629
6,2799,1.1204328536987305,0.8676329851150513,,,
6,2849,1.0596272945404053,0.9459953308105469,,,
6,2899,1.1406540870666504,0.837107241153717,,,
6,2949,1.1406244039535522,1.0110821723937988,,,
6,2999,1.2195719480514526,0.7650375366210938,,,
6,3049,1.1960841417312622,0.88978111743927,,,
6,3099,1.3360515832901,0.6865675449371338,,,
6,3149,1.2284023761749268,0.8086510300636292,,,
6,3199,0.8921607136726379,1.3055541515350342,,,
6,3219,,,0.6493815413891532,1.2957499027252197,0.843538761138916
7,3249,1.140671730041504,0.9277560710906982,,,
7,3299,1.0296056270599365,1.0777709484100342,,,
7,3349,0.9253448247909546,1.2406322956085205,,,
7,3399,1.353445291519165,0.7583948373794556,,,
7,3449,1.0841307640075684,0.8837156295776367,,,
7,3499,1.1200536489486694,0.9184271097183228,,,
7,3549,0.9569040536880493,1.1461021900177002,,,
7,3599,1.1783859729766846,0.8642712831497192,,,
7,3649,1.2867190837860107,0.9002220034599304,,,
7,3679,,,0.6437406551583525,1.1757667064666748,1.1189017295837402
8,3699,1.2031896114349365,0.8858552575111389,,,
8,3749,1.2197866439819336,0.8384976387023926,,,
8,3799,1.1204829216003418,0.9891360998153687,,,
8,3849,1.2222044467926025,0.8630549907684326,,,
8,3899,1.1101186275482178,1.0221495628356934,,,
8,3949,1.251640796661377,0.8321871757507324,,,
8,3999,1.236858606338501,0.8515390157699585,,,
8,4049,1.2572386264801025,0.7648056745529175,,,
8,4099,1.2007458209991455,0.8792835474014282,,,
8,4139,,,0.6580127769471252,1.2277097702026367,0.9690000414848328
9,4149,1.1463229656219482,0.8974044322967529,,,
9,4199,1.4506371021270752,0.7093355655670166,,,
9,4249,1.2506659030914307,0.7803730368614197,,,
9,4299,1.2719874382019043,0.8368738293647766,,,
9,4349,1.3007028102874756,0.8599734306335449,,,
9,4399,1.227916955947876,0.948939323425293,,,
9,4449,1.1981236934661865,0.8718197345733643,,,
9,4499,1.279045820236206,0.7828788757324219,,,
9,4549,1.2240562438964844,0.8848984241485596,,,
9,4599,1.371140956878662,0.7752635478973389,,,
9,4599,,,0.8382492863939106,1.322097659111023,0.8034963011741638
10,4649,1.3246278762817383,0.7531110644340515,,,
10,4699,1.2265167236328125,0.9383959174156189,,,
10,4749,1.1740643978118896,0.971240758895874,,,
10,4799,1.1858081817626953,0.9467441439628601,,,
10,4849,1.2947732210159302,0.8702647686004639,,,
10,4899,1.3443808555603027,0.7582108378410339,,,
10,4949,1.2401739358901978,0.889132022857666,,,
10,4999,1.438112735748291,0.9200714826583862,,,
10,5049,1.328190803527832,0.7804719805717468,,,
10,5059,,,0.5917493543563953,1.3480058908462524,0.7691503763198853
11,5099,1.1559138298034668,0.9378480911254883,,,
11,5149,1.2319581508636475,0.9465911984443665,,,
11,5199,1.3548774719238281,0.7891446948051453,,,
11,5249,1.299931287765503,0.8296281099319458,,,
11,5299,1.3525993824005127,0.8070604801177979,,,
11,5349,1.288861632347107,0.853415846824646,,,
11,5399,1.3168573379516602,0.9008011221885681,,,
11,5449,1.2316112518310547,0.838956892490387,,,
11,5499,1.2931512594223022,0.857913613319397,,,
11,5519,,,0.601739839608536,1.3869646787643433,0.7107134461402893
12,5549,1.332921028137207,0.783327579498291,,,
12,5599,1.3736308813095093,0.8205214738845825,,,
12,5649,1.2584724426269531,0.9267464876174927,,,
12,5699,1.2553555965423584,0.8490402698516846,,,
12,5749,1.2831834554672241,0.9168679714202881,,,
12,5799,1.351590871810913,0.7190639972686768,,,
12,5849,1.242008924484253,0.9292730093002319,,,
12,5899,1.2626440525054932,0.8510733842849731,,,
12,5949,1.268540382385254,0.7864338755607605,,,
12,5979,,,0.5936523039282317,1.3682405948638916,0.7621498107910156
13,5999,1.291176676750183,0.9093812108039856,,,
13,6049,1.2976138591766357,0.8478590250015259,,,
13,6099,1.1520345211029053,1.0195791721343994,,,
13,6149,1.0864651203155518,1.1196379661560059,,,
13,6199,1.2945431470870972,0.7825161814689636,,,
13,6249,1.3093223571777344,0.8575977087020874,,,
13,6299,1.173999309539795,1.006556510925293,,,
13,6349,1.2717636823654175,0.9386803507804871,,,
13,6399,1.3182547092437744,0.7747220993041992,,,
13,6439,,,0.5931765665352725,1.3019660711288452,0.9033136963844299
14,6449,1.204357624053955,0.928230345249176,,,
14,6499,1.3165779113769531,0.7711442708969116,,,
14,6549,1.2893887758255005,0.8386353254318237,,,
14,6599,1.3793814182281494,0.6711562275886536,,,
14,6649,1.3397347927093506,0.7312808036804199,,,
14,6699,1.3112854957580566,0.8846654891967773,,,
14,6749,1.384791374206543,0.7599607706069946,,,
14,6799,1.2998642921447754,0.8243592977523804,,,
14,6849,1.3837171792984009,0.7335377931594849,,,
14,6899,1.2823312282562256,0.7809392213821411,,,
14,6899,,,0.6894114448824249,1.239772915840149,0.9096888303756714
15,6949,1.2442879676818848,0.8800506591796875,,,
15,6999,1.1330240964889526,0.9993895888328552,,,
15,7049,1.2420401573181152,1.007067084312439,,,
15,7099,1.2757930755615234,0.7792361974716187,,,
15,7149,1.3054542541503906,0.7955593466758728,,,
15,7199,1.220479130744934,0.9130038022994995,,,
15,7249,1.3115274906158447,0.8523051738739014,,,
15,7299,1.235082983970642,0.932246208190918,,,
15,7349,1.285788893699646,0.869898796081543,,,
15,7359,,,0.6517602283539486,1.201373815536499,1.0103262662887573
16,7399,1.2817049026489258,0.823486328125,,,
16,7449,1.2363547086715698,0.8624497652053833,,,
16,7499,1.179807424545288,0.921238899230957,,,
16,7549,1.2690927982330322,0.8191372156143188,,,
16,7599,1.2272707223892212,0.9918721318244934,,,
16,7649,1.2350151538848877,0.9551913142204285,,,
16,7699,1.2517764568328857,0.8894630670547485,,,
16,7749,1.265557885169983,0.849986732006073,,,
16,7799,1.25092351436615,0.908300518989563,,,
16,7819,,,0.6465271170313986,1.3237555027008057,0.7865890860557556
17,7849,1.3431048393249512,0.7653043866157532,,,
17,7899,1.3225311040878296,0.7520275712013245,,,
17,7949,1.3071755170822144,0.7569975852966309,,,
17,7999,1.1907013654708862,0.9514068365097046,,,
17,8049,1.401314616203308,0.7931206226348877,,,
17,8099,1.3106803894042969,0.7887111902236938,,,
17,8149,1.0746108293533325,1.0624737739562988,,,
17,8199,1.3628833293914795,0.7554264068603516,,,
17,8249,1.1752690076828003,0.9202710390090942,,,
17,8279,,,0.6632458882696751,1.286269187927246,0.8185483813285828
18,8299,1.271224021911621,0.7598595023155212,,,
18,8349,1.1246716976165771,0.8795644640922546,,,
18,8399,1.180222511291504,0.9594117403030396,,,
18,8449,1.1939923763275146,0.8322875499725342,,,
18,8499,1.4313441514968872,0.756799578666687,,,
18,8549,1.2796881198883057,0.8962740898132324,,,
18,8599,1.1268682479858398,1.0261573791503906,,,
18,8649,1.199372410774231,0.9715642929077148,,,
18,8699,1.293169617652893,0.9857293963432312,,,
18,8739,,,0.5392823161614788,1.2244411706924438,0.8832982182502747
19,8749,1.2765997648239136,0.825878918170929,,,
19,8799,1.1959106922149658,1.1210088729858398,,,
19,8849,1.0769314765930176,1.124932885169983,,,
19,8899,1.3302783966064453,0.7790505290031433,,,
19,8949,1.2862820625305176,0.9248706102371216,,,
19,8999,1.13742196559906,1.062768816947937,,,
19,9049,1.0074251890182495,1.054821491241455,,,
19,9099,1.2522754669189453,0.978744387626648,,,
19,9149,1.1884994506835938,0.8893023133277893,,,
19,9199,1.0850173234939575,0.9767076373100281,,,
19,9199,,,0.5887590050292238,1.3439007997512817,0.8027328252792358
20,9249,1.2513307332992554,0.9081992506980896,,,
20,9299,1.1929023265838623,0.8364993333816528,,,
20,9349,1.3563368320465088,0.7977858781814575,,,
20,9399,1.2007755041122437,0.8862399458885193,,,
20,9449,1.111377239227295,1.1467312574386597,,,
20,9499,1.0587010383605957,1.066514015197754,,,
20,9549,1.2174148559570312,0.7841986417770386,,,
20,9599,1.3348963260650635,1.0688594579696655,,,
20,9649,1.2137224674224854,0.9423245191574097,,,
20,9659,,,0.6264781840424086,1.307026743888855,0.8485656380653381
21,9699,1.0612220764160156,0.880181074142456,,,
21,9749,1.1349562406539917,0.9984163045883179,,,
21,9799,1.192108154296875,0.9407243728637695,,,
21,9849,1.285656452178955,0.8956389427185059,,,
21,9899,1.3125355243682861,0.8034378290176392,,,
21,9949,1.2952934503555298,0.7199875116348267,,,
21,9999,1.1907620429992676,0.7995924949645996,,,
21,10049,1.137573480606079,1.0651706457138062,,,
21,10099,1.1791623830795288,0.8375293016433716,,,
21,10119,,,0.5538942503737937,1.394193410873413,0.7326331734657288
22,10149,1.2648417949676514,0.8036426305770874,,,
22,10199,1.5545015335083008,0.7562493085861206,,,
22,10249,1.202284812927246,0.8697921633720398,,,
22,10299,1.0239812135696411,1.2142682075500488,,,
22,10349,1.337550163269043,0.8562607169151306,,,
22,10399,1.1625722646713257,0.8335991501808167,,,
22,10449,1.197645902633667,0.8769649267196655,,,
22,10499,1.2061563730239868,0.8617061376571655,,,
22,10549,1.2146936655044556,0.8222572803497314,,,
22,10579,,,0.5384667663449776,1.3908989429473877,0.7024592757225037
23,10599,1.1252319812774658,0.8558003902435303,,,
23,10649,1.2652418613433838,0.8893024325370789,,,
23,10699,1.1940288543701172,0.9576887488365173,,,
23,10749,0.9840177297592163,1.0712876319885254,,,
23,10799,1.299663782119751,0.9905444383621216,,,
23,10849,1.1219868659973145,0.9129660129547119,,,
23,10899,1.190925121307373,0.8682177066802979,,,
23,10949,1.1932052373886108,0.8905560970306396,,,
23,10999,1.421783447265625,0.7023385763168335,,,
23,11039,,,0.6540709528340356,1.2557166814804077,0.8785417079925537
24,11049,1.0909595489501953,0.8134081363677979,,,
24,11099,1.2757834196090698,0.7603905200958252,,,
24,11149,1.0906747579574585,1.0075420141220093,,,
24,11199,1.0711162090301514,1.0092604160308838,,,
24,11249,1.1632477045059204,0.933311402797699,,,
24,11299,1.3223323822021484,0.8164411783218384,,,
24,11349,0.9788082242012024,0.8584309816360474,,,
24,11399,1.2467575073242188,0.8191322088241577,,,
24,11449,1.196263074874878,0.9388735294342041,,,
24,11499,1.2954986095428467,0.8129487633705139,,,
24,11499,,,0.5251461193421232,1.3693699836730957,0.7777290940284729
25,11549,1.2106928825378418,0.7652961015701294,,,
25,11599,1.2575664520263672,1.0142316818237305,,,
25,11649,0.9822515845298767,0.9433168172836304,,,
25,11699,1.2320611476898193,1.0095434188842773,,,
25,11749,1.1270427703857422,0.8760914206504822,,,
25,11799,1.1189687252044678,0.7453215718269348,,,
25,11849,1.1198065280914307,0.901065468788147,,,
25,11899,1.1979823112487793,0.8105570673942566,,,
25,11949,1.2722253799438477,0.8959414958953857,,,
25,11959,,,0.4876987902677722,1.2881579399108887,0.8197700381278992
26,11999,1.2181698083877563,0.747178852558136,,,
26,12049,1.261296033859253,0.8274104595184326,,,
26,12099,1.2675096988677979,0.8190037608146667,,,
26,12149,1.287261724472046,0.7496752142906189,,,
26,12199,1.2582446336746216,0.8384733200073242,,,
26,12249,1.22025465965271,0.8346189260482788,,,
26,12299,1.2643465995788574,0.8377530574798584,,,
26,12349,1.2358386516571045,0.946307361125946,,,
26,12399,1.021183967590332,1.319411039352417,,,
26,12419,,,0.5780209324452902,1.3576009273529053,0.7109232544898987
27,12449,1.2250471115112305,0.9735627174377441,,,
27,12499,1.1994032859802246,0.7919918894767761,,,
27,12549,1.0937052965164185,0.9551752805709839,,,
27,12599,1.2670302391052246,0.9118108749389648,,,
27,12649,1.1059826612472534,0.9036774635314941,,,
27,12699,1.0783315896987915,0.9363284111022949,,,
27,12749,1.1606768369674683,0.9510538578033447,,,
27,12799,1.0317082405090332,1.1442475318908691,,,
27,12849,1.0791184902191162,1.0256307125091553,,,
27,12879,,,0.43896968873182,1.4175056219100952,0.7063201069831848
28,12899,1.2804207801818848,0.7855913043022156,,,
28,12949,1.0620867013931274,1.0300872325897217,,,
28,12999,1.1143338680267334,0.9546267986297607,,,
28,13049,1.3721057176589966,0.6974872350692749,,,
28,13099,1.2052013874053955,0.7632303237915039,,,
28,13149,1.0776370763778687,1.0304425954818726,,,
28,13199,1.165276050567627,0.8057098388671875,,,
28,13249,1.278245210647583,1.011793613433838,,,
28,13299,1.0579185485839844,0.8921650648117065,,,
28,13339,,,0.6140410493407639,1.315879464149475,0.8387877941131592
29,13349,1.1029149293899536,0.8744445443153381,,,
29,13399,1.223292589187622,0.8862749338150024,,,
29,13449,0.9771387577056885,0.9824143648147583,,,
29,13499,1.206411600112915,1.1357345581054688,,,
29,13549,1.2547781467437744,0.7415142059326172,,,
29,13599,1.088256597518921,0.8737926483154297,,,
29,13649,1.0136479139328003,1.0120937824249268,,,
29,13699,1.1954658031463623,1.0003587007522583,,,
29,13749,1.1202336549758911,1.078869104385376,,,
29,13799,1.0229425430297852,0.9813172221183777,,,
29,13799,,,0.45589234742422186,1.4358750581741333,0.7259617447853088
30,13849,1.0920355319976807,0.9025586843490601,,,
30,13899,0.9865684509277344,0.8453168869018555,,,
30,13949,1.2019315958023071,0.7657759189605713,,,
30,13999,1.1335041522979736,0.8411436080932617,,,
30,14049,1.0086631774902344,1.1409167051315308,,,
30,14099,1.0715751647949219,0.7932958006858826,,,
30,14149,1.1251250505447388,0.9566211700439453,,,
30,14199,1.1658382415771484,0.8025922775268555,,,
30,14249,0.946107029914856,1.0221624374389648,,,
30,14259,,,0.5200489329889901,1.3879655599594116,0.7174205780029297
31,14299,1.1342363357543945,0.830010175704956,,,
31,14349,1.0906296968460083,0.989636242389679,,,
31,14399,1.1478245258331299,0.8293142318725586,,,
31,14449,1.1881530284881592,0.6434000730514526,,,
31,14499,1.2541651725769043,0.9344803094863892,,,
31,14549,1.305826187133789,0.854543149471283,,,
31,14599,0.9550967812538147,1.0823956727981567,,,
31,14649,1.1111078262329102,0.8952170014381409,,,
31,14699,1.2496280670166016,0.9060186147689819,,,
31,14719,,,0.5064564360473018,1.3892028331756592,0.6355764865875244
32,14749,1.090038776397705,0.9756736159324646,,,
32,14799,1.291844367980957,0.7414628267288208,,,
32,14849,1.1913868188858032,0.7403441667556763,,,
32,14899,1.263832688331604,1.0489139556884766,,,
32,14949,0.9759862422943115,1.0051840543746948,,,
32,14999,1.2857534885406494,0.7524666786193848,,,
32,15049,1.0183295011520386,0.867950975894928,,,
32,15099,1.3472883701324463,0.8344224691390991,,,
32,15149,1.1623636484146118,1.07554292678833,,,
32,15179,,,0.5492048389289113,1.373846411705017,0.7151396870613098
33,15199,0.9599868655204773,1.034464955329895,,,
33,15249,1.1759464740753174,0.8111482858657837,,,
33,15299,1.2272956371307373,0.7284508347511292,,,
33,15349,1.1136701107025146,0.8904610276222229,,,
33,15399,1.2076706886291504,0.6931703090667725,,,
33,15449,1.2009605169296265,0.7434497475624084,,,
33,15499,1.0150320529937744,1.1582574844360352,,,
33,15549,1.3383851051330566,0.8874382972717285,,,
33,15599,1.1982461214065552,0.7193855047225952,,,
33,15639,,,0.5751665080875357,1.3171664476394653,0.7137278318405151
34,15649,1.1360890865325928,1.0125997066497803,,,
34,15699,1.1484096050262451,0.7942553162574768,,,
34,15749,0.8566262722015381,1.2303838729858398,,,
34,15799,1.007054328918457,1.0928046703338623,,,
34,15849,1.0564727783203125,0.9525038599967957,,,
34,15899,1.1847875118255615,1.0765044689178467,,,
34,15949,1.0303676128387451,0.904761791229248,,,
34,15999,1.204310655593872,0.9617553353309631,,,
34,16049,1.4039907455444336,1.2051947116851807,,,
34,16099,1.096052646636963,1.270821213722229,,,
34,16099,,,0.6289248334919124,1.264430046081543,0.8499748110771179
35,16149,1.26686429977417,0.6801439523696899,,,
35,16199,1.14885675907135,1.0958342552185059,,,
35,16249,1.2314879894256592,0.6806033849716187,,,
35,16299,0.9257652759552002,1.070338487625122,,,
35,16349,1.220414161682129,0.9978242516517639,,,
35,16399,1.3092122077941895,0.9106196165084839,,,
35,16449,1.2422680854797363,0.8908729553222656,,,
35,16499,1.215510368347168,0.9121617078781128,,,
35,16549,1.1226474046707153,0.9448072910308838,,,
35,16559,,,0.5794481446241675,1.3192672729492188,0.7670968770980835
36,16599,1.0225024223327637,1.1126762628555298,,,
36,16649,1.0290082693099976,1.132974624633789,,,
36,16699,1.299813985824585,1.0536000728607178,,,
36,16749,1.119859218597412,0.7798970937728882,,,
36,16799,1.1809958219528198,0.8436282873153687,,,
36,16849,1.2074036598205566,0.9485927820205688,,,
36,16899,0.9686732888221741,1.075655460357666,,,
36,16949,1.021936297416687,0.912627100944519,,,
36,16999,1.1632189750671387,0.8531835079193115,,,
36,17019,,,0.4699605817588691,1.4308605194091797,0.6099628210067749
37,17049,0.8774728775024414,1.1393122673034668,,,
37,17099,1.107598066329956,0.8908222317695618,,,
37,17149,1.0884373188018799,0.851280152797699,,,
37,17199,1.2602245807647705,0.8290801048278809,,,
37,17249,1.1276676654815674,0.8106613159179688,,,
37,17299,1.0531917810440063,0.92704176902771,,,
37,17349,0.919924259185791,1.0419023036956787,,,
37,17399,1.1103723049163818,0.9129177927970886,,,
37,17449,1.1873456239700317,0.7302714586257935,,,
37,17479,,,0.5767296452358298,1.3932344913482666,0.7996037602424622
38,17499,1.2029926776885986,0.9477299451828003,,,
38,17549,1.0406631231307983,1.0753477811813354,,,
38,17599,0.9698264598846436,0.9927402138710022,,,
38,17649,1.0029289722442627,1.0311546325683594,,,
38,17699,1.0598533153533936,0.9688094854354858,,,
38,17749,1.1701186895370483,0.7424783706665039,,,
38,17799,1.3500295877456665,0.7915017604827881,,,
38,17849,1.0665102005004883,1.0224144458770752,,,
38,17899,0.8833794593811035,1.0463998317718506,,,
38,17939,,,0.4915046894114449,1.4239412546157837,0.596457302570343
39,17949,0.9655362367630005,1.0901854038238525,,,
39,17999,0.8725758790969849,1.2701857089996338,,,
39,18049,0.8888857960700989,0.6683204770088196,,,
39,18099,0.9753195643424988,0.9985787868499756,,,
39,18149,1.217982530593872,0.752873957157135,,,
39,18199,1.2187721729278564,0.8362460732460022,,,
39,18249,1.0551092624664307,0.8974704742431641,,,
39,18299,1.3674410581588745,1.0833635330200195,,,
39,18349,1.1029689311981201,1.0684270858764648,,,
39,18399,0.9850842356681824,0.7953324317932129,,,
39,18399,,,0.6515563408998233,1.3038803339004517,0.7455112934112549
40,18449,1.1071014404296875,1.0546188354492188,,,
40,18499,1.068971037864685,0.9736377596855164,,,
40,18549,0.6914547681808472,1.005802869796753,,,
40,18599,1.2017561197280884,1.0625531673431396,,,
40,18649,1.2313779592514038,1.0688072443008423,,,
40,18699,1.2933605909347534,0.894953727722168,,,
40,18749,1.1772363185882568,0.8141312599182129,,,
40,18799,1.1150506734848022,1.0569690465927124,,,
40,18849,1.0737321376800537,0.8704725503921509,,,
40,18859,,,0.5352045670789725,1.325484037399292,0.766899824142456
41,18899,1.0689125061035156,1.0378530025482178,,,
41,18949,1.3083512783050537,0.8633888959884644,,,
41,18999,0.9203622937202454,0.9262650609016418,,,
41,19049,0.9564012885093689,0.8736082315444946,,,
41,19099,0.8406909108161926,1.1489580869674683,,,
41,19149,1.0584551095962524,1.0810389518737793,,,
41,19199,1.121010422706604,1.0771604776382446,,,
41,19249,1.1806740760803223,0.8823725581169128,,,
41,19299,1.1124415397644043,0.9085579514503479,,,
41,19319,,,0.622536359929319,1.3047689199447632,0.7068259716033936
42,19349,1.1024210453033447,1.0284334421157837,,,
42,19399,0.9488527774810791,0.9666279554367065,,,
42,19449,1.0433435440063477,1.0604071617126465,,,
42,19499,1.163191795349121,0.7262516617774963,,,
42,19549,1.1575590372085571,0.8346201777458191,,,
42,19599,1.3211698532104492,0.7853678464889526,,,
42,19649,1.2317761182785034,0.6564165353775024,,,
42,19699,1.5527808666229248,1.101279377937317,,,
42,19749,1.0624066591262817,0.9868707656860352,,,
42,19779,,,0.49578632594807664,1.3702841997146606,0.7204763889312744
43,19799,1.1451023817062378,0.8266885876655579,,,
43,19849,1.0670888423919678,0.8348318338394165,,,
43,19899,1.0455601215362549,0.7412543296813965,,,
43,19949,0.9827507734298706,0.9464641809463501,,,
43,19999,1.042244791984558,0.8841227889060974,,,
43,20049,1.042386770248413,0.8771873712539673,,,
43,20099,0.9702854156494141,0.8045871257781982,,,
43,20149,1.32906174659729,0.8595658540725708,,,
43,20199,1.315199375152588,1.0600581169128418,,,
43,20239,,,0.6301481582166644,1.282497763633728,0.6914166212081909
44,20249,0.9809511303901672,1.1193639039993286,,,
44,20299,0.870232343673706,1.2801942825317383,,,
44,20349,0.9260733723640442,1.128653883934021,,,
44,20399,1.2311897277832031,0.9739522933959961,,,
44,20449,0.8819278478622437,1.1121116876602173,,,
44,20499,0.9826467037200928,1.0567106008529663,,,
44,20549,1.2930740118026733,0.9859937429428101,,,
44,20599,0.9456084966659546,1.1157584190368652,,,
44,20649,1.0359456539154053,0.95604008436203,,,
44,20699,0.9223175048828125,1.146762728691101,,,
44,20699,,,0.6344297947532962,1.288035273551941,0.8591018319129944
45,20749,0.8005073070526123,0.8475729823112488,,,
45,20799,0.9767249822616577,0.9141097068786621,,,
45,20849,1.1465908288955688,1.0970180034637451,,,
45,20899,0.7503451108932495,1.2278344631195068,,,
45,20949,1.2071173191070557,1.0086922645568848,,,
45,20999,0.8713013529777527,1.0938658714294434,,,
45,21049,0.8566511869430542,0.9046421051025391,,,
45,21099,1.0225121974945068,1.0820796489715576,,,
45,21149,1.0292614698410034,0.8121907114982605,,,
45,21159,,,0.6469348919396493,1.230778694152832,0.8346500992774963
46,21199,1.0971503257751465,0.8461223840713501,,,
46,21249,1.2854650020599365,1.1525866985321045,,,
46,21299,0.9492737054824829,1.1474123001098633,,,
46,21349,1.1225392818450928,0.8896141052246094,,,
46,21399,1.5194653272628784,0.9519657492637634,,,
46,21449,1.2806675434112549,0.7263294458389282,,,
46,21499,1.1018776893615723,1.0824813842773438,,,
46,21549,1.0836138725280762,0.8422625064849854,,,
46,21599,1.201349139213562,0.7468698620796204,,,
46,21619,,,0.43740655158352587,1.4073411226272583,0.6063345670700073
47,21649,0.8011272549629211,1.2977542877197266,,,
47,21699,1.1126784086227417,1.1840016841888428,,,
47,21749,1.1674712896347046,0.871832013130188,,,
47,21799,0.9762002825737,0.783356785774231,,,
47,21849,0.9619762897491455,1.1898703575134277,,,
47,21899,0.9718542695045471,0.8038744926452637,,,
47,21949,0.868791937828064,1.087334156036377,,,
47,21999,0.9006413817405701,1.0486781597137451,,,
47,22049,1.3137805461883545,0.7857121825218201,,,
47,22079,,,0.8126953921435368,1.2786054611206055,0.7604247331619263
48,22099,1.0295366048812866,0.9141912460327148,,,
48,22149,0.804818868637085,1.0092440843582153,,,
48,22199,1.0655142068862915,0.9984890222549438,,,
48,22249,0.9173914790153503,1.1060717105865479,,,
48,22299,1.05002760887146,1.1000254154205322,,,
48,22349,0.7599726915359497,1.0844957828521729,,,
48,22399,0.9759426116943359,1.082290530204773,,,
48,22449,0.9216137528419495,1.060405969619751,,,
48,22499,0.9631580114364624,0.8622438311576843,,,
48,22539,,,0.5942639662906076,1.2973357439041138,0.7506886124610901
49,22549,0.8878740072250366,1.1017367839813232,,,
49,22599,0.9594448208808899,0.9884690642356873,,,
49,22649,1.2265310287475586,0.8980318307876587,,,
49,22699,0.9737507700920105,1.177372694015503,,,
49,22749,1.007022738456726,1.3169834613800049,,,
49,22799,0.7966694831848145,1.312555193901062,,,
49,22849,1.1956524848937988,0.7543861865997314,,,
49,22899,1.128125786781311,0.9828985333442688,,,
49,22949,1.1986560821533203,0.8744343519210815,,,
49,22999,1.3432934284210205,0.8282990455627441,,,
49,22999,,,0.5243305695256218,1.3727705478668213,0.6309729814529419
50,23049,0.9341642260551453,1.3786908388137817,,,
50,23099,1.00044846534729,0.9865866303443909,,,
50,23149,1.1933305263519287,0.8251367807388306,,,
50,23199,1.1431390047073364,1.0225213766098022,,,
50,23249,1.1521880626678467,0.7574642896652222,,,
50,23299,1.0896797180175781,1.1011186838150024,,,
50,23349,1.0695635080337524,0.886892557144165,,,
50,23399,0.9900343418121338,0.8266990184783936,,,
50,23449,1.085975170135498,0.7290796041488647,,,
50,23459,,,0.563952698110643,1.3087363243103027,0.709621250629425
51,23499,0.9881147146224976,1.1031100749969482,,,
51,23549,1.1026479005813599,0.8300435543060303,,,
51,23599,1.1308790445327759,0.8279541730880737,,,
51,23649,0.8775016069412231,0.9779460430145264,,,
51,23699,0.9561159610748291,1.0087504386901855,,,
51,23749,0.9421370029449463,0.8998712301254272,,,
51,23799,1.1216802597045898,1.0455434322357178,,,
51,23849,1.2637794017791748,0.8758093118667603,,,
51,23899,1.0660390853881836,0.9906432032585144,,,
51,23919,,,0.434959902134022,1.4100940227508545,0.5945281386375427
52,23949,0.8819260597229004,1.0445711612701416,,,
52,23999,1.0809519290924072,1.3348321914672852,,,
52,24049,1.1597580909729004,0.7586222887039185,,,
52,24099,1.3080685138702393,0.9783828258514404,,,
52,24149,1.1962929964065552,0.9121284484863281,,,
52,24199,1.1816954612731934,0.9124089479446411,,,
52,24249,1.0563246011734009,1.5285686254501343,,,
52,24299,0.8966354131698608,1.1585569381713867,,,
52,24349,0.7954176664352417,1.071328043937683,,,
52,24379,,,0.7325676226722849,1.1761753559112549,0.8789970874786377
53,24399,0.9952486753463745,0.9559254050254822,,,
53,24449,0.9182827472686768,0.8194607496261597,,,
53,24499,0.8234788179397583,1.0532441139221191,,,
53,24549,0.9919458627700806,0.7556687593460083,,,
53,24599,1.0737515687942505,0.9654322266578674,,,
53,24649,0.972794771194458,1.1242098808288574,,,
53,24699,1.0137882232666016,0.9116581678390503,,,
53,24749,0.9133583307266235,0.9352397918701172,,,
53,24799,0.691662073135376,1.0871546268463135,,,
53,24839,,,0.6158080739431834,1.2233705520629883,0.7585304975509644
54,24849,0.9406715035438538,1.1158009767532349,,,
54,24899,0.8865503668785095,0.8246815204620361,,,
54,24949,0.9496141672134399,1.155038833618164,,,
54,24999,1.0343306064605713,1.0018218755722046,,,
54,25049,1.100172996520996,0.9841852188110352,,,
54,25099,0.9403951168060303,0.7547564506530762,,,
54,25149,0.6765844821929932,0.9953978061676025,,,
54,25199,0.746513307094574,1.1336376667022705,,,
54,25249,0.9481425285339355,1.2057228088378906,,,
54,25299,0.732567548751831,0.975275993347168,,,
54,25299,,,0.6253228218023651,1.294529914855957,0.6568772792816162
55,25349,0.9864283800125122,1.243499755859375,,,
55,25399,1.1456096172332764,1.040191650390625,,,
55,25449,0.8590171337127686,0.8967124819755554,,,
55,25499,1.0362935066223145,1.1561312675476074,,,
55,25549,1.1631096601486206,0.79041987657547,,,
55,25599,1.1904220581054688,0.8102084398269653,,,
55,25649,0.953350305557251,0.8836734294891357,,,
55,25699,1.217153787612915,0.8250342607498169,,,
55,25749,0.9830542802810669,0.8503068089485168,,,
55,25759,,,0.673848035884192,1.2391377687454224,0.8098023533821106
56,25799,0.8097895383834839,1.0656896829605103,,,
56,25849,0.9958987236022949,1.0725642442703247,,,
56,25899,0.9197851419448853,0.9906071424484253,,,
56,25949,1.1211705207824707,0.7465789914131165,,,
56,25999,0.892342746257782,1.0767171382904053,,,
56,26049,1.061281442642212,1.0544935464859009,,,
56,26099,0.8758905529975891,0.9457218647003174,,,
56,26149,0.8717681765556335,0.9855632781982422,,,
56,26199,0.9002095460891724,1.297142505645752,,,
56,26219,,,0.49626206334103573,1.3571077585220337,0.6406090259552002
57,26249,1.2001514434814453,0.8168677091598511,,,
57,26299,1.283141851425171,0.7904111742973328,,,
57,26349,0.9378143548965454,0.8009878396987915,,,
57,26399,1.0574378967285156,1.0068293809890747,,,
57,26449,0.7100355625152588,0.9792029857635498,,,
57,26499,0.7483295202255249,1.2567414045333862,,,
57,26549,1.052442193031311,1.0883028507232666,,,
57,26599,0.803627073764801,1.7976486682891846,,,
57,26649,0.8346244096755981,1.7662415504455566,,,
57,26679,,,0.6605273888813376,1.242814540863037,0.7280747890472412
58,26699,0.9123706817626953,1.4618475437164307,,,
58,26749,0.8204675912857056,1.3713001012802124,,,
58,26799,0.9451825618743896,0.9214994311332703,,,
58,26849,1.152127742767334,0.9867939949035645,,,
58,26899,1.2124032974243164,0.7232123613357544,,,
58,26949,1.0166938304901123,1.258108377456665,,,
58,26999,1.208788514137268,0.9861626625061035,,,
58,27049,1.0706738233566284,1.0893677473068237,,,
58,27099,0.8134657144546509,1.0781934261322021,,,
58,27139,,,0.6089438629876308,1.2435812950134277,0.7058480978012085
59,27149,0.9986924529075623,1.1735326051712036,,,
59,27199,1.2463533878326416,0.8273853063583374,,,
59,27249,1.0549348592758179,0.7471119165420532,,,
59,27299,0.8726273775100708,1.0110282897949219,,,
59,27349,1.0201085805892944,0.8386896848678589,,,
59,27399,0.9952085614204407,1.0106676816940308,,,
59,27449,0.9902994632720947,1.4608547687530518,,,
59,27499,0.9798022508621216,0.6916496157646179,,,
59,27549,0.9264312386512756,1.0699715614318848,,,
59,27599,1.0713484287261963,1.1875132322311401,,,
59,27599,,,0.47831996737800736,1.358876347541809,0.7542763352394104
60,27649,1.1200735569000244,0.8747873306274414,,,
60,27699,1.0835301876068115,0.9728717803955078,,,
60,27749,1.1774907112121582,1.2112412452697754,,,
60,27799,0.9446099996566772,1.0038365125656128,,,
60,27849,1.1003429889678955,1.2177846431732178,,,
60,27899,1.1487183570861816,1.007171392440796,,,
60,27949,0.9213203191757202,1.155454158782959,,,
60,27999,1.2017326354980469,1.3465874195098877,,,
60,28049,1.1091489791870117,0.9822754263877869,,,
60,28059,,,0.4935435639526981,1.396287441253662,0.6103335022926331
61,28099,1.061885118484497,0.8095593452453613,,,
61,28149,0.8938378095626831,1.0467596054077148,,,
61,28199,1.2258050441741943,1.0692720413208008,,,
61,28249,1.029776692390442,0.8415111303329468,,,
61,28299,0.7769942283630371,0.7504602670669556,,,
61,28349,1.0492894649505615,0.6660933494567871,,,
61,28399,0.8508553504943848,1.025754451751709,,,
61,28449,0.9474045634269714,1.126035213470459,,,
61,28499,0.9742118120193481,0.7616525888442993,,,
61,28519,,,0.5795840695935843,1.314610242843628,0.6783472299575806
62,28549,0.9383857846260071,1.0694137811660767,,,
62,28599,1.0981866121292114,0.8736650943756104,,,
62,28649,1.0371346473693848,0.9511072635650635,,,
62,28699,0.8096118569374084,1.1865053176879883,,,
62,28749,1.151348352432251,0.913861870765686,,,
62,28799,1.2090516090393066,0.822148859500885,,,
62,28849,1.0603188276290894,0.6692400574684143,,,
62,28899,1.1570863723754883,0.7887321710586548,,,
62,28949,1.0932092666625977,0.9220845699310303,,,
62,28979,,,0.6372162566263423,1.2481300830841064,0.6694998741149902
63,28999,0.8617630004882812,1.0773388147354126,,,
63,29049,0.9626988172531128,0.6940954923629761,,,
63,29099,1.1032073497772217,0.8981901407241821,,,
63,29149,0.923944354057312,1.2726192474365234,,,
63,29199,0.8951371908187866,1.4966570138931274,,,
63,29249,1.0361623764038086,1.0913479328155518,,,
63,29299,1.0278856754302979,0.8988839387893677,,,
63,29349,0.848612904548645,0.9157856702804565,,,
63,29399,1.077239990234375,1.0736771821975708,,,
63,29439,,,0.60418648905804,1.310630202293396,0.630723774433136
64,29449,0.9622225761413574,1.827667474746704,,,
64,29499,0.9992116689682007,1.2194262742996216,,,
64,29549,1.1820036172866821,1.1236217021942139,,,
64,29599,0.9169601202011108,1.1175442934036255,,,
64,29649,0.9427797794342041,1.0878825187683105,,,
64,29699,1.079103708267212,1.204683542251587,,,
64,29749,1.0576401948928833,1.4043934345245361,,,
64,29799,0.916856050491333,0.7671427726745605,,,
64,29849,1.1639478206634521,0.8497118949890137,,,
64,29899,0.8548614978790283,1.0107756853103638,,,
64,29899,,,0.5492048389289113,1.2993296384811401,0.6534179449081421
65,29949,0.8606013655662537,0.8368419408798218,,,
65,29999,1.053255319595337,1.2457653284072876,,,
65,30049,1.0973998308181763,0.9273988008499146,,,
65,30099,0.9571524858474731,1.1577060222625732,,,
65,30149,0.9828798770904541,1.0943408012390137,,,
65,30199,0.8773871064186096,1.3157432079315186,,,
65,30249,0.8922418355941772,0.6825534105300903,,,
65,30299,1.085787057876587,1.1189279556274414,,,
65,30349,0.9123104214668274,1.0792453289031982,,,
65,30359,,,0.6010602147614517,1.2849555015563965,0.705779492855072
66,30399,1.191217064857483,1.1951833963394165,,,
66,30449,0.818633496761322,1.0996954441070557,,,
66,30499,1.2833328247070312,0.8870457410812378,,,
66,30549,1.088014841079712,0.7526075839996338,,,
66,30599,0.9961395263671875,0.8142176866531372,,,
66,30649,1.1323261260986328,1.304741382598877,,,
66,30699,1.2032513618469238,0.7355741858482361,,,
66,30749,0.940243661403656,0.6900579333305359,,,
66,30799,0.7504466772079468,0.9050353765487671,,,
66,30819,,,0.5793122196547505,1.2661128044128418,0.6816413402557373
67,30849,0.7969957590103149,1.2790699005126953,,,
67,30899,0.9993219375610352,1.2762572765350342,,,
67,30949,1.263197898864746,1.0075496435165405,,,
67,30999,0.8506330251693726,0.7265641689300537,,,
67,31049,0.8797970414161682,1.142430067062378,,,
67,31099,1.044834852218628,1.091996192932129,,,
67,31149,1.1062569618225098,1.080247402191162,,,
67,31199,0.8877753019332886,0.985823929309845,,,
67,31249,0.8751108646392822,0.7583349943161011,,,
67,31279,,,0.595419328530651,1.2891751527786255,0.7144404649734497
68,31299,0.8901569843292236,1.1078760623931885,,,
68,31349,1.1539900302886963,0.9548198580741882,,,
68,31399,0.9659031629562378,1.07009756565094,,,
68,31449,0.9396439790725708,0.9263889789581299,,,
68,31499,1.1101019382476807,0.7802950143814087,,,
68,31549,0.7558537125587463,1.1724120378494263,,,
68,31599,0.8007058501243591,1.3332524299621582,,,
68,31649,1.2705223560333252,0.7056220173835754,,,
68,31699,1.0036289691925049,0.9208651185035706,,,
68,31739,,,0.6723528612206062,1.2194608449935913,0.7560350298881531
69,31749,1.23385488986969,1.3096542358398438,,,
69,31799,1.4051135778427124,0.7319608926773071,,,
69,31849,0.9212806820869446,0.9325652122497559,,,
69,31899,1.060738205909729,0.8495050668716431,,,
69,31949,0.8795262575149536,1.1076295375823975,,,
69,31999,1.2381404638290405,0.7445386648178101,,,
69,32049,0.9094099402427673,1.1894426345825195,,,
69,32099,0.8128857612609863,1.3690814971923828,,,
69,32149,1.086615800857544,0.999505877494812,,,
69,32199,0.9069234132766724,0.7770217657089233,,,
69,32199,,,0.4547369851841783,1.4139596223831177,0.5382611751556396
70,32249,0.8953626155853271,0.8599369525909424,,,
70,32299,1.0147244930267334,1.0093741416931152,,,
70,32349,0.7679339051246643,1.3058444261550903,,,
70,32399,0.8024462461471558,0.9614179134368896,,,
70,32449,1.0456385612487793,0.8793788552284241,,,
70,32499,1.1557104587554932,0.8459135293960571,,,
70,32549,1.116848349571228,0.9289118051528931,,,
70,32599,0.8607195615768433,1.232649803161621,,,
70,32649,0.7983957529067993,0.9728583097457886,,,
70,32659,,,0.49211635177382085,1.4171311855316162,0.5320448279380798
71,32699,0.7930566668510437,1.1561226844787598,,,
71,32749,0.9854575991630554,1.3241859674453735,,,
71,32799,0.9998868703842163,0.9122399091720581,,,
71,32849,1.092376470565796,0.8249686360359192,,,
71,32899,1.1465537548065186,1.3071160316467285,,,
71,32949,1.009220004081726,0.8295148611068726,,,
71,32999,0.9344149231910706,0.7806218266487122,,,
71,33049,1.0115437507629395,0.9289334416389465,,,
71,33099,1.1540164947509766,0.8891696929931641,,,
71,33119,,,0.6074486883240451,1.3020049333572388,0.6964910626411438
72,33149,0.9170985221862793,0.9775010943412781,,,
72,33199,0.9988596439361572,0.8813505172729492,,,
72,33249,0.952185869216919,1.251103162765503,,,
72,33299,0.7045531868934631,0.8428052067756653,,,
72,33349,0.8029361963272095,0.9474655389785767,,,
72,33399,1.0947788953781128,0.7298369407653809,,,
72,33449,0.861508846282959,0.7740353345870972,,,
72,33499,0.9496362805366516,1.1113028526306152,,,
72,33549,1.2227489948272705,1.2443106174468994,,,
72,33579,,,0.6367405192333832,1.2925945520401,0.7779420018196106
73,33599,1.054665207862854,1.0547946691513062,,,
73,33649,1.0875190496444702,0.9574489593505859,,,
73,33699,0.9367107152938843,1.169294834136963,,,
73,33749,0.8211640119552612,1.2153724431991577,,,
73,33799,0.7613240480422974,0.7408559918403625,,,
73,33849,0.8082879185676575,0.968228816986084,,,
73,33899,0.898072361946106,1.0344340801239014,,,
73,33949,0.7323023080825806,1.3558595180511475,,,
73,33999,0.7464807629585266,1.3205671310424805,,,
73,34039,,,0.6007204023379095,1.300693392753601,0.8565981984138489
74,34049,1.2099390029907227,0.8455549478530884,,,
74,34099,1.0649876594543457,0.9152703881263733,,,
74,34149,1.1899499893188477,0.9781841039657593,,,
74,34199,0.8526390790939331,0.9430888891220093,,,
74,34249,0.7706848382949829,0.9097719788551331,,,
74,34299,0.922252893447876,0.8266268968582153,,,
74,34349,1.0796304941177368,0.8473395109176636,,,
74,34399,0.8660444021224976,1.3224620819091797,,,
74,34449,1.0849783420562744,1.461667776107788,,,
74,34499,1.145552635192871,0.9136883616447449,,,
74,34499,,,0.6057496262063341,1.2975131273269653,0.6207496523857117
75,34549,0.9392789602279663,1.0618247985839844,,,
75,34599,1.2618657350540161,1.0883896350860596,,,
75,34649,0.9147177338600159,1.0477498769760132,,,
75,34699,1.0399694442749023,1.0729331970214844,,,
75,34749,0.9419223070144653,1.0188360214233398,,,
75,34799,0.9894368648529053,1.1647299528121948,,,
75,34849,0.6392058730125427,1.1831408739089966,,,
75,34899,1.1127485036849976,1.183058261871338,,,
75,34949,0.960562527179718,1.0027213096618652,,,
75,34959,,,0.6423814054641838,1.265407681465149,0.8771151900291443
76,34999,0.9346016645431519,1.1711070537567139,,,
76,35049,1.031477451324463,0.9713584780693054,,,
76,35099,1.1067841053009033,0.8796645402908325,,,
76,35149,0.9717742800712585,1.079801321029663,,,
76,35199,1.2198917865753174,0.6979211568832397,,,
76,35249,1.2749814987182617,0.9784202575683594,,,
76,35299,0.9218370318412781,0.9583112001419067,,,
76,35349,0.9027324914932251,0.7705866098403931,,,
76,35399,1.0521010160446167,0.8815058469772339,,,
76,35419,,,0.7908114720674188,1.2583013772964478,0.7937363982200623
77,35449,0.9847832322120667,1.2776317596435547,,,
77,35499,0.8557615280151367,1.1515079736709595,,,
77,35549,0.9536601305007935,1.0449872016906738,,,
77,35599,0.8541437387466431,0.8941998481750488,,,
77,35649,0.975451648235321,0.9805417060852051,,,
77,35699,0.8728573322296143,0.6974951028823853,,,
77,35749,0.987388014793396,0.8551367521286011,,,
77,35799,1.2996704578399658,0.9157488346099854,,,
77,35849,0.8880364894866943,1.1360578536987305,,,
77,35879,,,0.6740519233383172,1.2234874963760376,0.8257606625556946
78,35899,0.785536527633667,0.901023805141449,,,
78,35949,1.0229042768478394,1.1836047172546387,,,
78,35999,0.9909619092941284,1.0423526763916016,,,
78,36049,1.0633518695831299,1.0798370838165283,,,
78,36099,0.9986974000930786,0.9797439575195312,,,
78,36149,0.9587998390197754,0.8237695693969727,,,
78,36199,1.0279656648635864,0.8676546216011047,,,
78,36249,0.9643092155456543,0.8796353936195374,,,
78,36299,0.879409670829773,1.316650629043579,,,
78,36339,,,0.6002446649449504,1.3117752075195312,0.8061390519142151
79,36349,0.6523762941360474,1.5413273572921753,,,
79,36399,0.9875760078430176,0.7966338396072388,,,
79,36449,1.1136523485183716,0.9267736673355103,,,
79,36499,0.8638826608657837,1.2211216688156128,,,
79,36549,0.7666482925415039,1.1630580425262451,,,
79,36599,0.7740548849105835,1.1297187805175781,,,
79,36649,0.6487916707992554,1.1294550895690918,,,
79,36699,0.9865879416465759,1.1113717555999756,,,
79,36749,1.1885814666748047,0.6925472021102905,,,
79,36799,0.876172661781311,0.9624319076538086,,,
79,36799,,,0.549476688867745,1.3715146780014038,0.6611181497573853
80,36849,0.978324830532074,0.7752041816711426,,,
80,36899,0.8951441049575806,1.3034051656723022,,,
80,36949,0.9879959225654602,1.0816470384597778,,,
80,36999,1.059948444366455,1.1743066310882568,,,
80,37049,0.8100875616073608,0.9344363212585449,,,
80,37099,0.9964725971221924,0.9954948425292969,,,
80,37149,1.1247532367706299,1.0048021078109741,,,
80,37199,0.8512178063392639,1.129401445388794,,,
80,37249,0.9649566411972046,0.7786998748779297,,,
80,37259,,,0.5110099225227674,1.3506619930267334,0.64891117811203
81,37299,0.8361791372299194,0.9111195802688599,,,
81,37349,0.9894562363624573,1.0622113943099976,,,
81,37399,1.1602017879486084,1.0904819965362549,,,
81,37449,0.9055625200271606,1.118391990661621,,,
81,37499,0.899350643157959,0.9474084377288818,,,
81,37549,0.973787784576416,0.8290224075317383,,,
81,37599,0.7220536470413208,0.990059494972229,,,
81,37649,0.8019570708274841,1.0819823741912842,,,
81,37699,0.9845253825187683,0.9489632844924927,,,
81,37719,,,0.5155634089982329,1.3517402410507202,0.6309076547622681
82,37749,0.8001928329467773,1.276978611946106,,,
82,37799,0.6062260866165161,1.0913907289505005,,,
82,37849,1.0605082511901855,0.9146722555160522,,,
82,37899,0.9023667573928833,0.9673744440078735,,,
82,37949,1.053094506263733,0.9234393239021301,,,
82,37999,0.9416810274124146,1.21494722366333,,,
82,38049,1.0444570779800415,1.021073818206787,,,
82,38099,0.9007397890090942,1.650564432144165,,,
82,38149,1.0696520805358887,1.4134347438812256,,,
82,38179,,,0.4647274704363192,1.4385322332382202,0.5773296356201172
83,38199,0.9552669525146484,0.8216089010238647,,,
83,38249,0.9263490438461304,0.9304919242858887,,,
83,38299,1.0830936431884766,0.740522027015686,,,
83,38349,0.8852055072784424,1.1001255512237549,,,
83,38399,1.6174647808074951,0.9245716333389282,,,
83,38449,1.0865890979766846,0.9682159423828125,,,
83,38499,0.6949036121368408,1.118257761001587,,,
83,38549,0.9908603429794312,1.1721676588058472,,,
83,38599,0.8756886720657349,1.1990156173706055,,,
83,38639,,,0.49857278782112274,1.3284493684768677,0.6891961693763733
84,38649,1.1752550601959229,0.9525409936904907,,,
84,38699,1.0122952461242676,1.0317462682724,,,
84,38749,0.6664227247238159,1.2296807765960693,,,
84,38799,0.8863418698310852,0.9142556190490723,,,
84,38849,1.0876295566558838,1.1341617107391357,,,
84,38899,0.8223022222518921,1.048811912536621,,,
84,38949,0.7184698581695557,1.1346341371536255,,,
84,38999,1.0861501693725586,0.8956727981567383,,,
84,39049,1.0280587673187256,0.8197612762451172,,,
84,39099,0.8877589702606201,1.087831735610962,,,
84,39099,,,0.7267908114720674,1.3254704475402832,0.6686652302742004
85,39149,1.2864071130752563,0.9325172901153564,,,
85,39199,1.1865711212158203,0.7476913928985596,,,
85,39249,1.0618040561676025,0.873400092124939,,,
85,39299,1.1837964057922363,0.7831469178199768,,,
85,39349,1.0681275129318237,0.8736169338226318,,,
85,39399,0.9672216773033142,1.1200969219207764,,,
85,39449,0.7853745222091675,1.0506154298782349,,,
85,39499,1.2594655752182007,0.9742671251296997,,,
85,39549,0.8715969324111938,0.921103835105896,,,
85,39559,,,0.5905260296316434,1.2755041122436523,0.664173424243927
86,39599,0.9593769311904907,1.0686078071594238,,,
86,39649,0.747180700302124,1.9445476531982422,,,
86,39699,0.6628376245498657,1.491051435470581,,,
86,39749,0.9900343418121338,1.3053443431854248,,,
86,39799,1.0103845596313477,0.7323966026306152,,,
86,39849,0.7663722038269043,1.4279842376708984,,,
86,39899,0.699212372303009,0.9745545387268066,,,
86,39949,0.8517489433288574,0.9549705982208252,,,
86,39999,0.9203019738197327,0.8687567114830017,,,
86,40019,,,0.4620089710479815,1.38999342918396,0.6362006068229675
87,40049,0.8917739391326904,1.0135865211486816,,,
87,40099,0.8477162718772888,0.9865990877151489,,,
87,40149,0.977421760559082,0.9660307168960571,,,
87,40199,0.8835758566856384,0.9775669574737549,,,
87,40249,0.9195162057876587,0.9449921250343323,,,
87,40299,0.8241029977798462,1.070772409439087,,,
87,40349,0.8406474590301514,1.503066897392273,,,
87,40399,1.126305341720581,0.8090760707855225,,,
87,40449,0.9252547025680542,0.676104724407196,,,
87,40479,,,0.5091749354356395,1.3286433219909668,0.5915560126304626
88,40499,1.223879098892212,1.2230745553970337,,,
88,40549,0.9926475286483765,1.162241816520691,,,
88,40599,0.8650764226913452,1.0251386165618896,,,
88,40649,0.8623032569885254,1.0763887166976929,,,
88,40699,0.7534735202789307,0.9856741428375244,,,
88,40749,0.9809015393257141,0.8660357594490051,,,
88,40799,1.1504250764846802,1.1370997428894043,,,
88,40849,1.2794253826141357,1.09968101978302,,,
88,40899,1.0652527809143066,1.0860060453414917,,,
88,40939,,,0.4510670110099225,1.4253021478652954,0.6032180190086365
89,40949,1.068932056427002,0.7461453676223755,,,
89,40999,1.0334352254867554,0.9673590660095215,,,
89,41049,1.0222669839859009,0.8094004988670349,,,
89,41099,1.0385442972183228,1.0236440896987915,,,
89,41149,0.7735974192619324,1.3036997318267822,,,
89,41199,0.7775914669036865,1.0093514919281006,,,
89,41249,0.816322922706604,0.8177657127380371,,,
89,41299,1.0489914417266846,0.8655678033828735,,,
89,41349,1.2164183855056763,0.9039248824119568,,,
89,41399,1.4143913984298706,0.8943106532096863,,,
89,41399,,,0.5205926328666576,1.3352502584457397,0.6571768522262573
90,41449,1.2073678970336914,0.9478853940963745,,,
90,41499,0.7433416843414307,0.9934183359146118,,,
90,41549,0.8069827556610107,0.9325384497642517,,,
90,41599,0.9405583143234253,1.294962763786316,,,
90,41649,0.8138501644134521,1.358203411102295,,,
90,41699,1.3245890140533447,1.0401569604873657,,,
90,41749,1.1848459243774414,1.565420150756836,,,
90,41799,0.8747506141662598,1.275268316268921,,,
90,41849,0.7831450700759888,1.3624887466430664,,,
90,41859,,,0.48932988990077475,1.350348949432373,0.5282008647918701
91,41899,1.4728777408599854,0.8641084432601929,,,
91,41949,0.8905616998672485,1.4558556079864502,,,
91,41999,0.9761396050453186,0.7880598902702332,,,
91,42049,0.9710121750831604,0.9249154925346375,,,
91,42099,1.1876786947250366,1.0183579921722412,,,
91,42149,1.1809263229370117,0.8191714286804199,,,
91,42199,0.5963587760925293,1.163585901260376,,,
91,42249,0.765995979309082,1.1865665912628174,,,
91,42299,1.0127596855163574,0.9423010349273682,,,
91,42319,,,0.5372434416202256,1.3402994871139526,0.5903929471969604
92,42349,1.285362958908081,0.8784102201461792,,,
92,42399,0.8441730737686157,0.9756000638008118,,,
92,42449,0.7302718162536621,1.5310105085372925,,,
92,42499,0.7953085899353027,1.239621639251709,,,
92,42549,0.9400098323822021,1.0753060579299927,,,
92,42599,0.788078248500824,1.4443397521972656,,,
92,42649,0.7535057067871094,1.066420555114746,,,
92,42699,0.7994039058685303,0.9184306859970093,,,
92,42749,0.7332951426506042,1.710585594177246,,,
92,42779,,,0.6917901318472204,1.2265881299972534,0.7223981618881226
93,42799,0.9242020845413208,1.1722255945205688,,,
93,42849,1.026159644126892,1.5595722198486328,,,
93,42899,1.003516674041748,0.8557224273681641,,,
93,42949,0.7495980858802795,1.0066255331039429,,,
93,42999,0.8556544184684753,1.5533982515335083,,,
93,43049,1.1920206546783447,0.9828005433082581,,,
93,43099,1.2855079174041748,1.850878357887268,,,
93,43149,1.0547900199890137,0.7899199724197388,,,
93,43199,0.9051026105880737,1.031059741973877,,,
93,43239,,,0.5626614109011826,1.2842888832092285,0.7278134226799011
94,43249,0.9286249876022339,1.2107633352279663,,,
94,43299,0.8965305089950562,1.2693591117858887,,,
94,43349,1.1323994398117065,0.7804545760154724,,,
94,43399,1.0462286472320557,0.9142425060272217,,,
94,43449,0.8226072788238525,1.0149866342544556,,,
94,43499,1.0934767723083496,0.9771665334701538,,,
94,43549,0.8683546185493469,1.05287504196167,,,
94,43599,0.749876856803894,1.1011414527893066,,,
94,43649,0.8906064033508301,0.8886797428131104,,,
94,43699,0.8511174917221069,1.0971620082855225,,,
94,43699,,,0.5482533641429931,1.3102049827575684,0.594801664352417
95,43749,0.917660653591156,0.968408465385437,,,
95,43799,0.7867356538772583,1.0075836181640625,,,
95,43849,0.9169616103172302,1.1762547492980957,,,
95,43899,0.7168923616409302,1.222813606262207,,,
95,43949,0.6768726110458374,1.0536190271377563,,,
95,43999,1.126528263092041,1.3044357299804688,,,
95,44049,0.7644838094711304,1.0278921127319336,,,
95,44099,0.9405766129493713,1.1034371852874756,,,
95,44149,0.82880699634552,1.4329079389572144,,,
95,44159,,,0.5853608807938018,1.2855747938156128,0.7663155198097229
96,44199,0.8687499165534973,1.0874707698822021,,,
96,44249,1.1049339771270752,0.9553972482681274,,,
96,44299,1.0878374576568604,0.7702760696411133,,,
96,44349,0.832886278629303,1.0960853099822998,,,
96,44399,1.28419828414917,0.6085000038146973,,,
96,44449,0.9524247050285339,0.907870888710022,,,
96,44499,0.8598661422729492,0.7998367547988892,,,
96,44549,1.085925579071045,0.8896105885505676,,,
96,44599,0.9664826393127441,1.3487489223480225,,,
96,44619,,,0.5809433192877531,1.290513038635254,0.5974569916725159
97,44649,0.9712417721748352,0.8850934505462646,,,
97,44699,1.025944471359253,0.9878839254379272,,,
97,44749,1.1889677047729492,0.9334617853164673,,,
97,44799,0.8785552978515625,0.8782095313072205,,,
97,44849,0.8974894881248474,1.3179558515548706,,,
97,44899,0.8484174013137817,0.8814815282821655,,,
97,44949,0.7307124137878418,0.9943627119064331,,,
97,44999,0.869178056716919,0.980756938457489,,,
97,45049,0.9501047730445862,1.0059912204742432,,,
97,45079,,,0.4815821666440125,1.4472448825836182,0.5266486406326294
98,45099,1.0056328773498535,0.9566096067428589,,,
98,45149,0.9268829822540283,0.9614400267601013,,,
98,45199,0.8577712774276733,0.9364671111106873,,,
98,45249,0.8538053631782532,1.0107841491699219,,,
98,45299,0.9306216239929199,1.1270732879638672,,,
98,45349,0.7898491024971008,1.123194932937622,,,
98,45399,0.8420163989067078,1.124031662940979,,,
98,45449,0.7960956692695618,0.8588698506355286,,,
98,45499,0.9052259922027588,0.9612799882888794,,,
98,45539,,,0.6834987087127905,1.2423622608184814,0.7718218564987183
99,45549,0.5783473253250122,1.1662893295288086,,,
99,45599,0.9602074027061462,1.3477075099945068,,,
99,45649,0.8633059859275818,1.049461007118225,,,
99,45699,0.9171006083488464,1.560135841369629,,,
99,45749,0.951015830039978,0.6677638292312622,,,
99,45799,0.5957359075546265,2.1041274070739746,,,
99,45849,1.1497166156768799,0.7668018341064453,,,
99,45899,0.8653972744941711,1.1200193166732788,,,
99,45949,0.8906633853912354,1.0165228843688965,,,
99,45999,0.850344181060791,1.2691456079483032,,,
99,45999,,,0.6777898599972815,1.3489834070205688,0.7506494522094727
100,46049,0.9423342943191528,1.107391357421875,,,
100,46099,0.6621652841567993,1.0976381301879883,,,
100,46149,1.007523775100708,1.2183129787445068,,,
100,46199,1.0350768566131592,0.7929873466491699,,,
100,46249,0.8425086140632629,1.3256810903549194,,,
100,46299,1.0636347532272339,0.6739410161972046,,,
100,46349,1.1371302604675293,1.2451057434082031,,,
100,46399,1.0655839443206787,0.8664132356643677,,,
100,46449,0.9860478043556213,0.9154719114303589,,,
100,46459,,,0.5652439853201033,1.3558313846588135,0.6575703024864197
101,46499,0.7726777791976929,1.159179925918579,,,
101,46549,0.9708380699157715,0.8973990082740784,,,
101,46599,0.6647143363952637,1.1344584226608276,,,
101,46649,1.1940689086914062,0.6943174600601196,,,
101,46699,0.7901020050048828,0.9899846315383911,,,
101,46749,0.7514956593513489,1.2182302474975586,,,
101,46799,0.9581686854362488,0.8822338581085205,,,
101,46849,0.9777325391769409,0.9947860836982727,,,
101,46899,1.082273244857788,0.9875795841217041,,,
101,46919,,,0.5784287073535408,1.2950447797775269,0.6282277703285217
102,46949,0.790642261505127,0.899635374546051,,,
102,46999,0.8215231895446777,0.8126202821731567,,,
102,47049,1.2105399370193481,0.8939810991287231,,,
102,47099,0.8504619598388672,0.8114218711853027,,,
102,47149,0.7941436767578125,0.783138632774353,,,
102,47199,0.9039799571037292,0.9691399931907654,,,
102,47249,1.1487317085266113,0.8759347796440125,,,
102,47299,0.7052867412567139,1.1101922988891602,,,
102,47349,0.8864692449569702,0.8913443684577942,,,
102,47379,,,0.4799510670110099,1.3639757633209229,0.7832196950912476
103,47399,0.9381809234619141,1.288487434387207,,,
103,47449,0.7024638652801514,1.0153229236602783,,,
103,47499,0.8779973387718201,0.9312516450881958,,,
103,47549,0.9515041708946228,1.3193550109863281,,,
103,47599,1.0220527648925781,1.099128246307373,,,
103,47649,1.0494379997253418,1.0425574779510498,,,
103,47699,1.1797423362731934,0.8774298429489136,,,
103,47749,0.819770097732544,1.177695870399475,,,
103,47799,0.8804234266281128,1.1394662857055664,,,
103,47839,,,0.7298491232839472,1.2042080163955688,0.7541294693946838
104,47849,0.8534936308860779,1.063305377960205,,,
104,47899,0.9596849679946899,1.0327332019805908,,,
104,47949,1.0165643692016602,1.2708828449249268,,,
104,47999,0.9683115482330322,1.2271442413330078,,,
104,48049,0.866517961025238,0.8124090433120728,,,
104,48099,0.6313390731811523,1.1503832340240479,,,
104,48149,1.2057794332504272,1.24608314037323,,,
104,48199,0.8251280784606934,1.9479560852050781,,,
104,48249,0.845867931842804,1.1929872035980225,,,
104,48299,0.8942776918411255,1.0946234464645386,,,
104,48299,,,0.6858094331928776,1.2399905920028687,0.6827764511108398
105,48349,0.833149254322052,1.0523080825805664,,,
105,48399,0.9568471908569336,1.0501633882522583,,,
105,48449,0.7510151267051697,1.183159351348877,,,
105,48499,0.9243483543395996,0.993743896484375,,,
105,48549,0.9734190702438354,1.1967964172363281,,,
105,48599,0.9104125499725342,1.3593039512634277,,,
105,48649,1.0254786014556885,0.9614900946617126,,,
105,48699,0.7048769593238831,1.059142827987671,,,
105,48749,0.9809411764144897,1.0986263751983643,,,
105,48759,,,0.49232023922794615,1.400005578994751,0.5665113925933838
106,48799,0.8900121450424194,1.2056214809417725,,,
106,48849,0.8362600207328796,0.8144681453704834,,,
106,48899,0.9404457211494446,1.4663125276565552,,,
106,48949,0.9765595197677612,0.988041341304779,,,
106,48999,1.1087895631790161,0.7814447283744812,,,
106,49049,0.7812585830688477,1.5678620338439941,,,
106,49099,0.768108606338501,1.4707610607147217,,,
106,49149,0.6987712383270264,1.026930332183838,,,
106,49199,1.1811535358428955,2.1117560863494873,,,
106,49219,,,0.5310588555117575,1.3269697427749634,0.5627031326293945
107,49249,0.7689881324768066,1.6796034574508667,,,
107,49299,1.004969835281372,1.1255316734313965,,,
107,49349,0.8823716640472412,0.9982535243034363,,,
107,49399,1.0528961420059204,1.4072198867797852,,,
107,49449,0.7963272929191589,0.9740595817565918,,,
107,49499,0.8879440426826477,1.1377196311950684,,,
107,49549,1.0375913381576538,1.5540475845336914,,,
107,49599,1.0909011363983154,0.7984907627105713,,,
107,49649,0.8044654130935669,2.0669636726379395,,,
107,49679,,,0.4874949028136469,1.3761252164840698,0.6046910881996155
108,49699,0.975390613079071,1.7268227338790894,,,
108,49749,0.970317006111145,1.0047633647918701,,,
108,49799,1.175950288772583,0.663936972618103,,,
108,49849,1.0951573848724365,1.2799750566482544,,,
108,49899,0.8952836990356445,1.2031387090682983,,,
108,49949,0.9007726907730103,0.9738461971282959,,,
108,49999,0.8393267393112183,1.0410122871398926,,,
108,50049,0.7207498550415039,0.8951934576034546,,,
108,50099,0.9926887154579163,0.811970055103302,,,
108,50139,,,0.4871550903901047,1.393469214439392,0.6042063236236572
109,50149,1.0738720893859863,0.9039189219474792,,,
109,50199,0.7583798170089722,0.9804518818855286,,,
109,50249,1.1978440284729004,1.0739238262176514,,,
109,50299,0.9794129133224487,1.2533564567565918,,,
109,50349,1.1027021408081055,0.9549921751022339,,,
109,50399,0.861661970615387,0.8451735973358154,,,
109,50449,0.9421921968460083,0.9996902942657471,,,
109,50499,0.8793180584907532,1.1367182731628418,,,
109,50549,0.7623379826545715,1.1105947494506836,,,
109,50599,1.0064736604690552,1.3480421304702759,,,
109,50599,,,0.5195052331113226,1.3579126596450806,0.6830557584762573
110,50649,1.2227377891540527,0.8013598322868347,,,
110,50699,0.8785465955734253,1.2342053651809692,,,
110,50749,0.8774693608283997,0.9648270010948181,,,
110,50799,1.037423849105835,0.7545491456985474,,,
110,50849,0.7818702459335327,1.0085618495941162,,,
110,50899,0.6395185589790344,1.1182892322540283,,,
110,50949,0.7362285852432251,1.1031379699707031,,,
110,50999,1.1127524375915527,1.363307237625122,,,
110,51049,0.951219916343689,0.8455359935760498,,,
110,51059,,,0.4749218431425853,1.3850752115249634,0.5229694843292236
111,51099,0.7802422046661377,0.7916586399078369,,,
111,51149,1.1910574436187744,0.9633594751358032,,,
111,51199,0.8867688179016113,0.8370190262794495,,,
111,51249,0.6864328980445862,1.2108218669891357,,,
111,51299,0.9235939383506775,0.8476229310035706,,,
111,51349,1.028480887413025,0.9018557071685791,,,
111,51399,0.7241848707199097,1.091733694076538,,,
111,51449,0.8985208868980408,1.1832975149154663,,,
111,51499,1.0179355144500732,0.9023536443710327,,,
111,51519,,,0.483349191246432,1.3722374439239502,0.535700798034668
112,51549,0.8278063535690308,0.9717149138450623,,,
112,51599,0.5313899517059326,1.4449387788772583,,,
112,51649,1.1106185913085938,1.4850480556488037,,,
112,51699,0.8063926696777344,1.0991449356079102,,,
112,51749,1.0776294469833374,1.1552917957305908,,,
112,51799,0.9417803287506104,0.9866695404052734,,,
112,51849,1.0633223056793213,0.8054475784301758,,,
112,51899,0.9891918897628784,0.8839679956436157,,,
112,51949,0.5582438111305237,1.2609612941741943,,,
112,51979,,,0.6274976213130352,1.287771463394165,0.608615517616272
113,51999,0.7663892507553101,0.9427454471588135,,,
113,52049,1.0540742874145508,0.8748440146446228,,,
113,52099,0.8865334391593933,1.1930396556854248,,,
113,52149,0.8790696859359741,1.6474555730819702,,,
113,52199,0.6988838911056519,1.0573421716690063,,,
113,52249,0.8617158532142639,0.8527864813804626,,,
113,52299,0.9529156684875488,0.9257975816726685,,,
113,52349,0.6856262683868408,1.519171953201294,,,
113,52399,0.8400470018386841,1.030518889427185,,,
113,52439,,,0.588011417697431,1.311918020248413,0.7215266227722168
114,52449,0.8148996233940125,1.204127311706543,,,
114,52499,0.9036303758621216,0.8618384599685669,,,
114,52549,0.9097652435302734,1.091720461845398,,,
114,52599,0.8567037582397461,1.0504162311553955,,,
114,52649,0.7487937808036804,1.2759710550308228,,,
114,52699,1.084012508392334,0.8780200481414795,,,
114,52749,0.7293789386749268,1.0908355712890625,,,
114,52799,0.6033090949058533,1.1198923587799072,,,
114,52849,0.8141134977340698,0.7869428396224976,,,
114,52899,0.6616520881652832,0.8822559714317322,,,
114,52899,,,0.5269131439445426,1.3635329008102417,0.5299379825592041
115,52949,0.5918318033218384,0.9736390709877014,,,
115,52999,0.7958711981773376,0.9692155718803406,,,
115,53049,0.6640088558197021,1.836204171180725,,,
115,53099,0.857146143913269,0.924502968788147,,,
115,53149,1.0185060501098633,0.8871867060661316,,,
115,53199,0.5509093403816223,1.3364720344543457,,,
115,53249,1.339512825012207,1.0181325674057007,,,
115,53299,0.9780774116516113,1.2088171243667603,,,
115,53349,0.7721885442733765,1.4608089923858643,,,
115,53359,,,0.5551175750985456,1.2686622142791748,0.6088014245033264
116,53399,0.6571576595306396,1.1610161066055298,,,
116,53449,1.0368307828903198,1.0468597412109375,,,
116,53499,0.8096141815185547,1.0043898820877075,,,
116,53549,0.6745223999023438,1.1309854984283447,,,
116,53599,0.7805118560791016,1.1540123224258423,,,
116,53649,0.6647101640701294,1.41452956199646,,,
116,53699,0.6560148000717163,1.3117276430130005,,,
116,53749,0.7883216142654419,1.6528804302215576,,,
116,53799,0.8626857995986938,0.7491084337234497,,,
116,53819,,,0.5180780209324453,1.3548469543457031,0.5578818321228027
117,53849,1.206068515777588,0.8460597395896912,,,
117,53899,0.8030303716659546,1.150692343711853,,,
117,53949,0.717059850692749,1.4258465766906738,,,
117,53999,1.1781747341156006,0.7971037030220032,,,
117,54049,0.790791392326355,0.9938009977340698,,,
117,54099,1.1325260400772095,0.994184672832489,,,
117,54149,0.8704870939254761,1.0664103031158447,,,
117,54199,0.7604211568832397,1.1357442140579224,,,
117,54249,0.9544675350189209,0.8052228689193726,,,
117,54279,,,0.6958678809297268,1.1969746351242065,0.7328366041183472
118,54299,0.9955292344093323,1.0832233428955078,,,
118,54349,0.8099950551986694,1.6607906818389893,,,
118,54399,0.9264957904815674,1.327284812927246,,,
118,54449,0.7885090112686157,1.0399659872055054,,,
118,54499,0.6712405681610107,1.4455759525299072,,,
118,54549,1.1209336519241333,0.8216801881790161,,,
118,54599,0.8799884915351868,1.195038080215454,,,
118,54649,0.6084271669387817,0.9602322578430176,,,
118,54699,0.6589566469192505,1.127524733543396,,,
118,54739,,,0.41627021883920073,1.4751898050308228,0.639455258846283
119,54749,1.8882651329040527,0.9679057002067566,,,
119,54799,1.3147664070129395,0.8852570056915283,,,
119,54849,1.0488736629486084,1.0381641387939453,,,
119,54899,0.7769826054573059,0.8880584836006165,,,
119,54949,0.625991702079773,1.4085161685943604,,,
119,54999,0.8635118007659912,0.9970924854278564,,,
119,55049,0.9843082427978516,1.0626530647277832,,,
119,55099,0.9899332523345947,0.9055747985839844,,,
119,55149,1.0396580696105957,1.2174971103668213,,,
119,55199,1.1404178142547607,1.3099009990692139,,,
119,55199,,,0.589098817452766,1.307706356048584,0.713557779788971
120,55249,0.8067044019699097,1.319820761680603,,,
120,55299,1.3370802402496338,1.192765474319458,,,
120,55349,1.0892579555511475,0.9358289241790771,,,
120,55399,1.0473923683166504,1.0628225803375244,,,
120,55449,0.9841903448104858,0.6853339076042175,,,
120,55499,0.7421844601631165,1.0459022521972656,,,
120,55549,0.7610924243927002,1.5760717391967773,,,
120,55599,0.8322930335998535,1.166644811630249,,,
120,55649,0.9036138653755188,1.260316252708435,,,
120,55659,,,0.5971183906483621,1.2952107191085815,0.7004775404930115
121,55699,0.7802767753601074,1.1920616626739502,,,
121,55749,1.0185754299163818,0.9917352795600891,,,
121,55799,0.6536500453948975,1.287898302078247,,,
121,55849,0.9611361026763916,1.0468305349349976,,,
121,55899,1.0478816032409668,0.7409101724624634,,,
121,55949,0.9011871218681335,1.2403719425201416,,,
121,55999,0.989569902420044,1.2448710203170776,,,
121,56049,1.0095895528793335,0.7524785399436951,,,
121,56099,0.8849631547927856,1.1057379245758057,,,
121,56119,,,0.5973902405871959,1.3015944957733154,0.7789045572280884
122,56149,0.9780076146125793,1.026282548904419,,,
122,56199,0.777056097984314,1.2221598625183105,,,
122,56249,0.7984331250190735,0.9932803511619568,,,
122,56299,0.9449361562728882,1.0268585681915283,,,
122,56349,0.6649821400642395,0.9793307781219482,,,
122,56399,0.6309071779251099,1.3063712120056152,,,
122,56449,0.854824423789978,1.2675058841705322,,,
122,56499,0.9305300712585449,0.8294034004211426,,,
122,56549,1.2318135499954224,0.952141284942627,,,
122,56579,,,0.6302161207013729,1.2374882698059082,0.6846616864204407
123,56599,1.0112005472183228,1.0411996841430664,,,
123,56649,0.8127431869506836,1.4592564105987549,,,
123,56699,0.912729024887085,1.4191381931304932,,,
123,56749,0.6623838543891907,1.272634744644165,,,
123,56799,0.938255786895752,1.2193782329559326,,,
123,56849,1.0009732246398926,1.1118990182876587,,,
123,56899,0.796761155128479,0.9185043573379517,,,
123,56949,0.91671222448349,0.8969384431838989,,,
123,56999,0.8888431787490845,0.7254644632339478,,,
123,57039,,,0.4209596302840832,1.3868893384933472,0.6060271263122559
124,57049,0.7002786993980408,0.975731372833252,,,
124,57099,0.952674925327301,1.0742554664611816,,,
124,57149,0.7793328166007996,1.0515282154083252,,,
124,57199,0.7696590423583984,1.0093492269515991,,,
124,57249,0.8851944208145142,0.9585572481155396,,,
124,57299,1.2539424896240234,0.9440135955810547,,,
124,57349,0.5633324384689331,1.1232918500900269,,,
124,57399,1.1532039642333984,0.827604353427887,,,
124,57449,0.8040585517883301,0.8181252479553223,,,
124,57499,1.2015584707260132,0.895129382610321,,,
124,57499,,,0.5800598069865435,1.2966864109039307,0.6280981302261353
125,57549,0.9435772895812988,1.6514395475387573,,,
125,57599,1.1211726665496826,0.8667247295379639,,,
125,57649,1.1845855712890625,0.9074889421463013,,,
125,57699,0.8700395822525024,0.7862094044685364,,,
125,57749,1.0562183856964111,0.8609530925750732,,,
125,57799,1.0166919231414795,1.1645596027374268,,,
125,57849,0.8141415119171143,1.478754997253418,,,
125,57899,0.7737093567848206,1.1445472240447998,,,
125,57949,0.9206264019012451,1.586797833442688,,,
125,57959,,,0.7562865298355308,1.298947811126709,0.783443033695221
126,57999,0.8961731195449829,1.077589511871338,,,
126,58049,0.7446707487106323,1.035176157951355,,,
126,58099,0.9862962961196899,0.7821731567382812,,,
126,58149,0.9960842132568359,0.9617146849632263,,,
126,58199,0.9847537875175476,0.8062551021575928,,,
126,58249,0.6361889839172363,1.3441441059112549,,,
126,58299,1.0090609788894653,0.9054385423660278,,,
126,58349,0.6332384347915649,1.2930309772491455,,,
126,58399,0.8617146015167236,0.961952805519104,,,
126,58419,,,0.6455076797607721,1.2535438537597656,0.8425173759460449
127,58449,0.6067970395088196,0.7921567559242249,,,
127,58499,0.7213060855865479,1.1034764051437378,,,
127,58549,0.7453994750976562,1.424466848373413,,,
127,58599,0.7919464111328125,0.8413838148117065,,,
127,58649,0.7963360548019409,1.1546165943145752,,,
127,58699,0.7147751450538635,1.2140157222747803,,,
127,58749,0.9641013741493225,1.0827076435089111,,,
127,58799,0.6043824553489685,1.27268648147583,,,
127,58849,0.8297241926193237,1.0955572128295898,,,
127,58879,,,0.43761043903765123,1.4407564401626587,0.5486279129981995
128,58899,1.2079410552978516,0.8972142934799194,,,
128,58949,0.7793077230453491,1.2455222606658936,,,
128,58999,0.8531789779663086,1.0383810997009277,,,
128,59049,1.0664904117584229,0.8197056651115417,,,
128,59099,0.6602404713630676,1.5562217235565186,,,
128,59149,0.7848235964775085,1.2553191184997559,,,
128,59199,0.9789289236068726,1.0272974967956543,,,
128,59249,0.8123857975006104,1.062612771987915,,,
128,59299,0.8556848764419556,0.9103800654411316,,,
128,59339,,,0.5125730596710616,1.3530844449996948,0.5813108086585999
129,59349,0.8969482183456421,0.9531850218772888,,,
129,59399,0.9020142555236816,0.7824722528457642,,,
129,59449,0.597769558429718,1.4355279207229614,,,
129,59499,0.8912816047668457,1.3987047672271729,,,
129,59549,0.9858471155166626,0.8696024417877197,,,
129,59599,0.8497293591499329,1.1684205532073975,,,
129,59649,1.0047025680541992,1.300382375717163,,,
129,59699,0.7375631332397461,0.7053890228271484,,,
129,59749,0.9837400317192078,0.8948252201080322,,,
129,59799,0.9072657823562622,1.0889164209365845,,,
129,59799,,,0.48579584069593584,1.3722184896469116,0.6056070923805237
130,59849,0.8115072846412659,0.8854902386665344,,,
130,59899,0.7457494735717773,0.9448989629745483,,,
130,59949,0.637096643447876,2.014831066131592,,,
130,59999,1.2080705165863037,1.4176911115646362,,,
130,60049,0.6876904964447021,1.0223162174224854,,,
130,60099,0.8556078672409058,0.9973567724227905,,,
130,60149,0.8897742629051208,1.5266516208648682,,,
130,60199,0.7557775974273682,1.7667193412780762,,,
130,60249,0.6550517082214355,1.466015338897705,,,
130,60259,,,0.5526709256490417,1.3643534183502197,0.8430733680725098
131,60299,1.0490988492965698,0.9785123467445374,,,
131,60349,0.976028323173523,0.8492124080657959,,,
131,60399,0.48854726552963257,1.4150283336639404,,,
131,60449,0.8659307956695557,1.0034146308898926,,,
131,60499,0.9371349811553955,1.0146732330322266,,,
131,60549,1.206411600112915,1.396985650062561,,,
131,60599,1.0202631950378418,1.4287984371185303,,,
131,60649,0.7982982397079468,1.4696946144104004,,,
131,60699,0.7019657492637634,0.9424226880073547,,,
131,60719,,,0.5486611390512437,1.3075395822525024,0.6034565567970276
132,60749,0.8819049596786499,1.1273727416992188,,,
132,60799,0.8645049333572388,1.0586216449737549,,,
132,60849,0.9969717264175415,0.8065862655639648,,,
132,60899,0.8873182535171509,1.1656205654144287,,,
132,60949,1.0780730247497559,1.015128493309021,,,
132,60999,0.6504884958267212,1.199934959411621,,,
132,61049,0.7414246797561646,1.1441035270690918,,,
132,61099,0.8510404825210571,0.9045829176902771,,,
132,61149,0.9058742523193359,1.1092299222946167,,,
132,61179,,,0.5340492048389289,1.3582525253295898,0.6363236308097839
133,61199,0.9254938364028931,0.8372611999511719,,,
133,61249,0.9660261273384094,1.0778281688690186,,,
133,61299,0.8627563714981079,0.9679124355316162,,,
133,61349,0.8573261499404907,0.8998726606369019,,,
133,61399,0.8658349514007568,0.8224925994873047,,,
133,61449,0.588284432888031,1.2401337623596191,,,
133,61499,1.0536272525787354,0.7717579007148743,,,
133,61549,0.7616616487503052,0.867097020149231,,,
133,61599,0.8868136405944824,1.591950535774231,,,
133,61639,,,0.5436319151828191,1.3194490671157837,0.5874972343444824
134,61649,0.8983856439590454,1.0519146919250488,,,
134,61699,0.928655743598938,1.0072969198226929,,,
134,61749,0.7302712202072144,1.129075527191162,,,
134,61799,1.2460007667541504,1.29412841796875,,,
134,61849,1.2007869482040405,1.0343432426452637,,,
134,61899,0.8004239797592163,1.6010973453521729,,,
134,61949,0.8450098037719727,1.3954031467437744,,,
134,61999,0.9682676792144775,1.2676721811294556,,,
134,62049,0.7477210760116577,1.0861458778381348,,,
134,62099,0.6826609373092651,1.1874687671661377,,,
134,62099,,,0.6968873182003534,1.2384387254714966,0.719971776008606
135,62149,0.8034228086471558,1.1276520490646362,,,
135,62199,0.9278520941734314,1.0533318519592285,,,
135,62249,1.0155317783355713,0.9513684511184692,,,
135,62299,0.9032689929008484,1.3404607772827148,,,
135,62349,0.8837834596633911,1.482832670211792,,,
135,62399,0.45068132877349854,1.2125768661499023,,,
135,62449,0.7526170015335083,1.357184648513794,,,
135,62499,0.9302158355712891,1.1288855075836182,,,
135,62549,0.6887043714523315,1.1731696128845215,,,
135,62559,,,0.7206062253635993,1.2719327211380005,0.7440551519393921
136,62599,0.9802417159080505,1.2175092697143555,,,
136,62649,0.7400460839271545,0.9153458476066589,,,
136,62699,0.9436220526695251,0.9249902963638306,,,
136,62749,0.8430845141410828,0.841800332069397,,,
136,62799,0.8316149711608887,1.0653674602508545,,,
136,62849,0.7824692130088806,1.3902559280395508,,,
136,62899,0.8817431926727295,1.4732372760772705,,,
136,62949,0.8880807161331177,1.1105732917785645,,,
136,62999,1.6647533178329468,0.6969684362411499,,,
136,63019,,,0.4615332336550224,1.3901108503341675,0.6283374428749084
137,63049,0.7560713887214661,1.2126648426055908,,,
137,63099,0.6205967664718628,1.622771143913269,,,
137,63149,0.77911776304245,0.9629843831062317,,,
137,63199,1.1068968772888184,1.0837359428405762,,,
137,63249,0.859153687953949,1.4783515930175781,,,
137,63299,0.6681694984436035,1.314005732536316,,,
137,63349,0.9309330582618713,0.9336661100387573,,,
137,63399,0.8208619356155396,1.1319539546966553,,,
137,63449,0.9646198153495789,1.169298529624939,,,
137,63479,,,0.49959222509174933,1.3721587657928467,0.6013482213020325
138,63499,0.7248972654342651,1.2877323627471924,,,
138,63549,0.7696475982666016,0.867466151714325,,,
138,63599,1.1063222885131836,0.9513910412788391,,,
138,63649,0.7264653444290161,1.0496599674224854,,,
138,63699,0.9717823266983032,0.9600743651390076,,,
138,63749,0.8251090049743652,0.8713194727897644,,,
138,63799,0.8962913155555725,0.9734944701194763,,,
138,63849,0.8001075387001038,1.397207260131836,,,
138,63899,0.8738364577293396,1.9935753345489502,,,
138,63939,,,0.48348511621584883,1.3436846733093262,0.5388191342353821
139,63949,0.8335455656051636,1.2480360269546509,,,
139,63999,0.8134289383888245,1.3121944665908813,,,
139,64049,0.8672235608100891,0.8466397523880005,,,
139,64099,0.8331602811813354,1.081159234046936,,,
139,64149,0.997473955154419,0.9023888111114502,,,
139,64199,0.8547661304473877,0.7923369407653809,,,
139,64249,0.8945150375366211,0.9711840152740479,,,
139,64299,0.9206847548484802,1.0687648057937622,,,
139,64349,0.8852646350860596,0.7253427505493164,,,
139,64399,1.0027639865875244,1.3233904838562012,,,
139,64399,,,0.5657197227130624,1.2465977668762207,0.8598586916923523
140,64449,0.7089943289756775,0.7429460287094116,,,
140,64499,0.9747295379638672,1.2516930103302002,,,
140,64549,0.9996887445449829,1.1068377494812012,,,
140,64599,0.6035313606262207,1.3379812240600586,,,
140,64649,0.6750336289405823,1.1364152431488037,,,
140,64699,1.0718111991882324,1.188568115234375,,,
140,64749,0.9344512224197388,1.2197630405426025,,,
140,64799,0.8840903639793396,1.1871471405029297,,,
140,64849,0.9552242755889893,1.0086865425109863,,,
140,64859,,,0.482737528884056,1.3742164373397827,0.5424356460571289
141,64899,0.7050794363021851,1.2981059551239014,,,
141,64949,0.9019796848297119,0.9290786981582642,,,
141,64999,0.7713871002197266,1.397367238998413,,,
141,65049,0.6519687175750732,1.7569152116775513,,,
141,65099,0.6666693687438965,1.2825993299484253,,,
141,65149,1.2037302255630493,1.0458651781082153,,,
141,65199,0.8097209334373474,1.2168917655944824,,,
141,65249,0.7432674169540405,1.1708803176879883,,,
141,65299,0.8685964345932007,1.0709956884384155,,,
141,65319,,,0.5834579312219654,1.246132254600525,0.7492479681968689
142,65349,0.876164436340332,1.0123610496520996,,,
142,65399,0.6640298962593079,1.9505164623260498,,,
142,65449,0.7420806884765625,1.6835256814956665,,,
142,65499,1.2653839588165283,0.9281370043754578,,,
142,65549,1.1820034980773926,1.0716557502746582,,,
142,65599,0.7783249616622925,1.0189083814620972,,,
142,65649,0.7245423793792725,0.8554796576499939,,,
142,65699,1.25050950050354,0.9822196960449219,,,
142,65749,0.7127906084060669,1.3140747547149658,,,
142,65779,,,0.5888269675139323,1.2656023502349854,0.6159943342208862
143,65799,0.8332397937774658,0.9506450295448303,,,
143,65849,0.6657804250717163,0.9198678731918335,,,
143,65899,0.7945154905319214,1.0190263986587524,,,
143,65949,0.6410198211669922,1.0109360218048096,,,
143,65999,0.962982177734375,1.4680132865905762,,,
143,66049,0.8313113451004028,0.9359526038169861,,,
143,66099,0.7367305755615234,0.8971332311630249,,,
143,66149,0.8162508010864258,1.3847992420196533,,,
143,66199,0.7439911961555481,1.4309124946594238,,,
143,66239,,,0.8439581351094196,1.0471168756484985,0.8429338932037354
144,66249,0.7946406602859497,1.1339142322540283,,,
144,66299,0.7659985423088074,1.2671031951904297,,,
144,66349,0.8961204290390015,1.3724867105484009,,,
144,66399,0.7080320119857788,1.16934072971344,,,
144,66449,0.5892410278320312,1.1494663953781128,,,
144,66499,0.9133396744728088,0.6936840415000916,,,
144,66549,1.072960615158081,1.0893510580062866,,,
144,66599,1.216569423675537,1.162581443786621,,,
144,66649,0.8698962926864624,1.043572187423706,,,
144,66699,1.216386079788208,1.4912002086639404,,,
144,66699,,,0.699605817588691,1.2297097444534302,0.7304688692092896
145,66749,0.6555081605911255,1.2265346050262451,,,
145,66799,0.863258957862854,0.9819719791412354,,,
145,66849,0.8327174186706543,1.0296361446380615,,,
145,66899,1.4033875465393066,1.1803277730941772,,,
145,66949,0.9411069750785828,0.7627076506614685,,,
145,66999,0.9593538045883179,0.7986869215965271,,,
145,67049,0.707343578338623,1.096527099609375,,,
145,67099,0.9874714016914368,0.8569179177284241,,,
145,67149,0.9353757500648499,1.2033648490905762,,,
145,67159,,,0.4972815006116624,1.3474562168121338,0.5527122616767883
146,67199,0.6140729188919067,1.4178216457366943,,,
146,67249,0.9610848426818848,1.5810842514038086,,,
146,67299,1.3414232730865479,0.9686951041221619,,,
146,67349,0.8264690637588501,1.2163163423538208,,,
146,67399,0.8366807699203491,1.0876877307891846,,,
146,67449,0.7185874581336975,1.2319668531417847,,,
146,67499,1.0614345073699951,1.085524559020996,,,
146,67549,1.2493054866790771,0.8676062822341919,,,
146,67599,1.129582166671753,0.7524279356002808,,,
146,67619,,,0.6210411852657333,1.2840771675109863,0.6983253955841064
147,67649,0.9834449887275696,1.059985876083374,,,
147,67699,0.9094700813293457,1.2257004976272583,,,
147,67749,0.8055211305618286,0.984654426574707,,,
147,67799,0.7993212938308716,1.2226133346557617,,,
147,67849,0.7687790393829346,1.0355243682861328,,,
147,67899,0.8462234139442444,0.9253690242767334,,,
147,67949,0.8602184057235718,0.7659514546394348,,,
147,67999,0.9906442761421204,1.0615172386169434,,,
147,68049,0.6867708563804626,1.1404050588607788,,,
147,68079,,,0.6449639798831045,1.2174931764602661,0.7217662930488586
148,68099,1.0568833351135254,0.6695312857627869,,,
148,68149,0.5357803106307983,1.1205525398254395,,,
148,68199,0.9116384983062744,1.2341248989105225,,,
148,68249,0.9417961835861206,1.0410223007202148,,,
148,68299,0.9060870409011841,0.7653231024742126,,,
148,68349,0.8083072900772095,0.967779278755188,,,
148,68399,1.2607746124267578,0.9348467588424683,,,
148,68449,0.6812834143638611,0.9799988865852356,,,
148,68499,0.5943582057952881,1.688159704208374,,,
148,68539,,,0.510330297675683,1.3503371477127075,0.6313138008117676
149,68549,1.1069285869598389,1.0251579284667969,,,
149,68599,1.1380510330200195,1.3478773832321167,,,
149,68649,0.9268426895141602,0.9102329611778259,,,
149,68699,0.5499362945556641,0.860375702381134,,,
149,68749,0.8254691362380981,1.141097068786621,,,
149,68799,0.9336485266685486,0.8112310767173767,,,
149,68849,0.6912740468978882,1.19501793384552,,,
149,68899,0.5732532739639282,1.1445634365081787,,,
149,68949,0.6823107004165649,0.7939589619636536,,,
149,68999,0.998627781867981,1.1906737089157104,,,
149,68999,,,0.4639798831045263,1.470312237739563,0.4949643015861511
150,69049,0.750816822052002,1.2816424369812012,,,
150,69099,0.811290979385376,1.6547309160232544,,,
150,69149,0.9006887674331665,1.2487530708312988,,,
150,69199,0.9974948167800903,0.9941533803939819,,,
150,69249,0.858107328414917,1.0055534839630127,,,
150,69299,0.914859414100647,0.748375654220581,,,
150,69349,0.7889608144760132,1.688313364982605,,,
150,69399,0.547500729560852,1.4284629821777344,,,
150,69449,1.2072665691375732,0.9918302893638611,,,
150,69459,,,0.6378958814734267,1.2857651710510254,0.800597071647644
151,69499,0.6457450985908508,0.901104211807251,,,
151,69549,0.914615273475647,1.1086902618408203,,,
151,69599,1.3499741554260254,1.0739829540252686,,,
151,69649,0.639782190322876,1.3536088466644287,,,
151,69699,0.6588291525840759,1.2096178531646729,,,
151,69749,1.0759894847869873,1.0888288021087646,,,
151,69799,0.9701120853424072,0.9856951832771301,,,
151,69849,0.957017183303833,1.1991994380950928,,,
151,69899,0.9161651134490967,0.9283658266067505,,,
151,69919,,,0.6105749626206334,1.2464237213134766,0.7108219265937805
152,69949,0.6409657597541809,0.8782933354377747,,,
152,69999,0.8385066986083984,1.230542778968811,,,
152,70049,1.011923909187317,0.7863667011260986,,,
152,70099,1.015622615814209,1.1667505502700806,,,
152,70149,0.7704625129699707,1.72767174243927,,,
152,70199,0.9855731725692749,1.0314207077026367,,,
152,70249,1.1930325031280518,0.7271655797958374,,,
152,70299,0.921236515045166,1.1834577322006226,,,
152,70349,0.9310369491577148,0.8057918548583984,,,
152,70379,,,0.5297675683022971,1.2886403799057007,0.6659220457077026
153,70399,0.8761049509048462,1.1689763069152832,,,
153,70449,1.041623592376709,1.3033218383789062,,,
153,70499,0.7142048478126526,1.3062033653259277,,,
153,70549,0.9707802534103394,0.8359534740447998,,,
153,70599,1.08707594871521,0.9346892833709717,,,
153,70649,0.8477288484573364,0.9583093523979187,,,
153,70699,1.0731070041656494,0.8251729607582092,,,
153,70749,0.8213944435119629,1.415551781654358,,,
153,70799,1.1293764114379883,0.7787162065505981,,,
153,70839,,,0.4899415522631507,1.3726190328598022,0.5866543650627136
154,70849,0.9770190119743347,0.7780855894088745,,,
154,70899,0.7414445877075195,0.9930976033210754,,,
154,70949,0.7550026178359985,1.068820834159851,,,
154,70999,0.894786536693573,0.7811377048492432,,,
154,71049,0.6041448712348938,1.0262908935546875,,,
154,71099,1.0688523054122925,1.4867942333221436,,,
154,71149,0.9455304145812988,1.0629608631134033,,,
154,71199,0.7882770895957947,0.8735251426696777,,,
154,71249,0.7249692678451538,1.3432633876800537,,,
154,71299,0.9747505187988281,1.2432167530059814,,,
154,71299,,,0.4813782791898872,1.3713308572769165,0.5652621984481812
155,71349,0.7275920510292053,1.2217280864715576,,,
155,71399,0.6274482011795044,0.988318920135498,,,
155,71449,0.8661812543869019,0.8288255929946899,,,
155,71499,0.9643983840942383,1.2701680660247803,,,
155,71549,0.8114441633224487,0.9294759035110474,,,
155,71599,0.7482225894927979,1.3870398998260498,,,
155,71649,1.6680105924606323,1.23795485496521,,,
155,71699,0.6541432738304138,0.9046415090560913,,,
155,71749,0.8610360622406006,0.8931866884231567,,,
155,71759,,,0.6540029903493272,1.2645548582077026,0.7408108115196228
156,71799,0.8338797688484192,0.818940281867981,,,
156,71849,0.6930617690086365,0.9161450862884521,,,
156,71899,0.7932389378547668,0.9166223406791687,,,
156,71949,1.1044392585754395,0.7487510442733765,,,
156,71999,0.6464099287986755,1.3382272720336914,,,
156,72049,0.5760800838470459,1.2183728218078613,,,
156,72099,0.9769642949104309,1.4347894191741943,,,
156,72149,0.8459966778755188,0.8884264230728149,,,
156,72199,0.9847666025161743,0.8048381805419922,,,
156,72219,,,0.5007475873317928,1.3357665538787842,0.5447887778282166
157,72249,0.6054243445396423,1.0017192363739014,,,
157,72299,1.0975017547607422,0.9625102281570435,,,
157,72349,1.178680658340454,1.0981996059417725,,,
157,72399,0.9338449835777283,0.989952802658081,,,
157,72449,0.6097694039344788,1.2573992013931274,,,
157,72499,0.7027941942214966,1.068406581878662,,,
157,72549,0.929684042930603,1.100663185119629,,,
157,72599,1.0110259056091309,0.9642617702484131,,,
157,72649,1.0183374881744385,1.0135760307312012,,,
157,72679,,,0.49157265189615335,1.3868343830108643,0.6130527853965759
158,72699,0.9020558595657349,1.3074389696121216,,,
158,72749,0.6065856218338013,0.8371131420135498,,,
158,72799,0.7714203596115112,1.0580573081970215,,,
158,72849,0.6290889978408813,1.0286731719970703,,,
158,72899,0.7891514897346497,1.0552210807800293,,,
158,72949,0.755499541759491,0.8654263019561768,,,
158,72999,1.2371737957000732,0.9356358051300049,,,
158,73049,0.6708115339279175,1.2037063837051392,,,
158,73099,0.6995043754577637,1.169161319732666,,,
158,73139,,,0.5237189071632459,1.364154577255249,0.5935467481613159
159,73149,0.5843007564544678,1.3470439910888672,,,
159,73199,0.8848056793212891,0.8451567888259888,,,
159,73249,0.7211321592330933,1.2678697109222412,,,
159,73299,0.8046247363090515,1.3024400472640991,,,
159,73349,0.5784550905227661,1.5338401794433594,,,
159,73399,0.7920022010803223,1.255844235420227,,,
159,73449,0.7870684862136841,1.3056310415267944,,,
159,73499,0.917383074760437,1.4986577033996582,,,
159,73549,0.9446218013763428,0.8121291399002075,,,
159,73599,1.6403615474700928,0.9865087270736694,,,
159,73599,,,0.55579719994563,1.328415870666504,0.7211674451828003
160,73649,0.9605891704559326,0.9558558464050293,,,
160,73699,0.6223345994949341,1.1848037242889404,,,
160,73749,0.9461231231689453,1.4301849603652954,,,
160,73799,0.7703654766082764,1.2833292484283447,,,
160,73849,0.7175716161727905,1.106053352355957,,,
160,73899,0.9346222281455994,0.8274415731430054,,,
160,73949,0.7351009845733643,1.2453598976135254,,,
160,73999,0.8531367778778076,1.2302742004394531,,,
160,74049,1.0958436727523804,1.1686716079711914,,,
160,74059,,,0.58631235557972,1.2689087390899658,0.6464093327522278
161,74099,0.6054509282112122,1.250404715538025,,,
161,74149,1.2413052320480347,0.8884387016296387,,,
161,74199,0.9531038999557495,0.8018415570259094,,,
161,74249,0.9258075952529907,0.9789686799049377,,,
161,74299,0.6428127884864807,1.1998080015182495,,,
161,74349,0.8705811500549316,0.8299260139465332,,,
161,74399,0.7390314340591431,0.8564014434814453,,,
161,74449,1.3794164657592773,1.024143934249878,,,
161,74499,0.6759829521179199,0.8579372763633728,,,
161,74519,,,0.5422726654886503,1.3245630264282227,0.5512465834617615
162,74549,0.7584241628646851,1.3098009824752808,,,
162,74599,0.9199092984199524,0.9627940654754639,,,
162,74649,0.8200515508651733,0.7863161563873291,,,
162,74699,0.5782940983772278,1.0901800394058228,,,
162,74749,0.8814611434936523,1.2164322137832642,,,
162,74799,0.6172552108764648,1.310976266860962,,,
162,74849,0.7551761865615845,1.109318494796753,,,
162,74899,0.8266268372535706,1.4463261365890503,,,
162,74949,0.9928892850875854,1.0865201950073242,,,
162,74979,,,0.48525214081826834,1.3419910669326782,0.5809393525123596
163,74999,0.9209960103034973,1.382446050643921,,,
163,75049,0.8124943971633911,1.3799474239349365,,,
163,75099,0.7228403091430664,0.9126191139221191,,,
163,75149,0.7526733875274658,1.6316347122192383,,,
163,75199,0.9254071116447449,0.8770357370376587,,,
163,75249,0.9240489602088928,0.9707735776901245,,,
163,75299,0.6256982684135437,1.1698532104492188,,,
163,75349,0.8958816528320312,1.1635890007019043,,,
163,75399,0.8119653463363647,1.018610954284668,,,
163,75439,,,0.5742829957863259,1.2608243227005005,0.6843242645263672
164,75449,0.6041015982627869,1.1161153316497803,,,
164,75499,0.846489429473877,1.1375353336334229,,,
164,75549,1.4782801866531372,0.8705101013183594,,,
164,75599,0.76092129945755,1.1872721910476685,,,
164,75649,0.9411125183105469,0.9422376155853271,,,
164,75699,0.6549298763275146,1.0334372520446777,,,
164,75749,0.959976077079773,0.9747771620750427,,,
164,75799,0.7712746858596802,2.202667474746704,,,
164,75849,0.9763678312301636,1.2323939800262451,,,
164,75899,0.8881326913833618,0.7242110967636108,,,
164,75899,,,0.459154546690227,1.4836418628692627,0.45604971051216125
165,75949,0.8088616728782654,1.0944421291351318,,,
165,75999,0.6499700546264648,1.1811739206314087,,,
165,76049,0.8617415428161621,1.1855974197387695,,,
165,76099,0.6876612901687622,0.9759069681167603,,,
165,76149,0.775094747543335,0.780437707901001,,,
165,76199,0.7613789439201355,1.461029291152954,,,
165,76249,1.1627445220947266,0.6231297850608826,,,
165,76299,1.1342322826385498,0.9783692359924316,,,
165,76349,0.804793655872345,1.4160852432250977,,,
165,76359,,,0.5780888949299986,1.3243497610092163,0.6410126090049744
166,76399,0.9828828573226929,1.1221237182617188,,,
166,76449,1.0699052810668945,0.7888200283050537,,,
166,76499,0.7804787158966064,0.8731847405433655,,,
166,76549,0.9008294939994812,1.1131176948547363,,,
166,76599,0.6143590211868286,1.1305184364318848,,,
166,76649,0.8828801512718201,0.8795027732849121,,,
166,76699,0.7470635175704956,0.9402704238891602,,,
166,76749,0.5539858341217041,1.5539510250091553,,,
166,76799,0.7394989132881165,1.1823687553405762,,,
166,76819,,,0.6003805899143673,1.2813105583190918,0.8006261587142944
167,76849,0.7458969950675964,1.096616506576538,,,
167,76899,0.7954972982406616,1.0225498676300049,,,
167,76949,0.513945460319519,1.6928473711013794,,,
167,76999,0.9761189222335815,1.2144285440444946,,,
167,77049,1.073519229888916,0.995702862739563,,,
167,77099,0.8865245580673218,1.2192412614822388,,,
167,77149,0.9361620545387268,1.1669633388519287,,,
167,77199,0.7185176610946655,1.0667675733566284,,,
167,77249,0.819409966468811,1.0502487421035767,,,
167,77279,,,0.478727742286258,1.3474851846694946,0.6380178928375244
168,77299,0.8425078392028809,1.0141979455947876,,,
168,77349,0.6423436999320984,1.1679625511169434,,,
168,77399,0.5770167112350464,1.217093825340271,,,
168,77449,1.067396640777588,1.3094274997711182,,,
168,77499,0.7399935722351074,1.1372151374816895,,,
168,77549,1.302544355392456,0.9736854434013367,,,
168,77599,0.6765893697738647,1.5256943702697754,,,
168,77649,0.8872175812721252,0.955346941947937,,,
168,77699,0.87064129114151,1.646012783050537,,,
168,77739,,,0.521883920076118,1.3344876766204834,0.5420432686805725
169,77749,1.040098786354065,0.7529290318489075,,,
169,77799,0.7704646587371826,1.2075955867767334,,,
169,77849,0.8546570539474487,1.030757188796997,,,
169,77899,0.8541324138641357,1.0661243200302124,,,
169,77949,0.6530358791351318,0.8752849102020264,,,
169,77999,0.5743024945259094,1.8540048599243164,,,
169,78049,0.9061316251754761,1.0851943492889404,,,
169,78099,1.017457365989685,1.0328187942504883,,,
169,78149,0.6594223380088806,1.1590170860290527,,,
169,78199,0.6172288060188293,1.1529943943023682,,,
169,78199,,,0.5259616691586244,1.424954891204834,0.468895822763443
170,78249,0.8967701196670532,1.551180124282837,,,
170,78299,0.5077162981033325,1.2271133661270142,,,
170,78349,0.9755493998527527,1.3224009275436401,,,
170,78399,0.9618147015571594,0.8875306844711304,,,
170,78449,0.6974260807037354,1.0375996828079224,,,
170,78499,0.6201961040496826,1.3000432252883911,,,
170,78549,0.9505972862243652,0.8992087841033936,,,
170,78599,0.5676596164703369,1.2221777439117432,,,
170,78649,0.5962234735488892,1.0902785062789917,,,
170,78659,,,0.5108739975533505,1.340404748916626,0.5389187335968018
171,78699,0.7569612860679626,1.0951879024505615,,,
171,78749,0.5697722434997559,1.7137789726257324,,,
171,78799,0.6282750368118286,1.0999577045440674,,,
171,78849,0.8413942456245422,1.2048264741897583,,,
171,78899,0.6466596126556396,1.1873524188995361,,,
171,78949,0.543608546257019,1.070279598236084,,,
171,78999,0.7390347123146057,0.7455055713653564,,,
171,79049,0.8890544176101685,0.9815088510513306,,,
171,79099,1.597214698791504,0.7099589109420776,,,
171,79119,,,0.6477504417561506,1.297037124633789,0.7073721289634705
172,79149,0.680088460445404,0.9801367521286011,,,
172,79199,0.872068464756012,1.122927188873291,,,
172,79249,0.8591293096542358,1.0975425243377686,,,
172,79299,0.6314418315887451,1.0541044473648071,,,
172,79349,0.9357311129570007,0.8853237628936768,,,
172,79399,0.9314612150192261,1.2036855220794678,,,
172,79449,1.383410096168518,0.946020245552063,,,
172,79499,1.255380392074585,0.9926122426986694,,,
172,79549,1.15301513671875,0.9856829047203064,,,
172,79579,,,0.5208644828054914,1.3604103326797485,0.6003516912460327
173,79599,1.0175976753234863,0.9781932830810547,,,
173,79649,0.9268665313720703,0.9500356912612915,,,
173,79699,0.6891616582870483,1.2504154443740845,,,
173,79749,0.952831506729126,1.0164318084716797,,,
173,79799,0.6260737180709839,1.121814250946045,,,
173,79849,0.8597089648246765,1.108621597290039,,,
173,79899,0.6442410945892334,1.3115524053573608,,,
173,79949,0.9761865735054016,0.7963709235191345,,,
173,79999,0.860775351524353,0.9251039028167725,,,
173,80039,,,0.53051515563409,1.3434019088745117,0.6155664324760437
174,80049,1.1972123384475708,0.7831346988677979,,,
174,80099,0.9693275094032288,1.0066256523132324,,,
174,80149,1.160824179649353,1.0861352682113647,,,
174,80199,0.7680520415306091,1.2730720043182373,,,
174,80249,0.8287978172302246,0.8988314270973206,,,
174,80299,0.7250927686691284,1.0731453895568848,,,
174,80349,0.903370201587677,1.2931345701217651,,,
174,80399,0.8050483465194702,0.8968803882598877,,,
174,80449,0.8121440410614014,1.2300008535385132,,,
174,80499,0.7523730993270874,1.2070822715759277,,,
174,80499,,,0.5523311132254995,1.3265820741653442,0.7016342282295227
175,80549,0.6456811428070068,1.0033869743347168,,,
175,80599,0.9878472685813904,0.8663156032562256,,,
175,80649,1.0889892578125,0.9289690256118774,,,
175,80699,0.7698773145675659,1.0907719135284424,,,
175,80749,0.8829376101493835,1.141534447669983,,,
175,80799,0.751232385635376,1.3761827945709229,,,
175,80849,0.7946155667304993,1.2138607501983643,,,
175,80899,0.7994509935379028,1.11904776096344,,,
175,80949,0.9485936164855957,0.8582044839859009,,,
175,80959,,,0.5180100584477368,1.355501651763916,0.6155049800872803
176,80999,0.8955482244491577,0.6607718467712402,,,
176,81049,0.9021883606910706,0.8429824113845825,,,
176,81099,0.9945268630981445,0.8842793703079224,,,
176,81149,0.9312992691993713,0.7430195808410645,,,
176,81199,0.7018802165985107,1.3893979787826538,,,
176,81249,0.751589298248291,0.9812910556793213,,,
176,81299,0.7193553447723389,1.2489888668060303,,,
176,81349,0.6247825622558594,0.9271825551986694,,,
176,81399,1.1800981760025024,0.7862280011177063,,,
176,81419,,,0.5288160935163789,1.3557833433151245,0.6432346105575562
177,81449,0.9258127212524414,1.1949577331542969,,,
177,81499,1.263231873512268,1.200439453125,,,
177,81549,1.367479681968689,0.9023036956787109,,,
177,81599,0.7878594398498535,0.9248272776603699,,,
177,81649,0.9793540239334106,0.6851124167442322,,,
177,81699,0.7487421035766602,1.1955804824829102,,,
177,81749,0.8591132164001465,0.9516811370849609,,,
177,81799,0.5586138963699341,1.5667085647583008,,,
177,81849,0.7754637002944946,1.7074012756347656,,,
177,81879,,,0.6401386434688052,1.2793675661087036,0.6585986614227295
178,81899,0.7137644290924072,0.9148346185684204,,,
178,81949,0.6381699442863464,1.1204683780670166,,,
178,81999,0.9850701093673706,1.3192470073699951,,,
178,82049,0.949960470199585,1.0457754135131836,,,
178,82099,0.8677599430084229,1.143693447113037,,,
178,82149,1.1473309993743896,1.1977125406265259,,,
178,82199,0.8664432764053345,1.3307175636291504,,,
178,82249,0.5888768434524536,1.459763765335083,,,
178,82299,0.5959829092025757,1.4533900022506714,,,
178,82339,,,0.5055049612613837,1.390615463256836,0.5329403281211853
179,82349,0.9860643148422241,1.105611801147461,,,
179,82399,0.9207037687301636,0.8158225417137146,,,
179,82449,0.6820685863494873,1.008063793182373,,,
179,82499,0.6623349189758301,1.119971752166748,,,
179,82549,0.9510223865509033,1.0773732662200928,,,
179,82599,0.835946261882782,0.8464789390563965,,,
179,82649,0.9539593458175659,0.9339085817337036,,,
179,82699,0.6042352914810181,1.7255961894989014,,,
179,82749,0.9088326692581177,1.0809587240219116,,,
179,82799,0.8330563902854919,0.9680548906326294,,,
179,82799,,,0.6260704091341579,1.2971360683441162,0.5910347104072571
180,82849,0.7350388169288635,1.2387374639511108,,,
180,82899,0.9169801473617554,1.771435022354126,,,
180,82949,1.1245381832122803,0.8586058616638184,,,
180,82999,0.8956554532051086,0.8740694522857666,,,
180,83049,1.0317288637161255,0.9058675169944763,,,
180,83099,0.9752839803695679,0.9707571268081665,,,
180,83149,0.827297031879425,0.9522086381912231,,,
180,83199,0.6845443844795227,1.1844173669815063,,,
180,83249,1.1163288354873657,0.8018569350242615,,,
180,83259,,,0.5232431697702868,1.3145372867584229,0.7631545066833496
181,83299,1.2248989343643188,1.0229026079177856,,,
181,83349,0.9495778679847717,1.3733031749725342,,,
181,83399,0.8724657893180847,1.0188953876495361,,,
181,83449,0.5874549150466919,0.9127241969108582,,,
181,83499,1.0067888498306274,0.882837176322937,,,
181,83549,0.8387243747711182,0.6239718198776245,,,
181,83599,1.254211664199829,0.7505324482917786,,,
181,83649,0.9033869504928589,1.0483856201171875,,,
181,83699,0.9599189162254333,1.3069249391555786,,,
181,83719,,,0.6478863667255675,1.235119104385376,0.5978728532791138
182,83749,0.667234480381012,1.3015618324279785,,,
182,83799,1.010589838027954,1.7564891576766968,,,
182,83849,0.6716189980506897,1.5588507652282715,,,
182,83899,1.1524211168289185,1.4357633590698242,,,
182,83949,0.9270991086959839,1.2369425296783447,,,
182,83999,0.5330327749252319,0.9956508278846741,,,
182,84049,0.5739119648933411,1.4837021827697754,,,
182,84099,0.5592778921127319,0.8849320411682129,,,
182,84149,1.029093623161316,1.643054723739624,,,
182,84179,,,0.5273888813375017,1.3209199905395508,0.5571038126945496
183,84199,0.6232374906539917,1.213024377822876,,,
183,84249,0.6293021440505981,1.135876178741455,,,
183,84299,0.8144824504852295,1.0579514503479004,,,
183,84349,0.9178507328033447,0.9869457483291626,,,
183,84399,0.7122530341148376,1.360186219215393,,,
183,84449,0.6098517179489136,1.0591875314712524,,,
183,84499,0.8511080741882324,1.1739039421081543,,,
183,84549,0.7699903249740601,0.7708653211593628,,,
183,84599,1.0189069509506226,1.1455464363098145,,,
183,84639,,,0.5487970640206606,1.2890849113464355,0.7903351783752441
184,84649,1.1678019762039185,1.2577872276306152,,,
184,84699,0.7696815729141235,1.0948352813720703,,,
184,84749,0.6832258701324463,1.1336557865142822,,,
184,84799,0.5486607551574707,1.2535417079925537,,,
184,84849,0.5985746383666992,0.9835479259490967,,,
184,84899,0.7519736289978027,0.7972228527069092,,,
184,84949,0.693517804145813,1.0597472190856934,,,
184,84999,0.659650444984436,1.1056725978851318,,,
184,85049,0.7151505947113037,0.902362048625946,,,
184,85099,0.9788509607315063,0.951418399810791,,,
184,85099,,,0.6260704091341579,1.293910264968872,0.6954047083854675
185,85149,0.9334683418273926,0.8001626133918762,,,
185,85199,0.7113994359970093,0.9676659107208252,,,
185,85249,0.7974990606307983,1.4887263774871826,,,
185,85299,0.6879922151565552,0.9037134647369385,,,
185,85349,0.7175620794296265,1.5881837606430054,,,
185,85399,0.897565484046936,1.3027513027191162,,,
185,85449,0.9550233483314514,0.9827301502227783,,,
185,85499,0.9959055185317993,1.372759461402893,,,
185,85549,0.8558012843132019,0.8895940184593201,,,
185,85559,,,0.48878619002310725,1.3550211191177368,0.5394821166992188
186,85599,0.7968322038650513,1.1034824848175049,,,
186,85649,0.8790208101272583,1.4407999515533447,,,
186,85699,0.9053574800491333,1.0404934883117676,,,
186,85749,0.617491602897644,1.3369076251983643,,,
186,85799,0.6851892471313477,1.3851492404937744,,,
186,85849,1.0041917562484741,1.4302668571472168,,,
186,85899,1.1531589031219482,0.8371185064315796,,,
186,85949,0.9728312492370605,1.4602582454681396,,,
186,85999,0.7623968124389648,1.6511740684509277,,,
186,86019,,,0.5071360608943863,1.3040865659713745,0.7003979682922363
187,86049,0.7075220346450806,1.0304590463638306,,,
187,86099,0.8528279066085815,1.2745485305786133,,,
187,86149,0.9493302702903748,1.0259042978286743,,,
187,86199,0.8038623332977295,1.84792160987854,,,
187,86249,0.8001509308815002,1.1188666820526123,,,
187,86299,1.106285810470581,1.1348263025283813,,,
187,86349,0.8505474328994751,0.8201611042022705,,,
187,86399,0.7625048160552979,1.2777704000473022,,,
187,86449,0.6589339971542358,1.6454310417175293,,,
187,86479,,,0.5074758733179285,1.4479529857635498,0.47586944699287415
188,86499,1.3432363271713257,1.2082701921463013,,,
188,86549,0.7216897010803223,1.0052764415740967,,,
188,86599,0.7135710716247559,0.8633971214294434,,,
188,86649,0.7417470812797546,1.5194995403289795,,,
188,86699,0.5645694732666016,1.279805302619934,,,
188,86749,0.784261167049408,0.9691669344902039,,,
188,86799,0.7748337388038635,1.1375808715820312,,,
188,86849,0.954228401184082,1.1268351078033447,,,
188,86899,1.206526756286621,1.0505541563034058,,,
188,86939,,,0.5215441076525758,1.3114198446273804,0.6602924466133118
189,86949,0.8685744404792786,1.151268482208252,,,
189,86999,1.0262571573257446,0.865044116973877,,,
189,87049,0.6520636677742004,1.2723456621170044,,,
189,87099,0.971633791923523,0.8337249755859375,,,
189,87149,0.8351342678070068,0.8797211647033691,,,
189,87199,0.664008378982544,1.2082719802856445,,,
189,87249,0.6081464290618896,1.2810819149017334,,,
189,87299,0.7331516742706299,1.3896052837371826,,,
189,87349,0.938069760799408,0.8478171825408936,,,
189,87399,0.8535729646682739,0.8617879152297974,,,
189,87399,,,0.5965067282859862,1.3229291439056396,0.6196213960647583
190,87449,0.6406936645507812,0.9447535276412964,,,
190,87499,0.6957815289497375,1.3107222318649292,,,
190,87549,0.3865031898021698,1.686903953552246,,,
190,87599,0.9891090393066406,0.8331131935119629,,,
190,87649,0.8469665050506592,1.029906988143921,,,
190,87699,0.7681076526641846,1.0791428089141846,,,
190,87749,1.2033319473266602,1.1331586837768555,,,
190,87799,0.898900032043457,1.2458789348602295,,,
190,87849,0.9733393788337708,1.0881931781768799,,,
190,87859,,,0.5748946581487019,1.2858399152755737,0.752297580242157
191,87899,0.91359543800354,0.9423145055770874,,,
191,87949,0.9724716544151306,1.2141368389129639,,,
191,87999,0.8020222783088684,1.1340419054031372,,,
191,88049,1.1604722738265991,1.0831550359725952,,,
191,88099,1.2699923515319824,0.8940712213516235,,,
191,88149,0.6837508678436279,1.0752904415130615,,,
191,88199,0.8490967154502869,1.0838701725006104,,,
191,88249,1.036552906036377,0.8776748180389404,,,
191,88299,0.9075338244438171,1.7600810527801514,,,
191,88319,,,0.582302568981922,1.2827932834625244,0.6277549862861633
192,88349,0.7794414162635803,1.050277829170227,,,
192,88399,0.7490694522857666,1.039965271949768,,,
192,88449,1.076383113861084,1.3855842351913452,,,
192,88499,1.1694858074188232,0.7248101234436035,,,
192,88549,0.5532022714614868,1.0637975931167603,,,
192,88599,0.5384418964385986,1.5546365976333618,,,
192,88649,0.8060880899429321,1.7101738452911377,,,
192,88699,0.8067225217819214,0.9290376901626587,,,
192,88749,0.6882520914077759,0.8688579201698303,,,
192,88779,,,0.48532010330297676,1.5021523237228394,0.3816169202327728
193,88799,0.7745013236999512,1.175117015838623,,,
193,88849,0.6316391229629517,1.1827338933944702,,,
193,88899,0.9542847275733948,1.0606911182403564,,,
193,88949,0.7612491846084595,0.8817130327224731,,,
193,88999,0.6206100583076477,1.1601402759552002,,,
193,89049,0.7727842330932617,1.1090747117996216,,,
193,89099,0.9753472805023193,0.8029675483703613,,,
193,89149,0.8034656047821045,0.9799025058746338,,,
193,89199,0.9726932048797607,0.8467751741409302,,,
193,89239,,,0.5789724072312084,1.3054004907608032,0.5822968482971191
194,89249,0.4696418046951294,1.4335821866989136,,,
194,89299,0.7818057537078857,0.9808251857757568,,,
194,89349,0.967248797416687,2.088381767272949,,,
194,89399,0.7031117081642151,1.2156120538711548,,,
194,89449,0.8462966084480286,1.240417242050171,,,
194,89499,0.8071925640106201,0.9859272241592407,,,
194,89549,0.8264805674552917,0.7098941802978516,,,
194,89599,0.8967713117599487,1.3848289251327515,,,
194,89649,0.9316962957382202,1.3375427722930908,,,
194,89699,0.8560808897018433,1.6767514944076538,,,
194,89699,,,0.6815957591409542,1.220973253250122,0.7899702787399292
195,89749,1.067541480064392,1.2170183658599854,,,
195,89799,0.9079166650772095,0.857648491859436,,,
195,89849,0.9386422038078308,1.3668724298477173,,,
195,89899,1.0847910642623901,1.4574425220489502,,,
195,89949,1.1175644397735596,0.8647424578666687,,,
195,89999,0.7264696955680847,1.1248095035552979,,,
195,90049,0.7342404723167419,1.1345980167388916,,,
195,90099,0.6435419321060181,1.1334102153778076,,,
195,90149,0.6344064474105835,1.1901780366897583,,,
195,90159,,,0.4972135381269539,1.4332003593444824,0.5135459303855896
196,90199,0.8126827478408813,1.2103339433670044,,,
196,90249,0.5803139209747314,1.4590390920639038,,,
196,90299,0.8083252310752869,1.0088374614715576,,,
196,90349,0.6498709917068481,1.2214250564575195,,,
196,90399,1.1201491355895996,1.1512844562530518,,,
196,90449,0.8105549216270447,1.3921968936920166,,,
196,90499,0.6649196147918701,1.8254468441009521,,,
196,90549,0.9411459565162659,1.0439655780792236,,,
196,90599,0.6762524843215942,1.039210557937622,,,
196,90619,,,0.5839336686149246,1.3479297161102295,0.6723241806030273
197,90649,1.0526411533355713,0.8754333257675171,,,
197,90699,0.44866371154785156,1.0085606575012207,,,
197,90749,0.8550871014595032,1.101731777191162,,,
197,90799,0.5945002436637878,1.6427743434906006,,,
197,90849,0.6950060129165649,1.0939514636993408,,,
197,90899,0.9206838607788086,1.3407561779022217,,,
197,90949,0.8715028166770935,0.8502076864242554,,,
197,90999,0.8091633319854736,1.0349724292755127,,,
197,91049,0.9780758023262024,1.2709901332855225,,,
197,91079,,,0.5099904852521409,1.3219560384750366,0.6393107771873474
198,91099,0.8886865377426147,1.2297773361206055,,,
198,91149,0.733648419380188,1.171769618988037,,,
198,91199,0.6284420490264893,1.4814934730529785,,,
198,91249,0.9708865284919739,1.1242200136184692,,,
198,91299,0.9319501519203186,0.8982051014900208,,,
198,91349,0.6666132211685181,1.0437242984771729,,,
198,91399,0.6872395277023315,0.910914421081543,,,
198,91449,1.0535190105438232,0.9607048034667969,,,
198,91499,0.9567877054214478,0.7448168992996216,,,
198,91539,,,0.5865162430338453,1.280166506767273,0.7273615002632141
199,91549,0.7946485877037048,0.9667949676513672,,,
199,91599,0.8332591652870178,1.0648579597473145,,,
199,91649,0.5914335250854492,1.344536542892456,,,
199,91699,0.9241021871566772,1.1245017051696777,,,
199,91749,0.7511463761329651,1.238936424255371,,,
199,91799,0.8132061958312988,1.3410508632659912,,,
199,91849,1.0977839231491089,0.7756527662277222,,,
199,91899,0.8328343629837036,0.8669654130935669,,,
199,91949,0.8339729309082031,1.0993599891662598,,,
199,91999,0.6737759113311768,1.0265990495681763,,,
199,91999,,,0.36747315481854015,1.370469570159912,0.6523630023002625
200,92049,0.7434531450271606,0.9481087923049927,,,
200,92099,0.611558198928833,1.2548760175704956,,,
200,92149,0.8452004194259644,1.0908151865005493,,,
200,92199,0.7483052015304565,1.065232753753662,,,
200,92249,1.1087191104888916,1.0376439094543457,,,
200,92299,0.8809269666671753,0.9849576354026794,,,
200,92349,0.7143154740333557,1.0629374980926514,,,
200,92399,0.6758395433425903,1.1366522312164307,,,
200,92449,0.8750519752502441,1.148364543914795,,,
200,92459,,,0.5670789724072313,1.2795648574829102,0.6965120434761047
201,92499,0.6507315635681152,1.2140586376190186,,,
201,92549,1.018405795097351,0.9621005058288574,,,
201,92599,0.6685810089111328,1.290327548980713,,,
201,92649,1.3260743618011475,1.089922547340393,,,
201,92699,0.7316118478775024,0.7860281467437744,,,
201,92749,0.9809572100639343,0.9809556603431702,,,
201,92799,0.6934143304824829,1.1557207107543945,,,
201,92849,0.6938031911849976,1.1198077201843262,,,
201,92899,0.8830169439315796,1.4329712390899658,,,
201,92919,,,0.6242354220470301,1.2774888277053833,0.7858145833015442
202,92949,0.8236637115478516,1.0710434913635254,,,
202,92999,1.1374402046203613,0.897570013999939,,,
202,93049,0.8138087391853333,1.1850974559783936,,,
202,93099,0.8989675641059875,1.0641298294067383,,,
202,93149,0.8156920671463013,0.8761717677116394,,,
202,93199,0.7203549146652222,1.302922010421753,,,
202,93249,0.6865093111991882,1.2765240669250488,,,
202,93299,0.9878065586090088,1.2683132886886597,,,
202,93349,1.051486849784851,1.212949514389038,,,
202,93379,,,0.5130487970640206,1.376893162727356,0.5911269783973694
203,93399,1.0127668380737305,1.1663813591003418,,,
203,93449,0.7636152505874634,0.8587539196014404,,,
203,93499,1.041548490524292,0.9329178333282471,,,
203,93549,0.7274385690689087,1.3777662515640259,,,
203,93599,0.7165427207946777,1.2386804819107056,,,
203,93649,0.5921235084533691,1.3223929405212402,,,
203,93699,0.48271065950393677,1.8771188259124756,,,
203,93749,1.096242904663086,1.290137529373169,,,
203,93799,0.9079877138137817,1.5924773216247559,,,
203,93839,,,0.6415658556476824,1.2528135776519775,0.671716570854187
204,93849,0.9398070573806763,1.052091360092163,,,
204,93899,0.8629212975502014,1.1815792322158813,,,
204,93949,0.4581277072429657,1.4292969703674316,,,
204,93999,0.5818778872489929,1.4948081970214844,,,
204,94049,0.5237828493118286,1.0804136991500854,,,
204,94099,0.5731534361839294,0.8810828924179077,,,
204,94149,1.1926721334457397,0.8597754240036011,,,
204,94199,0.6835137605667114,1.2651184797286987,,,
204,94249,0.8097121715545654,1.0462627410888672,,,
204,94299,0.93996262550354,0.6795260310173035,,,
204,94299,,,0.5394862036156042,1.3478716611862183,0.5337365865707397
205,94349,0.6535506248474121,0.8394880890846252,,,
205,94399,0.7339500188827515,0.8684922456741333,,,
205,94449,1.0512070655822754,1.0814802646636963,,,
205,94499,0.5678724050521851,1.2485880851745605,,,
205,94549,1.1101652383804321,1.184125542640686,,,
205,94599,0.689211368560791,1.068727731704712,,,
205,94649,0.7079375386238098,1.1012336015701294,,,
205,94699,0.8695192337036133,1.0328409671783447,,,
205,94749,0.7451160550117493,0.8595823645591736,,,
205,94759,,,0.5614380861764307,1.3180739879608154,0.5838043689727783
206,94799,0.9181700944900513,1.1372100114822388,,,
206,94849,1.1304543018341064,1.0553395748138428,,,
206,94899,0.9179466962814331,1.1048182249069214,,,
206,94949,0.9207743406295776,1.0490134954452515,,,
206,94999,0.9838577508926392,0.9392731785774231,,,
206,95049,0.7817021608352661,0.8558305501937866,,,
206,95099,0.866813063621521,0.9044632911682129,,,
206,95149,0.8326457142829895,1.451125144958496,,,
206,95199,1.1609389781951904,1.3963382244110107,,,
206,95219,,,0.6527796656245752,1.205970287322998,0.7624077796936035
207,95249,0.659192681312561,1.2723528146743774,,,
207,95299,1.1441676616668701,1.0863096714019775,,,
207,95349,0.9637794494628906,0.7452398538589478,,,
207,95399,1.050856113433838,0.9053311347961426,,,
207,95449,0.865516185760498,1.039590835571289,,,
207,95499,0.7487850785255432,1.2754936218261719,,,
207,95549,0.7920626401901245,1.209832787513733,,,
207,95599,0.6161938905715942,1.290101408958435,,,
207,95649,0.6340647339820862,1.1537528038024902,,,
207,95679,,,0.5585836618186761,1.2869873046875,0.7288411855697632
208,95699,1.049983263015747,1.1463627815246582,,,
208,95749,0.941973090171814,0.7718706727027893,,,
208,95799,0.6944953799247742,1.1176611185073853,,,
208,95849,0.8815215229988098,1.7692503929138184,,,
208,95899,0.5803683996200562,1.3858307600021362,,,
208,95949,0.7160753011703491,1.417126178741455,,,
208,95999,0.8190687298774719,1.0671789646148682,,,
208,96049,0.750402569770813,1.6158875226974487,,,
208,96099,0.6298918724060059,0.8923320770263672,,,
208,96139,,,0.5301073807258393,1.3316775560379028,0.672882080078125
209,96149,0.831690788269043,0.8228172063827515,,,
209,96199,0.7264633178710938,0.9465528726577759,,,
209,96249,0.654485821723938,0.8906285762786865,,,
209,96299,0.5823464393615723,1.205322265625,,,
209,96349,0.8965067267417908,1.0982017517089844,,,
209,96399,0.6843444108963013,1.068770408630371,,,
209,96449,0.9839054346084595,1.8397499322891235,,,
209,96499,0.9067272543907166,0.8394030332565308,,,
209,96549,0.7545016407966614,0.9444760680198669,,,
209,96599,0.8209115266799927,0.8054319024085999,,,
209,96599,,,0.5755063205110779,1.219566822052002,0.7052758932113647
210,96649,0.6334078311920166,1.1540789604187012,,,
210,96699,0.807733416557312,1.08859121799469,,,
210,96749,0.7965971231460571,1.176997184753418,,,
210,96799,0.9703196287155151,1.1317994594573975,,,
210,96849,1.6149775981903076,0.9530593752861023,,,
210,96899,0.6422529816627502,1.492472529411316,,,
210,96949,0.797031819820404,1.0094410181045532,,,
210,96999,0.6213821172714233,1.4464467763900757,,,
210,97049,0.5530444383621216,0.954207181930542,,,
210,97059,,,0.5417289656109827,1.3523939847946167,0.6252378225326538
211,97099,1.396214246749878,0.8629292845726013,,,
211,97149,1.0340288877487183,1.3512300252914429,,,
211,97199,0.905245304107666,1.5566918849945068,,,
211,97249,0.6666560769081116,1.0081093311309814,,,
211,97299,0.8478554487228394,1.1474753618240356,,,
211,97349,0.9455071091651917,0.7856532335281372,,,
211,97399,0.9409942626953125,0.888432502746582,,,
211,97449,0.6033803224563599,1.0720231533050537,,,
211,97499,0.750106930732727,1.19144606590271,,,
211,97519,,,0.4997961125458747,1.4566378593444824,0.49412378668785095
212,97549,1.0043691396713257,0.8507515788078308,,,
212,97599,1.0185060501098633,0.9210237264633179,,,
212,97649,0.8215254545211792,1.338028907775879,,,
212,97699,0.7629868388175964,1.3461267948150635,,,
212,97749,0.6815603971481323,1.2679909467697144,,,
212,97799,0.8664150238037109,1.3971829414367676,,,
212,97849,0.9371860027313232,1.4474761486053467,,,
212,97899,0.8720415830612183,1.2245936393737793,,,
212,97949,0.7082539796829224,1.5053341388702393,,,
212,97979,,,0.6399347560146799,1.2411645650863647,0.6833192706108093
213,97999,0.8366611003875732,0.6817933917045593,,,
213,98049,1.1720380783081055,0.9491609930992126,,,
213,98099,0.7575387954711914,1.2952343225479126,,,
213,98149,0.7580063343048096,0.8977838158607483,,,
213,98199,0.8014399409294128,1.0173745155334473,,,
213,98249,0.8228321075439453,1.3514639139175415,,,
213,98299,1.011946678161621,0.9731184244155884,,,
213,98349,0.7791514992713928,0.7192806005477905,,,
213,98399,0.7623597383499146,1.0721421241760254,,,
213,98439,,,0.8096370803316569,1.1454322338104248,0.7948728799819946
214,98449,0.8903677463531494,1.1016216278076172,,,
214,98499,0.9222826361656189,0.9205591678619385,,,
214,98549,0.9239414930343628,1.6022266149520874,,,
214,98599,0.8916577100753784,1.16230046749115,,,
214,98649,0.5667983889579773,0.938770055770874,,,
214,98699,0.7336568236351013,1.3882734775543213,,,
214,98749,0.7610976696014404,1.2101699113845825,,,
214,98799,0.5526140332221985,1.1466429233551025,,,
214,98849,0.754738986492157,0.8274719715118408,,,
214,98899,0.7112072110176086,1.2516241073608398,,,
214,98899,,,0.5197091205654478,1.361092209815979,0.5378957390785217
215,98949,0.693405032157898,1.5521268844604492,,,
215,98999,0.7647367715835571,1.3934268951416016,,,
215,99049,1.0778460502624512,0.813338577747345,,,
215,99099,0.7809932231903076,0.9863054752349854,,,
215,99149,0.8568727374076843,1.0915945768356323,,,
215,99199,1.0324058532714844,1.1261786222457886,,,
215,99249,1.1507360935211182,1.2080981731414795,,,
215,99299,0.7871997356414795,1.0979511737823486,,,
215,99349,0.8244544863700867,1.0417245626449585,,,
215,99359,,,0.5722441212450727,1.3363254070281982,0.7333348989486694
216,99399,0.6666638255119324,1.8781304359436035,,,
216,99449,0.7454472780227661,1.2117390632629395,,,
216,99499,0.6236867308616638,1.9583412408828735,,,
216,99549,0.6558998227119446,1.628082513809204,,,
216,99599,0.7472203969955444,1.0647578239440918,,,
216,99649,0.7901701331138611,0.8725775480270386,,,
216,99699,1.093525767326355,0.897520899772644,,,
216,99749,0.7805532813072205,1.4853862524032593,,,
216,99799,0.7302916646003723,1.4526313543319702,,,
216,99819,,,0.5366317792578497,1.3318943977355957,0.5385639071464539
217,99849,0.8291538953781128,1.0684432983398438,,,
217,99899,0.9566637873649597,0.9621442556381226,,,
217,99949,1.0543615818023682,0.7958258390426636,,,
217,99999,0.9822157621383667,1.252861499786377,,,
217,100049,0.9205977320671082,1.2187976837158203,,,
217,100099,0.8486992120742798,1.5395420789718628,,,
217,100149,0.8404600620269775,0.9307505488395691,,,
217,100199,0.7096277475357056,1.80525541305542,,,
217,100249,1.0047032833099365,1.283750057220459,,,
217,100279,,,0.5348647546554302,1.3424155712127686,0.5332456231117249
218,100299,0.9100363254547119,1.592203140258789,,,
218,100349,0.8040798902511597,0.9399936199188232,,,
218,100399,0.6094725131988525,1.1238921880722046,,,
218,100449,0.9521615505218506,1.1409647464752197,,,
218,100499,0.6192850470542908,1.2275118827819824,,,
218,100549,0.7026132345199585,1.2092890739440918,,,
218,100599,0.5062894821166992,1.2235987186431885,,,
218,100649,0.5132496356964111,1.5544464588165283,,,
218,100699,0.6653046607971191,0.9926642179489136,,,
218,100739,,,0.5318744053282588,1.307671070098877,0.6286441087722778
219,100749,0.743577778339386,1.7602603435516357,,,
219,100799,0.8126292824745178,1.1736266613006592,,,
219,100849,0.8979799747467041,0.9576853513717651,,,
219,100899,0.7057380676269531,1.2293200492858887,,,
219,100949,0.9405487179756165,0.8628026247024536,,,
219,100999,0.7879246473312378,0.8911948204040527,,,
219,101049,0.7115578651428223,1.2743258476257324,,,
219,101099,0.7229865789413452,0.9175295829772949,,,
219,101149,1.0273157358169556,1.0158061981201172,,,
219,101199,0.6511808633804321,1.0758070945739746,,,
219,101199,,,0.5670110099225227,1.3055258989334106,0.5932658910751343
220,101249,0.843459963798523,1.4356813430786133,,,
220,101299,0.747117817401886,1.1251466274261475,,,
220,101349,0.70048588514328,0.8876045942306519,,,
220,101399,0.813856840133667,1.2570936679840088,,,
220,101449,0.5655173063278198,1.396963119506836,,,
220,101499,0.7604543566703796,1.0663375854492188,,,
220,101549,0.7667897939682007,0.9387623071670532,,,
220,101599,0.8747257590293884,1.3866394758224487,,,
220,101649,0.7239766120910645,1.4402422904968262,,,
220,101659,,,0.5247383444338725,1.366891622543335,0.6078447103500366
221,101699,0.5880598425865173,0.8002132177352905,,,
221,101749,0.7622615098953247,1.1902809143066406,,,
221,101799,0.7581344842910767,1.242032766342163,,,
221,101849,0.5362850427627563,1.4409254789352417,,,
221,101899,0.566103458404541,1.0748841762542725,,,
221,101949,0.8729407787322998,0.9916369915008545,,,
221,101999,0.7326802611351013,1.3521469831466675,,,
221,102049,0.9853054881095886,0.8114145994186401,,,
221,102099,0.8704229593276978,1.3300294876098633,,,
221,102119,,,0.5498844637759956,1.351436972618103,0.722442090511322
222,102149,0.8142468929290771,1.1496062278747559,,,
222,102199,1.0055484771728516,1.0387141704559326,,,
222,102249,1.1795613765716553,0.7349520921707153,,,
222,102299,0.6479769945144653,1.0371696949005127,,,
222,102349,1.1354763507843018,1.0500388145446777,,,
222,102399,1.0215438604354858,0.9288103580474854,,,
222,102449,0.7556444406509399,1.4902245998382568,,,
222,102499,0.6728700399398804,1.3127524852752686,,,
222,102549,0.906220555305481,1.2965240478515625,,,
222,102579,,,0.5134565719722713,1.3140411376953125,0.617381751537323
223,102599,0.6349843740463257,1.3427197933197021,,,
223,102649,0.8029268980026245,0.8573949933052063,,,
223,102699,0.9027711153030396,0.8765256404876709,,,
223,102749,0.7745177745819092,1.1085374355316162,,,
223,102799,0.5803660154342651,1.3097901344299316,,,
223,102849,1.0440646409988403,1.2227563858032227,,,
223,102899,0.6075717806816101,1.1476552486419678,,,
223,102949,0.9555362462997437,1.1627118587493896,,,
223,102999,0.9940081834793091,1.4691640138626099,,,
223,103039,,,0.5976620905260296,1.2382522821426392,0.7125747799873352
224,103049,0.7653579711914062,0.9472159743309021,,,
224,103099,1.2215313911437988,1.299891471862793,,,
224,103149,0.7609442472457886,1.2363669872283936,,,
224,103199,1.0051531791687012,1.2980352640151978,,,
224,103249,0.9062197804450989,0.9764719605445862,,,
224,103299,0.9446987509727478,1.1253238916397095,,,
224,103349,0.936195433139801,1.2689838409423828,,,
224,103399,0.6945365071296692,1.2299385070800781,,,
224,103449,1.1332144737243652,0.7561187744140625,,,
224,103499,0.869668185710907,1.019733190536499,,,
224,103499,,,0.485048253364143,1.3831640481948853,0.5567668676376343
225,103549,0.7656940817832947,1.0420384407043457,,,
225,103599,0.5482972264289856,1.280764102935791,,,
225,103649,1.1709929704666138,0.7869221568107605,,,
225,103699,0.993742823600769,1.5875129699707031,,,
225,103749,0.6410659551620483,1.1625471115112305,,,
225,103799,0.8590350151062012,0.9601115584373474,,,
225,103849,0.7063764929771423,1.0225967168807983,,,
225,103899,0.7271376848220825,1.1106058359146118,,,
225,103949,0.643890917301178,1.359473466873169,,,
225,103959,,,0.5136604594263966,1.340620994567871,0.7442952394485474
226,103999,0.6032422780990601,1.1466898918151855,,,
226,104049,0.7714609503746033,1.632162094116211,,,
226,104099,0.7618144154548645,1.3533437252044678,,,
226,104149,0.8314406871795654,1.438732385635376,,,
226,104199,0.6726376414299011,1.5943787097930908,,,
226,104249,0.776086688041687,1.14712393283844,,,
226,104299,0.9011440277099609,1.1307547092437744,,,
226,104349,1.1691900491714478,1.0287230014801025,,,
226,104399,0.7755516767501831,1.065441608428955,,,
226,104419,,,0.565040097865978,1.3340791463851929,0.5757576823234558
227,104449,0.8687815070152283,1.2744810581207275,,,
227,104499,0.832098126411438,2.1836485862731934,,,
227,104549,1.1139774322509766,0.9126964807510376,,,
227,104599,0.7521405220031738,0.9182814359664917,,,
227,104649,0.6151681542396545,1.5975310802459717,,,
227,104699,0.8896572589874268,1.0621777772903442,,,
227,104749,0.805122971534729,1.2382264137268066,,,
227,104799,0.9097008109092712,1.0966132879257202,,,
227,104849,0.4710368514060974,1.4665066003799438,,,
227,104879,,,0.7000815549816501,1.1878364086151123,0.8906385898590088
228,104899,0.7750949859619141,0.9419718384742737,,,
228,104949,0.8002527952194214,1.2394459247589111,,,
228,104999,0.6665451526641846,1.5397083759307861,,,
228,105049,0.753496527671814,1.1828010082244873,,,
228,105099,1.0232867002487183,0.9727436304092407,,,
228,105149,0.6793109178543091,1.4365768432617188,,,
228,105199,0.7750937938690186,0.7982158660888672,,,
228,105249,0.7808735966682434,1.012079119682312,,,
228,105299,0.8059532046318054,1.0679562091827393,,,
228,105339,,,0.5933124915046895,1.2679290771484375,0.6991973519325256
229,105349,0.7531101703643799,1.3213268518447876,,,
229,105399,0.9987839460372925,0.7990709543228149,,,
229,105449,0.7459715604782104,1.2799527645111084,,,
229,105499,0.5639309883117676,1.5391795635223389,,,
229,105549,0.6028497219085693,1.2467644214630127,,,
229,105599,0.9238111972808838,1.1365156173706055,,,
229,105649,0.8329963684082031,1.2115845680236816,,,
229,105699,0.695221483707428,1.4244145154953003,,,
229,105749,0.6572871804237366,1.5162850618362427,,,
229,105799,1.3253121376037598,1.0760221481323242,,,
229,105799,,,0.6481582166644012,1.2367734909057617,0.6526938676834106
230,105849,0.475456178188324,1.4805701971054077,,,
230,105899,0.6728044748306274,1.290015697479248,,,
230,105949,0.6798733472824097,1.0887683629989624,,,
230,105999,0.9096967577934265,1.3782150745391846,,,
230,106049,0.8063136339187622,1.034461498260498,,,
230,106099,0.944006621837616,0.7738332152366638,,,
230,106149,1.233967661857605,1.17197847366333,,,
230,106199,0.8078956007957458,1.2621959447860718,,,
230,106249,0.7012308239936829,0.9289067983627319,,,
230,106259,,,0.6591681391871687,1.24066162109375,0.7626340389251709
231,106299,0.8615478277206421,0.9317683577537537,,,
231,106349,0.939319908618927,1.1295373439788818,,,
231,106399,0.8045265674591064,0.9587550163269043,,,
231,106449,0.7376553416252136,0.8632449507713318,,,
231,106499,0.8890112638473511,1.0979307889938354,,,
231,106549,0.9391814470291138,0.9137003421783447,,,
231,106599,1.0124292373657227,1.0390396118164062,,,
231,106649,0.7309903502464294,1.052964687347412,,,
231,106699,0.896461009979248,1.1833699941635132,,,
231,106719,,,0.5280005436998777,1.3275138139724731,0.6689879298210144
232,106749,0.8446100354194641,1.0537772178649902,,,
232,106799,0.9318162798881531,1.052204966545105,,,
232,106849,0.774943470954895,1.4255554676055908,,,
232,106899,0.6761534214019775,1.250554084777832,,,
232,106949,0.6902906894683838,1.5897234678268433,,,
232,106999,1.1135993003845215,0.9590871930122375,,,
232,107049,0.8199799060821533,1.0053821802139282,,,
232,107099,0.782989501953125,1.0019944906234741,,,
232,107149,0.9994200468063354,1.587679147720337,,,
232,107179,,,0.5670789724072313,1.2389112710952759,0.6462131142616272
233,107199,0.6240227222442627,1.27992844581604,,,
233,107249,0.8536184430122375,0.9876906275749207,,,
233,107299,0.8548691868782043,0.8577214479446411,,,
233,107349,1.1706666946411133,1.032668948173523,,,
233,107399,1.0753462314605713,0.7926175594329834,,,
233,107449,0.48430800437927246,1.549109697341919,,,
233,107499,0.9954471588134766,1.1320202350616455,,,
233,107549,0.90165776014328,1.08120596408844,,,
233,107599,0.626621425151825,1.1470093727111816,,,
233,107639,,,0.6678673372298491,1.1937692165374756,0.6804965734481812
234,107649,0.5556644201278687,1.209150791168213,,,
234,107699,0.7358307838439941,1.0094259977340698,,,
234,107749,0.5781277418136597,1.275360345840454,,,
234,107799,0.5967841148376465,1.0255515575408936,,,
234,107849,0.845588743686676,1.1229726076126099,,,
234,107899,0.9579816460609436,1.417234182357788,,,
234,107949,1.0069152116775513,0.7789672613143921,,,
234,107999,0.6034655570983887,1.033957600593567,,,
234,108049,0.6787468791007996,0.9670509099960327,,,
234,108099,0.8418931365013123,0.9467736482620239,,,
234,108099,,,0.5145439717276064,1.3391263484954834,0.5949984788894653
235,108149,0.8392447829246521,0.78583824634552,,,
235,108199,0.8203861713409424,1.2085429430007935,,,
235,108249,0.9683172702789307,1.01314377784729,,,
235,108299,0.649341344833374,1.3929271697998047,,,
235,108349,0.5648620128631592,2.2505998611450195,,,
235,108399,0.9323140978813171,0.7215408682823181,,,
235,108449,0.9047126770019531,0.7463154196739197,,,
235,108499,1.0707454681396484,1.533988356590271,,,
235,108549,0.8100412487983704,1.5043678283691406,,,
235,108559,,,0.4996601875764578,1.2654523849487305,0.7564502358436584
236,108599,0.9055624008178711,0.9664110541343689,,,
236,108649,0.757440447807312,0.997231662273407,,,
236,108699,0.853777289390564,1.4656963348388672,,,
236,108749,0.9474306106567383,1.0279285907745361,,,
236,108799,0.9143730998039246,0.9706621170043945,,,
236,108849,0.667669415473938,0.8716725707054138,,,
236,108899,0.6829842925071716,1.1872237920761108,,,
236,108949,0.8399794101715088,0.9604426026344299,,,
236,108999,1.1389468908309937,1.3793704509735107,,,
236,109019,,,0.5424085904580671,1.367720127105713,0.4958270192146301
237,109049,0.9378979206085205,1.8603774309158325,,,
237,109099,0.5274220705032349,1.1911576986312866,,,
237,109149,1.4591565132141113,1.3291878700256348,,,
237,109199,0.8082116842269897,0.9101199507713318,,,
237,109249,0.7977700233459473,1.1027100086212158,,,
237,109299,1.4174096584320068,1.0289747714996338,,,
237,109349,0.8321441411972046,0.8335752487182617,,,
237,109399,0.6783119440078735,1.0514907836914062,,,
237,109449,0.9840281009674072,1.4550222158432007,,,
237,109479,,,0.7053826287889086,1.1689125299453735,0.810583770275116
238,109499,0.5780563354492188,1.2551419734954834,,,
238,109549,0.9605042338371277,1.3215162754058838,,,
238,109599,0.6992659568786621,1.0074479579925537,,,
238,109649,0.8392752408981323,1.2827425003051758,,,
238,109699,0.8445630073547363,1.9373388290405273,,,
238,109749,0.783286988735199,1.213577151298523,,,
238,109799,0.5370737314224243,1.1389329433441162,,,
238,109849,0.9478780031204224,0.9305853247642517,,,
238,109899,0.7802015542984009,0.9687730073928833,,,
238,109939,,,0.49544651352453445,1.4014602899551392,0.5056924223899841
239,109949,0.6034296751022339,0.6323775053024292,,,
239,109999,0.5689117908477783,1.551033854484558,,,
239,110049,0.9611378908157349,0.9690724611282349,,,
239,110099,0.5555140972137451,1.4452879428863525,,,
239,110149,0.7989519238471985,1.0572682619094849,,,
239,110199,0.7720767259597778,0.9901375770568848,,,
239,110249,0.6048558354377747,1.4816704988479614,,,
239,110299,0.7418656349182129,1.212268590927124,,,
239,110349,0.6666420698165894,1.0817583799362183,,,
239,110399,0.9981961250305176,1.1811541318893433,,,
239,110399,,,0.5744868832404513,1.2926037311553955,0.6864574551582336
240,110449,0.8066281676292419,1.6100746393203735,,,
240,110499,0.8524953722953796,1.2123610973358154,,,
240,110549,0.6473188400268555,1.3214668035507202,,,
240,110599,0.9196813702583313,1.0032798051834106,,,
240,110649,0.8649141788482666,1.1930562257766724,,,
240,110699,0.7504440546035767,0.8394009470939636,,,
240,110749,0.41478389501571655,1.4204213619232178,,,
240,110799,0.9360735416412354,0.9982202649116516,,,
240,110849,0.881141185760498,1.0379308462142944,,,
240,110859,,,0.518961533233655,1.4064277410507202,0.526683509349823
241,110899,0.9935545921325684,0.7548548579216003,,,
241,110949,0.8933789730072021,1.242785930633545,,,
241,110999,0.6243422627449036,1.1432549953460693,,,
241,111049,0.4567704498767853,0.9043590426445007,,,
241,111099,0.5209861397743225,2.096130132675171,,,
241,111149,0.6116716265678406,1.1260793209075928,,,
241,111199,0.9704718589782715,0.8543976545333862,,,
241,111249,0.867236852645874,0.7952577471733093,,,
241,111299,0.8574590682983398,0.6905471086502075,,,
241,111319,,,0.5407774908250645,1.320356845855713,0.6030368804931641
242,111349,0.6959171295166016,1.0742413997650146,,,
242,111399,0.8957568407058716,0.8484413623809814,,,
242,111449,0.8771887421607971,1.206451416015625,,,
242,111499,0.6975194811820984,1.5178085565567017,,,
242,111549,0.9386985898017883,0.9210338592529297,,,
242,111599,0.6403533816337585,1.127888560295105,,,
242,111649,0.7319604754447937,1.0789191722869873,,,
242,111699,0.8741633892059326,1.1442763805389404,,,
242,111749,1.1266193389892578,1.0341687202453613,,,
242,111779,,,0.6637895881473427,1.2240084409713745,0.7373188138008118
243,111799,0.8131424188613892,1.3907334804534912,,,
243,111849,0.837726354598999,1.3470522165298462,,,
243,111899,0.6286766529083252,1.0154998302459717,,,
243,111949,0.8164951205253601,1.0112112760543823,,,
243,111999,0.762808084487915,1.3821625709533691,,,
243,112049,0.7787784337997437,0.9943007230758667,,,
243,112099,0.5943520069122314,0.8643405437469482,,,
243,112149,0.7513612508773804,0.9735702276229858,,,
243,112199,0.8830857276916504,1.0881704092025757,,,
243,112239,,,0.577205382628789,1.2917014360427856,0.655126690864563
244,112249,0.9499256610870361,0.8396025896072388,,,
244,112299,0.6557613611221313,1.2245995998382568,,,
244,112349,0.8534890413284302,1.252577781677246,,,
244,112399,0.7773959636688232,1.067991018295288,,,
244,112449,0.6504442691802979,1.0781102180480957,,,
244,112499,0.8452976942062378,0.9729175567626953,,,
244,112549,0.9904676079750061,1.2520525455474854,,,
244,112599,0.671785831451416,1.0802011489868164,,,
244,112649,0.7557983994483948,1.0209312438964844,,,
244,112699,0.5656156539916992,0.827237606048584,,,
244,112699,,,0.5203207829278238,1.3921325206756592,0.5405860543251038
245,112749,0.48312658071517944,1.3068280220031738,,,
245,112799,0.61879962682724,1.3627468347549438,,,
245,112849,0.7742111682891846,1.0691630840301514,,,
245,112899,0.5795665383338928,1.2403470277786255,,,
245,112949,0.7457836270332336,1.2570748329162598,,,
245,112999,0.915844202041626,0.930009126663208,,,
245,113049,1.1481823921203613,1.0662016868591309,,,
245,113099,0.8169745802879333,0.955477237701416,,,
245,113149,0.5433962345123291,0.927524745464325,,,
245,113159,,,0.6166915862443931,1.2554527521133423,0.7062626481056213
246,113199,0.8144823908805847,0.7735857367515564,,,
246,113249,0.8580641746520996,1.639024257659912,,,
246,113299,0.645408570766449,1.3145463466644287,,,
246,113349,0.8562183976173401,1.235217571258545,,,
246,113399,0.9143890142440796,1.2538610696792603,,,
246,113449,0.5899313688278198,1.2061972618103027,,,
246,113499,0.6877844333648682,1.071655511856079,,,
246,113549,0.8915606737136841,1.1619185209274292,,,
246,113599,0.7471835017204285,1.0856928825378418,,,
246,113619,,,0.4869512029359793,1.4165970087051392,0.5040313601493835
247,113649,0.7542033195495605,1.7534949779510498,,,
247,113699,1.0984113216400146,1.0255552530288696,,,
247,113749,0.8415992259979248,1.1017332077026367,,,
247,113799,0.7710750699043274,0.8001646995544434,,,
247,113849,0.7278892993927002,1.4533014297485352,,,
247,113899,0.7376242280006409,1.0627753734588623,,,
247,113949,1.3383365869522095,0.906365692615509,,,
247,113999,1.1862001419067383,0.8669344186782837,,,
247,114049,0.9474118947982788,0.9180617332458496,,,
247,114079,,,0.6745956232159848,1.2169556617736816,0.780517041683197
248,114099,0.9691687822341919,0.9786008596420288,,,
248,114149,0.8592298030853271,1.1625137329101562,,,
248,114199,0.8839575052261353,1.2657618522644043,,,
248,114249,0.6574872732162476,1.343459129333496,,,
248,114299,0.634172797203064,1.1237009763717651,,,
248,114349,0.6658570766448975,1.105291724205017,,,
248,114399,1.0649313926696777,1.2041833400726318,,,
248,114449,0.7221968173980713,1.1388826370239258,,,
248,114499,0.6277192831039429,1.463039517402649,,,
248,114539,,,0.5251461193421232,1.2651077508926392,0.700072705745697
249,114549,0.5305764079093933,1.1508067846298218,,,
249,114599,0.5141441822052002,1.2639014720916748,,,
249,114649,0.5883291959762573,1.0520284175872803,,,
249,114699,1.0554355382919312,1.1984398365020752,,,
249,114749,0.865618884563446,1.0604404211044312,,,
249,114799,0.7241933345794678,1.1389760971069336,,,
249,114849,0.6549266576766968,1.0107226371765137,,,
249,114899,0.5777783393859863,0.8828607201576233,,,
249,114949,1.08628511428833,0.9453930854797363,,,
249,114999,0.6651449799537659,1.1670212745666504,,,
249,114999,,,0.5101264102215577,1.3375946283340454,0.6204518675804138
250,115049,0.42660021781921387,1.0468961000442505,,,
250,115099,0.9135633707046509,0.9586976766586304,,,
250,115149,0.696497917175293,1.2518179416656494,,,
250,115199,0.66456139087677,1.24344801902771,,,
250,115249,0.8291558027267456,0.9085162878036499,,,
250,115299,0.5608670711517334,0.9629754424095154,,,
250,115349,0.8955938816070557,1.0106604099273682,,,
250,115399,0.679858922958374,1.5812838077545166,,,
250,115449,0.8461226224899292,0.7852855920791626,,,
250,115459,,,0.5057768112002174,1.3847424983978271,0.5623655319213867
251,115499,0.7507869601249695,1.1509692668914795,,,
251,115549,0.7477903962135315,1.284682273864746,,,
251,115599,0.9820219874382019,0.7938070893287659,,,
251,115649,0.7908694744110107,1.0477733612060547,,,
251,115699,0.7730512619018555,1.3828539848327637,,,
251,115749,0.6544737815856934,1.2065377235412598,,,
251,115799,0.6042000651359558,1.000868797302246,,,
251,115849,0.8997762799263,1.20330810546875,,,
251,115899,0.9751965403556824,0.7602713704109192,,,
251,115919,,,0.5278646187304608,1.3890608549118042,0.5286617279052734
252,115949,0.8989463448524475,0.8596620559692383,,,
252,115999,0.7173200845718384,1.0592622756958008,,,
252,116049,0.7716453075408936,1.0794093608856201,,,
252,116099,0.8872445225715637,0.9047291874885559,,,
252,116149,0.791509747505188,0.871912956237793,,,
252,116199,0.8230267763137817,1.2516863346099854,,,
252,116249,0.8778223395347595,1.1024208068847656,,,
252,116299,0.923021674156189,1.3688254356384277,,,
252,116349,0.8953930139541626,1.3755512237548828,,,
252,116379,,,0.5832540437678402,1.249414086341858,0.6213434338569641
253,116399,0.7194111943244934,0.967077374458313,,,
253,116449,0.9786725044250488,1.0069453716278076,,,
253,116499,1.1481997966766357,0.9883843660354614,,,
253,116549,0.6294798851013184,0.9528692364692688,,,
253,116599,0.9456027746200562,0.9515821933746338,,,
253,116649,0.9873086214065552,1.2670857906341553,,,
253,116699,0.7187948226928711,1.3578070402145386,,,
253,116749,1.2030951976776123,1.6235594749450684,,,
253,116799,0.5703383088111877,1.0015933513641357,,,
253,116839,,,0.6078564632322958,1.2872003316879272,0.7824149131774902
254,116849,0.8293437361717224,0.7950253486633301,,,
254,116899,1.0587877035140991,1.0009394884109497,,,
254,116949,0.6695320010185242,1.087551236152649,,,
254,116999,0.7229655981063843,1.1576809883117676,,,
254,117049,0.5888749361038208,1.0777865648269653,,,
254,117099,0.6748842000961304,0.9466443061828613,,,
254,117149,0.6118896007537842,0.9304032921791077,,,
254,117199,0.6954606175422668,0.9470429420471191,,,
254,117249,0.5777596235275269,1.2814620733261108,,,
254,117299,0.7459763884544373,1.0096415281295776,,,
254,117299,,,0.5986135653119478,1.297506332397461,0.6094022393226624
255,117349,0.7811653017997742,1.0265127420425415,,,
255,117399,0.8518032431602478,1.3203696012496948,,,
255,117449,0.7893263101577759,1.1949365139007568,,,
255,117499,0.7264447212219238,1.3516234159469604,,,
255,117549,0.8599441051483154,1.1132924556732178,,,
255,117599,0.6364394426345825,1.456424355506897,,,
255,117649,0.871243953704834,0.7899086475372314,,,
255,117699,0.8388866186141968,1.043442726135254,,,
255,117749,0.9570372104644775,1.483611822128296,,,
255,117759,,,0.5911376919940193,1.281461477279663,0.616566002368927
256,117799,0.8248138427734375,1.385445475578308,,,
256,117849,0.9765264987945557,0.8067859411239624,,,
256,117899,0.5045068264007568,1.2207820415496826,,,
256,117949,0.8460958003997803,1.2051236629486084,,,
256,117999,0.8580852746963501,2.030543804168701,,,
256,118049,0.7540194988250732,1.4231054782867432,,,
256,118099,0.6755242943763733,0.9779552221298218,,,
256,118149,0.7424583435058594,1.5761867761611938,,,
256,118199,0.5596479177474976,1.3699021339416504,,,
256,118219,,,0.5777490825064564,1.2709126472473145,0.6352178454399109
257,118249,0.9635893702507019,1.1247758865356445,,,
257,118299,0.7707948684692383,1.2165911197662354,,,
257,118349,0.7106976509094238,1.4184939861297607,,,
257,118399,0.9090510606765747,0.9375756978988647,,,
257,118449,0.8597710728645325,1.0067863464355469,,,
257,118499,0.7319949865341187,0.8793661594390869,,,
257,118549,1.0252832174301147,1.038149118423462,,,
257,118599,1.0173131227493286,1.3479424715042114,,,
257,118649,0.9046087265014648,0.6950677633285522,,,
257,118679,,,0.4973494630963708,1.4092658758163452,0.5000936388969421
258,118699,0.6492183208465576,1.1105165481567383,,,
258,118749,0.6114606857299805,1.1239304542541504,,,
258,118799,0.5755743980407715,1.1392502784729004,,,
258,118849,0.7378393411636353,0.9104946851730347,,,
258,118899,0.681709885597229,1.2204334735870361,,,
258,118949,0.8774295449256897,0.9344745874404907,,,
258,118999,0.7078837156295776,1.2482277154922485,,,
258,119049,0.6598995923995972,1.159890055656433,,,
258,119099,0.4647941589355469,0.8302545547485352,,,
258,119139,,,0.478727742286258,1.3718332052230835,0.7210933566093445
259,119149,0.7196346521377563,1.1439027786254883,,,
259,119199,0.5995310544967651,1.0827664136886597,,,
259,119249,0.7250128984451294,0.89694744348526,,,
259,119299,0.7613963484764099,1.0405138731002808,,,
259,119349,0.8344010710716248,0.9185644388198853,,,
259,119399,0.7146779298782349,1.5294700860977173,,,
259,119449,0.5859012007713318,1.0094072818756104,,,
259,119499,1.2107146978378296,1.3047914505004883,,,
259,119549,0.703467845916748,1.2594821453094482,,,
259,119599,0.4816446304321289,1.218650221824646,,,
259,119599,,,0.5510398260160392,1.3519299030303955,0.5801324248313904
260,119649,0.9606131315231323,1.1601788997650146,,,
260,119699,0.6924155950546265,1.5998241901397705,,,
260,119749,0.6806097030639648,1.2072968482971191,,,
260,119799,1.0608398914337158,0.9477654695510864,,,
260,119849,0.8847784996032715,1.1072213649749756,,,
260,119899,0.6829623579978943,1.050093650817871,,,
260,119949,0.8501573801040649,0.8620560169219971,,,
260,119999,0.927498459815979,0.882655143737793,,,
260,120049,0.7448033094406128,1.5029830932617188,,,
260,120059,,,0.6841103710751665,1.2309352159500122,0.8033848404884338
261,120099,0.6046698093414307,1.02899169921875,,,
261,120149,0.4421630799770355,1.659292221069336,,,
261,120199,0.8931823968887329,0.8356829881668091,,,
261,120249,0.5004532337188721,1.5142531394958496,,,
261,120299,0.5765810012817383,1.33750319480896,,,
261,120349,0.6018859148025513,1.0144903659820557,,,
261,120399,0.6035791635513306,1.138051986694336,,,
261,120449,0.6706491708755493,1.2568433284759521,,,
261,120499,0.6889024972915649,1.506882667541504,,,
261,120519,,,0.5476417017806171,1.3378592729568481,0.5387935638427734
262,120549,0.6350669264793396,1.104882001876831,,,
262,120599,0.9901142120361328,1.062335729598999,,,
262,120649,0.7011308670043945,0.9681975245475769,,,
262,120699,0.9059815406799316,1.0054905414581299,,,
262,120749,0.5412672162055969,1.2998950481414795,,,
262,120799,0.5481748580932617,1.0154716968536377,,,
262,120849,0.5023407936096191,0.9087808132171631,,,
262,120899,0.789467453956604,0.8831600546836853,,,
262,120949,0.6088199615478516,1.1461188793182373,,,
262,120979,,,0.5856327307326356,1.2891877889633179,0.6049104928970337
263,120999,0.9938699007034302,1.7855770587921143,,,
263,121049,0.7878034114837646,1.4156534671783447,,,
263,121099,0.6404737234115601,0.9868443608283997,,,
263,121149,1.3630821704864502,1.2285633087158203,,,
263,121199,0.8333128690719604,1.0928854942321777,,,
263,121249,0.9582147598266602,0.9147528409957886,,,
263,121299,0.8351277112960815,0.7487201690673828,,,
263,121349,0.8137252330780029,0.9604516625404358,,,
263,121399,1.0537008047103882,1.513242244720459,,,
263,121439,,,0.5213402201984505,1.3865296840667725,0.6441676020622253
264,121449,0.5660396814346313,1.5039856433868408,,,
264,121499,0.4914667308330536,0.9506691694259644,,,
264,121549,0.518985390663147,1.7705681324005127,,,
264,121599,0.8822900056838989,1.125638484954834,,,
264,121649,0.6912935376167297,1.233095407485962,,,
264,121699,0.5894916653633118,0.969200611114502,,,
264,121749,1.0081028938293457,1.3564265966415405,,,
264,121799,0.591274619102478,1.2422759532928467,,,
264,121849,0.7356601357460022,1.6624295711517334,,,
264,121899,1.2573585510253906,1.2495017051696777,,,
264,121899,,,0.5816229441348376,1.2761212587356567,0.756119966506958
265,121949,0.7415608167648315,1.301945447921753,,,
265,121999,0.8284075260162354,1.084904670715332,,,
265,122049,0.47896701097488403,0.9016756415367126,,,
265,122099,0.5850791931152344,1.1270321607589722,,,
265,122149,1.1395702362060547,1.3217670917510986,,,
265,122199,0.6052855253219604,1.4434142112731934,,,
265,122249,0.7081088423728943,1.1290186643600464,,,
265,122299,0.7668267488479614,1.4854768514633179,,,
265,122349,0.8036488890647888,0.9614832401275635,,,
265,122359,,,0.6924697566943048,1.1954965591430664,0.9398407936096191
266,122399,0.502737283706665,1.3851112127304077,,,
266,122449,0.7920639514923096,1.2350661754608154,,,
266,122499,0.48619547486305237,1.2168397903442383,,,
266,122549,0.6575741767883301,1.1541409492492676,,,
266,122599,0.5710705518722534,1.1273422241210938,,,
266,122649,0.7166606783866882,0.9281825423240662,,,
266,122699,0.48812347650527954,1.2695200443267822,,,
266,122749,0.8147014379501343,1.1077368259429932,,,
266,122799,0.5859004259109497,0.9666032791137695,,,
266,122819,,,0.5225635449232023,1.3800708055496216,0.5828796625137329
267,122849,0.600612461566925,0.8486537933349609,,,
267,122899,0.5685111284255981,1.7812025547027588,,,
267,122949,0.7807015776634216,1.3916411399841309,,,
267,122999,0.7753366827964783,1.146653652191162,,,
267,123049,0.7926002740859985,1.26490318775177,,,
267,123099,0.7183446884155273,1.0269062519073486,,,
267,123149,0.6326425075531006,1.135911226272583,,,
267,123199,0.7061668634414673,1.5649737119674683,,,
267,123249,1.0110149383544922,1.4810951948165894,,,
267,123279,,,0.5714965339132799,1.2997363805770874,0.666786789894104
268,123299,0.5885753631591797,1.0101892948150635,,,
268,123349,0.7409412264823914,1.1886862516403198,,,
268,123399,0.8867989778518677,1.1918444633483887,,,
268,123449,0.6044868230819702,1.3999147415161133,,,
268,123499,0.901678204536438,0.7426729202270508,,,
268,123549,0.9117083549499512,1.1080231666564941,,,
268,123599,0.8622535467147827,0.796568751335144,,,
268,123649,0.6518977880477905,1.0234447717666626,,,
268,123699,0.8179346323013306,0.7663061618804932,,,
268,123739,,,0.5663993475601468,1.2720774412155151,0.6695238351821899
269,123749,0.8067020177841187,1.0370075702667236,,,
269,123799,0.7760075926780701,1.0340497493743896,,,
269,123849,0.7880409955978394,1.0293824672698975,,,
269,123899,1.0416914224624634,1.115515947341919,,,
269,123949,0.8423302173614502,0.9515393972396851,,,
269,123999,0.5794775485992432,1.2102606296539307,,,
269,124049,0.6287401914596558,1.341982364654541,,,
269,124099,0.6495272517204285,1.1862273216247559,,,
269,124149,0.6062835454940796,1.440096378326416,,,
269,124199,0.6859571933746338,1.4327319860458374,,,
269,124199,,,0.600652439853201,1.2491683959960938,0.6972414255142212
270,124249,0.5869086384773254,1.291720986366272,,,
270,124299,0.5992951989173889,1.6048226356506348,,,
270,124349,1.0739350318908691,0.7662038207054138,,,
270,124399,0.6868481636047363,1.3364536762237549,,,
270,124449,0.6104868650436401,1.184891700744629,,,
270,124499,0.9684908390045166,0.8573998808860779,,,
270,124549,0.6647689342498779,1.3720102310180664,,,
270,124599,0.9683482646942139,1.119506597518921,,,
270,124649,0.6263617873191833,1.2726566791534424,,,
270,124659,,,0.5203207829278238,1.3848536014556885,0.5166812539100647
271,124699,0.5022311806678772,0.9509357213973999,,,
271,124749,0.7948125004768372,1.0760056972503662,,,
271,124799,0.7283146977424622,0.7403947114944458,,,
271,124849,0.8909710645675659,1.1801173686981201,,,
271,124899,0.9851752519607544,0.8267067074775696,,,
271,124949,0.9420620203018188,1.1722878217697144,,,
271,124999,1.550025224685669,1.3148622512817383,,,
271,125049,0.9110523462295532,1.3131848573684692,,,
271,125099,0.6286619305610657,1.0571304559707642,,,
271,125119,,,0.4902134022019845,1.4146227836608887,0.4867319166660309
272,125149,1.319715142250061,0.9346299171447754,,,
272,125199,0.9376372694969177,0.8484339714050293,,,
272,125249,1.0652453899383545,0.9126347899436951,,,
272,125299,0.41245201230049133,1.1158157587051392,,,
272,125349,0.9593393802642822,1.0267281532287598,,,
272,125399,0.843329668045044,0.9926562905311584,,,
272,125449,0.7811106443405151,1.2864630222320557,,,
272,125499,0.7412698268890381,1.0759198665618896,,,
272,125549,0.8215685486793518,0.9731117486953735,,,
272,125579,,,0.6667119749898056,1.2119109630584717,0.6655534505844116
273,125599,0.5490162372589111,1.300339698791504,,,
273,125649,0.8583692908287048,1.0479967594146729,,,
273,125699,0.4343715310096741,1.6378178596496582,,,
273,125749,0.7779298424720764,0.8750196099281311,,,
273,125799,0.751924991607666,0.9199281334877014,,,
273,125849,0.8000898957252502,0.796713650226593,,,
273,125899,1.0984694957733154,1.7403851747512817,,,
273,125949,0.7136368751525879,1.0171895027160645,,,
273,125999,0.6337663531303406,1.7473803758621216,,,
273,126039,,,0.5120973222781025,1.3928781747817993,0.46568381786346436
274,126049,0.6203015446662903,0.7664122581481934,,,
274,126099,0.40272048115730286,1.5015684366226196,,,
274,126149,0.7528495788574219,1.1677513122558594,,,
274,126199,0.5201637744903564,1.4309457540512085,,,
274,126249,1.3486496210098267,0.8417859077453613,,,
274,126299,0.4375038146972656,1.3218106031417847,,,
274,126349,0.732848584651947,1.1327033042907715,,,
274,126399,0.72938072681427,1.220524787902832,,,
274,126449,0.6729520559310913,1.7359172105789185,,,
274,126499,0.6520704030990601,1.4471076726913452,,,
274,126499,,,0.6498572787821123,1.2087956666946411,0.732567310333252
275,126549,0.8563867211341858,0.8156432509422302,,,
275,126599,0.7129278779029846,1.0878502130508423,,,
275,126649,0.7799555659294128,1.295300006866455,,,
275,126699,1.1118106842041016,1.296001672744751,,,
275,126749,1.243804693222046,1.090171456336975,,,
275,126799,0.7407913208007812,0.906496524810791,,,
275,126849,0.8019412755966187,0.8600404262542725,,,
275,126899,0.6531509160995483,0.8951135873794556,,,
275,126949,0.8000508546829224,1.304558277130127,,,
275,126959,,,0.6605273888813376,1.247282862663269,0.6645758748054504
276,126999,0.8386585712432861,0.9726813435554504,,,
276,127049,0.6650833487510681,1.1410183906555176,,,
276,127099,0.6665306687355042,1.0147143602371216,,,
276,127149,0.8447355031967163,1.0087268352508545,,,
276,127199,0.7057814002037048,1.1324208974838257,,,
276,127249,0.7728638648986816,1.423898458480835,,,
276,127299,0.7651473879814148,1.01725435256958,,,
276,127349,0.8896964192390442,1.3304660320281982,,,
276,127399,0.6850135922431946,0.9684758186340332,,,
276,127419,,,0.45908658420551857,1.4781631231307983,0.44460585713386536
277,127449,0.7164486646652222,1.417816400527954,,,
277,127499,0.7540663480758667,1.3646408319473267,,,
277,127549,1.2110509872436523,0.8954660296440125,,,
277,127599,0.9230767488479614,0.9285261034965515,,,
277,127649,0.6420299410820007,1.0796422958374023,,,
277,127699,0.7366673946380615,1.4679055213928223,,,
277,127749,0.6855021715164185,1.326941967010498,,,
277,127799,0.8436952829360962,1.4533936977386475,,,
277,127849,0.5189305543899536,1.5254247188568115,,,
277,127879,,,0.5101264102215577,1.4055168628692627,0.5391497611999512
278,127899,0.5666954517364502,1.2022111415863037,,,
278,127949,0.5846441388130188,1.4424961805343628,,,
278,127999,0.6938517689704895,1.6206741333007812,,,
278,128049,0.7675390839576721,1.08134126663208,,,
278,128099,0.667792022228241,1.0624704360961914,,,
278,128149,0.5273007154464722,1.5566833019256592,,,
278,128199,0.5594549179077148,1.057591438293457,,,
278,128249,0.9421489238739014,0.9026200175285339,,,
278,128299,1.178727626800537,1.4648380279541016,,,
278,128339,,,0.5056408862308006,1.4515129327774048,0.4313009977340698
279,128349,0.7038114070892334,0.8263899087905884,,,
279,128399,0.6122414469718933,1.3046088218688965,,,
279,128449,0.6464369297027588,1.0503220558166504,,,
279,128499,1.111019253730774,0.8348983526229858,,,
279,128549,0.6555039286613464,1.1891268491744995,,,
279,128599,1.0374858379364014,1.2163591384887695,,,
279,128649,0.7995899319648743,1.1434869766235352,,,
279,128699,0.7329306602478027,1.1579152345657349,,,
279,128749,1.0133947134017944,0.8670464754104614,,,
279,128799,0.6885577440261841,1.4539333581924438,,,
279,128799,,,0.7119749898056273,1.294240117073059,0.7387790679931641
280,128849,0.9198311567306519,1.5569119453430176,,,
280,128899,0.7339656352996826,1.3967583179473877,,,
280,128949,0.7371329069137573,0.9990272521972656,,,
280,128999,0.9701857566833496,1.505824089050293,,,
280,129049,0.848664402961731,1.502074956893921,,,
280,129099,1.0570846796035767,0.7549136877059937,,,
280,129149,0.7954900860786438,1.3338629007339478,,,
280,129199,1.026307225227356,1.1524178981781006,,,
280,129249,1.0666334629058838,0.9966474771499634,,,
280,129259,,,0.6492456164197363,1.2202221155166626,0.7721648812294006
281,129299,0.5929155349731445,1.0714938640594482,,,
281,129349,0.8202944993972778,1.0161603689193726,,,
281,129399,0.6844954490661621,1.6791472434997559,,,
281,129449,0.778222918510437,1.600731372833252,,,
281,129499,1.0056225061416626,0.8286558389663696,,,
281,129549,0.7577395439147949,1.0035388469696045,,,
281,129599,0.6961477994918823,1.3122295141220093,,,
281,129649,0.7535679936408997,0.8567370772361755,,,
281,129699,0.8542230725288391,1.6824893951416016,,,
281,129719,,,0.5838657061302162,1.3807249069213867,0.6983771324157715
282,129749,0.4967145621776581,1.6715760231018066,,,
282,129799,0.6437044143676758,1.4770469665527344,,,
282,129849,0.9304414987564087,0.7619460821151733,,,
282,129899,0.3231196701526642,1.6892857551574707,,,
282,129949,0.7170230746269226,1.392745018005371,,,
282,129999,0.7590835690498352,1.2397336959838867,,,
282,130049,1.1932551860809326,1.0472079515457153,,,
282,130099,1.0796129703521729,1.9003825187683105,,,
282,130149,0.7022468447685242,0.9832026958465576,,,
282,130179,,,0.4995242626070409,1.3879282474517822,0.4644363522529602
283,130199,0.7698269486427307,1.2283377647399902,,,
283,130249,0.7871641516685486,1.3940123319625854,,,
283,130299,0.5799782872200012,1.645099401473999,,,
283,130349,0.894768238067627,1.0995303392410278,,,
283,130399,0.5621368885040283,0.9824590682983398,,,
283,130449,0.751509428024292,0.6828421950340271,,,
283,130499,0.9532312154769897,0.8423235416412354,,,
283,130549,0.6664637327194214,1.5599803924560547,,,
283,130599,1.151610255241394,0.6812609434127808,,,
283,130639,,,0.549476688867745,1.362032413482666,0.5989801287651062
284,130649,1.1377981901168823,1.097442388534546,,,
284,130699,1.1478362083435059,0.8590712547302246,,,
284,130749,1.019332766532898,1.066490888595581,,,
284,130799,0.5526596903800964,1.4266993999481201,,,
284,130849,0.8486239314079285,1.1327950954437256,,,
284,130899,0.7429379224777222,1.2033922672271729,,,
284,130949,0.6731815338134766,1.306872010231018,,,
284,130999,0.5358229279518127,1.5403940677642822,,,
284,131049,0.7757934331893921,0.8888096809387207,,,
284,131099,0.5622888803482056,1.0455883741378784,,,
284,131099,,,0.5636128856871008,1.258529782295227,0.6267780661582947
285,131149,0.9425692558288574,1.2965548038482666,,,
285,131199,0.9054130911827087,1.1081080436706543,,,
285,131249,0.6529161930084229,1.2223066091537476,,,
285,131299,1.0633597373962402,1.039693832397461,,,
285,131349,0.7827872633934021,1.3004688024520874,,,
285,131399,0.7329462766647339,1.3053624629974365,,,
285,131449,0.8919700384140015,1.0547469854354858,,,
285,131499,0.6396735310554504,1.1497361660003662,,,
285,131549,0.6156463623046875,1.1452879905700684,,,
285,131559,,,0.6022155770014952,1.2730764150619507,0.5973221063613892
286,131599,0.8983273506164551,1.136325478553772,,,
286,131649,1.0097979307174683,1.0822696685791016,,,
286,131699,0.8223673105239868,1.3704218864440918,,,
286,131749,0.8856052756309509,1.0059175491333008,,,
286,131799,0.7143433094024658,1.5767886638641357,,,
286,131849,0.600774347782135,0.8957171440124512,,,
286,131899,0.6696715950965881,1.0788148641586304,,,
286,131949,0.842627227306366,1.604767084121704,,,
286,131999,0.6893118023872375,1.006130576133728,,,
286,132019,,,0.5508359385619138,1.3106387853622437,0.5982958674430847
287,132049,1.103710651397705,0.9489061236381531,,,
287,132099,0.7126221656799316,1.4930510520935059,,,
287,132149,0.6249892711639404,1.4030808210372925,,,
287,132199,0.7505437135696411,2.225937843322754,,,
287,132249,0.7521247863769531,1.056888222694397,,,
287,132299,0.626649022102356,1.906562089920044,,,
287,132349,0.5742790102958679,1.0593602657318115,,,
287,132399,0.5865240693092346,1.454404592514038,,,
287,132449,0.5657732486724854,1.4439566135406494,,,
287,132479,,,0.4972815006116624,1.4009507894515991,0.4340626299381256
288,132499,0.4695810377597809,1.4690319299697876,,,
288,132549,0.5315991640090942,1.3761028051376343,,,
288,132599,0.9765014052391052,1.117612600326538,,,
288,132649,0.8104569911956787,1.070436716079712,,,
288,132699,1.324174404144287,1.0839486122131348,,,
288,132749,0.6973433494567871,1.110591173171997,,,
288,132799,0.8709555864334106,0.8813073635101318,,,
288,132849,0.5560328960418701,1.427419662475586,,,
288,132899,0.6305145621299744,1.498570442199707,,,
288,132939,,,0.47322278102487425,1.4391072988510132,0.4970972239971161
289,132949,0.7697561383247375,1.6506524085998535,,,
289,132999,1.125698208808899,1.0113357305526733,,,
289,133049,0.9273438453674316,0.9083884954452515,,,
289,133099,0.7260087728500366,0.7306628823280334,,,
289,133149,0.9316600561141968,1.4221192598342896,,,
289,133199,0.6579577922821045,1.0668015480041504,,,
289,133249,0.6025241017341614,1.067492127418518,,,
289,133299,0.5262171030044556,1.3764373064041138,,,
289,133349,0.5790797472000122,1.088366985321045,,,
289,133399,0.5327790975570679,2.099477767944336,,,
289,133399,,,0.5148837841511485,1.3748174905776978,0.5269837975502014
290,133449,0.8223446607589722,2.1342549324035645,,,
290,133499,0.6705881357192993,1.1151282787322998,,,
290,133549,0.6623327732086182,1.0532243251800537,,,
290,133599,0.7482689619064331,1.1152095794677734,,,
290,133649,1.0989420413970947,1.0036503076553345,,,
290,133699,0.5775385499000549,1.3786894083023071,,,
290,133749,0.9886832237243652,0.8994013071060181,,,
290,133799,0.7858440279960632,1.0489392280578613,,,
290,133849,0.4926656484603882,1.4437249898910522,,,
290,133859,,,0.6175750985456028,1.2697175741195679,0.6636034846305847
291,133899,1.3618580102920532,1.039135456085205,,,
291,133949,0.6159821152687073,1.1594219207763672,,,
291,133999,1.6470375061035156,0.738896369934082,,,
291,134049,0.8783112168312073,0.9675168991088867,,,
291,134099,1.1856498718261719,0.8262961506843567,,,
291,134149,0.7983896732330322,1.052687644958496,,,
291,134199,0.6512246131896973,1.0998709201812744,,,
291,134249,0.5541592836380005,0.9530689716339111,,,
291,134299,0.8629369735717773,1.0447275638580322,,,
291,134319,,,0.5689139594943591,1.3179137706756592,0.6196945309638977
292,134349,0.7453432083129883,1.1650972366333008,,,
292,134399,0.47711247205734253,1.003697156906128,,,
292,134449,0.6530078053474426,1.365544319152832,,,
292,134499,0.713194727897644,0.9528994560241699,,,
292,134549,0.7404389381408691,0.9377288222312927,,,
292,134599,0.796796441078186,0.9318791031837463,,,
292,134649,0.7019585967063904,1.5813024044036865,,,
292,134699,0.603645384311676,1.5018949508666992,,,
292,134749,0.8495379686355591,0.8813468217849731,,,
292,134779,,,0.5457387522087808,1.3592114448547363,0.5515891313552856
293,134799,0.8351532220840454,1.3592201471328735,,,
293,134849,0.7828221917152405,1.117264986038208,,,
293,134899,0.7308747172355652,1.3320496082305908,,,
293,134949,0.6282013058662415,1.2478901147842407,,,
293,134999,0.9185137152671814,0.7624959349632263,,,
293,135049,1.0602422952651978,0.7902354001998901,,,
293,135099,0.8404721021652222,0.942784309387207,,,
293,135149,1.2710555791854858,1.1937251091003418,,,
293,135199,0.84898841381073,0.6760480403900146,,,
293,135239,,,0.5441756150604866,1.3185547590255737,0.6800047755241394
294,135249,0.7086959481239319,0.8309642672538757,,,
294,135299,0.8386706709861755,0.9100757837295532,,,
294,135349,0.8571868538856506,1.6123709678649902,,,
294,135399,0.885718047618866,0.928784966468811,,,
294,135449,0.8230655193328857,0.867600679397583,,,
294,135499,0.7588183879852295,1.171828269958496,,,
294,135549,1.218179702758789,0.7165181636810303,,,
294,135599,0.5737167000770569,1.3246586322784424,,,
294,135649,0.5059173107147217,1.2520787715911865,,,
294,135699,0.6073141098022461,1.2061436176300049,,,
294,135699,,,0.5268451814598342,1.2685348987579346,0.6108211874961853
295,135749,0.6609504818916321,1.0291892290115356,,,
295,135799,0.9367610216140747,1.0541372299194336,,,
295,135849,0.6858711242675781,1.3564536571502686,,,
295,135899,0.5262876749038696,1.7323246002197266,,,
295,135949,0.8567067384719849,1.0825819969177246,,,
295,135999,0.8793230652809143,1.1552027463912964,,,
295,136049,0.7544248104095459,1.1426419019699097,,,
295,136099,0.34423360228538513,1.4722992181777954,,,
295,136149,0.758888304233551,0.961158037185669,,,
295,136159,,,0.5083593856191382,1.376423716545105,0.5962167978286743
296,136199,0.6859033703804016,1.4031497240066528,,,
296,136249,0.8976099491119385,0.7958117723464966,,,
296,136299,0.9337248206138611,0.9911535978317261,,,
296,136349,1.044981598854065,1.0290871858596802,,,
296,136399,0.569024920463562,1.223598599433899,,,
296,136449,0.7622652649879456,1.498988151550293,,,
296,136499,0.5440865159034729,1.1524018049240112,,,
296,136549,1.153944492340088,1.2723181247711182,,,
296,136599,0.5383948683738708,1.0788472890853882,,,
296,136619,,,0.5849531058855512,1.2503119707107544,0.6339412331581116
297,136649,0.7115229964256287,0.9285471439361572,,,
297,136699,0.6090966463088989,1.2257838249206543,,,
297,136749,0.7955783605575562,0.9317821860313416,,,
297,136799,0.8725741505622864,1.2330195903778076,,,
297,136849,0.7031941413879395,1.144038438796997,,,
297,136899,0.9341732263565063,1.1217138767242432,,,
297,136949,0.6437525153160095,1.219190001487732,,,
297,136999,1.1837210655212402,0.9540789127349854,,,
297,137049,0.8151121139526367,1.140662670135498,,,
297,137079,,,0.5419328530651081,1.335198998451233,0.5643173456192017
298,137099,0.9561773538589478,0.9341759085655212,,,
298,137149,0.6356886029243469,1.0413004159927368,,,
298,137199,0.7603515386581421,1.0955314636230469,,,
298,137249,0.8540990948677063,0.9613021612167358,,,
298,137299,1.0789058208465576,1.7235913276672363,,,
298,137349,0.8984347581863403,1.3209470510482788,,,
298,137399,0.9561469554901123,1.1144323348999023,,,
298,137449,0.8652368783950806,0.9709034562110901,,,
298,137499,0.9172306656837463,1.0704107284545898,,,
298,137539,,,0.5344569797471795,1.3294514417648315,0.5760117769241333
299,137549,0.7832529544830322,0.8979201912879944,,,
299,137599,1.2224608659744263,1.2700464725494385,,,
299,137649,0.7671958804130554,1.0828828811645508,,,
299,137699,0.7727821469306946,1.0107429027557373,,,
299,137749,0.791834831237793,0.968968391418457,,,
299,137799,0.7652941942214966,1.1372218132019043,,,
299,137849,1.0629527568817139,1.3391989469528198,,,
299,137899,0.3207584619522095,1.8941463232040405,,,
299,137949,0.8732802867889404,1.0543432235717773,,,
299,137999,0.719276487827301,1.7474825382232666,,,
299,137999,,,0.5755742829957863,1.2904213666915894,0.7020554542541504
