epoch,knn_accuracy,step,train_discriminator_loss,train_generator_loss,validation_discriminator_accuracy,validation_discriminator_loss,validation_generator_loss
0,,49,1.3595914840698242,0.6939167976379395,,,
0,,99,1.3505942821502686,0.6973448395729065,,,
0,,149,1.3309845924377441,0.7042778134346008,,,
0,,199,1.3325552940368652,0.7000539898872375,,,
0,,249,1.314530372619629,0.7174587249755859,,,
0,,299,1.3121353387832642,0.7093543410301208,,,
0,,349,1.2940638065338135,0.72622150182724,,,
0,,399,1.328843593597412,0.6941050291061401,,,
0,,449,1.2959423065185547,0.7266308069229126,,,
0,0.5251113772392273,459,,,0.4998640750305831,1.3019236326217651,0.6889737248420715
1,,499,1.2932593822479248,0.7364321947097778,,,
1,,549,1.3237208127975464,0.7081847190856934,,,
1,,599,1.2836475372314453,0.7506042718887329,,,
1,,649,1.2910354137420654,0.7527602910995483,,,
1,,699,1.2938570976257324,0.7424066662788391,,,
1,,749,1.3334393501281738,0.7050983905792236,,,
1,,799,1.295753002166748,0.7326878309249878,,,
1,,849,1.2662434577941895,0.7535272240638733,,,
1,,899,1.2677890062332153,0.755160391330719,,,
1,0.5117894411087036,919,,,0.9933396764985728,1.2879408597946167,0.7240662574768066
2,,949,1.2865238189697266,0.7421916723251343,,,
2,,999,1.2829234600067139,0.741401195526123,,,
2,,1049,1.2659491300582886,0.7710627317428589,,,
2,,1099,1.2679109573364258,0.7612022161483765,,,
2,,1149,1.333371877670288,0.7116373777389526,,,
2,,1199,1.2704925537109375,0.7745504975318909,,,
2,,1249,1.284317970275879,0.7716428637504578,,,
2,,1299,1.326096534729004,0.7286288142204285,,,
2,,1349,1.2674849033355713,0.7870451807975769,,,
2,0.5543299913406372,1379,,,0.8632594807666168,1.329514741897583,0.7227551341056824
3,,1399,1.2613013982772827,0.8046798706054688,,,
3,,1449,1.298788070678711,0.7682096362113953,,,
3,,1499,1.2751858234405518,0.7878316640853882,,,
3,,1549,1.3170952796936035,0.7277434468269348,,,
3,,1599,1.2703156471252441,0.8006799221038818,,,
3,,1649,1.2691084146499634,0.7815241813659668,,,
3,,1699,1.298548936843872,0.754296064376831,,,
3,,1749,1.2757611274719238,0.7691954374313354,,,
3,,1799,1.314765453338623,0.7375993728637695,,,
3,0.5639834403991699,1839,,,0.7903357346744597,1.3040797710418701,0.7545064687728882
4,,1849,1.2804925441741943,0.7742910385131836,,,
4,,1899,1.2954668998718262,0.7760806083679199,,,
4,,1949,1.2819209098815918,0.7880331873893738,,,
4,,1999,1.2887104749679565,0.7663975358009338,,,
4,,2049,1.2841534614562988,0.7647615075111389,,,
4,,2099,1.280432939529419,0.8000878095626831,,,
4,,2149,1.2583425045013428,0.7843228578567505,,,
4,,2199,1.2089956998825073,0.8420118093490601,,,
4,,2249,1.1639342308044434,0.8532896637916565,,,
4,,2299,1.303593635559082,0.703070878982544,,,
4,0.5995945930480957,2299,,,0.45643604730188936,1.344157099723816,0.659399688243866
5,,2349,1.1771363019943237,0.835192084312439,,,
5,,2399,1.2280997037887573,0.8018333911895752,,,
5,,2449,1.1652143001556396,0.8378012776374817,,,
5,,2499,1.1762123107910156,0.7974607944488525,,,
5,,2549,1.223728895187378,0.7976317405700684,,,
5,,2599,1.2016525268554688,0.8625317215919495,,,
5,,2649,1.2769696712493896,0.8047266006469727,,,
5,,2699,1.1611809730529785,0.8725197911262512,,,
5,,2749,1.2013952732086182,0.9270492792129517,,,
5,0.562041163444519,2759,,,0.6762267228489873,1.2881120443344116,0.7952329516410828
6,,2799,1.1485905647277832,0.9082043170928955,,,
6,,2849,1.3152977228164673,0.8990952968597412,,,
6,,2899,1.2276527881622314,0.8280221223831177,,,
6,,2949,1.114393949508667,0.929521381855011,,,
6,,2999,1.2074778079986572,0.8648249506950378,,,
6,,3049,1.2481918334960938,0.8434308767318726,,,
6,,3099,1.1022484302520752,1.0089759826660156,,,
6,,3149,1.332148790359497,0.7269459962844849,,,
6,,3199,0.9560577273368835,1.1626808643341064,,,
6,0.5350298285484314,3219,,,0.6957999184450183,1.2898743152618408,0.7168965339660645
7,,3249,1.2200311422348022,0.8187556862831116,,,
7,,3299,0.9953891038894653,1.22525954246521,,,
7,,3349,1.161990761756897,1.0059236288070679,,,
7,,3399,1.237977385520935,0.891484260559082,,,
7,,3449,1.4294099807739258,0.7391970753669739,,,
7,,3499,1.072770118713379,0.9826449155807495,,,
7,,3549,1.3928923606872559,0.8120383620262146,,,
7,,3599,1.2819232940673828,0.890233039855957,,,
7,,3649,1.2748305797576904,0.7328915596008301,,,
7,0.5318580865859985,3679,,,0.6440125050971863,1.3201578855514526,0.8152355551719666
8,,3699,1.1564762592315674,0.8399699330329895,,,
8,,3749,1.109083652496338,1.003857135772705,,,
8,,3799,1.4987159967422485,0.7749325037002563,,,
8,,3849,1.0231554508209229,1.1705257892608643,,,
8,,3899,1.1366770267486572,0.9285001754760742,,,
8,,3949,1.2195779085159302,0.7683581709861755,,,
8,,3999,1.2188985347747803,0.92821204662323,,,
8,,4049,1.3388309478759766,0.8527925610542297,,,
8,,4099,1.2959057092666626,0.798790454864502,,,
8,0.5383931994438171,4139,,,0.4198722305287481,1.4423707723617554,0.6956195831298828
9,,4149,1.292189121246338,0.7502754330635071,,,
9,,4199,1.2876558303833008,0.8028596043586731,,,
9,,4249,1.2276620864868164,0.9258028864860535,,,
9,,4299,1.3577301502227783,0.7582824230194092,,,
9,,4349,1.391723871231079,0.7785754203796387,,,
9,,4399,1.4057177305221558,0.7504849433898926,,,
9,,4449,1.2914422750473022,0.7797971963882446,,,
9,,4499,1.369935154914856,0.8452256917953491,,,
9,,4549,1.194779396057129,0.9214024543762207,,,
9,,4599,1.2203843593597412,0.9846790432929993,,,
9,0.5021026134490967,4599,,,0.6501970912056545,1.2306938171386719,0.9644208550453186
10,,4649,1.2008624076843262,0.9148849844932556,,,
10,,4699,1.250853419303894,0.9236048460006714,,,
10,,4749,1.3322192430496216,0.7274588346481323,,,
10,,4799,1.3181604146957397,0.7901722192764282,,,
10,,4849,1.2225852012634277,0.9170514345169067,,,
10,,4899,1.3154618740081787,0.8234060406684875,,,
10,,4949,1.2697395086288452,0.8233540058135986,,,
10,,4999,1.24160635471344,0.837485671043396,,,
10,,5049,1.1458051204681396,0.9594403505325317,,,
10,0.5433111786842346,5059,,,0.7267908114720674,1.2643353939056396,0.801418662071228
11,,5099,1.2255916595458984,0.8779982328414917,,,
11,,5149,1.347508192062378,0.7935171127319336,,,
11,,5199,1.2752659320831299,0.8243739604949951,,,
11,,5249,1.3037796020507812,0.7822753190994263,,,
11,,5299,1.2765557765960693,0.855887770652771,,,
11,,5349,1.226999044418335,0.8399375677108765,,,
11,,5399,1.117323637008667,1.0075823068618774,,,
11,,5449,1.3579199314117432,0.7823857665061951,,,
11,,5499,1.306046485900879,0.8662477731704712,,,
11,0.5432020425796509,5519,,,0.4910289520184858,1.4009631872177124,0.7154929041862488
12,,5549,1.1426024436950684,1.0969111919403076,,,
12,,5599,1.2093796730041504,0.968961775302887,,,
12,,5649,1.3143532276153564,0.936518132686615,,,
12,,5699,1.2805476188659668,0.8086096048355103,,,
12,,5749,1.285623550415039,0.8645912408828735,,,
12,,5799,1.2281382083892822,0.8955197930335999,,,
12,,5849,1.3715333938598633,0.7665305733680725,,,
12,,5899,1.2717597484588623,0.8540205955505371,,,
12,,5949,1.2751096487045288,0.868529200553894,,,
12,0.5334885120391846,5979,,,0.585700693217344,1.3715906143188477,0.7305752635002136
13,,5999,1.2325046062469482,0.902904748916626,,,
13,,6049,1.1404221057891846,1.0111736059188843,,,
13,,6099,1.4162431955337524,0.7169047594070435,,,
13,,6149,1.3947298526763916,0.7971012592315674,,,
13,,6199,1.2698328495025635,0.8232305645942688,,,
13,,6249,1.2939685583114624,0.8372310400009155,,,
13,,6299,1.2568507194519043,0.86765456199646,,,
13,,6349,1.2930797338485718,0.8103502988815308,,,
13,,6399,1.3704324960708618,0.7703670263290405,,,
13,0.5524545907974243,6439,,,0.5569525621856735,1.396763563156128,0.7838601469993591
14,,6449,1.2521361112594604,0.8551927804946899,,,
14,,6499,1.1793714761734009,0.8816888332366943,,,
14,,6549,1.2675460577011108,0.8725089430809021,,,
14,,6599,1.288849115371704,0.8271843194961548,,,
14,,6649,1.2963676452636719,0.7880427241325378,,,
14,,6699,1.2457175254821777,1.0399339199066162,,,
14,,6749,1.429360270500183,0.7275843620300293,,,
14,,6799,1.2217247486114502,1.0083870887756348,,,
14,,6849,1.31148362159729,0.8051022291183472,,,
14,,6899,1.3154568672180176,0.8043510913848877,,,
14,0.5496903657913208,6899,,,0.5514476009242898,1.3940211534500122,0.7544693946838379
15,,6949,1.235436201095581,0.8625815510749817,,,
15,,6999,1.28745698928833,0.8403216004371643,,,
15,,7049,1.343328595161438,0.747073233127594,,,
15,,7099,1.3623569011688232,0.783013641834259,,,
15,,7149,1.2497506141662598,0.8952448964118958,,,
15,,7199,1.2413644790649414,0.8372542858123779,,,
15,,7249,1.265312910079956,0.8886356949806213,,,
15,,7299,1.231304407119751,0.9451062679290771,,,
15,,7349,1.3430368900299072,0.7982995510101318,,,
15,0.5566197633743286,7359,,,0.582302568981922,1.3066010475158691,0.9304502010345459
16,,7399,1.263446569442749,0.8187148571014404,,,
16,,7449,1.0518325567245483,1.1551700830459595,,,
16,,7499,1.281335711479187,0.8780983090400696,,,
16,,7549,1.3523080348968506,0.8594759702682495,,,
16,,7599,1.2626657485961914,0.9136389493942261,,,
16,,7649,1.2655041217803955,0.8205701112747192,,,
16,,7699,1.375060796737671,0.7430477142333984,,,
16,,7749,1.3534667491912842,0.8140888810157776,,,
16,,7799,1.2299199104309082,0.8462390899658203,,,
16,0.5511983036994934,7819,,,0.4832132662770151,1.4381247758865356,0.7406694293022156
17,,7849,1.363512396812439,0.8283741474151611,,,
17,,7899,1.2229220867156982,0.8704495429992676,,,
17,,7949,1.383833646774292,0.7057724595069885,,,
17,,7999,1.2620081901550293,0.8821544647216797,,,
17,,8049,1.317446231842041,0.8197377324104309,,,
17,,8099,1.2496953010559082,0.8839412927627563,,,
17,,8149,1.244927167892456,0.8896387815475464,,,
17,,8199,1.2199771404266357,0.9798251390457153,,,
17,,8249,1.1541110277175903,0.9422365427017212,,,
17,0.5533455014228821,8279,,,0.6247791219246975,1.315811276435852,0.8589759469032288
18,,8299,1.2727322578430176,0.8298870921134949,,,
18,,8349,1.3368773460388184,0.8308106660842896,,,
18,,8399,1.3383898735046387,0.7698727250099182,,,
18,,8449,1.2153186798095703,1.0483875274658203,,,
18,,8499,1.2587419748306274,0.8759851455688477,,,
18,,8549,1.1727137565612793,0.9928178787231445,,,
18,,8599,1.3395531177520752,0.7865524291992188,,,
18,,8649,1.294028401374817,0.806671142578125,,,
18,,8699,1.29830002784729,0.7560697793960571,,,
18,0.5702267289161682,8739,,,0.5884191926056817,1.3629798889160156,0.8093844056129456
19,,8749,1.2989555597305298,0.8399860262870789,,,
19,,8799,1.2443971633911133,0.8413652181625366,,,
19,,8849,1.205418586730957,0.9378548860549927,,,
19,,8899,1.2911763191223145,0.7789174318313599,,,
19,,8949,1.2592917680740356,0.7710794806480408,,,
19,,8999,1.258023738861084,0.7149397730827332,,,
19,,9049,1.0104457139968872,1.2138569355010986,,,
19,,9099,1.1713697910308838,1.1470370292663574,,,
19,,9149,1.1136846542358398,1.0373117923736572,,,
19,,9199,1.2591739892959595,0.9741243720054626,,,
19,0.5480666160583496,9199,,,0.5044855239907571,1.3971730470657349,0.7240357995033264
20,,9249,1.353747844696045,0.7385866641998291,,,
20,,9299,1.184112787246704,0.8922333717346191,,,
20,,9349,1.2266261577606201,0.9032131433486938,,,
20,,9399,1.1644723415374756,0.8991774320602417,,,
20,,9449,1.1877059936523438,0.952390193939209,,,
20,,9499,1.1380451917648315,0.9496169090270996,,,
20,,9549,1.256492257118225,0.9054487943649292,,,
20,,9599,1.2072354555130005,0.8729922771453857,,,
20,,9649,1.2684948444366455,0.7892626523971558,,,
20,0.536361813545227,9659,,,0.518485795840696,1.4196549654006958,0.7029266357421875
21,,9699,1.1977980136871338,0.7434564828872681,,,
21,,9749,1.2637994289398193,0.8497325778007507,,,
21,,9799,1.212695598602295,0.9846925735473633,,,
21,,9849,1.3282685279846191,0.7763280272483826,,,
21,,9899,1.3624446392059326,0.8086547255516052,,,
21,,9949,1.32911217212677,0.7247700095176697,,,
21,,9999,1.3139688968658447,0.7647379636764526,,,
21,,10049,1.2159132957458496,0.8181161880493164,,,
21,,10099,1.2393213510513306,0.8697794675827026,,,
21,0.5306620001792908,10119,,,0.5468941144488243,1.354317545890808,0.7695441246032715
22,,10149,1.2990576028823853,0.7360595464706421,,,
22,,10199,1.2726478576660156,0.7803061604499817,,,
22,,10249,1.2169238328933716,0.8507088422775269,,,
22,,10299,1.280195951461792,0.8699080944061279,,,
22,,10349,1.4107611179351807,0.7070313096046448,,,
22,,10399,1.1181299686431885,0.8430048823356628,,,
22,,10449,1.1657010316848755,0.9792404174804688,,,
22,,10499,1.3408434391021729,0.7925223708152771,,,
22,,10549,1.2753081321716309,0.7941315770149231,,,
22,0.5332501530647278,10579,,,0.465475057768112,1.3966472148895264,0.658591628074646
23,,10599,1.2251555919647217,0.7844293117523193,,,
23,,10649,1.157867193222046,0.9039273262023926,,,
23,,10699,1.2065609693527222,1.010703206062317,,,
23,,10749,1.241670846939087,0.8428956866264343,,,
23,,10799,1.2757943868637085,0.7134618163108826,,,
23,,10849,1.20553457736969,0.7883135676383972,,,
23,,10899,1.2167270183563232,0.9098920822143555,,,
23,,10949,1.16994047164917,0.9314181804656982,,,
23,,10999,1.2200837135314941,0.8053637742996216,,,
23,0.523861825466156,11039,,,0.38242490145439717,1.466138482093811,0.6331589221954346
24,,11049,1.1821074485778809,0.877412736415863,,,
24,,11099,1.2405729293823242,0.7456337213516235,,,
24,,11149,1.1941159963607788,1.0308704376220703,,,
24,,11199,1.163277506828308,1.0240840911865234,,,
24,,11249,1.2246031761169434,0.8371767401695251,,,
24,,11299,1.27777099609375,0.8639049530029297,,,
24,,11349,1.2700035572052002,0.8345595598220825,,,
24,,11399,1.3279001712799072,0.7542734742164612,,,
24,,11449,1.1713178157806396,0.7907639741897583,,,
24,,11499,1.2435983419418335,0.9924058318138123,,,
24,0.5287531018257141,11499,,,0.6544787277422862,1.2863978147506714,0.8162158727645874
25,,11549,1.248463749885559,0.8861958384513855,,,
25,,11599,1.2284038066864014,0.8013821840286255,,,
25,,11649,1.2653528451919556,0.8139953017234802,,,
25,,11699,1.1108790636062622,0.8099628686904907,,,
25,,11749,1.3186390399932861,0.751164436340332,,,
25,,11799,1.2321501970291138,0.8134992122650146,,,
25,,11849,1.1666202545166016,0.8471804857254028,,,
25,,11899,1.3219248056411743,0.8169399499893188,,,
25,,11949,1.2710516452789307,0.6681721210479736,,,
25,0.5361034274101257,11959,,,0.5674867473154819,1.4021165370941162,0.7342461347579956
26,,11999,1.3032724857330322,0.9321892261505127,,,
26,,12049,1.2417010068893433,0.9197455644607544,,,
26,,12099,1.0466623306274414,0.8230621814727783,,,
26,,12149,1.387147068977356,0.791417121887207,,,
26,,12199,1.1570801734924316,0.7052233219146729,,,
26,,12249,1.1218035221099854,0.8895830512046814,,,
26,,12299,1.244747519493103,0.9303403496742249,,,
26,,12349,1.1943598985671997,0.7535958886146545,,,
26,,12399,1.0893454551696777,1.00083589553833,,,
26,0.5350098013877869,12419,,,0.571360608943863,1.39065682888031,0.7193363308906555
27,,12449,1.1999152898788452,0.9112264513969421,,,
27,,12499,1.181567907333374,0.7958757877349854,,,
27,,12549,1.3728785514831543,0.706368625164032,,,
27,,12599,1.179635763168335,0.8020894527435303,,,
27,,12649,1.1330244541168213,0.8072958588600159,,,
27,,12699,1.3508672714233398,0.7411447763442993,,,
27,,12749,1.37681245803833,0.8436077237129211,,,
27,,12799,1.0074200630187988,1.1302144527435303,,,
27,,12849,1.205310344696045,0.7678724527359009,,,
27,0.5295683145523071,12879,,,0.5407774908250645,1.395811915397644,0.6799324154853821
28,,12899,1.1077812910079956,0.8552625179290771,,,
28,,12949,1.3022842407226562,0.6726658940315247,,,
28,,12999,1.3028724193572998,0.7986180782318115,,,
28,,13049,1.1008753776550293,0.9241551160812378,,,
28,,13099,1.2345107793807983,0.7986503839492798,,,
28,,13149,1.1361130475997925,1.0574977397918701,,,
28,,13199,1.149731993675232,0.9509162902832031,,,
28,,13249,1.2789154052734375,0.8068121075630188,,,
28,,13299,0.9632459878921509,1.1672898530960083,,,
28,0.5333793759346008,13339,,,0.6236917221693625,1.3081809282302856,0.6914965510368347
29,,13349,0.9359976053237915,1.146117091178894,,,
29,,13399,1.123960018157959,1.0003063678741455,,,
29,,13449,1.0649356842041016,0.9315186738967896,,,
29,,13499,1.1538262367248535,0.8556198477745056,,,
29,,13549,1.3184549808502197,0.7312150001525879,,,
29,,13599,1.3292515277862549,0.7321633100509644,,,
29,,13649,1.1488460302352905,0.891219973564148,,,
29,,13699,0.9836386442184448,1.2874387502670288,,,
29,,13749,1.1525577306747437,0.9313849210739136,,,
29,,13799,1.0364571809768677,0.8766371011734009,,,
29,0.5309404134750366,13799,,,0.6593040641565856,1.2629382610321045,0.7333016991615295
30,,13849,1.2276115417480469,0.7583459615707397,,,
30,,13899,1.2944962978363037,0.774229884147644,,,
30,,13949,1.320696234703064,0.7719289064407349,,,
30,,13999,1.2299046516418457,0.9363318085670471,,,
30,,14049,1.059300184249878,0.9278643131256104,,,
30,,14099,1.1480450630187988,1.0007500648498535,,,
30,,14149,1.2332401275634766,0.7823336720466614,,,
30,,14199,1.315443992614746,0.7795599699020386,,,
30,,14249,1.2162872552871704,0.756089448928833,,,
30,0.5377338528633118,14259,,,0.5563408998232975,1.4140311479568481,0.7505333423614502
31,,14299,1.301882028579712,0.9006403088569641,,,
31,,14349,1.236199140548706,0.7553212642669678,,,
31,,14399,1.1495509147644043,0.8014193177223206,,,
31,,14449,1.167040228843689,0.9942190647125244,,,
31,,14499,1.175917625427246,0.8044478297233582,,,
31,,14549,0.9094167947769165,1.1477067470550537,,,
31,,14599,1.2222397327423096,0.8801987171173096,,,
31,,14649,1.118086814880371,0.9328321218490601,,,
31,,14699,1.0045307874679565,0.9704539775848389,,,
31,0.5359541773796082,14719,,,0.5462824520864483,1.373016119003296,0.7048214673995972
32,,14749,1.193130612373352,0.7614682912826538,,,
32,,14799,1.0503946542739868,0.865657389163971,,,
32,,14849,1.3198316097259521,0.8035428524017334,,,
32,,14899,1.265394687652588,0.8127567768096924,,,
32,,14949,1.301023006439209,1.050659418106079,,,
32,,14999,1.1556079387664795,0.8252741098403931,,,
32,,15049,1.1966125965118408,0.7877023220062256,,,
32,,15099,1.228838324546814,0.796532392501831,,,
32,,15149,1.062369704246521,0.7728264331817627,,,
32,0.5499755144119263,15179,,,0.506932173440261,1.3759822845458984,0.689096987247467
33,,15199,1.1298781633377075,1.0399260520935059,,,
33,,15249,1.0408958196640015,0.999448299407959,,,
33,,15299,1.093489408493042,0.8062577247619629,,,
33,,15349,1.0582925081253052,0.8267614245414734,,,
33,,15399,1.085132360458374,0.9038869142532349,,,
33,,15449,1.2023857831954956,0.9514685273170471,,,
33,,15499,1.0392489433288574,0.8456563949584961,,,
33,,15549,1.2413957118988037,0.6894140243530273,,,
33,,15599,1.2217298746109009,0.7991821765899658,,,
33,0.5412598252296448,15639,,,0.5176022835394862,1.402544617652893,0.6389797925949097
34,,15649,0.9666037559509277,0.995435357093811,,,
34,,15699,1.1712766885757446,0.7611702680587769,,,
34,,15749,1.0695862770080566,0.851110577583313,,,
34,,15799,1.2560564279556274,0.7849568128585815,,,
34,,15849,1.259800672531128,0.7905240058898926,,,
34,,15899,1.0844109058380127,1.1963515281677246,,,
34,,15949,1.0661544799804688,0.9681107997894287,,,
34,,15999,1.0478111505508423,0.952208399772644,,,
34,,16049,1.2439095973968506,0.8158701062202454,,,
34,,16099,0.9572200775146484,1.2201321125030518,,,
34,0.5355532765388489,16099,,,0.606972950931086,1.3323817253112793,0.7881948351860046
35,,16149,1.1788461208343506,0.7787920832633972,,,
35,,16199,1.0626115798950195,1.0131332874298096,,,
35,,16249,0.9718189239501953,0.8557062149047852,,,
35,,16299,1.0673267841339111,1.0090581178665161,,,
35,,16349,1.3070942163467407,0.5860263109207153,,,
35,,16399,1.3696856498718262,0.868783712387085,,,
35,,16449,1.3657917976379395,0.70326167345047,,,
35,,16499,1.1351146697998047,0.8150403499603271,,,
35,,16549,1.268107533454895,0.8100649118423462,,,
35,0.5317489504814148,16559,,,0.4299306782655974,1.4718879461288452,0.6213105320930481
36,,16599,1.2959423065185547,0.7137739658355713,,,
36,,16649,1.2104222774505615,0.8406790494918823,,,
36,,16699,1.3001071214675903,0.9503878355026245,,,
36,,16749,1.018928050994873,0.8579626083374023,,,
36,,16799,1.0428800582885742,0.8899616003036499,,,
36,,16849,1.0195773839950562,1.1125342845916748,,,
36,,16899,1.0860857963562012,0.859632670879364,,,
36,,16949,1.4153482913970947,1.1483867168426514,,,
36,,16999,0.8737233281135559,1.1946834325790405,,,
36,0.5445340275764465,17019,,,0.43081419056680714,1.448143720626831,0.60139399766922
37,,17049,1.0120227336883545,1.0027437210083008,,,
37,,17099,1.1509839296340942,0.8810238838195801,,,
37,,17149,0.9563146829605103,0.9320443272590637,,,
37,,17199,1.1019816398620605,0.949518084526062,,,
37,,17249,1.1535022258758545,0.9473485350608826,,,
37,,17299,1.2280211448669434,0.7200208902359009,,,
37,,17349,0.9997435212135315,0.784571647644043,,,
37,,17399,1.0782147645950317,0.8014401197433472,,,
37,,17449,1.1532227993011475,0.723635196685791,,,
37,0.529160737991333,17479,,,0.7077613157537039,1.271673560142517,0.7636255025863647
38,,17499,1.1263494491577148,0.9439123868942261,,,
38,,17549,1.1073565483093262,0.9440963268280029,,,
38,,17599,0.9610854387283325,1.2195754051208496,,,
38,,17649,1.032797932624817,1.0502257347106934,,,
38,,17699,1.041710376739502,0.9064649939537048,,,
38,,17749,1.194166898727417,0.9084712266921997,,,
38,,17799,1.108832597732544,0.8281204700469971,,,
38,,17849,0.9314792156219482,1.0214484930038452,,,
38,,17899,1.1019618511199951,0.980821967124939,,,
38,0.5293099880218506,17939,,,0.5921571292646459,1.3452695608139038,0.7712174654006958
39,,17949,0.827444314956665,1.0692157745361328,,,
39,,17999,1.0341322422027588,1.0471830368041992,,,
39,,18049,1.167858600616455,0.8067015409469604,,,
39,,18099,0.9537617564201355,0.9740564823150635,,,
39,,18149,1.081527829170227,1.1531685590744019,,,
39,,18199,0.9130740165710449,1.2397878170013428,,,
39,,18249,1.1404181718826294,0.8266695737838745,,,
39,,18299,0.9657314419746399,1.0404341220855713,,,
39,,18349,0.9317399859428406,1.1070811748504639,,,
39,,18399,0.9295458793640137,1.234912395477295,,,
39,0.5166540741920471,18399,,,0.7210140002718499,1.2222295999526978,0.8386165499687195
40,,18449,0.8380522131919861,1.1146317720413208,,,
40,,18499,1.1119139194488525,0.782383918762207,,,
40,,18549,1.418226957321167,0.7584803104400635,,,
40,,18599,1.1105962991714478,0.9249975681304932,,,
40,,18649,0.9802608489990234,0.9668519496917725,,,
40,,18699,0.8726170659065247,0.8870895504951477,,,
40,,18749,1.0808277130126953,0.7485548257827759,,,
40,,18799,1.1977996826171875,0.7591050267219543,,,
40,,18849,1.3715238571166992,0.9994392395019531,,,
40,0.5397518873214722,18859,,,0.4365910017670246,1.4187955856323242,0.6077139973640442
41,,18899,1.0496513843536377,0.9571694731712341,,,
41,,18949,1.1005284786224365,0.9242691993713379,,,
41,,18999,1.0760270357131958,0.8405770659446716,,,
41,,19049,0.9129527807235718,1.0478534698486328,,,
41,,19099,1.280937910079956,0.7513723969459534,,,
41,,19149,1.0612387657165527,1.0614891052246094,,,
41,,19199,1.0811190605163574,0.917885422706604,,,
41,,19249,1.1268799304962158,1.2273997068405151,,,
41,,19299,1.102179765701294,0.7014755010604858,,,
41,0.536090075969696,19319,,,0.5573603370939242,1.3639030456542969,0.6394216418266296
42,,19349,1.4466177225112915,0.7048048377037048,,,
42,,19399,0.9757052659988403,0.9860858917236328,,,
42,,19449,1.2627805471420288,0.8520370721817017,,,
42,,19499,0.9797735810279846,0.8607540130615234,,,
42,,19549,1.0188088417053223,1.0993595123291016,,,
42,,19599,1.1390252113342285,0.9548976421356201,,,
42,,19649,1.002556562423706,1.0455162525177002,,,
42,,19699,1.2166028022766113,0.844977855682373,,,
42,,19749,1.1506659984588623,0.7290136814117432,,,
42,0.5427476763725281,19779,,,0.7263150740791083,1.2740607261657715,0.8010878562927246
43,,19799,1.0957140922546387,0.8928256034851074,,,
43,,19849,0.9327135682106018,1.121448278427124,,,
43,,19899,1.0957590341567993,1.0171277523040771,,,
43,,19949,1.252063512802124,0.8551590442657471,,,
43,,19999,1.1503424644470215,0.8977799415588379,,,
43,,20049,1.3616554737091064,0.827081561088562,,,
43,,20099,1.1664029359817505,0.9409276843070984,,,
43,,20149,1.1399836540222168,0.8526941537857056,,,
43,,20199,1.0431710481643677,1.2865533828735352,,,
43,0.5389500260353088,20239,,,0.730120973222781,1.2991281747817993,0.7487367391586304
44,,20249,0.985389232635498,1.1846075057983398,,,
44,,20299,1.359483242034912,1.198112964630127,,,
44,,20349,1.1353528499603271,0.7791423201560974,,,
44,,20399,1.198610544204712,0.9683147668838501,,,
44,,20449,1.1606435775756836,0.7904274463653564,,,
44,,20499,1.3553552627563477,0.7781943082809448,,,
44,,20549,0.9746999740600586,1.0628762245178223,,,
44,,20599,1.1416277885437012,0.8237960934638977,,,
44,,20649,1.1431814432144165,0.7674452066421509,,,
44,,20699,1.1500576734542847,0.8521439433097839,,,
44,0.5405871272087097,20699,,,0.4712518689683295,1.437053918838501,0.5432779788970947
45,,20749,1.1551082134246826,0.6809046268463135,,,
45,,20799,0.8135170936584473,1.0115891695022583,,,
45,,20849,1.1064374446868896,0.7728267312049866,,,
45,,20899,1.0172117948532104,0.5989046692848206,,,
45,,20949,1.1303961277008057,1.0598704814910889,,,
45,,20999,0.9837944507598877,1.2894474267959595,,,
45,,21049,1.0364736318588257,1.2426680326461792,,,
45,,21099,0.8743200898170471,1.7552859783172607,,,
45,,21149,1.136857509613037,0.8243181109428406,,,
45,0.5439772009849548,21159,,,0.48627157808889493,1.3910411596298218,0.684184730052948
46,,21199,1.1237530708312988,0.7742936611175537,,,
46,,21249,0.895830512046814,1.1979868412017822,,,
46,,21299,1.1437737941741943,1.0298017263412476,,,
46,,21349,1.1452717781066895,0.983156681060791,,,
46,,21399,0.945911169052124,1.0173845291137695,,,
46,,21449,1.0756421089172363,1.121951937675476,,,
46,,21499,1.1393487453460693,0.8914957642555237,,,
46,,21549,0.9422769546508789,0.8284978270530701,,,
46,,21599,1.1943215131759644,0.9160808324813843,,,
46,0.5359809398651123,21619,,,0.5322821802365094,1.4085091352462769,0.6318820714950562
47,,21649,1.05800199508667,0.9109299182891846,,,
47,,21699,1.08416748046875,0.9644137024879456,,,
47,,21749,1.2072685956954956,1.0532697439193726,,,
47,,21799,0.9962946176528931,0.8965244293212891,,,
47,,21849,1.173630952835083,0.9590339064598083,,,
47,,21899,1.099938154220581,0.816130518913269,,,
47,,21949,1.0136942863464355,0.9622126817703247,,,
47,,21999,1.2955126762390137,0.739086389541626,,,
47,,22049,1.0008400678634644,1.1659669876098633,,,
47,0.5249554514884949,22079,,,0.6708576865570205,1.2600716352462769,0.8070536255836487
48,,22099,1.1723301410675049,0.7154923677444458,,,
48,,22149,1.096266508102417,1.00556480884552,,,
48,,22199,1.1681712865829468,1.054013729095459,,,
48,,22249,1.2957539558410645,0.9424740672111511,,,
48,,22299,0.8740897178649902,1.0108416080474854,,,
48,,22349,1.2315057516098022,0.9661334156990051,,,
48,,22399,1.1968637704849243,0.908953845500946,,,
48,,22449,0.9193114042282104,0.8288964629173279,,,
48,,22499,1.3170188665390015,1.0406568050384521,,,
48,0.5293099880218506,22539,,,0.6734402609759412,1.237977385520935,0.8038537502288818
49,,22549,1.1377449035644531,0.8268511295318604,,,
49,,22599,1.011730670928955,1.0043474435806274,,,
49,,22649,0.9158108234405518,1.070502519607544,,,
49,,22699,1.1191375255584717,0.9102298617362976,,,
49,,22749,1.1040135622024536,1.000706672668457,,,
49,,22799,0.8892329335212708,1.0058720111846924,,,
49,,22849,1.012099027633667,1.1159980297088623,,,
49,,22899,1.0099589824676514,0.9349051713943481,,,
49,,22949,1.0763309001922607,1.0214173793792725,,,
49,,22999,1.4048175811767578,1.3909705877304077,,,
49,0.5517017245292664,22999,,,0.7283539486203615,1.23262619972229,0.7960253357887268
50,,23049,1.149785041809082,0.7703535556793213,,,
50,,23099,0.8933178782463074,1.1691067218780518,,,
50,,23149,0.8041602373123169,1.18617844581604,,,
50,,23199,0.9696552157402039,0.8935075998306274,,,
50,,23249,0.8262653350830078,1.2570210695266724,,,
50,,23299,1.031901478767395,0.9758691787719727,,,
50,,23349,0.9930024147033691,0.864248514175415,,,
50,,23399,1.178444266319275,0.7837591767311096,,,
50,,23449,1.0142678022384644,1.0747370719909668,,,
50,0.537041187286377,23459,,,0.6363327443251325,1.2788227796554565,0.7393734455108643
51,,23499,1.1077897548675537,1.2131969928741455,,,
51,,23549,0.8684108853340149,1.1644935607910156,,,
51,,23599,1.2732667922973633,0.930327296257019,,,
51,,23649,1.0682365894317627,0.9331857562065125,,,
51,,23699,1.3448851108551025,0.7300955057144165,,,
51,,23749,1.0688178539276123,0.9421114921569824,,,
51,,23799,1.2264800071716309,0.8785744309425354,,,
51,,23849,1.2023580074310303,1.0578734874725342,,,
51,,23899,1.0904622077941895,0.7995157241821289,,,
51,0.5170683264732361,23919,,,0.5146119342123148,1.3462356328964233,0.6472656726837158
52,,23949,0.9684592485427856,1.0769541263580322,,,
52,,23999,1.2451674938201904,1.156013011932373,,,
52,,24049,0.9875266551971436,1.1545746326446533,,,
52,,24099,0.8759834170341492,1.028975009918213,,,
52,,24149,0.9388221502304077,1.4816267490386963,,,
52,,24199,1.1182446479797363,0.820006251335144,,,
52,,24249,1.075200080871582,1.1392635107040405,,,
52,,24299,1.1465866565704346,0.8469408750534058,,,
52,,24349,1.071446180343628,0.8845993280410767,,,
52,0.5316130518913269,24379,,,0.5289520184857959,1.3777415752410889,0.6233921051025391
53,,24399,0.9939452409744263,1.0932254791259766,,,
53,,24449,0.8641583919525146,1.0559308528900146,,,
53,,24499,1.0906429290771484,0.7327399849891663,,,
53,,24549,0.9760858416557312,0.9700901508331299,,,
53,,24599,0.8933044075965881,1.0341969728469849,,,
53,,24649,0.9563611149787903,0.9056485295295715,,,
53,,24699,1.2041890621185303,0.8842104077339172,,,
53,,24749,1.0082385540008545,0.9752562046051025,,,
53,,24799,1.138221263885498,0.9404526948928833,,,
53,0.5284813642501831,24839,,,0.5064564360473018,1.356801986694336,0.6437214016914368
54,,24849,1.2597167491912842,0.9259827733039856,,,
54,,24899,0.952997624874115,0.8379298448562622,,,
54,,24949,1.0182641744613647,0.8728434443473816,,,
54,,24999,1.065786600112915,0.8707280158996582,,,
54,,25049,0.9164433479309082,1.1074165105819702,,,
54,,25099,0.8843847513198853,1.0868653059005737,,,
54,,25149,1.1031463146209717,0.9692063331604004,,,
54,,25199,0.9635930061340332,0.7214812636375427,,,
54,,25249,1.2749288082122803,0.8365252017974854,,,
54,,25299,1.0595450401306152,1.042661428451538,,,
54,0.5348672270774841,25299,,,0.6245072719858638,1.3866077661514282,0.6843456029891968
55,,25349,1.1083396673202515,0.8322318196296692,,,
55,,25399,1.0960381031036377,0.8295488357543945,,,
55,,25449,0.921612560749054,1.219299077987671,,,
55,,25499,1.0830605030059814,0.9351949095726013,,,
55,,25549,1.025385856628418,0.8596011996269226,,,
55,,25599,1.212707281112671,0.8080066442489624,,,
55,,25649,0.9051158428192139,0.7641761302947998,,,
55,,25699,1.1739579439163208,0.8294967412948608,,,
55,,25749,1.089571475982666,0.7817420959472656,,,
55,0.5343170762062073,25759,,,0.4843686285170586,1.3924036026000977,0.6407928466796875
56,,25799,0.9596737027168274,0.8095242977142334,,,
56,,25849,1.0845171213150024,0.8993732929229736,,,
56,,25899,1.1064317226409912,1.2055848836898804,,,
56,,25949,0.9266890287399292,0.9364200830459595,,,
56,,25999,0.9673718214035034,1.017259955406189,,,
56,,26049,1.1504411697387695,1.052983283996582,,,
56,,26099,0.9975173473358154,0.7902196645736694,,,
56,,26149,0.8684226870536804,1.2072166204452515,,,
56,,26199,0.998075008392334,0.7242388725280762,,,
56,0.5269801020622253,26219,,,0.6221965475057768,1.293430209159851,0.7862025499343872
57,,26249,0.8450343608856201,1.0382905006408691,,,
57,,26299,0.9555294513702393,0.9625439643859863,,,
57,,26349,0.9562538266181946,1.2018678188323975,,,
57,,26399,0.9633925557136536,0.8534336090087891,,,
57,,26449,1.148115634918213,1.364762306213379,,,
57,,26499,0.8357053399085999,0.8435609340667725,,,
57,,26549,1.043325424194336,1.1159342527389526,,,
57,,26599,1.2298154830932617,0.9598621129989624,,,
57,,26649,1.1300451755523682,0.9758602976799011,,,
57,0.5359541773796082,26679,,,0.3208508903085497,1.4464761018753052,0.6662333607673645
58,,26699,0.9954633712768555,1.0129374265670776,,,
58,,26749,1.1297036409378052,0.8182511329650879,,,
58,,26799,0.9651914238929749,1.1018846035003662,,,
58,,26849,0.8606997132301331,1.484581708908081,,,
58,,26899,1.1003215312957764,0.9260645508766174,,,
58,,26949,0.8391324877738953,0.9778487086296082,,,
58,,26999,0.8682680130004883,1.2030713558197021,,,
58,,27049,0.7434602975845337,1.3284718990325928,,,
58,,27099,0.9361704587936401,0.8151222467422485,,,
58,0.5430127382278442,27139,,,0.5778170449911649,1.4890621900558472,0.709212064743042
59,,27149,0.7539242506027222,1.2722890377044678,,,
59,,27199,1.2695478200912476,1.0241048336029053,,,
59,,27249,1.042182207107544,1.0509493350982666,,,
59,,27299,1.1303046941757202,0.7680962085723877,,,
59,,27349,0.9966354370117188,1.0934431552886963,,,
59,,27399,1.1338005065917969,0.774959921836853,,,
59,,27449,1.0652098655700684,0.9372233152389526,,,
59,,27499,0.9952863454818726,1.0317480564117432,,,
59,,27549,0.9331218004226685,0.9071782827377319,,,
59,,27599,0.9797836542129517,1.1757863759994507,,,
59,0.5329650640487671,27599,,,0.6007204023379095,1.3172433376312256,0.71958988904953
60,,27649,0.9133434295654297,0.941337525844574,,,
60,,27699,1.0946121215820312,1.0199673175811768,,,
60,,27749,0.9107503890991211,0.7868533134460449,,,
60,,27799,0.9162127375602722,0.7637122273445129,,,
60,,27849,1.090935468673706,1.0536320209503174,,,
60,,27899,0.7930709719657898,1.1199251413345337,,,
60,,27949,0.9919112920761108,1.1520774364471436,,,
60,,27999,1.0330119132995605,0.935197114944458,,,
60,,28049,1.0692379474639893,0.9716413021087646,,,
60,0.5339228510856628,28059,,,0.5446513524534456,1.3555786609649658,0.5794528126716614
61,,28099,1.0169763565063477,1.112452507019043,,,
61,,28149,0.9623726010322571,1.136749267578125,,,
61,,28199,1.0259672403335571,0.717848539352417,,,
61,,28249,1.1720008850097656,0.9620312452316284,,,
61,,28299,1.216518521308899,0.7096390724182129,,,
61,,28349,1.005218505859375,0.821753740310669,,,
61,,28399,0.865160346031189,1.1251742839813232,,,
61,,28449,0.7723249197006226,0.9589614868164062,,,
61,,28499,1.0993852615356445,1.041508436203003,,,
61,0.5309203267097473,28519,,,0.5230392823161615,1.3649073839187622,0.5732721090316772
62,,28549,1.1262404918670654,0.7686967849731445,,,
62,,28599,1.2651476860046387,0.7615087032318115,,,
62,,28649,1.0630912780761719,0.8556048274040222,,,
62,,28699,0.9269602298736572,0.9693532586097717,,,
62,,28749,0.9614912271499634,1.2298526763916016,,,
62,,28799,0.8952058553695679,1.3144227266311646,,,
62,,28849,1.320709228515625,1.0108914375305176,,,
62,,28899,0.7919882535934448,1.0224367380142212,,,
62,,28949,1.1046264171600342,0.9423191547393799,,,
62,0.5188146233558655,28979,,,0.5873317928503466,1.2683179378509521,0.6936444044113159
63,,28999,0.9895360469818115,1.112398386001587,,,
63,,29049,0.9393647909164429,0.9835191965103149,,,
63,,29099,0.98851078748703,0.8019169569015503,,,
63,,29149,0.799488365650177,0.9041102528572083,,,
63,,29199,0.9110691547393799,1.6563750505447388,,,
63,,29249,0.7872385382652283,0.8023275136947632,,,
63,,29299,0.8705288767814636,0.8827757835388184,,,
63,,29349,1.0197327136993408,0.8124479055404663,,,
63,,29399,0.9022210240364075,0.8553434610366821,,,
63,0.5373061895370483,29439,,,0.5276607312763355,1.3400949239730835,0.5803343653678894
64,,29449,1.0743427276611328,0.903482973575592,,,
64,,29499,0.8528215289115906,1.0828204154968262,,,
64,,29549,1.0167248249053955,0.9750782251358032,,,
64,,29599,0.9903108477592468,0.9075798988342285,,,
64,,29649,0.9996693134307861,0.7957627773284912,,,
64,,29699,0.7042112350463867,1.224589228630066,,,
64,,29749,1.1542956829071045,0.9349655508995056,,,
64,,29799,0.867668628692627,0.9419118165969849,,,
64,,29849,0.879959225654602,1.1194722652435303,,,
64,,29899,0.9330775737762451,0.9965630173683167,,,
64,0.5343237519264221,29899,,,0.4780481174391736,1.3811591863632202,0.7323801517486572
65,,29949,1.0080468654632568,0.8031028509140015,,,
65,,29999,1.0965466499328613,0.9662859439849854,,,
65,,30049,0.801154375076294,1.2544114589691162,,,
65,,30099,0.859492301940918,0.8391047716140747,,,
65,,30149,1.0114258527755737,0.9978931546211243,,,
65,,30199,0.8126517534255981,1.2025400400161743,,,
65,,30249,1.2017029523849487,0.8760510683059692,,,
65,,30299,1.0660176277160645,0.8220597505569458,,,
65,,30349,0.7444082498550415,0.9172860383987427,,,
65,0.5287263989448547,30359,,,0.6635177382085089,1.283272624015808,0.8052708506584167
66,,30399,0.8663908243179321,1.010603666305542,,,
66,,30449,0.9986379742622375,0.9109160304069519,,,
66,,30499,0.9285469055175781,1.0618925094604492,,,
66,,30549,1.0760619640350342,1.224959135055542,,,
66,,30599,0.9154254198074341,0.6202151775360107,,,
66,,30649,0.9056538343429565,1.134073257446289,,,
66,,30699,1.1592133045196533,0.7718418836593628,,,
66,,30749,1.1479154825210571,1.0570533275604248,,,
66,,30799,0.755005419254303,0.9238799810409546,,,
66,0.5212669372558594,30819,,,0.6011281772461601,1.3081696033477783,0.722048819065094
67,,30849,1.1337993144989014,0.7719190120697021,,,
67,,30899,0.8481690287590027,1.396531105041504,,,
67,,30949,0.7894623279571533,1.3200232982635498,,,
67,,30999,1.0247471332550049,0.8493847846984863,,,
67,,31049,1.0014357566833496,1.047133445739746,,,
67,,31099,0.9188549518585205,0.9627817273139954,,,
67,,31149,0.9068334102630615,0.8741813898086548,,,
67,,31199,1.0754426717758179,0.8154548406600952,,,
67,,31249,0.7153201103210449,1.0285356044769287,,,
67,0.5265658497810364,31279,,,0.6031670517874134,1.2728676795959473,0.7583918571472168
68,,31299,0.9545981884002686,1.204256534576416,,,
68,,31349,1.0793023109436035,0.941062331199646,,,
68,,31399,1.0658543109893799,1.0274136066436768,,,
68,,31449,0.7168680429458618,1.0309443473815918,,,
68,,31499,1.0479249954223633,0.7837724685668945,,,
68,,31549,0.9466614127159119,0.877960205078125,,,
68,,31599,0.8449616432189941,1.757312297821045,,,
68,,31649,1.2049198150634766,0.8691012263298035,,,
68,,31699,1.017225742340088,0.743087887763977,,,
68,0.5234475135803223,31739,,,0.5343210547777627,1.3308969736099243,0.6289066076278687
69,,31749,0.902417778968811,1.0612584352493286,,,
69,,31799,0.6249030828475952,1.303012728691101,,,
69,,31849,0.9114707708358765,1.0094709396362305,,,
69,,31899,0.9251952171325684,0.8565095663070679,,,
69,,31949,1.5385910272598267,0.9464195966720581,,,
69,,31999,1.1240854263305664,0.845923900604248,,,
69,,32049,1.0625861883163452,0.9116662740707397,,,
69,,32099,0.7516500949859619,1.042344570159912,,,
69,,32149,1.4489279985427856,0.7806968688964844,,,
69,,32199,0.9460150003433228,0.7816718816757202,,,
69,0.5341812372207642,32199,,,0.47933940464863395,1.401397943496704,0.5721185207366943
70,,32249,1.1238764524459839,1.00520658493042,,,
70,,32299,0.965927243232727,0.8999478816986084,,,
70,,32349,0.9363133907318115,1.109498143196106,,,
70,,32399,0.9667772650718689,0.9630308747291565,,,
70,,32449,1.2763512134552002,0.8312439918518066,,,
70,,32499,1.0198371410369873,0.8186543583869934,,,
70,,32549,1.2232334613800049,0.9786011576652527,,,
70,,32599,0.7003507614135742,0.9613337516784668,,,
70,,32649,1.0802044868469238,0.8452830910682678,,,
70,0.5449149012565613,32659,,,0.46370803316569253,1.3913325071334839,0.6585493683815002
71,,32699,0.6547073721885681,1.2942434549331665,,,
71,,32749,0.8929663896560669,1.4252219200134277,,,
71,,32799,0.8755227327346802,0.9148492217063904,,,
71,,32849,0.9607312679290771,0.9351837635040283,,,
71,,32899,1.042296051979065,1.0018651485443115,,,
71,,32949,1.1766561269760132,0.8445694446563721,,,
71,,32999,0.9043087959289551,1.163116455078125,,,
71,,33049,0.9676437973976135,1.1982944011688232,,,
71,,33099,0.8014798164367676,1.2750394344329834,,,
71,0.5362058877944946,33119,,,0.6086040505640886,1.3124858140945435,0.7270619869232178
72,,33149,1.0227903127670288,1.179248571395874,,,
72,,33199,1.2456014156341553,1.1935632228851318,,,
72,,33249,0.9064059257507324,1.088747501373291,,,
72,,33299,0.7493125796318054,1.1825981140136719,,,
72,,33349,0.7610455751419067,1.3490228652954102,,,
72,,33399,0.7030082941055298,0.7977796792984009,,,
72,,33449,0.847172200679779,1.0923676490783691,,,
72,,33499,1.338117003440857,0.8888627886772156,,,
72,,33549,1.2631163597106934,0.9207724332809448,,,
72,0.5371703505516052,33579,,,0.49741742558107926,1.3771125078201294,0.5729736089706421
73,,33599,1.2493929862976074,0.8568406105041504,,,
73,,33649,0.8965089321136475,0.9893884062767029,,,
73,,33699,1.129202961921692,1.0663650035858154,,,
73,,33749,0.753562867641449,1.021115779876709,,,
73,,33799,1.0182158946990967,0.7942976355552673,,,
73,,33849,0.9373897910118103,0.8798492550849915,,,
73,,33899,0.890876293182373,1.0280605554580688,,,
73,,33949,1.1210546493530273,1.1540844440460205,,,
73,,33999,1.0119590759277344,0.8216915130615234,,,
73,0.5309203267097473,34039,,,0.5417289656109827,1.3907537460327148,0.6619231700897217
74,,34049,1.003737449645996,0.8466371297836304,,,
74,,34099,1.0463389158248901,0.9011045098304749,,,
74,,34149,0.9781522750854492,1.0541296005249023,,,
74,,34199,1.0338354110717773,0.6922174096107483,,,
74,,34249,1.2847176790237427,1.3115829229354858,,,
74,,34299,0.8150860667228699,1.0035679340362549,,,
74,,34349,0.8767737150192261,1.0476281642913818,,,
74,,34399,0.9857935905456543,1.0095434188842773,,,
74,,34449,1.0267432928085327,0.9661231637001038,,,
74,,34499,1.0237107276916504,0.9230400323867798,,,
74,0.5196431875228882,34499,,,0.3941824113089575,1.516318917274475,0.5235162377357483
75,,34549,1.1598018407821655,0.9078519344329834,,,
75,,34599,1.2351614236831665,1.1425937414169312,,,
75,,34649,1.0048551559448242,1.2666500806808472,,,
75,,34699,1.3744356632232666,0.7117272615432739,,,
75,,34749,0.8670691251754761,0.8267871141433716,,,
75,,34799,1.0758830308914185,0.8096402883529663,,,
75,,34849,0.8503081798553467,1.0710275173187256,,,
75,,34899,0.9339876174926758,0.8489258289337158,,,
75,,34949,1.21058189868927,0.8041231036186218,,,
75,0.5229040384292603,34959,,,0.5354084545330977,1.3251699209213257,0.7096953988075256
76,,34999,1.1817299127578735,1.0660796165466309,,,
76,,35049,0.9825519323348999,1.208473563194275,,,
76,,35099,0.7938704490661621,1.0960853099822998,,,
76,,35149,0.7178899645805359,1.0981613397598267,,,
76,,35199,1.478816032409668,1.1225385665893555,,,
76,,35249,0.7950634956359863,1.3763729333877563,,,
76,,35299,0.9544848799705505,1.0192357301712036,,,
76,,35349,0.9640092253684998,1.0011955499649048,,,
76,,35399,0.70313560962677,1.3035751581192017,,,
76,0.5301117897033691,35419,,,0.5882832676362648,1.2742218971252441,0.7793928980827332
77,,35449,0.8131546974182129,1.122839093208313,,,
77,,35499,0.96661376953125,0.6828925609588623,,,
77,,35549,1.1047567129135132,0.8047949075698853,,,
77,,35599,1.1793758869171143,0.9943621158599854,,,
77,,35649,0.8394546508789062,0.9723105430603027,,,
77,,35699,1.1552817821502686,0.7952865362167358,,,
77,,35749,0.8995162844657898,0.8990342020988464,,,
77,,35799,0.9225464463233948,1.1053450107574463,,,
77,,35849,0.9978370666503906,0.7239999175071716,,,
77,0.533515214920044,35879,,,0.5901862172081012,1.3309049606323242,0.6600307822227478
78,,35899,1.023789644241333,0.911772608757019,,,
78,,35949,0.8023520708084106,1.289331316947937,,,
78,,35999,0.9416724443435669,1.0575498342514038,,,
78,,36049,0.919474720954895,0.9495242238044739,,,
78,,36099,0.8170897960662842,1.2364000082015991,,,
78,,36149,0.7847016453742981,1.2795703411102295,,,
78,,36199,1.2058556079864502,0.8047963380813599,,,
78,,36249,0.8635511994361877,0.7358796000480652,,,
78,,36299,1.0018305778503418,1.0623457431793213,,,
78,0.5284813642501831,36339,,,0.5029223868424629,1.3948047161102295,0.510160505771637
79,,36349,1.1090195178985596,0.8342131972312927,,,
79,,36399,1.0372731685638428,0.8154786229133606,,,
79,,36449,0.913845956325531,0.9484634399414062,,,
79,,36499,0.7363969087600708,1.3408749103546143,,,
79,,36549,0.9023493528366089,0.8360711932182312,,,
79,,36599,1.3050124645233154,0.8665465116500854,,,
79,,36649,0.8841711282730103,0.8136453628540039,,,
79,,36699,1.2412075996398926,1.1763122081756592,,,
79,,36749,1.0938687324523926,0.916988730430603,,,
79,,36799,0.8652732372283936,1.2169121503829956,,,
79,0.5310762524604797,36799,,,0.5031262742965883,1.3457695245742798,0.6641046404838562
80,,36849,0.953898549079895,1.1499364376068115,,,
80,,36899,0.87583988904953,0.9627633094787598,,,
80,,36949,0.7020038366317749,0.8235185742378235,,,
80,,36999,0.9992579221725464,1.1334812641143799,,,
80,,37049,1.102036714553833,0.7502405643463135,,,
80,,37099,0.7507598400115967,1.0889791250228882,,,
80,,37149,1.1293556690216064,0.742408037185669,,,
80,,37199,0.7125348448753357,1.107244849205017,,,
80,,37249,1.0359001159667969,1.0122339725494385,,,
80,0.5198948979377747,37259,,,0.46540709528340357,1.4198216199874878,0.5979345440864563
81,,37299,0.8851981163024902,0.9727150201797485,,,
81,,37349,0.8387342691421509,1.357094407081604,,,
81,,37399,0.8352342844009399,1.1296682357788086,,,
81,,37449,1.0321569442749023,0.819719135761261,,,
81,,37499,1.3581087589263916,0.9750738143920898,,,
81,,37549,1.0357787609100342,1.0023996829986572,,,
81,,37599,0.6991739273071289,1.1558908224105835,,,
81,,37649,0.9187886714935303,0.8389638662338257,,,
81,,37699,0.8308435678482056,1.0474629402160645,,,
81,0.5210085511207581,37719,,,0.5303792306646731,1.3595879077911377,0.5463899374008179
82,,37749,0.9452961683273315,0.8760602474212646,,,
82,,37799,0.9791793823242188,1.4101073741912842,,,
82,,37849,1.3758857250213623,0.8162787556648254,,,
82,,37899,0.842758297920227,0.9439992308616638,,,
82,,37949,0.9130057096481323,1.541311264038086,,,
82,,37999,1.1045935153961182,0.7495761513710022,,,
82,,38049,1.0111610889434814,1.0639511346817017,,,
82,,38099,0.9209901690483093,1.2167725563049316,,,
82,,38149,1.0467019081115723,1.0425732135772705,,,
82,0.5321565270423889,38179,,,0.5405056408862308,1.2577341794967651,0.7696345448493958
83,,38199,0.7446189522743225,1.274415135383606,,,
83,,38249,0.9571056365966797,0.8812816143035889,,,
83,,38299,1.018002986907959,1.0169215202331543,,,
83,,38349,0.9597208499908447,0.9007545113563538,,,
83,,38399,0.744858980178833,1.3449970483779907,,,
83,,38449,1.050249457359314,0.7413046956062317,,,
83,,38499,0.8017078638076782,1.2555487155914307,,,
83,,38549,0.9471774101257324,1.1770031452178955,,,
83,,38599,0.8898112773895264,1.0758951902389526,,,
83,0.5279312133789062,38639,,,0.5001359249694168,1.3664159774780273,0.6928786039352417
84,,38649,0.8721060156822205,1.5057528018951416,,,
84,,38699,1.0097492933273315,0.7843274474143982,,,
84,,38749,0.8910562992095947,0.6717673540115356,,,
84,,38799,1.2066364288330078,0.8390374779701233,,,
84,,38849,1.0409328937530518,1.0311980247497559,,,
84,,38899,0.9717152118682861,1.3386083841323853,,,
84,,38949,0.7903895378112793,0.9813401699066162,,,
84,,38999,0.9339327812194824,1.2727067470550537,,,
84,,39049,0.9728394150733948,0.9700921773910522,,,
84,,39099,0.7428463101387024,0.9071729779243469,,,
84,0.5470888018608093,39099,,,0.5350006796248471,1.321264386177063,0.6667721271514893
85,,39149,1.0466737747192383,1.0046312808990479,,,
85,,39199,0.8694109916687012,0.9890342950820923,,,
85,,39249,0.8421961069107056,0.906304121017456,,,
85,,39299,0.7240544557571411,1.0157663822174072,,,
85,,39349,0.9857085347175598,0.9683165550231934,,,
85,,39399,0.7748986482620239,1.2543065547943115,,,
85,,39449,0.8145406246185303,1.1129112243652344,,,
85,,39499,0.9452321529388428,1.0265812873840332,,,
85,,39549,0.7069662809371948,1.3301632404327393,,,
85,0.5382506251335144,39559,,,0.6121380997689275,1.2991306781768799,0.6370189785957336
86,,39599,1.174721360206604,1.1721445322036743,,,
86,,39649,1.149268627166748,0.9363477230072021,,,
86,,39699,1.026599407196045,1.0422297716140747,,,
86,,39749,0.9901320338249207,1.094916582107544,,,
86,,39799,0.9163868427276611,0.9953593015670776,,,
86,,39849,1.197004795074463,1.2551934719085693,,,
86,,39899,0.875859260559082,1.0119693279266357,,,
86,,39949,1.0240554809570312,0.8292270302772522,,,
86,,39999,1.2387398481369019,0.7269691228866577,,,
86,0.5237058997154236,40019,,,0.4626206334103575,1.3571701049804688,0.6682296395301819
87,,40049,0.7828763723373413,1.3816845417022705,,,
87,,40099,0.9691576361656189,1.0518715381622314,,,
87,,40149,0.7360942363739014,1.1340302228927612,,,
87,,40199,0.8042414784431458,1.2679531574249268,,,
87,,40249,0.9043619632720947,0.9488834142684937,,,
87,,40299,0.9800926446914673,1.019984245300293,,,
87,,40349,0.9949132204055786,1.021099328994751,,,
87,,40399,1.0699042081832886,0.8380564451217651,,,
87,,40449,0.8497344255447388,0.7389125227928162,,,
87,0.5348538756370544,40479,,,0.603099089302705,1.293511152267456,0.7319760322570801
88,,40499,0.7504239082336426,1.1992007493972778,,,
88,,40549,0.9941819310188293,0.7670812606811523,,,
88,,40599,0.9096994996070862,0.949117124080658,,,
88,,40649,0.6873321533203125,0.9023246765136719,,,
88,,40699,0.8630859851837158,1.257784366607666,,,
88,,40749,1.0139670372009277,1.0195258855819702,,,
88,,40799,1.2331321239471436,1.21277916431427,,,
88,,40849,0.7992261052131653,1.6818934679031372,,,
88,,40899,0.8734492063522339,0.9572620987892151,,,
88,0.5245344638824463,40939,,,0.403969009106973,1.4372193813323975,0.6572577357292175
89,,40949,0.8481242656707764,1.0958386659622192,,,
89,,40999,0.8260316848754883,1.0735549926757812,,,
89,,41049,1.0582075119018555,1.1808748245239258,,,
89,,41099,0.6809818744659424,1.2100212574005127,,,
89,,41149,0.9292961359024048,0.9083402156829834,,,
89,,41199,1.3040053844451904,0.9575029611587524,,,
89,,41249,0.9037830829620361,1.080613613128662,,,
89,,41299,0.8493839502334595,1.1704583168029785,,,
89,,41349,0.9761776924133301,0.9169485569000244,,,
89,,41399,0.8785600662231445,1.1211296319961548,,,
89,0.5171975493431091,41399,,,0.5561370123691722,1.3254331350326538,0.6509387493133545
90,,41449,0.858043372631073,0.9928152561187744,,,
90,,41499,0.890796959400177,0.7569275498390198,,,
90,,41549,0.937934398651123,0.972557544708252,,,
90,,41599,0.8255568742752075,0.9430214166641235,,,
90,,41649,1.0804529190063477,1.210038185119629,,,
90,,41699,0.7583264112472534,1.7349536418914795,,,
90,,41749,0.9191386699676514,1.3472790718078613,,,
90,,41799,0.912509024143219,0.93767911195755,,,
90,,41849,0.8769700527191162,0.836532711982727,,,
90,0.5271360278129578,41859,,,0.6011961397308686,1.2614268064498901,0.677344560623169
91,,41899,0.9111561179161072,0.7908706665039062,,,
91,,41949,1.0578265190124512,0.8073513507843018,,,
91,,41999,1.0584372282028198,0.9983828663825989,,,
91,,42049,0.970110297203064,0.8465170860290527,,,
91,,42099,0.8836153745651245,0.9550159573554993,,,
91,,42149,0.9989895224571228,1.055204153060913,,,
91,,42199,0.9269825220108032,0.8536470532417297,,,
91,,42249,1.1281765699386597,1.0299134254455566,,,
91,,42299,0.9488949179649353,1.079424262046814,,,
91,0.5239976644515991,42319,,,0.6679352997145576,1.2192792892456055,0.7494640946388245
92,,42349,0.8603182435035706,1.0821616649627686,,,
92,,42399,1.0506808757781982,1.0753755569458008,,,
92,,42449,0.6328948736190796,1.4904197454452515,,,
92,,42499,0.8706096410751343,0.9835283756256104,,,
92,,42549,0.7735207676887512,0.8931750655174255,,,
92,,42599,0.656259298324585,0.8484849333763123,,,
92,,42649,0.7808735370635986,0.9879977703094482,,,
92,,42699,0.9807146787643433,0.9050562977790833,,,
92,,42749,0.6675139665603638,0.9687298536300659,,,
92,0.5173267126083374,42779,,,0.48932988990077475,1.471706509590149,0.46162235736846924
93,,42799,0.8562802076339722,0.8535597324371338,,,
93,,42849,0.912417471408844,1.2326886653900146,,,
93,,42899,0.7826310396194458,1.0024847984313965,,,
93,,42949,0.7795265913009644,1.1038988828659058,,,
93,,42999,1.2765578031539917,0.881920337677002,,,
93,,43049,1.1775474548339844,1.0318360328674316,,,
93,,43099,0.9700324535369873,0.9361149072647095,,,
93,,43149,0.877717912197113,0.8692591190338135,,,
93,,43199,0.6446437835693359,0.9920780658721924,,,
93,0.5311987996101379,43239,,,0.5515155634089982,1.3250467777252197,0.555279016494751
94,,43249,0.744642436504364,1.3040388822555542,,,
94,,43299,1.3633980751037598,0.8066842555999756,,,
94,,43349,1.241919755935669,0.7791407108306885,,,
94,,43399,0.9873656034469604,0.7651190757751465,,,
94,,43449,0.8221235275268555,1.1166709661483765,,,
94,,43499,0.8464170098304749,1.2258296012878418,,,
94,,43549,0.9674733877182007,0.9190769195556641,,,
94,,43599,1.3453693389892578,0.9907567501068115,,,
94,,43649,0.7365951538085938,1.389983892440796,,,
94,,43699,0.9109221696853638,1.2788339853286743,,,
94,0.5214228630065918,43699,,,0.5985456028272393,1.232388973236084,0.7626078128814697
95,,43749,0.8376792073249817,0.7836548686027527,,,
95,,43799,0.8724488019943237,0.9583137631416321,,,
95,,43849,1.14564049243927,0.9477536678314209,,,
95,,43899,0.8528028726577759,1.03626549243927,,,
95,,43949,0.8370261192321777,1.1155450344085693,,,
95,,43999,1.1343859434127808,1.3693032264709473,,,
95,,44049,0.7464156150817871,0.8557513952255249,,,
95,,44099,1.0140036344528198,1.0939241647720337,,,
95,,44149,0.9386265277862549,0.7964850664138794,,,
95,0.5177343487739563,44159,,,0.4800869919804268,1.3829561471939087,0.6063300371170044
96,,44199,0.8218737840652466,0.9035305380821228,,,
96,,44249,0.698564350605011,0.8552996516227722,,,
96,,44299,0.8207799196243286,0.885614275932312,,,
96,,44349,0.6873559951782227,1.1623458862304688,,,
96,,44399,0.5986208915710449,1.3608648777008057,,,
96,,44449,0.5781031847000122,1.3638705015182495,,,
96,,44499,0.6240643858909607,1.3560662269592285,,,
96,,44549,0.9763188362121582,0.7613787651062012,,,
96,,44599,1.0878528356552124,1.498274564743042,,,
96,0.5181419253349304,44619,,,0.4762810928367541,1.4094146490097046,0.5047605037689209
97,,44649,1.3169461488723755,0.732795238494873,,,
97,,44699,1.0747002363204956,0.8820463418960571,,,
97,,44749,0.7578122615814209,1.0677447319030762,,,
97,,44799,1.5494160652160645,0.7471233606338501,,,
97,,44849,0.7460158467292786,1.1972029209136963,,,
97,,44899,1.0975861549377441,0.784623920917511,,,
97,,44949,1.1103894710540771,0.9460229277610779,,,
97,,44999,1.0459799766540527,0.7570440769195557,,,
97,,45049,0.6717047691345215,1.1986433267593384,,,
97,0.5332501530647278,45079,,,0.6130895745548457,1.313161015510559,0.6416669487953186
98,,45099,0.6624720096588135,0.9165889620780945,,,
98,,45149,1.0495781898498535,1.0809491872787476,,,
98,,45199,0.6682279109954834,1.1853101253509521,,,
98,,45249,0.5905288457870483,0.9057769179344177,,,
98,,45299,0.6474134922027588,1.464288353919983,,,
98,,45349,0.8812689781188965,1.236167311668396,,,
98,,45399,0.8282756805419922,0.7416396141052246,,,
98,,45449,1.2068098783493042,0.9421243667602539,,,
98,,45499,0.7730919122695923,1.3203394412994385,,,
98,0.519921600818634,45539,,,0.5731276335462825,1.30520761013031,0.6100394129753113
99,,45549,0.6925511360168457,1.1553807258605957,,,
99,,45599,0.9403985142707825,1.284529685974121,,,
99,,45649,0.8882161378860474,0.8412679433822632,,,
99,,45699,0.8375400304794312,1.158771276473999,,,
99,,45749,0.8227592706680298,1.1727628707885742,,,
99,,45799,0.997362494468689,1.1768347024917603,,,
99,,45849,0.9208090305328369,0.9391656517982483,,,
99,,45899,0.8984785079956055,0.9291695356369019,,,
99,,45949,0.6496316194534302,1.402815580368042,,,
99,,45999,0.6866735219955444,1.305721402168274,,,
99,0.5249354243278503,45999,,,0.5778170449911649,1.3105218410491943,0.7480950355529785
100,,46049,0.7565698027610779,1.1472469568252563,,,
100,,46099,0.7042032480239868,1.1832683086395264,,,
100,,46149,1.181315541267395,1.5132325887680054,,,
100,,46199,0.8147012591362,1.117387294769287,,,
100,,46249,1.0472865104675293,0.8499753475189209,,,
100,,46299,0.7290105819702148,0.8931231498718262,,,
100,,46349,1.6087243556976318,1.2022809982299805,,,
100,,46399,0.6946408748626709,1.0641834735870361,,,
100,,46449,0.8574724197387695,0.9650342464447021,,,
100,0.540030300617218,46459,,,0.6417697431018078,1.3030526638031006,0.7591225504875183
101,,46499,0.6969296932220459,1.102508306503296,,,
101,,46549,0.582628607749939,1.1641016006469727,,,
101,,46599,0.8452829122543335,0.9065680503845215,,,
101,,46649,0.9370406866073608,0.8664699792861938,,,
101,,46699,0.8904424905776978,1.0756418704986572,,,
101,,46749,0.7935363054275513,1.1559526920318604,,,
101,,46799,1.0707943439483643,1.0665899515151978,,,
101,,46849,1.0164159536361694,0.7574223875999451,,,
101,,46899,0.9773086309432983,1.0878887176513672,,,
101,0.5344462990760803,46919,,,0.5197770830501564,1.3214056491851807,0.6837813258171082
102,,46949,0.725301206111908,1.3310494422912598,,,
102,,46999,0.8924274444580078,0.8241784572601318,,,
102,,47049,0.8608368635177612,1.1091073751449585,,,
102,,47099,1.2557859420776367,0.6021121740341187,,,
102,,47149,0.787781834602356,1.1115801334381104,,,
102,,47199,1.3232976198196411,0.7074739336967468,,,
102,,47249,0.9422261714935303,0.8573848009109497,,,
102,,47299,1.1225574016571045,1.0342068672180176,,,
102,,47349,1.521262288093567,0.909470796585083,,,
102,0.5358116626739502,47379,,,0.551787413347832,1.3429067134857178,0.6164376735687256
103,,47399,0.9302882552146912,0.8419704437255859,,,
103,,47449,1.0328099727630615,0.9204429984092712,,,
103,,47499,0.7487413883209229,0.9651640057563782,,,
103,,47549,1.0754519701004028,0.736402153968811,,,
103,,47599,1.1434556245803833,1.0389553308486938,,,
103,,47649,1.1043074131011963,1.085038185119629,,,
103,,47699,0.7312700748443604,0.965589165687561,,,
103,,47749,1.1926300525665283,0.797157347202301,,,
103,,47799,0.8947983980178833,1.0041110515594482,,,
103,0.5343237519264221,47839,,,0.5603506864210955,1.3338710069656372,0.6732395887374878
104,,47849,0.8537416458129883,1.2843862771987915,,,
104,,47899,0.9161827564239502,1.1657466888427734,,,
104,,47949,0.8134253621101379,0.846095085144043,,,
104,,47999,0.7476340532302856,1.1367169618606567,,,
104,,48049,0.9543071389198303,0.9143053293228149,,,
104,,48099,0.7725304365158081,0.9950437545776367,,,
104,,48149,1.0513584613800049,0.9988749027252197,,,
104,,48199,0.9041514992713928,1.276111125946045,,,
104,,48249,0.9031525254249573,1.1041725873947144,,,
104,,48299,0.9121384620666504,0.9374738335609436,,,
104,0.5294458270072937,48299,,,0.44060078836482264,1.4123852252960205,0.5948498249053955
105,,48349,0.656419575214386,1.3717124462127686,,,
105,,48399,1.3409578800201416,0.7318322658538818,,,
105,,48449,0.6486222743988037,0.9865565299987793,,,
105,,48499,1.0903223752975464,0.985985279083252,,,
105,,48549,0.9603711366653442,1.21321702003479,,,
105,,48599,0.8696250915527344,0.8472638130187988,,,
105,,48649,0.9536690711975098,0.7867450714111328,,,
105,,48699,0.6800044178962708,1.1157842874526978,,,
105,,48749,0.865166425704956,1.186997413635254,,,
105,0.530791163444519,48759,,,0.5467581894794074,1.3506503105163574,0.6905301213264465
106,,48799,0.6586804389953613,1.470123291015625,,,
106,,48849,0.6428319811820984,1.1050844192504883,,,
106,,48899,1.232616901397705,1.0218205451965332,,,
106,,48949,0.6480281949043274,1.3219130039215088,,,
106,,48999,0.5754743218421936,0.8346772193908691,,,
106,,49049,1.0571852922439575,0.7979332208633423,,,
106,,49099,0.8053306341171265,1.0541692972183228,,,
106,,49149,0.7585657238960266,0.9581500291824341,,,
106,,49199,0.8170875906944275,1.2130123376846313,,,
106,0.5292965769767761,49219,,,0.5042816365366318,1.3355634212493896,0.6730119585990906
107,,49249,0.9394802451133728,0.6870574951171875,,,
107,,49299,0.8439576029777527,0.6659674048423767,,,
107,,49349,0.6320454478263855,1.0314509868621826,,,
107,,49399,0.7477611303329468,0.9817046523094177,,,
107,,49449,0.939164400100708,0.7810784578323364,,,
107,,49499,0.6985811591148376,1.541405200958252,,,
107,,49549,0.6535379886627197,1.5445871353149414,,,
107,,49599,0.8279225826263428,0.9046527147293091,,,
107,,49649,0.9111553430557251,1.1540122032165527,,,
107,0.5364977121353149,49679,,,0.5746907706945766,1.4231822490692139,0.8462656736373901
108,,49699,0.7145382165908813,1.6607933044433594,,,
108,,49749,0.8595631122589111,0.8778306245803833,,,
108,,49799,0.6418132781982422,1.2708860635757446,,,
108,,49849,0.9524984955787659,1.011171817779541,,,
108,,49899,0.9258057475090027,1.0383763313293457,,,
108,,49949,0.8833563923835754,1.091057300567627,,,
108,,49999,0.5989295244216919,1.597832441329956,,,
108,,50049,0.8967856168746948,1.1602387428283691,,,
108,,50099,0.7858808040618896,1.0414607524871826,,,
108,0.5418099761009216,50139,,,0.6471387793937746,1.2842655181884766,0.6829515099525452
109,,50149,0.9297615885734558,0.9510971307754517,,,
109,,50199,1.347731113433838,0.836719810962677,,,
109,,50249,1.1832451820373535,0.8700000047683716,,,
109,,50299,0.7719135284423828,0.9354991316795349,,,
109,,50349,1.1362881660461426,1.2560057640075684,,,
109,,50399,1.064270257949829,1.0453976392745972,,,
109,,50449,0.9118683934211731,0.7854685187339783,,,
109,,50499,0.6148415207862854,0.9959601759910583,,,
109,,50549,0.6632925868034363,1.520222544670105,,,
109,,50599,1.2299553155899048,0.7801283001899719,,,
109,0.5284947156906128,50599,,,0.5031262742965883,1.3766067028045654,0.5443882942199707
110,,50649,0.5864690542221069,1.010524034500122,,,
110,,50699,0.8579589128494263,0.8860867619514465,,,
110,,50749,0.8938149213790894,1.2097787857055664,,,
110,,50799,0.8098205924034119,0.9470775127410889,,,
110,,50849,0.8257762789726257,1.1727066040039062,,,
110,,50899,0.7700512409210205,1.1031185388565063,,,
110,,50949,0.6883467435836792,1.2145743370056152,,,
110,,50999,0.7657960653305054,1.1005548238754272,,,
110,,51049,1.037140965461731,0.9689687490463257,,,
110,0.5445006489753723,51059,,,0.536835666711975,1.285642385482788,0.6982281804084778
111,,51099,1.1202499866485596,1.0804457664489746,,,
111,,51149,0.915589451789856,0.9848096966743469,,,
111,,51199,0.7905831336975098,1.1417137384414673,,,
111,,51249,0.7448827028274536,1.2549039125442505,,,
111,,51299,1.0362303256988525,1.0592982769012451,,,
111,,51349,0.949267566204071,0.8301563858985901,,,
111,,51399,0.9876997470855713,1.1591274738311768,,,
111,,51449,0.765540361404419,1.4346091747283936,,,
111,,51499,0.8647382259368896,0.8154662847518921,,,
111,0.5330942869186401,51519,,,0.5031262742965883,1.441169023513794,0.542119026184082
112,,51549,0.7561057806015015,1.1222877502441406,,,
112,,51599,0.5938221216201782,1.5412044525146484,,,
112,,51649,0.6450308561325073,1.3200156688690186,,,
112,,51699,0.8255702257156372,0.8855855464935303,,,
112,,51749,0.8235806822776794,1.1272470951080322,,,
112,,51799,0.955205500125885,0.9264394640922546,,,
112,,51849,0.8837246894836426,1.0794403553009033,,,
112,,51899,1.2715131044387817,1.0947283506393433,,,
112,,51949,0.5900956392288208,0.9568583965301514,,,
112,0.5254788994789124,51979,,,0.5059806986543428,1.3722666501998901,0.5565247535705566
113,,51999,0.7365403175354004,1.1669344902038574,,,
113,,52049,0.8105900883674622,0.9004467725753784,,,
113,,52099,0.7949403524398804,1.4077855348587036,,,
113,,52149,0.8085351586341858,0.9284132719039917,,,
113,,52199,0.8931440114974976,0.9705394506454468,,,
113,,52249,0.9979448318481445,1.238564372062683,,,
113,,52299,0.5848631858825684,1.484687089920044,,,
113,,52349,0.8791332244873047,0.8064234256744385,,,
113,,52399,0.8055808544158936,0.806522786617279,,,
113,0.5406962633132935,52439,,,0.5303792306646731,1.3996281623840332,0.5513944625854492
114,,52449,0.9691742658615112,0.7627113461494446,,,
114,,52499,1.0661489963531494,1.0425291061401367,,,
114,,52549,1.1916224956512451,1.4826867580413818,,,
114,,52599,0.7930205464363098,1.2413663864135742,,,
114,,52649,0.9513787627220154,0.9128223657608032,,,
114,,52699,1.0371571779251099,0.8635721206665039,,,
114,,52749,0.7839361429214478,1.129671335220337,,,
114,,52799,1.0802448987960815,0.8998326659202576,,,
114,,52849,0.9986511468887329,1.543792724609375,,,
114,,52899,0.6731982231140137,1.29087233543396,,,
114,0.5222247242927551,52899,,,0.5787005572923746,1.2734586000442505,0.6576382517814636
115,,52949,1.1584596633911133,0.8858243823051453,,,
115,,52999,1.0311763286590576,0.9352022409439087,,,
115,,53049,0.8145202398300171,1.1651577949523926,,,
115,,53099,0.9106813073158264,1.1911324262619019,,,
115,,53149,1.1699810028076172,0.8589910864830017,,,
115,,53199,0.8774840831756592,1.0807667970657349,,,
115,,53249,0.713078498840332,1.410727620124817,,,
115,,53299,0.8972243666648865,0.9115793704986572,,,
115,,53349,0.6620091199874878,1.1158297061920166,,,
115,0.5181486010551453,53359,,,0.4516786733722985,1.4493792057037354,0.5054912567138672
116,,53399,1.1519732475280762,0.819460391998291,,,
116,,53449,1.2093044519424438,0.9513550996780396,,,
116,,53499,1.211459994316101,0.9082284569740295,,,
116,,53549,1.4417359828948975,0.8108847141265869,,,
116,,53599,0.9479478597640991,0.6905391216278076,,,
116,,53649,1.2205803394317627,1.154249668121338,,,
116,,53699,1.066349983215332,1.0266592502593994,,,
116,,53749,1.0506232976913452,0.9847090244293213,,,
116,,53799,1.1763293743133545,0.8395251035690308,,,
116,0.5317221879959106,53819,,,0.49870871279053963,1.4127141237258911,0.4666175842285156
117,,53849,0.7598937749862671,1.4060227870941162,,,
117,,53899,0.6987094283103943,0.9783729314804077,,,
117,,53949,0.7997095584869385,0.9419585466384888,,,
117,,53999,1.2899285554885864,0.9000489115715027,,,
117,,54049,0.9991390705108643,0.9119546413421631,,,
117,,54099,0.9374433159828186,0.9132246971130371,,,
117,,54149,0.638752818107605,1.248335838317871,,,
117,,54199,1.1163489818572998,1.0416699647903442,,,
117,,54249,0.7514175772666931,1.4477436542510986,,,
117,0.5309270024299622,54279,,,0.504621448960174,1.4530458450317383,0.46889472007751465
118,,54299,0.8350725173950195,0.9000254273414612,,,
118,,54349,0.8064637184143066,0.9077933430671692,,,
118,,54399,0.6844866871833801,1.0410816669464111,,,
118,,54449,0.7217408418655396,1.6399102210998535,,,
118,,54499,0.8605184555053711,1.1599701642990112,,,
118,,54549,0.7462656497955322,0.8787709474563599,,,
118,,54599,0.9422481060028076,0.9278780221939087,,,
118,,54649,0.9458138942718506,1.1531126499176025,,,
118,,54699,0.9490418434143066,1.0891245603561401,,,
118,0.5208659768104553,54739,,,0.558719586788093,1.3393359184265137,0.5877598524093628
119,,54749,0.8197948932647705,0.9816195368766785,,,
119,,54799,1.092555284500122,0.8821244239807129,,,
119,,54849,0.86506587266922,0.8740404844284058,,,
119,,54899,1.014958381652832,1.0588419437408447,,,
119,,54949,0.6952939033508301,1.2872470617294312,,,
119,,54999,0.9839609265327454,0.9760761260986328,,,
119,,55049,0.8366791605949402,1.0669503211975098,,,
119,,55099,0.5989096760749817,1.292257308959961,,,
119,,55149,1.101128339767456,0.6699320673942566,,,
119,,55199,1.0422066450119019,1.2419028282165527,,,
119,0.5181419253349304,55199,,,0.5791083322006253,1.2887003421783447,0.7113060355186462
120,,55249,0.9510872960090637,1.2052046060562134,,,
120,,55299,0.8177289366722107,1.1602591276168823,,,
120,,55349,1.0764060020446777,0.9774069786071777,,,
120,,55399,1.2641394138336182,0.7264991998672485,,,
120,,55449,0.6005450487136841,1.1576151847839355,,,
120,,55499,0.7886101603507996,0.8126671314239502,,,
120,,55549,0.8827553987503052,1.05598783493042,,,
120,,55599,0.9377410411834717,1.5578138828277588,,,
120,,55649,0.8014894723892212,1.134127140045166,,,
120,0.5428902506828308,55659,,,0.30882153051515565,1.5014698505401611,0.6083588004112244
121,,55699,0.5486050248146057,1.4439536333084106,,,
121,,55749,0.8249192237854004,0.8940055966377258,,,
121,,55799,1.00644850730896,0.8107545375823975,,,
121,,55849,1.3056683540344238,0.7804457545280457,,,
121,,55899,1.203465461730957,0.7020325064659119,,,
121,,55949,1.0184005498886108,1.1896792650222778,,,
121,,55999,0.996030330657959,1.4005751609802246,,,
121,,56049,0.8241220712661743,0.9963620901107788,,,
121,,56099,1.0079541206359863,1.0259661674499512,,,
121,0.5161105394363403,56119,,,0.5866521680032623,1.3103175163269043,0.6178607940673828
122,,56149,0.7414242029190063,1.1082727909088135,,,
122,,56199,0.7238057851791382,1.2037595510482788,,,
122,,56249,0.8924556374549866,0.8915837407112122,,,
122,,56299,0.7181058526039124,1.1912765502929688,,,
122,,56349,0.8075734376907349,1.1159992218017578,,,
122,,56399,0.9147760272026062,0.7017723917961121,,,
122,,56449,0.9863693714141846,0.874528169631958,,,
122,,56499,1.0108152627944946,1.008601427078247,,,
122,,56549,1.0219221115112305,0.7017384767532349,,,
122,0.5363684892654419,56579,,,0.5307190430882153,1.3902311325073242,0.49176937341690063
123,,56599,0.6847946047782898,1.7973027229309082,,,
123,,56649,0.7169731855392456,0.8621605634689331,,,
123,,56699,0.753768801689148,1.1431972980499268,,,
123,,56749,0.8964257836341858,1.094534158706665,,,
123,,56799,1.0592615604400635,0.7962533235549927,,,
123,,56849,0.8805727958679199,1.0313653945922852,,,
123,,56899,0.7143416404724121,0.9737347960472107,,,
123,,56949,0.9875138998031616,1.0402112007141113,,,
123,,56999,0.8451612591743469,0.9554244875907898,,,
123,0.5241135358810425,57039,,,0.47587331792850346,1.4005721807479858,0.5291367173194885
124,,57049,0.9290212392807007,1.0860562324523926,,,
124,,57099,0.8790615797042847,0.6822172403335571,,,
124,,57149,0.7939683794975281,0.8451694250106812,,,
124,,57199,0.7979849576950073,1.0998473167419434,,,
124,,57249,0.7333747744560242,1.1924899816513062,,,
124,,57299,0.8176337480545044,1.6503607034683228,,,
124,,57349,0.6009663343429565,1.2515923976898193,,,
124,,57399,0.6171550750732422,1.2694141864776611,,,
124,,57449,0.678908109664917,0.9604852199554443,,,
124,,57499,0.7695491313934326,1.218982219696045,,,
124,0.5271226763725281,57499,,,0.45738752208780753,1.3755764961242676,0.5945982933044434
125,,57549,0.8299944996833801,1.119352102279663,,,
125,,57599,0.8123583793640137,0.900166928768158,,,
125,,57649,0.7614002823829651,1.055105209350586,,,
125,,57699,0.9164064526557922,0.9028573036193848,,,
125,,57749,1.057361364364624,0.8467037081718445,,,
125,,57799,0.7896329164505005,1.0221915245056152,,,
125,,57849,1.1813452243804932,1.126234531402588,,,
125,,57899,0.6968473196029663,1.1840667724609375,,,
125,,57949,0.9305169582366943,1.0555933713912964,,,
125,0.5214228630065918,57959,,,0.6134293869783879,1.3027452230453491,0.8713346123695374
126,,57999,1.2217979431152344,1.1918613910675049,,,
126,,58049,0.9279758930206299,0.9574408531188965,,,
126,,58099,1.1393946409225464,0.8641880750656128,,,
126,,58149,1.0703154802322388,1.2024083137512207,,,
126,,58199,0.7660562992095947,1.183335542678833,,,
126,,58249,1.0102384090423584,1.0238370895385742,,,
126,,58299,0.6540349125862122,1.0907951593399048,,,
126,,58349,0.6889809966087341,1.318737506866455,,,
126,,58399,1.1322873830795288,0.7288240194320679,,,
126,0.519378125667572,58419,,,0.4996601875764578,1.3558106422424316,0.6047928929328918
127,,58449,0.7001806497573853,1.2820725440979004,,,
127,,58499,0.6368720531463623,1.1713643074035645,,,
127,,58549,0.7142289876937866,0.9847120642662048,,,
127,,58599,0.8381457328796387,0.9217637777328491,,,
127,,58649,1.4688867330551147,1.122767686843872,,,
127,,58699,0.7780855298042297,0.868661642074585,,,
127,,58749,1.175663709640503,0.8501217365264893,,,
127,,58799,0.9006440043449402,0.7371255159378052,,,
127,,58849,1.0163846015930176,1.0348129272460938,,,
127,0.5199349522590637,58879,,,0.5004757373929591,1.3496732711791992,0.5611144304275513
128,,58899,0.9976847767829895,1.095916748046875,,,
128,,58949,0.8724010586738586,0.6898285150527954,,,
128,,58999,1.0414913892745972,1.07883620262146,,,
128,,59049,0.9930250644683838,0.8560009002685547,,,
128,,59099,0.7075909376144409,1.1672437191009521,,,
128,,59149,0.8598752021789551,1.0306227207183838,,,
128,,59199,0.6793817281723022,1.4492011070251465,,,
128,,59249,0.8108460903167725,0.9368325471878052,,,
128,,59299,0.9690998792648315,0.7368618249893188,,,
128,0.5331143140792847,59339,,,0.538058991436727,1.3412535190582275,0.5626341104507446
129,,59349,0.786620020866394,0.8904454708099365,,,
129,,59399,0.9678724408149719,1.4342234134674072,,,
129,,59449,0.742687463760376,1.3075592517852783,,,
129,,59499,0.6772321462631226,1.1519354581832886,,,
129,,59549,1.006264328956604,0.8091801404953003,,,
129,,59599,0.9271992444992065,1.1433477401733398,,,
129,,59649,0.845726490020752,0.8543424010276794,,,
129,,59699,0.7760909199714661,1.006597876548767,,,
129,,59749,1.1373841762542725,1.0610443353652954,,,
129,,59799,1.0877714157104492,1.2076866626739502,,,
129,0.5468438267707825,59799,,,0.5274568438222101,1.3832825422286987,0.5634251236915588
130,,59849,0.6571780443191528,1.2978248596191406,,,
130,,59899,0.6650566458702087,1.1324589252471924,,,
130,,59949,0.8260624408721924,0.9686615467071533,,,
130,,59999,1.1826276779174805,1.368099570274353,,,
130,,60049,0.9564197063446045,0.7352310419082642,,,
130,,60099,0.6879504919052124,1.1386847496032715,,,
130,,60149,0.8077368140220642,1.0067387819290161,,,
130,,60199,0.5609070062637329,1.2478559017181396,,,
130,,60249,0.5110141038894653,1.0053088665008545,,,
130,0.5199082493782043,60259,,,0.4998640750305831,1.3952244520187378,0.5268160700798035
131,,60299,0.5317794680595398,1.009016990661621,,,
131,,60349,0.7940204739570618,1.0219513177871704,,,
131,,60399,1.3189128637313843,1.2429425716400146,,,
131,,60449,0.7895904183387756,1.3755519390106201,,,
131,,60499,0.8027757406234741,1.4417221546173096,,,
131,,60549,0.665324866771698,1.153572678565979,,,
131,,60599,1.2504551410675049,0.857827365398407,,,
131,,60649,0.6653518080711365,0.8838608860969543,,,
131,,60699,0.8807350397109985,0.8609057664871216,,,
131,0.5237125754356384,60719,,,0.5299714557564225,1.357749104499817,0.624195396900177
132,,60749,0.7799451947212219,1.5344977378845215,,,
132,,60799,1.096752405166626,1.234910488128662,,,
132,,60849,1.0270836353302002,0.7871431112289429,,,
132,,60899,0.8588306903839111,1.0532000064849854,,,
132,,60949,0.5977370738983154,0.9852721691131592,,,
132,,60999,0.9895402193069458,0.9693129062652588,,,
132,,61049,1.039492130279541,1.216482400894165,,,
132,,61099,0.8217130899429321,1.050822377204895,,,
132,,61149,1.063948154449463,0.9517612457275391,,,
132,0.5276661515235901,61179,,,0.47016446921299443,1.4145302772521973,0.5803855061531067
133,,61199,0.9653578400611877,1.2311301231384277,,,
133,,61249,0.8364025354385376,0.7101780772209167,,,
133,,61299,1.1121785640716553,0.7916967868804932,,,
133,,61349,0.9060091376304626,1.109645128250122,,,
133,,61399,0.720764696598053,1.2197463512420654,,,
133,,61449,1.1401679515838623,1.1721420288085938,,,
133,,61499,0.7358704805374146,1.2651448249816895,,,
133,,61549,0.8082597255706787,1.2575199604034424,,,
133,,61599,0.9025651812553406,0.890520453453064,,,
133,0.5418033003807068,61639,,,0.5691178469484844,1.3119479417800903,0.634344756603241
134,,61649,0.5368137955665588,1.0590592622756958,,,
134,,61699,0.7373698353767395,0.9379345774650574,,,
134,,61749,0.9018727540969849,1.2188183069229126,,,
134,,61799,0.8397271633148193,1.133056640625,,,
134,,61849,0.8724048733711243,0.9090763330459595,,,
134,,61899,1.0669760704040527,1.2100249528884888,,,
134,,61949,0.7215404510498047,1.1435761451721191,,,
134,,61999,0.8986800312995911,0.9681158065795898,,,
134,,62049,0.757695734500885,1.0518062114715576,,,
134,,62099,1.2356600761413574,0.9456357955932617,,,
134,0.517475962638855,62099,,,0.5446513524534456,1.3162132501602173,0.6019116640090942
135,,62149,0.5562936067581177,1.3262379169464111,,,
135,,62199,0.7241982221603394,1.2123608589172363,,,
135,,62249,0.8643049001693726,0.9536028504371643,,,
135,,62299,0.8096069693565369,1.0939972400665283,,,
135,,62349,0.629891574382782,1.2734036445617676,,,
135,,62399,0.727819561958313,1.0742366313934326,,,
135,,62449,0.8123871684074402,1.1086304187774658,,,
135,,62499,0.7512503862380981,1.4576284885406494,,,
135,,62549,0.7083855867385864,0.9880589246749878,,,
135,0.5309470891952515,62559,,,0.6202935979339405,1.2335352897644043,0.7203244566917419
136,,62599,1.2469651699066162,1.1711210012435913,,,
136,,62649,0.7113007307052612,0.9883050918579102,,,
136,,62699,0.7503478527069092,1.1189162731170654,,,
136,,62749,0.6643221378326416,1.1894971132278442,,,
136,,62799,0.781389057636261,0.8965543508529663,,,
136,,62849,0.682523250579834,0.9540709257125854,,,
136,,62899,1.06657075881958,0.8741447329521179,,,
136,,62949,0.8584395051002502,0.8919711112976074,,,
136,,62999,0.8989153504371643,1.0642399787902832,,,
136,0.5328359007835388,63019,,,0.5248742694032894,1.3107339143753052,0.6295300126075745
137,,63049,0.9023439884185791,0.9588220715522766,,,
137,,63099,0.8858169913291931,0.888038158416748,,,
137,,63149,0.9637851715087891,0.8571115732192993,,,
137,,63199,0.980733335018158,1.1823900938034058,,,
137,,63249,0.9601138830184937,1.123203992843628,,,
137,,63299,0.6977803707122803,1.0292065143585205,,,
137,,63349,0.6992437839508057,1.0734034776687622,,,
137,,63399,0.7182725071907043,2.079893112182617,,,
137,,63449,0.5408713817596436,1.3593335151672363,,,
137,0.5351523756980896,63479,,,0.5687100720402338,1.2660008668899536,0.6564498543739319
138,,63499,0.5256470441818237,1.682316541671753,,,
138,,63549,0.7343811988830566,1.0579323768615723,,,
138,,63599,0.647830069065094,1.0825722217559814,,,
138,,63649,0.8280435800552368,1.2663789987564087,,,
138,,63699,0.652062177658081,1.0504112243652344,,,
138,,63749,0.7558738589286804,0.9779812097549438,,,
138,,63799,0.8247184157371521,0.9756580591201782,,,
138,,63849,0.506833553314209,1.1385483741760254,,,
138,,63899,0.9302456974983215,1.1474217176437378,,,
138,0.5199282765388489,63939,,,0.5000679624847084,1.3728742599487305,0.561320960521698
139,,63949,0.7640486359596252,1.0114641189575195,,,
139,,63999,0.7993274927139282,0.9981391429901123,,,
139,,64049,0.8453977108001709,1.5005133152008057,,,
139,,64099,0.5820868611335754,1.2086929082870483,,,
139,,64149,0.751088559627533,1.319733738899231,,,
139,,64199,0.9938457608222961,1.1813490390777588,,,
139,,64249,0.863757312297821,0.979319155216217,,,
139,,64299,1.133359432220459,0.7823988199234009,,,
139,,64349,0.7031143307685852,1.0889064073562622,,,
139,,64399,0.6479274034500122,1.1303298473358154,,,
139,0.512448787689209,64399,,,0.5392823161614788,1.3020702600479126,0.6596511006355286
140,,64449,0.9244800806045532,1.3491933345794678,,,
140,,64499,0.8859097361564636,0.996764063835144,,,
140,,64549,0.9088734984397888,1.0217690467834473,,,
140,,64599,1.0432487726211548,1.1047396659851074,,,
140,,64649,1.0750012397766113,1.1114928722381592,,,
140,,64699,0.7628831267356873,0.9785102605819702,,,
140,,64749,0.9236234426498413,0.9000940322875977,,,
140,,64799,1.0064098834991455,0.9701875448226929,,,
140,,64849,1.0620644092559814,1.5395817756652832,,,
140,0.5197924375534058,64859,,,0.6272937338589099,1.29050612449646,0.7199541330337524
141,,64899,0.7181464433670044,0.8643914461135864,,,
141,,64949,0.6136817932128906,1.2878512144088745,,,
141,,64999,0.8861342072486877,0.9554721117019653,,,
141,,65049,0.9185596704483032,0.9744424819946289,,,
141,,65099,0.7476706504821777,1.0222275257110596,,,
141,,65149,0.7785019874572754,1.12931227684021,,,
141,,65199,0.7968670129776001,1.1146318912506104,,,
141,,65249,0.9206677675247192,1.3693559169769287,,,
141,,65299,0.6626290082931519,0.8718187808990479,,,
141,0.5018576383590698,65319,,,0.49904852521408183,1.3439390659332275,0.5452731251716614
142,,65349,0.7715297937393188,1.2750234603881836,,,
142,,65399,0.8801119327545166,1.1918925046920776,,,
142,,65449,0.5231480598449707,1.0180366039276123,,,
142,,65499,0.6894747018814087,1.1653836965560913,,,
142,,65549,0.9229881167411804,0.8510934114456177,,,
142,,65599,0.6906152963638306,1.297609567642212,,,
142,,65649,0.9174247980117798,0.9559879899024963,,,
142,,65699,0.7696658968925476,0.9796116352081299,,,
142,,65749,0.7964106798171997,0.9472617506980896,,,
142,0.52903151512146,65779,,,0.5527388881337502,1.3442494869232178,0.7154967784881592
143,,65799,0.9269299507141113,0.9705051779747009,,,
143,,65849,0.5867504477500916,1.4053617715835571,,,
143,,65899,0.865134596824646,1.6976051330566406,,,
143,,65949,0.9542481303215027,0.7767752408981323,,,
143,,65999,1.0835516452789307,1.2119237184524536,,,
143,,66049,0.7057203054428101,1.4391652345657349,,,
143,,66099,0.6852152943611145,0.9350870251655579,,,
143,,66149,0.8606775999069214,0.8278348445892334,,,
143,,66199,1.1031540632247925,0.7443315982818604,,,
143,0.519649863243103,66239,,,0.4970096506728286,1.3570281267166138,0.6042391657829285
144,,66249,0.9828757047653198,0.8428870439529419,,,
144,,66299,1.199263095855713,0.8094201683998108,,,
144,,66349,0.5637370944023132,1.070434808731079,,,
144,,66399,0.8251848816871643,0.6816726922988892,,,
144,,66449,1.0621260404586792,0.9200206398963928,,,
144,,66499,0.7321359515190125,1.4449188709259033,,,
144,,66549,0.9556983709335327,1.281691312789917,,,
144,,66599,0.8348352313041687,0.9640663862228394,,,
144,,66649,0.7844754457473755,0.9710953235626221,,,
144,,66699,0.884326159954071,0.9062438607215881,,,
144,0.5248196125030518,66699,,,0.47893162974038334,1.408869981765747,0.5389057397842407
145,,66749,0.8580350875854492,0.9561977386474609,,,
145,,66799,0.671647310256958,1.0740700960159302,,,
145,,66849,1.1933362483978271,0.8480421900749207,,,
145,,66899,0.9086663126945496,1.164971113204956,,,
145,,66949,0.6445105671882629,1.1609077453613281,,,
145,,66999,0.8896459341049194,1.0069777965545654,,,
145,,67049,0.8585196733474731,1.1012383699417114,,,
145,,67099,0.7907863855361938,0.8623437881469727,,,
145,,67149,0.6098988056182861,0.8688229918479919,,,
145,0.52494877576828,67159,,,0.5806714693489194,1.336881160736084,0.5771529674530029
146,,67199,0.6807005405426025,1.2137422561645508,,,
146,,67249,0.8816168308258057,1.134319543838501,,,
146,,67299,0.679874062538147,1.4711257219314575,,,
146,,67349,0.6535916328430176,1.3362046480178833,,,
146,,67399,0.8038920164108276,0.9056617021560669,,,
146,,67449,0.48810461163520813,1.8374906778335571,,,
146,,67499,1.1416587829589844,1.3515796661376953,,,
146,,67549,1.046571969985962,0.6811983585357666,,,
146,,67599,1.0464484691619873,0.6901905536651611,,,
146,0.5083659887313843,67619,,,0.47274704363191516,1.4111472368240356,0.4957478642463684
147,,67649,0.9569171667098999,1.1723370552062988,,,
147,,67699,0.878315806388855,0.9781981706619263,,,
147,,67749,0.7130056619644165,1.0602152347564697,,,
147,,67799,0.7737426161766052,1.0099329948425293,,,
147,,67849,0.9461719989776611,1.1205949783325195,,,
147,,67899,1.2377809286117554,0.7802070379257202,,,
147,,67949,0.5285939574241638,1.0265213251113892,,,
147,,67999,0.9768754243850708,0.8407315015792847,,,
147,,68049,0.7338373064994812,0.8055803775787354,,,
147,0.5236034393310547,68079,,,0.5745548457251597,1.3079442977905273,0.7046760320663452
148,,68099,1.323428750038147,0.913318932056427,,,
148,,68149,0.7510755658149719,1.0510104894638062,,,
148,,68199,0.9924074411392212,1.1444495916366577,,,
148,,68249,0.793511152267456,0.7802972197532654,,,
148,,68299,0.8951631188392639,1.1772295236587524,,,
148,,68349,0.4767083525657654,1.1988728046417236,,,
148,,68399,1.0363093614578247,1.3344409465789795,,,
148,,68449,0.6475671529769897,1.2249904870986938,,,
148,,68499,0.8726180791854858,0.9867181181907654,,,
148,0.5318781137466431,68539,,,0.4912328394726111,1.380039095878601,0.5501400828361511
149,,68549,0.6440156698226929,1.209092617034912,,,
149,,68599,1.084381341934204,1.4478907585144043,,,
149,,68649,0.5390515327453613,1.0419387817382812,,,
149,,68699,0.7844098806381226,1.389298915863037,,,
149,,68749,0.7320737838745117,0.9324895143508911,,,
149,,68799,0.7016457319259644,1.600056529045105,,,
149,,68849,0.8182597160339355,0.7228037118911743,,,
149,,68899,1.0555696487426758,1.1311519145965576,,,
149,,68949,0.640015721321106,0.8797955513000488,,,
149,,68999,0.7368312478065491,1.445662260055542,,,
149,0.5309270024299622,68999,,,0.4800869919804268,1.3352879285812378,0.5757964849472046
150,,69049,0.9046645164489746,1.0758001804351807,,,
150,,69099,0.6703445315361023,0.9906874895095825,,,
150,,69149,0.6237927675247192,0.7890127897262573,,,
150,,69199,0.6625176668167114,1.266756534576416,,,
150,,69249,0.8082873821258545,0.9900371432304382,,,
150,,69299,0.9596821069717407,1.1201270818710327,,,
150,,69349,1.182428240776062,1.0733991861343384,,,
150,,69399,0.5979422330856323,1.3728816509246826,,,
150,,69449,0.8229503035545349,1.1416438817977905,,,
150,0.533515214920044,69459,,,0.5137963843958135,1.3617130517959595,0.618134617805481
151,,69499,0.7296807765960693,1.4822661876678467,,,
151,,69549,0.6557796001434326,1.4846760034561157,,,
151,,69599,0.7952383756637573,1.1209927797317505,,,
151,,69649,0.8786795139312744,0.9221209287643433,,,
151,,69699,0.7160650491714478,0.9398049116134644,,,
151,,69749,0.7776668071746826,1.143829107284546,,,
151,,69799,0.7843163013458252,0.7806984782218933,,,
151,,69849,0.607296347618103,1.1452821493148804,,,
151,,69899,0.8306318521499634,1.0312546491622925,,,
151,0.5147518515586853,69919,,,0.6099633002582574,1.321540117263794,0.6006413698196411
152,,69949,1.0441443920135498,1.3504698276519775,,,
152,,69999,1.4909331798553467,0.9367790222167969,,,
152,,70049,1.0393643379211426,0.9832267761230469,,,
152,,70099,0.7166851758956909,0.9322680830955505,,,
152,,70149,0.9828954935073853,0.8859394788742065,,,
152,,70199,0.6387911438941956,1.1654813289642334,,,
152,,70249,0.7864971160888672,1.0367751121520996,,,
152,,70299,0.9087283611297607,1.2079883813858032,,,
152,,70349,1.3201318979263306,1.186673879623413,,,
152,0.5185762643814087,70379,,,0.5820986815277966,1.291649580001831,0.698746919631958
153,,70399,0.7996428608894348,0.8996433019638062,,,
153,,70449,0.7562028169631958,1.1700559854507446,,,
153,,70499,0.8054531216621399,1.1522055864334106,,,
153,,70549,0.8313940763473511,1.0397939682006836,,,
153,,70599,0.8101695775985718,1.3631861209869385,,,
153,,70649,0.8850746750831604,0.9388659596443176,,,
153,,70699,1.0094549655914307,0.8863084316253662,,,
153,,70749,0.524433970451355,1.4872374534606934,,,
153,,70799,1.5053095817565918,0.7878983020782471,,,
153,0.530247688293457,70839,,,0.5820307190430882,1.2891701459884644,0.7686753273010254
154,,70849,0.7377626299858093,1.2120988368988037,,,
154,,70899,0.6439535617828369,0.9638012647628784,,,
154,,70949,0.9003583192825317,0.952954888343811,,,
154,,70999,0.8342462778091431,0.9108842611312866,,,
154,,71049,1.0637578964233398,1.0851919651031494,,,
154,,71099,0.5567683577537537,1.5524815320968628,,,
154,,71149,0.8416357040405273,1.0086928606033325,,,
154,,71199,0.6774700284004211,1.0774980783462524,,,
154,,71249,0.8538575172424316,0.8753458261489868,,,
154,,71299,0.6986271142959595,1.2045842409133911,,,
154,0.5271293520927429,71299,,,0.5048932988990078,1.3272637128829956,0.5643722414970398
155,,71349,0.6029583215713501,1.1060411930084229,,,
155,,71399,0.8298063278198242,0.9231491088867188,,,
155,,71449,0.753003716468811,1.273986577987671,,,
155,,71499,0.6964464783668518,1.0487627983093262,,,
155,,71549,0.5036588907241821,1.2373034954071045,,,
155,,71599,0.47167959809303284,1.6283376216888428,,,
155,,71649,0.7739737033843994,1.4951162338256836,,,
155,,71699,0.6251763105392456,1.7704073190689087,,,
155,,71749,0.9216536283493042,0.93902587890625,,,
155,0.5215720534324646,71759,,,0.5106701100992252,1.4788227081298828,0.447083979845047
156,,71799,0.72035813331604,1.5654237270355225,,,
156,,71849,0.9571958780288696,1.0376455783843994,,,
156,,71899,0.7715461850166321,1.9354376792907715,,,
156,,71949,0.9075168371200562,0.8602992296218872,,,
156,,71999,0.49195680022239685,2.2057089805603027,,,
156,,72049,1.095491886138916,1.1385340690612793,,,
156,,72099,0.697608470916748,1.0503618717193604,,,
156,,72149,0.956444263458252,1.0908031463623047,,,
156,,72199,0.78675377368927,1.239347219467163,,,
156,0.5288823246955872,72219,,,0.6521000407774908,1.2863714694976807,0.7609260082244873
157,,72249,0.7874118089675903,1.3096380233764648,,,
157,,72299,0.720940113067627,0.8386061191558838,,,
157,,72349,0.7325525283813477,1.2501630783081055,,,
157,,72399,0.9546014666557312,0.9089709520339966,,,
157,,72449,0.8305052518844604,1.0307106971740723,,,
157,,72499,0.6361445188522339,1.2190383672714233,,,
157,,72549,0.7427048683166504,1.0521163940429688,,,
157,,72599,0.9568061232566833,1.0310027599334717,,,
157,,72649,1.1851764917373657,1.0432771444320679,,,
157,0.5385357141494751,72679,,,0.5419328530651081,1.3715882301330566,0.5960819125175476
158,,72699,0.7833883762359619,1.122552752494812,,,
158,,72749,0.779600977897644,1.3296962976455688,,,
158,,72799,0.8567601442337036,0.8329716920852661,,,
158,,72849,1.4272513389587402,0.8062930703163147,,,
158,,72899,0.9323306083679199,1.3264226913452148,,,
158,,72949,0.7650129795074463,1.0169785022735596,,,
158,,72999,1.188200831413269,0.8071736097335815,,,
158,,73049,0.9218674898147583,1.4116933345794678,,,
158,,73099,0.6933241486549377,1.1540372371673584,,,
158,0.5315997004508972,73139,,,0.6042544515427484,1.3087924718856812,0.6880504488945007
159,,73149,1.013383150100708,1.345953345298767,,,
159,,73199,0.797669529914856,1.151005744934082,,,
159,,73249,0.7590479850769043,0.8888745307922363,,,
159,,73299,0.9146988987922668,1.0767228603363037,,,
159,,73349,1.1598505973815918,0.798406720161438,,,
159,,73399,0.746134877204895,1.3264219760894775,,,
159,,73449,0.9391193389892578,0.7531098127365112,,,
159,,73499,1.030169129371643,1.2466535568237305,,,
159,,73549,0.7392666339874268,1.0590221881866455,,,
159,,73599,0.903181791305542,1.0393905639648438,,,
159,0.5233116745948792,73599,,,0.5583797743645508,1.298190951347351,0.6847819089889526
160,,73649,0.8409922122955322,1.0086582899093628,,,
160,,73699,1.0615804195404053,0.9765918850898743,,,
160,,73749,0.7504602074623108,0.8854303956031799,,,
160,,73799,0.8941030502319336,0.9235582947731018,,,
160,,73849,0.858630359172821,1.2212262153625488,,,
160,,73899,0.679317057132721,1.0453741550445557,,,
160,,73949,0.7222323417663574,1.2236841917037964,,,
160,,73999,0.814468264579773,1.1248884201049805,,,
160,,74049,1.0091586112976074,1.109963059425354,,,
160,0.5333793759346008,74059,,,0.5705450591273616,1.3470995426177979,0.5432416796684265
161,,74099,0.7048541307449341,0.9924563765525818,,,
161,,74149,1.306075096130371,0.9978383779525757,,,
161,,74199,0.5508533120155334,1.4767236709594727,,,
161,,74249,0.734520435333252,2.2288928031921387,,,
161,,74299,0.8686296939849854,1.1676256656646729,,,
161,,74349,0.6434662342071533,1.6897540092468262,,,
161,,74399,0.6609781980514526,1.487656831741333,,,
161,,74449,1.0164356231689453,1.1985976696014404,,,
161,,74499,1.1010456085205078,1.0301281213760376,,,
161,0.5325641632080078,74519,,,0.47947532961805084,1.4102815389633179,0.5679483413696289
162,,74549,0.8755975961685181,0.9536949396133423,,,
162,,74599,0.7408328056335449,1.1766022443771362,,,
162,,74649,0.8013917803764343,0.8272235989570618,,,
162,,74699,1.0114130973815918,0.8131710290908813,,,
162,,74749,0.4297274351119995,0.9391875267028809,,,
162,,74799,0.7422598600387573,0.7716901302337646,,,
162,,74849,0.8369707465171814,1.0875828266143799,,,
162,,74899,0.6271611452102661,1.3055355548858643,,,
162,,74949,0.7740740180015564,1.1441853046417236,,,
162,0.5180127620697021,74979,,,0.48593176566535273,1.498679280281067,0.3926043212413788
163,,74999,0.6923404932022095,1.3491814136505127,,,
163,,75049,0.9352829456329346,1.0909337997436523,,,
163,,75099,1.1483474969863892,0.6371074914932251,,,
163,,75149,0.8185490369796753,1.2417829036712646,,,
163,,75199,0.6643761396408081,1.4290276765823364,,,
163,,75249,0.8381252288818359,0.7936710715293884,,,
163,,75299,0.7451643943786621,0.8574288487434387,,,
163,,75349,0.8476192951202393,0.9126652479171753,,,
163,,75399,0.6135238409042358,1.3490889072418213,,,
163,0.5151528120040894,75439,,,0.6230120973222781,1.2498373985290527,0.6019515991210938
164,,75449,0.7826582193374634,0.9115034937858582,,,
164,,75499,0.7513480186462402,0.9407949447631836,,,
164,,75549,1.0174496173858643,1.040818691253662,,,
164,,75599,0.7929449677467346,1.2157962322235107,,,
164,,75649,0.9297555088996887,1.2841662168502808,,,
164,,75699,0.8752985596656799,0.8389322757720947,,,
164,,75749,0.8787543177604675,0.8566394448280334,,,
164,,75799,0.7264679670333862,0.9140039682388306,,,
164,,75849,0.7727306485176086,0.8905758261680603,,,
164,,75899,0.8303349018096924,1.4569973945617676,,,
164,0.5329583883285522,75899,,,0.5001359249694168,1.4221413135528564,0.5335929989814758
165,,75949,0.8627235889434814,1.2072882652282715,,,
165,,75999,0.6933426856994629,0.9075774550437927,,,
165,,76049,0.8148782253265381,1.3337202072143555,,,
165,,76099,0.9148825407028198,0.9770148992538452,,,
165,,76149,1.0764410495758057,1.0665687322616577,,,
165,,76199,1.0355942249298096,1.6373648643493652,,,
165,,76249,0.8670057058334351,1.203579068183899,,,
165,,76299,0.9296650886535645,0.9318686127662659,,,
165,,76349,1.043950080871582,0.9924042820930481,,,
165,0.5147585272789001,76359,,,0.4329210275927688,1.4137879610061646,0.6216251850128174
166,,76399,0.821190357208252,0.904634952545166,,,
166,,76449,1.0956364870071411,0.9867029786109924,,,
166,,76499,0.8979538679122925,0.7374634742736816,,,
166,,76549,0.8158954381942749,1.2303494215011597,,,
166,,76599,0.68468177318573,1.1505725383758545,,,
166,,76649,0.8153328895568848,1.580190658569336,,,
166,,76699,0.6525859832763672,0.9342259764671326,,,
166,,76749,0.681508481502533,1.2966831922531128,,,
166,,76799,1.1370245218276978,0.9590191841125488,,,
166,0.5207234621047974,76819,,,0.43033845317384806,1.3587374687194824,0.6561568379402161
167,,76849,0.957225501537323,1.229082465171814,,,
167,,76899,0.6960383057594299,1.1370630264282227,,,
167,,76949,0.6458237171173096,1.1745342016220093,,,
167,,76999,0.8323577642440796,0.811391294002533,,,
167,,77049,1.0419597625732422,0.9592262506484985,,,
167,,77099,0.8479552268981934,1.031567096710205,,,
167,,77149,1.2200438976287842,1.2955632209777832,,,
167,,77199,0.8932696580886841,0.8354223966598511,,,
167,,77249,0.8346010446548462,1.2153704166412354,,,
167,0.5133931636810303,77279,,,0.4753975805355444,1.352998971939087,0.4996912181377411
168,,77299,0.8408074378967285,1.6350783109664917,,,
168,,77349,0.885983943939209,1.2756071090698242,,,
168,,77399,0.9033762216567993,1.0694642066955566,,,
168,,77449,0.6944609880447388,0.9608219861984253,,,
168,,77499,0.8282124996185303,1.092857837677002,,,
168,,77549,1.0252618789672852,0.9935529232025146,,,
168,,77599,0.7098357677459717,1.0185277462005615,,,
168,,77649,0.8211410641670227,1.312950611114502,,,
168,,77699,0.8858814835548401,1.0421183109283447,,,
168,0.5211511254310608,77739,,,0.6080603506864211,1.2441848516464233,0.6954089999198914
169,,77749,0.592671275138855,1.0485916137695312,,,
169,,77799,0.7826504707336426,1.0424554347991943,,,
169,,77849,0.7342804670333862,0.9855881929397583,,,
169,,77899,0.5597324371337891,0.7130294442176819,,,
169,,77949,0.9205836057662964,0.8517181873321533,,,
169,,77999,0.858617901802063,1.3905638456344604,,,
169,,78049,0.9448297023773193,1.064147710800171,,,
169,,78099,0.7508761286735535,1.164814829826355,,,
169,,78149,1.119043231010437,0.967442512512207,,,
169,,78199,0.7252760529518127,1.229996681213379,,,
169,0.5212802886962891,78199,,,0.5676906347696071,1.3151189088821411,0.7595424652099609
170,,78249,0.7274622321128845,0.8505780696868896,,,
170,,78299,0.6764993667602539,0.9884291887283325,,,
170,,78349,0.8441697359085083,0.8531196117401123,,,
170,,78399,1.0287954807281494,0.8463758230209351,,,
170,,78449,0.8602549433708191,1.1030322313308716,,,
170,,78499,0.7883753180503845,0.9378347992897034,,,
170,,78549,0.7362751960754395,1.2052209377288818,,,
170,,78599,0.8051490783691406,1.2294152975082397,,,
170,,78649,0.9295150637626648,1.3298768997192383,,,
170,0.5129789113998413,78659,,,0.6175750985456028,1.2381471395492554,0.7372922301292419
171,,78699,0.9931080341339111,0.904077410697937,,,
171,,78749,0.7040218114852905,1.2517573833465576,,,
171,,78799,0.57845139503479,1.2348618507385254,,,
171,,78849,0.8132356405258179,1.1749807596206665,,,
171,,78899,0.6415250301361084,1.473716139793396,,,
171,,78949,0.5806576013565063,1.4811336994171143,,,
171,,78999,0.993966281414032,1.2192814350128174,,,
171,,79049,0.7904858589172363,0.826205849647522,,,
171,,79099,0.7544634342193604,0.9293386936187744,,,
171,0.521041989326477,79119,,,0.5371075166508088,1.3358267545700073,0.631070613861084
172,,79149,0.8125438690185547,1.3241876363754272,,,
172,,79199,0.8237196207046509,1.494641661643982,,,
172,,79249,0.9118496179580688,0.7851468324661255,,,
172,,79299,0.5246368646621704,1.869065284729004,,,
172,,79349,0.8481408953666687,1.1474835872650146,,,
172,,79399,0.7091367840766907,1.5379223823547363,,,
172,,79449,0.8173415660858154,1.2967476844787598,,,
172,,79499,0.8242911100387573,1.048224925994873,,,
172,,79549,0.5314154028892517,1.415966510772705,,,
172,0.523284912109375,79579,,,0.5040777490825065,1.405325174331665,0.4410535395145416
173,,79599,0.9809949398040771,0.944368302822113,,,
173,,79649,0.563654899597168,0.7801759243011475,,,
173,,79699,0.7834290862083435,0.8838631510734558,,,
173,,79749,0.5255714058876038,1.5789165496826172,,,
173,,79799,0.7306579351425171,1.1299654245376587,,,
173,,79849,0.5960810780525208,1.352060317993164,,,
173,,79899,0.6702204942703247,0.903579831123352,,,
173,,79949,0.4848174452781677,1.2441908121109009,,,
173,,79999,0.638163685798645,1.2899726629257202,,,
173,0.5245344638824463,80039,,,0.5749626206334103,1.3133270740509033,0.6517185568809509
174,,80049,1.0333179235458374,1.0254878997802734,,,
174,,80099,0.7189103364944458,1.1662240028381348,,,
174,,80149,0.7087830901145935,1.1422529220581055,,,
174,,80199,0.967331051826477,1.1379621028900146,,,
174,,80249,0.896794319152832,1.027908205986023,,,
174,,80299,0.9751170873641968,0.9160861968994141,,,
174,,80349,0.9358762502670288,0.8369289636611938,,,
174,,80399,1.1013433933258057,1.0041218996047974,,,
174,,80449,0.8993616104125977,1.3162853717803955,,,
174,,80499,0.8238153457641602,1.1537915468215942,,,
174,0.523861825466156,80499,,,0.5502242761995378,1.3213578462600708,0.6350545287132263
175,,80549,0.9838002324104309,0.7554416656494141,,,
175,,80599,0.7840301394462585,1.1765332221984863,,,
175,,80649,0.8037537336349487,1.1651134490966797,,,
175,,80699,0.8318159580230713,1.1433424949645996,,,
175,,80749,0.8329395651817322,1.0779101848602295,,,
175,,80799,1.2388805150985718,0.9428627490997314,,,
175,,80849,1.1052894592285156,1.002371072769165,,,
175,,80899,0.9052053689956665,0.8407168388366699,,,
175,,80949,0.7113479375839233,1.6151704788208008,,,
175,0.5268576145172119,80959,,,0.4811743917357619,1.4538922309875488,0.4898175597190857
176,,80999,0.8905572891235352,1.0017735958099365,,,
176,,81049,0.9840875267982483,1.033515453338623,,,
176,,81099,0.7327487468719482,0.9878301620483398,,,
176,,81149,0.6464481353759766,1.129457712173462,,,
176,,81199,0.9358137845993042,1.5621068477630615,,,
176,,81249,0.6560444831848145,1.298804759979248,,,
176,,81299,0.9404608011245728,1.2478716373443604,,,
176,,81349,0.5966029763221741,1.4649289846420288,,,
176,,81399,0.7251714468002319,1.008638858795166,,,
176,0.5256348252296448,81419,,,0.4981650129128721,1.457836627960205,0.4354473650455475
177,,81449,0.4621181786060333,1.4129638671875,,,
177,,81499,1.051917552947998,1.2072224617004395,,,
177,,81549,0.6925451159477234,0.7367053627967834,,,
177,,81599,0.6932728290557861,1.0895084142684937,,,
177,,81649,0.3987489938735962,1.5320565700531006,,,
177,,81699,0.7007206678390503,1.0975818634033203,,,
177,,81749,0.7207840085029602,1.5642545223236084,,,
177,,81799,0.7250300645828247,1.0880656242370605,,,
177,,81849,0.68406081199646,1.012105107307434,,,
177,0.522774875164032,81879,,,0.5810792442571701,1.2624354362487793,0.6656708717346191
178,,81899,0.8123359680175781,1.1769907474517822,,,
178,,81949,0.7777001857757568,1.2407951354980469,,,
178,,81999,0.769985556602478,0.8714920878410339,,,
178,,82049,0.7382391095161438,1.3325228691101074,,,
178,,82099,0.7612758874893188,1.5926761627197266,,,
178,,82149,0.6421687602996826,1.5687816143035889,,,
178,,82199,0.6241775751113892,1.5291837453842163,,,
178,,82249,0.9279305934906006,0.723067045211792,,,
178,,82299,0.5349321961402893,1.3565926551818848,,,
178,0.5151594877243042,82339,,,0.5864482805491369,1.3379124402999878,0.5323968529701233
179,,82349,0.8546801805496216,0.8941528797149658,,,
179,,82399,0.8746850490570068,0.9600262641906738,,,
179,,82449,0.7316288352012634,1.2044404745101929,,,
179,,82499,0.6608941555023193,1.338317632675171,,,
179,,82549,0.8739790916442871,1.1721223592758179,,,
179,,82599,1.184354305267334,0.9763675928115845,,,
179,,82649,0.9761316180229187,0.8821689486503601,,,
179,,82699,0.6732874512672424,1.2939085960388184,,,
179,,82749,1.137892484664917,1.0746963024139404,,,
179,,82799,0.916895866394043,1.005446434020996,,,
179,0.5123062133789062,82799,,,0.5135245344569798,1.3596454858779907,0.6055022478103638
180,,82849,1.0085229873657227,1.4879486560821533,,,
180,,82899,0.8465003967285156,1.0236581563949585,,,
180,,82949,0.9266301393508911,1.2618234157562256,,,
180,,82999,0.7788613438606262,0.9511123299598694,,,
180,,83049,0.6297714710235596,0.994066596031189,,,
180,,83099,0.7208660840988159,0.8455190658569336,,,
180,,83149,0.9831994771957397,0.8982987999916077,,,
180,,83199,0.6886768341064453,0.8840978741645813,,,
180,,83249,0.9450646638870239,0.9790734052658081,,,
180,0.518291175365448,83259,,,0.4712518689683295,1.4014637470245361,0.5629264712333679
181,,83299,0.8335938453674316,1.325722098350525,,,
181,,83349,0.9909984469413757,1.042658805847168,,,
181,,83399,0.6153784990310669,1.385485291481018,,,
181,,83449,0.6779472827911377,1.635464072227478,,,
181,,83499,0.48885539174079895,1.624895453453064,,,
181,,83549,0.9097880125045776,1.4986299276351929,,,
181,,83599,0.7007856369018555,1.909288763999939,,,
181,,83649,0.7716302871704102,1.0558311939239502,,,
181,,83699,0.7420060634613037,1.3081750869750977,,,
181,0.5161105394363403,83719,,,0.533301617507136,1.352232813835144,0.6037972569465637
182,,83749,0.854105532169342,1.163883090019226,,,
182,,83799,0.6144982576370239,1.0221376419067383,,,
182,,83849,1.0353202819824219,1.0007624626159668,,,
182,,83899,0.7052673101425171,1.0807883739471436,,,
182,,83949,0.8836201429367065,1.0260437726974487,,,
182,,83999,0.8273105621337891,0.8741870522499084,,,
182,,84049,0.7368422150611877,1.0481904745101929,,,
182,,84099,0.7074116468429565,1.2253919839859009,,,
182,,84149,0.8142052292823792,1.3081190586090088,,,
182,0.519649863243103,84179,,,0.5946717411988582,1.2593156099319458,0.6625614762306213
183,,84199,0.6565910577774048,1.1546449661254883,,,
183,,84249,0.674383282661438,1.486351490020752,,,
183,,84299,1.004970908164978,1.0234495401382446,,,
183,,84349,0.7098363041877747,1.044686198234558,,,
183,,84399,0.5665302276611328,1.063698172569275,,,
183,,84449,0.6883237361907959,1.2203829288482666,,,
183,,84499,0.6758465766906738,1.181966781616211,,,
183,,84549,0.5959932804107666,1.056067943572998,,,
183,,84599,0.6045300364494324,0.6886340975761414,,,
183,0.5072590112686157,84639,,,0.47913551719450864,1.4349949359893799,0.4720543622970581
184,,84649,0.7686630487442017,0.7083351612091064,,,
184,,84699,0.6512359380722046,1.3833894729614258,,,
184,,84749,1.026302456855774,1.1000127792358398,,,
184,,84799,0.9570237398147583,1.00771164894104,,,
184,,84849,0.6287037134170532,0.9101042151451111,,,
184,,84899,0.6062688827514648,1.2494409084320068,,,
184,,84949,0.8727452158927917,1.247340202331543,,,
184,,84999,0.8663924336433411,1.1134793758392334,,,
184,,85049,0.7681914567947388,1.1750450134277344,,,
184,,85099,0.8275555372238159,1.4177988767623901,,,
184,0.5127272009849548,85099,,,0.5227674323773277,1.3263440132141113,0.5939911007881165
185,,85149,0.9124490022659302,1.1061716079711914,,,
185,,85199,0.5003018379211426,1.5677125453948975,,,
185,,85249,0.7593051195144653,1.0620059967041016,,,
185,,85299,0.6792834401130676,1.3709731101989746,,,
185,,85349,0.9380284547805786,0.8324922323226929,,,
185,,85399,0.8958626985549927,0.9817075133323669,,,
185,,85449,0.8342322111129761,1.6447795629501343,,,
185,,85499,0.8164297342300415,1.3230741024017334,,,
185,,85549,1.1973986625671387,1.2138923406600952,,,
185,0.5131214261054993,85559,,,0.5521272257713742,1.2957323789596558,0.6001574397087097
186,,85599,0.8803558945655823,0.8215845823287964,,,
186,,85649,0.5103782415390015,1.2916078567504883,,,
186,,85699,0.7722981572151184,1.0429739952087402,,,
186,,85749,0.92496657371521,1.17562997341156,,,
186,,85799,0.790849506855011,1.303037405014038,,,
186,,85849,1.0323486328125,1.0098227262496948,,,
186,,85899,0.8727830648422241,1.1515145301818848,,,
186,,85949,0.7151107788085938,0.8628300428390503,,,
186,,85999,1.218279480934143,1.6078197956085205,,,
186,0.514894425868988,86019,,,0.5399619410085633,1.3221460580825806,0.6130794286727905
187,,86049,0.7627551555633545,1.1209080219268799,,,
187,,86099,1.4055817127227783,0.8834352493286133,,,
187,,86149,0.8007450699806213,0.9552770853042603,,,
187,,86199,1.0463908910751343,0.9797582626342773,,,
187,,86249,0.6546227931976318,1.3554205894470215,,,
187,,86299,0.5972307324409485,1.313517451286316,,,
187,,86349,0.6088786721229553,1.149090051651001,,,
187,,86399,0.7711376547813416,2.838951587677002,,,
187,,86449,0.6954971551895142,1.0866605043411255,,,
187,0.5242694020271301,86479,,,0.4407367133342395,1.4374995231628418,0.5973855257034302
188,,86499,1.214928388595581,1.0183331966400146,,,
188,,86549,0.8014131188392639,0.9728564023971558,,,
188,,86599,0.7063004970550537,1.042047381401062,,,
188,,86649,1.0930324792861938,1.111053228378296,,,
188,,86699,0.7907439470291138,1.2913999557495117,,,
188,,86749,0.5515843629837036,1.1385985612869263,,,
188,,86799,0.8366173505783081,0.9054803848266602,,,
188,,86849,0.59576016664505,1.159900426864624,,,
188,,86899,0.9632610082626343,1.2495005130767822,,,
188,0.5258931517601013,86939,,,0.5708169090661954,1.3213090896606445,0.6128380298614502
189,,86949,0.7793034315109253,1.489647388458252,,,
189,,86999,1.0662453174591064,0.8483840823173523,,,
189,,87049,0.9470968842506409,1.1203049421310425,,,
189,,87099,1.0809085369110107,1.0343809127807617,,,
189,,87149,0.651992917060852,1.408132553100586,,,
189,,87199,0.9057002067565918,0.6788196563720703,,,
189,,87249,0.7096380591392517,1.6041784286499023,,,
189,,87299,0.6647816300392151,1.1585019826889038,,,
189,,87349,0.6401323080062866,0.9309855103492737,,,
189,,87399,0.8971499800682068,1.3432745933532715,,,
189,0.5196431875228882,87399,,,0.6170313986679353,1.2308781147003174,0.7075551748275757
190,,87449,0.5757885575294495,1.5847952365875244,,,
190,,87499,0.7053002715110779,1.2037689685821533,,,
190,,87549,0.5086698532104492,1.362776756286621,,,
190,,87599,0.5389999151229858,1.0837092399597168,,,
190,,87649,0.7590616941452026,0.7845491170883179,,,
190,,87699,0.8801836371421814,0.8229317665100098,,,
190,,87749,0.5615943670272827,1.725219488143921,,,
190,,87799,0.5856099724769592,1.3649070262908936,,,
190,,87849,0.6220833659172058,0.9042625427246094,,,
190,0.5321632027626038,87859,,,0.6378279189887183,1.2629451751708984,0.6385566592216492
191,,87899,0.7061997652053833,0.9962977170944214,,,
191,,87949,0.954681396484375,0.9595007300376892,,,
191,,87999,0.5528561472892761,1.118887186050415,,,
191,,88049,0.879136860370636,0.7916114330291748,,,
191,,88099,0.8848511576652527,0.8687369227409363,,,
191,,88149,0.7699850797653198,1.497046709060669,,,
191,,88199,0.8921508193016052,0.9319908618927002,,,
191,,88249,0.7311564683914185,1.2783403396606445,,,
191,,88299,0.62096107006073,0.9893394112586975,,,
191,0.5288689136505127,88319,,,0.48518417833355987,1.4982826709747314,0.4480430781841278
192,,88349,0.6740483045578003,1.3808093070983887,,,
192,,88399,0.8551826477050781,0.9260759353637695,,,
192,,88449,1.1632816791534424,1.0514153242111206,,,
192,,88499,0.9955262541770935,0.8204576969146729,,,
192,,88549,0.7372843623161316,1.3277653455734253,,,
192,,88599,0.6793571710586548,1.165846586227417,,,
192,,88649,0.8643476366996765,0.9928061366081238,,,
192,,88699,0.7584068775177002,0.9891762733459473,,,
192,,88749,0.5701672434806824,1.09266197681427,,,
192,0.521144449710846,88779,,,0.6591681391871687,1.2383922338485718,0.7416395545005798
193,,88799,0.862835168838501,1.1937017440795898,,,
193,,88849,0.8450920581817627,1.0886210203170776,,,
193,,88899,1.0097848176956177,0.8219550251960754,,,
193,,88949,0.47348612546920776,1.1395381689071655,,,
193,,88999,0.6481272578239441,1.2037487030029297,,,
193,,89049,0.8446570634841919,1.3018677234649658,,,
193,,89099,0.5268293619155884,1.3675026893615723,,,
193,,89149,0.8460073471069336,0.9362974166870117,,,
193,,89199,0.6425760984420776,1.1778790950775146,,,
193,0.5294391512870789,89239,,,0.5065243985320104,1.4007703065872192,0.5904005169868469
194,,89249,1.0796864032745361,0.804102897644043,,,
194,,89299,1.0173797607421875,0.8137716054916382,,,
194,,89349,0.9820703864097595,0.9571853876113892,,,
194,,89399,0.9738789796829224,0.7655523419380188,,,
194,,89449,0.9847675561904907,0.9045941829681396,,,
194,,89499,0.8908154368400574,1.1974599361419678,,,
194,,89549,0.7062253952026367,1.455625057220459,,,
194,,89599,0.7935113906860352,1.2921901941299438,,,
194,,89649,0.8205577731132507,1.389699935913086,,,
194,,89699,0.7150599956512451,0.8617857694625854,,,
194,0.5279245376586914,89699,,,0.5184178333559875,1.3203004598617554,0.5636231303215027
195,,89749,1.063934326171875,0.8835666179656982,,,
195,,89799,0.36583220958709717,1.5577243566513062,,,
195,,89849,0.9688538312911987,1.0173193216323853,,,
195,,89899,1.0414518117904663,1.0195826292037964,,,
195,,89949,0.7736662030220032,1.1742658615112305,,,
195,,89999,0.7361195087432861,1.2668356895446777,,,
195,,90049,0.6291100978851318,1.6319162845611572,,,
195,,90099,0.7366045713424683,1.5292737483978271,,,
195,,90149,0.6393386721611023,1.0581598281860352,,,
195,0.526986837387085,90159,,,0.5869240179420959,1.298449993133545,0.5809376239776611
196,,90199,0.761211097240448,1.3881430625915527,,,
196,,90249,0.6038922667503357,1.233180046081543,,,
196,,90299,0.8865867853164673,0.9376130104064941,,,
196,,90349,0.9056092500686646,1.008994221687317,,,
196,,90399,0.8477888107299805,1.1145156621932983,,,
196,,90449,0.5019168853759766,1.2111937999725342,,,
196,,90499,1.2640262842178345,1.0200488567352295,,,
196,,90549,0.7180111408233643,1.780253529548645,,,
196,,90599,0.6188507080078125,1.1444766521453857,,,
196,0.5273944139480591,90619,,,0.45657197227130625,1.4342581033706665,0.5339477062225342
197,,90649,1.0246771574020386,1.074632167816162,,,
197,,90699,0.8451980948448181,0.8890337944030762,,,
197,,90749,0.6935225129127502,0.849579930305481,,,
197,,90799,0.7020347118377686,1.1060577630996704,,,
197,,90849,0.6583114862442017,1.5422745943069458,,,
197,,90899,0.7923393845558167,0.8405007123947144,,,
197,,90949,0.7567917108535767,1.5935215950012207,,,
197,,90999,0.5361645221710205,1.2231533527374268,,,
197,,91049,0.45611947774887085,1.325864315032959,,,
197,0.5283522009849548,91079,,,0.6410901182547234,1.2748233079910278,0.7490310072898865
198,,91099,0.6395238041877747,0.9554244875907898,,,
198,,91149,0.5766214728355408,1.285862684249878,,,
198,,91199,0.7440028190612793,1.150195837020874,,,
198,,91249,0.7745852470397949,1.5431442260742188,,,
198,,91299,0.8037319183349609,0.8103649616241455,,,
198,,91349,0.8579655289649963,0.9803106784820557,,,
198,,91399,1.1812971830368042,1.1748424768447876,,,
198,,91449,0.5456070899963379,1.999385952949524,,,
198,,91499,0.8871097564697266,0.7385767102241516,,,
198,0.5332234501838684,91539,,,0.5693217344026098,1.3074127435684204,0.6746627688407898
199,,91549,0.7366551160812378,0.9585946202278137,,,
199,,91599,0.7073487043380737,0.8627591729164124,,,
199,,91649,0.7134237289428711,0.8032776117324829,,,
199,,91699,0.9194819331169128,0.8134812116622925,,,
199,,91749,0.7571837902069092,1.0526680946350098,,,
199,,91799,0.595005989074707,1.3818236589431763,,,
199,,91849,0.7971842288970947,1.2451403141021729,,,
199,,91899,0.8947699666023254,1.0894644260406494,,,
199,,91949,0.6926294565200806,1.1424717903137207,,,
199,,91999,0.9237279891967773,1.5713858604431152,,,
199,0.5196431875228882,91999,,,0.5233790947397037,1.3094991445541382,0.616585373878479
200,,92049,1.4423670768737793,1.0031710863113403,,,
200,,92099,0.7168331146240234,1.227622389793396,,,
200,,92149,0.8264068365097046,1.164072036743164,,,
200,,92199,0.7317249774932861,1.0401439666748047,,,
200,,92249,0.9573579430580139,1.2209409475326538,,,
200,,92299,0.5707525610923767,0.9780231714248657,,,
200,,92349,0.6464651823043823,1.209083080291748,,,
200,,92399,0.8519546985626221,1.2889323234558105,,,
200,,92449,0.7705518007278442,1.1403142213821411,,,
200,0.5245344638824463,92459,,,0.5154954465135245,1.32225501537323,0.6034757494926453
201,,92499,0.5935208797454834,1.3527183532714844,,,
201,,92549,0.8770331740379333,0.8411573767662048,,,
201,,92599,0.7945223450660706,0.9211467504501343,,,
201,,92649,0.7089572548866272,1.3395476341247559,,,
201,,92699,0.5857217907905579,1.3046813011169434,,,
201,,92749,0.9014664888381958,1.7026633024215698,,,
201,,92799,0.741671085357666,1.068387746810913,,,
201,,92849,0.6404228210449219,1.359744668006897,,,
201,,92899,0.7940406799316406,0.7353807091712952,,,
201,0.529303252696991,92919,,,0.47315481854016583,1.5012900829315186,0.45167601108551025
202,,92949,0.7458251714706421,0.8937292098999023,,,
202,,92999,0.8963097929954529,1.3060715198516846,,,
202,,93049,1.105913519859314,1.0693116188049316,,,
202,,93099,0.9561341404914856,0.7473584413528442,,,
202,,93149,0.5441818237304688,1.2710635662078857,,,
202,,93199,0.6477558612823486,0.598418653011322,,,
202,,93249,1.0551608800888062,1.144091010093689,,,
202,,93299,0.6892681121826172,1.0941482782363892,,,
202,,93349,0.6921507120132446,1.5110688209533691,,,
202,0.5267284512519836,93379,,,0.6196819355715645,1.2955223321914673,0.7351736426353455
203,,93399,0.9899977445602417,1.0453786849975586,,,
203,,93449,0.6059184074401855,1.3553848266601562,,,
203,,93499,0.5002726316452026,1.4376071691513062,,,
203,,93549,0.6232837438583374,1.2036391496658325,,,
203,,93599,0.8181589841842651,2.0013203620910645,,,
203,,93649,0.8182108402252197,1.0095748901367188,,,
203,,93699,0.8621209859848022,1.31096613407135,,,
203,,93749,0.8018170595169067,1.5124962329864502,,,
203,,93799,0.7080461382865906,1.402320146560669,,,
203,0.5313413143157959,93839,,,0.5347288296860133,1.3225160837173462,0.6207242608070374
204,,93849,0.8405354619026184,1.002946376800537,,,
204,,93899,0.9075987339019775,1.183098316192627,,,
204,,93949,0.5906789898872375,1.0178196430206299,,,
204,,93999,0.8238361477851868,1.0059897899627686,,,
204,,94049,0.8475181460380554,1.1468908786773682,,,
204,,94099,0.7579247951507568,1.1421089172363281,,,
204,,94149,0.7896642684936523,1.176145315170288,,,
204,,94199,0.6601352691650391,1.5978134870529175,,,
204,,94249,0.93450528383255,1.1168885231018066,,,
204,,94299,0.7998162508010864,1.6200156211853027,,,
204,0.5332368016242981,94299,,,0.7535000679624847,1.234047532081604,0.8259578347206116
205,,94349,0.7743688225746155,1.111107349395752,,,
205,,94399,0.7745562195777893,0.9250224828720093,,,
205,,94449,0.9528923034667969,0.9679632782936096,,,
205,,94499,0.6427226066589355,1.0789237022399902,,,
205,,94549,0.8476520776748657,0.7839183211326599,,,
205,,94599,1.2538284063339233,1.2076101303100586,,,
205,,94649,0.7228379845619202,1.1096314191818237,,,
205,,94699,0.8957607746124268,0.903853714466095,,,
205,,94749,0.7532157301902771,1.319406509399414,,,
205,0.5325641632080078,94759,,,0.4622808209868153,1.3479852676391602,0.6690318584442139
206,,94799,1.0458245277404785,0.740425169467926,,,
206,,94849,0.827571451663971,1.288407802581787,,,
206,,94899,0.6188908815383911,1.2983559370040894,,,
206,,94949,0.6982578039169312,1.4339839220046997,,,
206,,94999,0.6943252086639404,1.2128357887268066,,,
206,,95049,0.49859461188316345,1.06208074092865,,,
206,,95099,0.5202706456184387,1.046373724937439,,,
206,,95149,1.16354238986969,1.6247297525405884,,,
206,,95199,0.6335787177085876,1.147521734237671,,,
206,0.5352681875228882,95219,,,0.4832812287617235,1.492616891860962,0.44182026386260986
207,,95249,0.7368940711021423,1.4026148319244385,,,
207,,95299,0.519616961479187,1.309964656829834,,,
207,,95349,1.00766921043396,1.6310296058654785,,,
207,,95399,0.7060996890068054,1.144984245300293,,,
207,,95449,0.7611434459686279,1.0295586585998535,,,
207,,95499,0.5703867673873901,1.2424652576446533,,,
207,,95549,1.2540860176086426,1.0567975044250488,,,
207,,95599,0.9591522812843323,1.0800416469573975,,,
207,,95649,1.0195839405059814,1.5117368698120117,,,
207,0.5307778120040894,95679,,,0.6190023107244801,1.3075449466705322,0.8463338613510132
208,,95699,0.8523435592651367,1.416508436203003,,,
208,,95749,0.8362925052642822,0.6983001828193665,,,
208,,95799,0.45686089992523193,1.2915817499160767,,,
208,,95849,1.0626438856124878,1.2624443769454956,,,
208,,95899,0.6836025714874268,1.0869030952453613,,,
208,,95949,0.993191123008728,1.1476129293441772,,,
208,,95999,0.6648174524307251,1.2743134498596191,,,
208,,96049,0.5358939170837402,2.3984932899475098,,,
208,,96099,0.4368768632411957,1.0179872512817383,,,
208,0.5268442630767822,96139,,,0.5123012097322278,1.3702157735824585,0.602632999420166
209,,96149,0.7633665800094604,1.8891732692718506,,,
209,,96199,0.8185225129127502,0.8939172625541687,,,
209,,96249,0.7880192995071411,1.0502969026565552,,,
209,,96299,0.5590929985046387,1.6357476711273193,,,
209,,96349,0.7124941349029541,1.1397596597671509,,,
209,,96399,0.912385106086731,1.119718074798584,,,
209,,96449,0.8875821232795715,1.710035800933838,,,
209,,96499,0.8702268004417419,0.9735339879989624,,,
209,,96549,0.8378803730010986,1.379384160041809,,,
209,,96599,1.1279573440551758,1.1350213289260864,,,
209,0.5021093487739563,96599,,,0.4722713062389561,1.4073169231414795,0.48265326023101807
210,,96649,0.7674455642700195,0.7386624813079834,,,
210,,96699,0.6642135381698608,1.5298361778259277,,,
210,,96749,0.6632766127586365,1.0763942003250122,,,
210,,96799,0.8742548227310181,1.295177698135376,,,
210,,96849,1.0282785892486572,1.0659910440444946,,,
210,,96899,0.7059597373008728,0.9754999876022339,,,
210,,96949,0.6913708448410034,1.2846099138259888,,,
210,,96999,0.7043623328208923,0.8990304470062256,,,
210,,97049,0.850547730922699,1.308178186416626,,,
210,0.5274010896682739,97059,,,0.4653391327986951,1.4790825843811035,0.48907026648521423
211,,97099,0.9809662103652954,1.003392219543457,,,
211,,97149,0.67374587059021,1.0789697170257568,,,
211,,97199,0.7489814162254333,1.004361629486084,,,
211,,97249,0.8818597197532654,1.3472929000854492,,,
211,,97299,1.0775425434112549,0.885780394077301,,,
211,,97349,0.7549962997436523,1.273566484451294,,,
211,,97399,0.9418512582778931,0.9112778306007385,,,
211,,97449,0.716383695602417,1.1379518508911133,,,
211,,97499,0.731573224067688,0.8267506957054138,,,
211,0.5261648893356323,97519,,,0.5067282859861356,1.3518321514129639,0.5209280848503113
212,,97549,0.6180372834205627,1.164931058883667,,,
212,,97599,0.992185115814209,1.2096037864685059,,,
212,,97649,0.8118507266044617,0.948038637638092,,,
212,,97699,0.9318364262580872,0.7695237994194031,,,
212,,97749,0.7245767116546631,0.9285833835601807,,,
212,,97799,0.5681542158126831,1.2069153785705566,,,
212,,97849,0.6593006253242493,0.8150818347930908,,,
212,,97899,1.008946418762207,0.7568339109420776,,,
212,,97949,0.9699876308441162,0.6852234601974487,,,
212,0.5210085511207581,97979,,,0.5673508223460649,1.3802671432495117,0.6232073307037354
213,,97999,0.9026424884796143,0.8520150184631348,,,
213,,98049,0.8474266529083252,0.9075955152511597,,,
213,,98099,0.7647939920425415,1.0330636501312256,,,
213,,98149,0.6907200217247009,1.3760607242584229,,,
213,,98199,0.874183177947998,1.1859668493270874,,,
213,,98249,0.6974409818649292,1.486332654953003,,,
213,,98299,0.585841178894043,2.0001747608184814,,,
213,,98349,0.7141374945640564,1.3657984733581543,,,
213,,98399,0.6957929134368896,0.7711360454559326,,,
213,0.5399144887924194,98439,,,0.5659915726518961,1.308704137802124,0.6908769607543945
214,,98449,0.7232397198677063,1.2817411422729492,,,
214,,98499,0.7675533294677734,1.4429545402526855,,,
214,,98549,0.6754490733146667,1.1205167770385742,,,
214,,98599,0.9062168598175049,0.8530111312866211,,,
214,,98649,1.020521879196167,1.821736216545105,,,
214,,98699,0.5427230000495911,1.4316339492797852,,,
214,,98749,0.887998104095459,1.1925402879714966,,,
214,,98799,0.8231023550033569,1.5658615827560425,,,
214,,98849,0.9766627550125122,0.749972939491272,,,
214,,98899,0.785028338432312,1.0362293720245361,,,
214,0.5348873138427734,98899,,,0.5306510806035069,1.3443986177444458,0.5354999303817749
215,,98949,0.6829800605773926,1.3341238498687744,,,
215,,98999,0.7500013113021851,1.2245705127716064,,,
215,,99049,0.7297434210777283,1.3657160997390747,,,
215,,99099,0.8114038705825806,1.0991058349609375,,,
215,,99149,0.5541493892669678,0.7719448208808899,,,
215,,99199,0.733243465423584,1.434676170349121,,,
215,,99249,0.8194108605384827,0.9037859439849854,,,
215,,99299,0.8097958564758301,0.9499760866165161,,,
215,,99349,0.7473942041397095,2.226673126220703,,,
215,0.5272518992424011,99359,,,0.4745140682343347,1.4163438081741333,0.5857893228530884
216,,99399,0.7848383784294128,1.2370219230651855,,,
216,,99449,0.7655715942382812,0.8984391689300537,,,
216,,99499,1.054125189781189,1.0385487079620361,,,
216,,99549,0.4170190095901489,1.173419713973999,,,
216,,99599,0.7210272550582886,1.4032044410705566,,,
216,,99649,0.6264364123344421,1.563352108001709,,,
216,,99699,0.9095209836959839,1.1306511163711548,,,
216,,99749,0.6368623375892639,0.9743127226829529,,,
216,,99799,0.6749963760375977,1.2321500778198242,,,
216,0.5297108888626099,99819,,,0.4943591137691994,1.432352066040039,0.5029931664466858
217,,99849,0.9070990085601807,1.173274278640747,,,
217,,99899,0.8802803158760071,1.5392591953277588,,,
217,,99949,0.6241528987884521,1.155413269996643,,,
217,,99999,1.0942370891571045,0.8592010736465454,,,
217,,100049,1.2927656173706055,0.9219099283218384,,,
217,,100099,0.8345785737037659,1.1636285781860352,,,
217,,100149,0.6073663234710693,1.4563298225402832,,,
217,,100199,0.5696357488632202,1.3245723247528076,,,
217,,100249,0.6394203901290894,1.139116644859314,,,
217,0.5207301378250122,100279,,,0.5292918309093381,1.345515489578247,0.4958130717277527
218,,100299,0.520864725112915,1.629290223121643,,,
218,,100349,0.8206614851951599,1.346405267715454,,,
218,,100399,0.6544311046600342,1.6739065647125244,,,
218,,100449,1.108274221420288,1.4218087196350098,,,
218,,100499,0.9763967990875244,1.2024946212768555,,,
218,,100549,1.0047516822814941,0.8705508708953857,,,
218,,100599,0.733823299407959,1.0516536235809326,,,
218,,100649,0.46738675236701965,1.133960485458374,,,
218,,100699,0.4468350410461426,1.3192143440246582,,,
218,0.5117627382278442,100739,,,0.5381949164061438,1.29586923122406,0.7215859889984131
219,,100749,0.6693587303161621,1.2828924655914307,,,
219,,100799,0.8064911961555481,1.9639906883239746,,,
219,,100849,0.6313244104385376,1.444932222366333,,,
219,,100899,1.1755032539367676,1.3333992958068848,,,
219,,100949,0.8095135688781738,0.9572942852973938,,,
219,,100999,0.8003587126731873,1.0066981315612793,,,
219,,101049,0.9437050819396973,1.6045289039611816,,,
219,,101099,0.7532755732536316,0.776626467704773,,,
219,,101149,0.7583014965057373,1.4109388589859009,,,
219,,101199,0.69919753074646,1.5947529077529907,,,
219,0.5290181636810303,101199,,,0.4722713062389561,1.421204686164856,0.5170409679412842
220,,101249,0.7379333972930908,1.0093591213226318,,,
220,,101299,0.6770626306533813,1.2656021118164062,,,
220,,101349,1.159285545349121,0.7131529450416565,,,
220,,101399,0.8929029703140259,1.3057434558868408,,,
220,,101449,0.5853849649429321,1.3046208620071411,,,
220,,101499,0.673758327960968,1.0298349857330322,,,
220,,101549,0.5636113882064819,0.8805487155914307,,,
220,,101599,0.8074490427970886,0.9300957918167114,,,
220,,101649,0.884356677532196,0.7658019661903381,,,
220,0.5216745138168335,101659,,,0.4525621856735082,1.504529356956482,0.4513808786869049
221,,101699,0.6222338080406189,1.182887077331543,,,
221,,101749,0.5332785844802856,1.0012215375900269,,,
221,,101799,0.6144757270812988,1.4056899547576904,,,
221,,101849,0.403083860874176,1.3164788484573364,,,
221,,101899,0.696578860282898,0.6991190910339355,,,
221,,101949,0.5379805564880371,1.3099782466888428,,,
221,,101999,0.5654937028884888,1.913686990737915,,,
221,,102049,0.7369409799575806,1.3834228515625,,,
221,,102099,0.8213403224945068,1.2800183296203613,,,
221,0.5132573246955872,102119,,,0.507543835802637,1.3910813331604004,0.5570352673530579
222,,102149,0.8082591891288757,0.9370898008346558,,,
222,,102199,0.9020759463310242,1.236472487449646,,,
222,,102249,0.7595005035400391,1.7807592153549194,,,
222,,102299,0.7876269221305847,1.0929033756256104,,,
222,,102349,0.6460921764373779,1.403325080871582,,,
222,,102399,0.5885640978813171,1.1398611068725586,,,
222,,102449,0.6764768362045288,1.0740026235580444,,,
222,,102499,1.0119538307189941,1.0649895668029785,,,
222,,102549,0.6782294511795044,0.914912760257721,,,
222,0.528889000415802,102579,,,0.5466222645099905,1.3345718383789062,0.54633629322052
223,,102599,0.9651168584823608,0.790141224861145,,,
223,,102649,0.746439516544342,1.0551865100860596,,,
223,,102699,0.571017861366272,1.6557486057281494,,,
223,,102749,0.7766940593719482,0.985942006111145,,,
223,,102799,0.7237601280212402,1.3013041019439697,,,
223,,102849,0.9672950506210327,1.2101590633392334,,,
223,,102899,0.6708520650863647,1.0621123313903809,,,
223,,102949,0.7973785996437073,0.8900814056396484,,,
223,,102999,0.660132110118866,0.9632676839828491,,,
223,0.5170616507530212,103039,,,0.5767976077205382,1.2877187728881836,0.5908207893371582
224,,103049,0.7351198196411133,1.0354251861572266,,,
224,,103099,0.8798422813415527,1.0238394737243652,,,
224,,103149,0.7345141172409058,0.939028263092041,,,
224,,103199,0.7674185037612915,1.3020341396331787,,,
224,,103249,0.6551461219787598,0.8871694803237915,,,
224,,103299,0.9074483513832092,0.873869776725769,,,
224,,103349,0.691645622253418,0.9101417064666748,,,
224,,103399,0.8953453898429871,1.057178258895874,,,
224,,103449,0.7900348901748657,0.9368129968643188,,,
224,,103499,0.5726668834686279,0.9946040511131287,,,
224,0.5295683145523071,103499,,,0.4910289520184858,1.3763290643692017,0.5998480319976807
225,,103549,0.7510188221931458,1.029521107673645,,,
225,,103599,0.6228298544883728,1.2400816679000854,,,
225,,103649,0.8747556805610657,1.2073739767074585,,,
225,,103699,0.46168121695518494,1.4845681190490723,,,
225,,103749,0.5999349355697632,1.1464660167694092,,,
225,,103799,0.7425037026405334,1.7708500623703003,,,
225,,103849,0.8176324367523193,1.234463095664978,,,
225,,103899,0.7644234895706177,1.1473190784454346,,,
225,,103949,0.659257173538208,1.6871275901794434,,,
225,0.5267016887664795,103959,,,0.6043903765121653,1.228691816329956,0.7305876016616821
226,,103999,0.7887077331542969,0.9722014665603638,,,
226,,104049,0.7708395719528198,1.3506646156311035,,,
226,,104099,1.1284199953079224,0.7911509275436401,,,
226,,104149,0.7670613527297974,1.116063117980957,,,
226,,104199,0.7434362769126892,1.5590522289276123,,,
226,,104249,0.8989940881729126,0.9504620432853699,,,
226,,104299,0.3929039239883423,1.2574368715286255,,,
226,,104349,0.8451287746429443,1.0485472679138184,,,
226,,104399,0.7290620803833008,1.1613972187042236,,,
226,0.5290449261665344,104419,,,0.49204838928911243,1.4157066345214844,0.45584458112716675
227,,104449,0.8097468614578247,1.10793137550354,,,
227,,104499,0.6923701167106628,0.8684872984886169,,,
227,,104549,0.9415601491928101,0.8131473064422607,,,
227,,104599,0.7139819860458374,1.1047275066375732,,,
227,,104649,1.2597575187683105,1.0524646043777466,,,
227,,104699,0.7161213755607605,1.2251055240631104,,,
227,,104749,0.7083448171615601,0.9662212133407593,,,
227,,104799,0.8133015632629395,1.3965222835540771,,,
227,,104849,0.7855716943740845,0.8592507243156433,,,
227,0.5320340394973755,104879,,,0.6079244257170042,1.2621490955352783,0.7037636637687683
228,,104899,0.6033419966697693,1.2646992206573486,,,
228,,104949,0.6468067169189453,1.1331278085708618,,,
228,,104999,0.5880914926528931,1.3248722553253174,,,
228,,105049,0.8535188436508179,1.7981822490692139,,,
228,,105099,0.914756715297699,1.6029163599014282,,,
228,,105149,0.39626339077949524,1.176849365234375,,,
228,,105199,0.822014331817627,1.4568474292755127,,,
228,,105249,1.296785831451416,0.7733638286590576,,,
228,,105299,0.6417206525802612,1.0663472414016724,,,
228,0.5246837139129639,105339,,,0.5520592632866658,1.3090558052062988,0.5846138000488281
229,,105349,0.9949215650558472,0.9458777904510498,,,
229,,105399,0.8141583204269409,1.5438358783721924,,,
229,,105449,0.8696510791778564,1.3377289772033691,,,
229,,105499,0.5961786508560181,1.6096571683883667,,,
229,,105549,1.1408876180648804,1.1108858585357666,,,
229,,105599,0.5467919707298279,1.553861141204834,,,
229,,105649,0.6032764911651611,0.9490242004394531,,,
229,,105699,0.9659149646759033,1.2497992515563965,,,
229,,105749,0.8249043226242065,0.8192335367202759,,,
229,,105799,0.7741790413856506,1.6769033670425415,,,
229,0.5206076502799988,105799,,,0.5427484028816093,1.294878363609314,0.6526318192481995
230,,105849,0.6145105361938477,1.0064537525177002,,,
230,,105899,0.5025885105133057,1.3607499599456787,,,
230,,105949,0.6352840662002563,1.1475911140441895,,,
230,,105999,0.9583269357681274,1.2880725860595703,,,
230,,106049,0.6860750913619995,0.9700402021408081,,,
230,,106099,0.5053319931030273,1.213249683380127,,,
230,,106149,0.6306681036949158,1.2625126838684082,,,
230,,106199,0.8730220794677734,1.3413656949996948,,,
230,,106249,0.7054759860038757,1.131938099861145,,,
230,0.5271226763725281,106259,,,0.5481854016582847,1.2943074703216553,0.5479477047920227
231,,106299,0.8167224526405334,0.9896225333213806,,,
231,,106349,1.0139849185943604,1.1114649772644043,,,
231,,106399,0.8775393962860107,1.067590594291687,,,
231,,106449,0.9284088611602783,1.1222282648086548,,,
231,,106499,0.8025690317153931,1.0451323986053467,,,
231,,106549,0.8297931551933289,1.260293960571289,,,
231,,106599,0.8482005596160889,1.0804390907287598,,,
231,,106649,0.7180581092834473,0.8513870239257812,,,
231,,106699,0.8499526977539062,0.6979929208755493,,,
231,0.5302410125732422,106719,,,0.5120973222781025,1.3784077167510986,0.6035722494125366
232,,106749,0.8295541405677795,1.1004722118377686,,,
232,,106799,0.8411039113998413,0.9107406139373779,,,
232,,106849,0.8110537528991699,0.8967810869216919,,,
232,,106899,0.5206060409545898,1.2102556228637695,,,
232,,106949,0.840171754360199,1.0482149124145508,,,
232,,106999,0.7804785370826721,1.3187488317489624,,,
232,,107049,0.778831958770752,1.074463129043579,,,
232,,107099,0.9922400712966919,0.670172929763794,,,
232,,107149,1.6950271129608154,1.0903990268707275,,,
232,0.5218304395675659,107179,,,0.6274296588283268,1.2727851867675781,0.6776290535926819
233,,107199,0.9969292879104614,0.7834032773971558,,,
233,,107249,0.8258557319641113,1.3127174377441406,,,
233,,107299,0.5081055164337158,1.4930849075317383,,,
233,,107349,0.8040213584899902,0.855443000793457,,,
233,,107399,0.8273703455924988,1.298446774482727,,,
233,,107449,0.5761928558349609,1.4672595262527466,,,
233,,107499,0.9363737106323242,0.8597220182418823,,,
233,,107549,0.7338744401931763,1.2733488082885742,,,
233,,107599,1.0182836055755615,1.1214982271194458,,,
233,0.52223140001297,107639,,,0.5020388745412532,1.3862260580062866,0.5546101927757263
234,,107649,0.7619130611419678,1.0375081300735474,,,
234,,107699,0.7661916017532349,1.4028542041778564,,,
234,,107749,0.8975586891174316,0.8425450325012207,,,
234,,107799,0.7984722852706909,1.2417532205581665,,,
234,,107849,0.784993052482605,0.8890994787216187,,,
234,,107899,0.5159716606140137,1.3777735233306885,,,
234,,107949,0.7998960018157959,0.9441689848899841,,,
234,,107999,0.8890737891197205,0.8405523300170898,,,
234,,108049,0.5877249836921692,0.9768791198730469,,,
234,,108099,0.763557493686676,1.5112988948822021,,,
234,0.5166540741920471,108099,,,0.6582846268859589,1.1786142587661743,0.6759876608848572
235,,108149,0.9570832252502441,1.3015785217285156,,,
235,,108199,0.7345356941223145,1.1089768409729004,,,
235,,108249,0.6459633708000183,0.897015392780304,,,
235,,108299,1.4429783821105957,1.080796480178833,,,
235,,108349,0.6758050918579102,1.0620832443237305,,,
235,,108399,0.7144817113876343,1.3185878992080688,,,
235,,108449,0.8421081900596619,1.1419728994369507,,,
235,,108499,0.6150332689285278,1.4473204612731934,,,
235,,108549,0.6336138844490051,1.7533745765686035,,,
235,0.5144667625427246,108559,,,0.5025825744189207,1.3365203142166138,0.5980984568595886
236,,108599,0.6386620998382568,1.3328962326049805,,,
236,,108649,0.7376471757888794,1.1673005819320679,,,
236,,108699,0.8271886110305786,0.8776466846466064,,,
236,,108749,0.7207052707672119,0.9225791692733765,,,
236,,108799,0.522175669670105,1.3464953899383545,,,
236,,108849,0.6318869590759277,1.1466965675354004,,,
236,,108899,0.9517292976379395,1.0884480476379395,,,
236,,108949,0.7351888418197632,1.4308831691741943,,,
236,,108999,1.0907440185546875,1.0187408924102783,,,
236,0.5299692749977112,109019,,,0.5117575098545603,1.2881405353546143,0.7096836566925049
237,,109049,0.8958382606506348,1.1471574306488037,,,
237,,109099,0.5944154262542725,1.4965381622314453,,,
237,,109149,0.6639275550842285,1.3511651754379272,,,
237,,109199,0.9971507787704468,1.0134764909744263,,,
237,,109249,0.8737697601318359,1.3480350971221924,,,
237,,109299,0.8236322402954102,1.0121526718139648,,,
237,,109349,0.8944768905639648,1.0611071586608887,,,
237,,109399,0.7375963926315308,1.2078063488006592,,,
237,,109449,0.6812210083007812,1.4306600093841553,,,
237,0.5110833644866943,109479,,,0.4813782791898872,1.4334759712219238,0.45485061407089233
238,,109499,0.8620651960372925,1.1550936698913574,,,
238,,109549,0.7732445001602173,2.030974864959717,,,
238,,109599,0.7446943521499634,0.9015876054763794,,,
238,,109649,0.4437355399131775,0.9320006966590881,,,
238,,109699,0.6444868445396423,1.523941993713379,,,
238,,109749,0.5159196257591248,1.190881371498108,,,
238,,109799,0.8073536157608032,1.0675725936889648,,,
238,,109849,0.4939677119255066,0.9586116075515747,,,
238,,109899,0.6563975811004639,0.9294208884239197,,,
238,0.5153020024299622,109939,,,0.5068642109555526,1.3516403436660767,0.5597593784332275
239,,109949,0.8257982134819031,1.112619400024414,,,
239,,109999,0.8010275363922119,0.9212344884872437,,,
239,,110049,1.0785473585128784,0.8609992861747742,,,
239,,110099,0.6857017874717712,1.2018985748291016,,,
239,,110149,0.9079872369766235,0.835870623588562,,,
239,,110199,0.7944191098213196,1.3908755779266357,,,
239,,110249,0.5596221089363098,1.1465775966644287,,,
239,,110299,0.8012707233428955,0.8868545293807983,,,
239,,110349,1.2247140407562256,1.0640137195587158,,,
239,,110399,0.8840889930725098,1.27034592628479,,,
239,0.5091812014579773,110399,,,0.4917085768655702,1.393349289894104,0.4703238308429718
240,,110449,0.5879630446434021,1.4246878623962402,,,
240,,110499,0.6839146614074707,0.862247109413147,,,
240,,110549,0.8466842174530029,1.6710715293884277,,,
240,,110599,0.8178683519363403,1.1427687406539917,,,
240,,110649,0.8355312347412109,1.2552294731140137,,,
240,,110699,0.6220669746398926,1.0350760221481323,,,
240,,110749,0.7273128032684326,0.6858116388320923,,,
240,,110799,1.1103708744049072,1.2547883987426758,,,
240,,110849,0.8398562669754028,0.7728815078735352,,,
240,0.5210219025611877,110859,,,0.5577681120021748,1.2975919246673584,0.7134169340133667
241,,110899,0.7093321084976196,0.9290459752082825,,,
241,,110949,0.6365323066711426,0.851455569267273,,,
241,,110999,1.1502238512039185,1.0650014877319336,,,
241,,111049,0.6156650185585022,0.8234972953796387,,,
241,,111099,0.6292489767074585,1.4096053838729858,,,
241,,111149,0.6577954292297363,1.0756304264068604,,,
241,,111199,0.5540848970413208,1.011457920074463,,,
241,,111249,0.9949262142181396,0.9364358186721802,,,
241,,111299,0.7301012873649597,1.961380958557129,,,
241,0.5148877501487732,111319,,,0.513252684518146,1.321579098701477,0.5459343194961548
242,,111349,0.6572586297988892,1.0069429874420166,,,
242,,111399,0.848397433757782,0.8273043632507324,,,
242,,111449,0.7996562719345093,1.1803607940673828,,,
242,,111499,0.7605835199356079,1.3717560768127441,,,
242,,111549,0.8620462417602539,1.3759453296661377,,,
242,,111599,0.832099974155426,1.209560751914978,,,
242,,111649,0.7083615064620972,0.9275671243667603,,,
242,,111699,0.485507607460022,1.8036898374557495,,,
242,,111749,0.9203888177871704,1.1256301403045654,,,
242,0.5172109007835388,111779,,,0.5528068506184586,1.3098911046981812,0.6196277737617493
243,,111799,0.6466306447982788,0.9161410331726074,,,
243,,111849,0.5967486500740051,1.154414415359497,,,
243,,111899,0.6405197381973267,0.8957927823066711,,,
243,,111949,0.6691029667854309,1.4840047359466553,,,
243,,111999,0.6549402475357056,1.3221547603607178,,,
243,,112049,0.6517227292060852,1.0189621448516846,,,
243,,112099,0.6011570692062378,1.1249688863754272,,,
243,,112149,0.4643154740333557,1.2409119606018066,,,
243,,112199,0.8039469718933105,1.2592828273773193,,,
243,0.5269935131072998,112239,,,0.5028544243577545,1.5131840705871582,0.40299177169799805
244,,112249,0.7225819230079651,0.7678468227386475,,,
244,,112299,0.6746657490730286,1.0511448383331299,,,
244,,112349,1.069442868232727,1.158136010169983,,,
244,,112399,0.9348772764205933,1.0054185390472412,,,
244,,112449,0.9993315935134888,1.4510353803634644,,,
244,,112499,0.7586121559143066,1.4955172538757324,,,
244,,112549,0.6955063939094543,1.2512400150299072,,,
244,,112599,0.7050058245658875,1.6178624629974365,,,
244,,112649,0.6707992553710938,1.1537939310073853,,,
244,,112699,0.8697338104248047,0.9331153631210327,,,
244,0.5038689374923706,112699,,,0.4514747859181732,1.4066436290740967,0.5900501012802124
245,,112749,0.9298511743545532,1.2088901996612549,,,
245,,112799,0.637215256690979,1.3157095909118652,,,
245,,112849,0.9781343936920166,0.7816030979156494,,,
245,,112899,0.6845083236694336,1.4788763523101807,,,
245,,112949,0.9089693427085876,0.9967443943023682,,,
245,,112999,0.9001561403274536,1.2235521078109741,,,
245,,113049,0.8486009836196899,0.9845401048660278,,,
245,,113099,0.6978695392608643,1.054565191268921,,,
245,,113149,0.7301937937736511,1.2676039934158325,,,
245,0.5105265378952026,113159,,,0.4966698382492864,1.5810245275497437,0.3137895166873932
246,,113199,0.6907023191452026,1.2477997541427612,,,
246,,113249,0.42656081914901733,1.0629781484603882,,,
246,,113299,0.5000022053718567,1.3321951627731323,,,
246,,113349,0.6063483357429504,1.1180949211120605,,,
246,,113399,0.5411632061004639,1.8303890228271484,,,
246,,113449,1.1941293478012085,1.4494582414627075,,,
246,,113499,0.42467552423477173,1.559105634689331,,,
246,,113549,0.6952061653137207,0.9542803764343262,,,
246,,113599,0.6527882814407349,0.9350838661193848,,,
246,0.5185495615005493,113619,,,0.5015631371482941,1.4063260555267334,0.46757441759109497
247,,113649,0.6629594564437866,0.9965177178382874,,,
247,,113699,1.0572917461395264,0.8323773741722107,,,
247,,113749,0.888279914855957,1.1324193477630615,,,
247,,113799,0.8870201706886292,0.7314361333847046,,,
247,,113849,0.6982775926589966,0.9094451665878296,,,
247,,113899,0.504920244216919,1.3388803005218506,,,
247,,113949,1.1279549598693848,0.9894890785217285,,,
247,,113999,0.8023738861083984,1.3242006301879883,,,
247,,114049,0.714680552482605,1.1969283819198608,,,
247,0.5144867897033691,114079,,,0.4767568302297132,1.3876844644546509,0.580796480178833
248,,114099,0.4727678596973419,1.1856653690338135,,,
248,,114149,1.070965051651001,1.050248622894287,,,
248,,114199,1.0113203525543213,1.028455376625061,,,
248,,114249,0.6807287931442261,1.0731542110443115,,,
248,,114299,0.7717669010162354,1.0250980854034424,,,
248,,114349,0.4929395318031311,1.3429210186004639,,,
248,,114399,0.7892290949821472,1.2287726402282715,,,
248,,114449,0.7451028823852539,1.5393023490905762,,,
248,,114499,0.6384048461914062,1.5404834747314453,,,
248,0.5207434892654419,114539,,,0.519573195596031,1.29862380027771,0.6462042331695557
249,,114549,0.46815183758735657,1.6189465522766113,,,
249,,114599,0.5720052719116211,1.1346943378448486,,,
249,,114649,0.597063422203064,1.462519645690918,,,
249,,114699,0.8199782967567444,1.3174769878387451,,,
249,,114749,0.7552943825721741,1.4010615348815918,,,
249,,114799,0.7794711589813232,1.2664483785629272,,,
249,,114849,0.6401174664497375,0.9661903381347656,,,
249,,114899,0.7877429723739624,1.05079984664917,,,
249,,114949,0.6287121176719666,1.117618441581726,,,
249,,114999,1.0397800207138062,1.2249181270599365,,,
249,0.5215653777122498,114999,,,0.45922250917493546,1.4277892112731934,0.5193467140197754
250,,115049,0.6688007116317749,0.8058900833129883,,,
250,,115099,0.5986266732215881,0.7950019836425781,,,
250,,115149,0.5962772369384766,1.4159456491470337,,,
250,,115199,0.7197792530059814,1.0111044645309448,,,
250,,115249,1.0062525272369385,1.1926913261413574,,,
250,,115299,0.7044471502304077,0.9975645542144775,,,
250,,115349,0.7722325921058655,1.7531301975250244,,,
250,,115399,0.9012901186943054,1.1295589208602905,,,
250,,115449,0.7916213870048523,0.9070948362350464,,,
250,0.522503137588501,115459,,,0.5714285714285714,1.3400007486343384,0.6798624992370605
251,,115499,0.7680116891860962,1.4518895149230957,,,
251,,115549,0.822966992855072,1.008331537246704,,,
251,,115599,0.6296980381011963,1.2028826475143433,,,
251,,115649,0.7064805626869202,2.1455094814300537,,,
251,,115699,0.70806485414505,1.2634270191192627,,,
251,,115749,0.43959230184555054,1.8014845848083496,,,
251,,115799,0.7035673260688782,1.0372729301452637,,,
251,,115849,0.584139347076416,1.1705312728881836,,,
251,,115899,0.9920700192451477,0.8798379898071289,,,
251,0.5178701877593994,115919,,,0.5721081962756558,1.3328099250793457,0.5607934594154358
252,,115949,0.7662338018417358,1.5228842496871948,,,
252,,115999,0.70790696144104,0.9667834639549255,,,
252,,116049,0.6613060235977173,1.3267024755477905,,,
252,,116099,0.5952337980270386,1.3396904468536377,,,
252,,116149,0.8752710819244385,1.3404932022094727,,,
252,,116199,0.8893980383872986,1.0085296630859375,,,
252,,116249,0.5344015955924988,0.9530444145202637,,,
252,,116299,0.5627272725105286,1.250361442565918,,,
252,,116349,0.6880417466163635,1.3728652000427246,,,
252,0.5033321380615234,116379,,,0.5932445290199809,1.2279160022735596,0.6543262600898743
253,,116399,0.5970638394355774,1.0337235927581787,,,
253,,116449,1.0542654991149902,1.1515072584152222,,,
253,,116499,0.696442723274231,1.4688496589660645,,,
253,,116549,0.82770174741745,0.6877808570861816,,,
253,,116599,0.8301523327827454,1.166419267654419,,,
253,,116649,0.9132329225540161,0.9263739585876465,,,
253,,116699,0.5078935027122498,1.1191155910491943,,,
253,,116749,0.9317790269851685,1.3749951124191284,,,
253,,116799,0.6750560998916626,1.138063907623291,,,
253,0.5306419134140015,116839,,,0.4878347152371891,1.3242772817611694,0.7273104190826416
254,,116849,0.6274933815002441,1.296410322189331,,,
254,,116899,0.8535013198852539,0.7139307856559753,,,
254,,116949,1.0638835430145264,1.4667078256607056,,,
254,,116999,0.9674317836761475,1.2521023750305176,,,
254,,117049,0.8703873753547668,0.7617267370223999,,,
254,,117099,0.8575652241706848,0.8832505941390991,,,
254,,117149,0.7165795564651489,1.0289132595062256,,,
254,,117199,0.491418719291687,1.1690983772277832,,,
254,,117249,0.48677778244018555,1.2519817352294922,,,
254,,117299,0.7705901861190796,0.7783730030059814,,,
254,0.533515214920044,117299,,,0.49232023922794615,1.6442298889160156,0.3082563281059265
255,,117349,0.4671168923377991,1.6207096576690674,,,
255,,117399,0.91275554895401,1.7799509763717651,,,
255,,117449,0.8917967677116394,1.0907154083251953,,,
255,,117499,0.7704029083251953,0.8190515637397766,,,
255,,117549,0.6049546003341675,1.0712757110595703,,,
255,,117599,0.4512203335762024,1.6490888595581055,,,
255,,117649,0.5964457988739014,0.9708529710769653,,,
255,,117699,0.5379144549369812,1.5277000665664673,,,
255,,117749,0.827475368976593,0.91419517993927,,,
255,0.518705427646637,117759,,,0.4817180916134294,1.3547735214233398,0.5544703006744385
256,,117799,0.6506979465484619,1.354669213294983,,,
256,,117849,0.6258520483970642,1.0465619564056396,,,
256,,117899,0.9429720640182495,0.9587557315826416,,,
256,,117949,0.6247343420982361,0.8241415023803711,,,
256,,117999,0.6843592524528503,1.3567718267440796,,,
256,,118049,0.7245392799377441,1.2030316591262817,,,
256,,118099,0.5639568567276001,1.2273461818695068,,,
256,,118149,0.6714451909065247,1.1064529418945312,,,
256,,118199,0.6273751854896545,1.809213638305664,,,
256,0.529846727848053,118219,,,0.6192061981786054,1.2526739835739136,0.6578271389007568
257,,118249,0.7300916314125061,1.2163370847702026,,,
257,,118299,0.6340397596359253,1.4337921142578125,,,
257,,118349,0.8663780689239502,1.48177969455719,,,
257,,118399,0.7466521263122559,1.0497721433639526,,,
257,,118449,0.5819569230079651,0.8904941082000732,,,
257,,118499,0.6757098436355591,1.337388038635254,,,
257,,118549,0.5870473384857178,1.1385459899902344,,,
257,,118599,0.7356646060943604,1.4002346992492676,,,
257,,118649,0.7271946668624878,1.097925066947937,,,
257,0.5212669372558594,118679,,,0.6187984232703547,1.3101540803909302,0.7092645764350891
258,,118699,1.0593950748443604,0.6734160780906677,,,
258,,118749,0.7595941424369812,1.147901177406311,,,
258,,118799,1.1063449382781982,1.0638034343719482,,,
258,,118849,0.6274299621582031,1.1691821813583374,,,
258,,118899,1.2134720087051392,1.48876953125,,,
258,,118949,0.9630972743034363,1.2972846031188965,,,
258,,118999,0.7093074321746826,1.093209981918335,,,
258,,119049,0.9006904363632202,1.0859665870666504,,,
258,,119099,0.5999983549118042,1.737459421157837,,,
258,0.5263074636459351,119139,,,0.4967378007339948,1.3622431755065918,0.6070743799209595
259,,119149,0.8639439940452576,0.7088322639465332,,,
259,,119199,0.4648658335208893,1.2553319931030273,,,
259,,119249,0.9414731860160828,1.5031356811523438,,,
259,,119299,0.8207985162734985,0.6962873935699463,,,
259,,119349,0.6366522312164307,1.2634429931640625,,,
259,,119399,0.7028942108154297,1.4338042736053467,,,
259,,119449,0.6256396174430847,1.118902564048767,,,
259,,119499,0.7808935046195984,0.8764797449111938,,,
259,,119549,0.9948853850364685,1.1364092826843262,,,
259,,119599,0.5683314800262451,1.1293792724609375,,,
259,0.5186987519264221,119599,,,0.6101671877123828,1.3041303157806396,0.599981427192688
260,,119649,0.6469638347625732,1.409536600112915,,,
260,,119699,0.808679461479187,1.381454586982727,,,
260,,119749,0.8781728744506836,0.7149837017059326,,,
260,,119799,0.5847980380058289,1.1353118419647217,,,
260,,119849,0.7503048181533813,1.1022615432739258,,,
260,,119899,0.6987723708152771,1.2960139513015747,,,
260,,119949,0.7771847248077393,1.7610489130020142,,,
260,,119999,0.8668359518051147,1.2669073343276978,,,
260,,120049,0.854897141456604,0.8182090520858765,,,
260,0.5185695886611938,120059,,,0.5644963979883104,1.3361529111862183,0.5763968825340271
261,,120099,0.7024489641189575,1.2473735809326172,,,
261,,120149,0.6443365812301636,1.1962041854858398,,,
261,,120199,0.6015191078186035,1.2000173330307007,,,
261,,120249,0.7702628970146179,0.7695276737213135,,,
261,,120299,0.6224417686462402,1.5501240491867065,,,
261,,120349,0.8149317502975464,0.8917809724807739,,,
261,,120399,0.6301255822181702,1.0940749645233154,,,
261,,120449,0.637104332447052,1.2509841918945312,,,
261,,120499,0.4529855251312256,1.5167988538742065,,,
261,0.5200641751289368,120519,,,0.49293190159032213,1.4824150800704956,0.3997105062007904
262,,120549,0.71197509765625,1.4293444156646729,,,
262,,120599,0.7377776503562927,0.929114580154419,,,
262,,120649,0.6919859647750854,1.0475995540618896,,,
262,,120699,0.8307691812515259,1.0022344589233398,,,
262,,120749,0.355219304561615,1.5897027254104614,,,
262,,120799,0.4427637457847595,1.2068047523498535,,,
262,,120849,1.1039466857910156,0.9484151601791382,,,
262,,120899,1.0168378353118896,1.160236120223999,,,
262,,120949,0.8039146661758423,0.885019063949585,,,
262,0.5324282646179199,120979,,,0.5567486747315482,1.3836792707443237,0.5319459438323975
263,,120999,0.8699934482574463,0.8295947909355164,,,
263,,121049,0.8351140022277832,0.8934886455535889,,,
263,,121099,0.6224633455276489,1.2242079973220825,,,
263,,121149,0.5693238973617554,1.236067771911621,,,
263,,121199,0.7545418739318848,1.2634751796722412,,,
263,,121249,0.8894784450531006,1.0408507585525513,,,
263,,121299,0.8447529077529907,1.10067617893219,,,
263,,121349,0.673796534538269,1.1576062440872192,,,
263,,121399,0.9425259828567505,1.6166996955871582,,,
263,0.5197991132736206,121439,,,0.48763082778306377,1.432414174079895,0.462761789560318
264,,121449,1.0256760120391846,1.5578851699829102,,,
264,,121499,0.6966850161552429,0.843969464302063,,,
264,,121549,0.5397825837135315,1.0677540302276611,,,
264,,121599,0.8113210201263428,1.0971430540084839,,,
264,,121649,0.7665011882781982,0.8769344687461853,,,
264,,121699,0.7225021123886108,0.8887359499931335,,,
264,,121749,1.0681897401809692,1.4870686531066895,,,
264,,121799,1.0755510330200195,0.9671329855918884,,,
264,,121849,0.7835959196090698,1.163309097290039,,,
264,,121899,0.6167718768119812,1.022698998451233,,,
264,0.5172175765037537,121899,,,0.5235150197091205,1.364661693572998,0.5095677971839905
265,,121949,0.8793401718139648,0.769814133644104,,,
265,,121999,0.8538928031921387,0.9374256134033203,,,
265,,122049,0.7968417406082153,1.02715003490448,,,
265,,122099,0.7001631855964661,1.0400946140289307,,,
265,,122149,0.5859847068786621,1.055100917816162,,,
265,,122199,0.7146816253662109,0.6963846683502197,,,
265,,122249,0.8196026086807251,1.2314459085464478,,,
265,,122299,0.9484273791313171,1.0486321449279785,,,
265,,122349,0.5731731653213501,1.04091477394104,,,
265,0.5018442869186401,122359,,,0.4939513388609488,1.3833950757980347,0.5326111316680908
266,,122399,0.8064897060394287,1.119775652885437,,,
266,,122449,0.6864669322967529,0.8895659446716309,,,
266,,122499,0.8257443308830261,1.3057483434677124,,,
266,,122549,0.7526770234107971,0.8207290172576904,,,
266,,122599,0.8465580940246582,0.7645014524459839,,,
266,,122649,0.5976069569587708,0.7893024682998657,,,
266,,122699,0.8091892600059509,1.1652758121490479,,,
266,,122749,0.9129749536514282,1.3052384853363037,,,
266,,122799,0.7431334257125854,1.1899666786193848,,,
266,0.4958726763725281,122819,,,0.5517194508631236,1.3418147563934326,0.5503175258636475
267,,122849,0.4536360204219818,0.949286937713623,,,
267,,122899,0.891326904296875,1.0928740501403809,,,
267,,122949,0.4829254746437073,1.1221973896026611,,,
267,,122999,0.8477960824966431,1.0966956615447998,,,
267,,123049,0.9861900210380554,0.9662812948226929,,,
267,,123099,0.6400426626205444,1.0591424703598022,,,
267,,123149,0.7859742641448975,0.740919828414917,,,
267,,123199,0.6573904752731323,1.057657241821289,,,
267,,123249,0.48107412457466125,0.8479557037353516,,,
267,0.5139299631118774,123279,,,0.5982737528884056,1.2874473333358765,0.5470516085624695
268,,123299,0.902402937412262,1.0143465995788574,,,
268,,123349,0.6180649995803833,1.2475509643554688,,,
268,,123399,0.8574892282485962,1.8501460552215576,,,
268,,123449,0.8317222595214844,1.3070487976074219,,,
268,,123499,1.2897388935089111,0.8305388689041138,,,
268,,123549,0.753107488155365,1.020925760269165,,,
268,,123599,0.9616283178329468,0.8953121900558472,,,
268,,123649,0.6743237972259521,1.308929204940796,,,
268,,123699,0.6014225482940674,0.993245542049408,,,
268,0.5011448860168457,123739,,,0.5509718635313307,1.3199981451034546,0.6090553402900696
269,,123749,0.7477626204490662,0.9828053712844849,,,
269,,123799,1.0442886352539062,1.6227858066558838,,,
269,,123849,0.7814161777496338,1.2022488117218018,,,
269,,123899,0.9698231220245361,0.9783517718315125,,,
269,,123949,0.5300195217132568,1.183939814567566,,,
269,,123999,0.8196382522583008,0.670013427734375,,,
269,,124049,0.5995681285858154,0.9125948548316956,,,
269,,124099,0.6743836998939514,1.0724411010742188,,,
269,,124149,0.7064720988273621,0.963101863861084,,,
269,,124199,0.7700318694114685,0.9625164270401001,,,
269,0.517204225063324,124199,,,0.504621448960174,1.3771854639053345,0.5645569562911987
270,,124249,0.6014164090156555,1.1705589294433594,,,
270,,124299,1.337199091911316,1.6967027187347412,,,
270,,124349,0.6529126763343811,1.0148699283599854,,,
270,,124399,0.4812523126602173,1.194841980934143,,,
270,,124449,0.840467631816864,1.0811082124710083,,,
270,,124499,0.7183147668838501,1.0862698554992676,,,
270,,124549,0.5168260335922241,1.1706825494766235,,,
270,,124599,0.8003050088882446,1.1054214239120483,,,
270,,124649,0.7062684297561646,1.091658353805542,,,
270,0.5166674256324768,124659,,,0.5304471931493815,1.3512459993362427,0.5406566858291626
271,,124699,0.7760345339775085,1.5562922954559326,,,
271,,124749,0.7902112007141113,1.1628748178482056,,,
271,,124799,0.5826908946037292,1.0728957653045654,,,
271,,124849,0.8112145662307739,1.3217813968658447,,,
271,,124899,0.8310758471488953,1.4901304244995117,,,
271,,124949,0.7352372407913208,0.9756327271461487,,,
271,,124999,0.8900743126869202,0.8280606269836426,,,
271,,125049,0.7218626737594604,1.3177047967910767,,,
271,,125099,0.747040867805481,1.229186773300171,,,
271,0.5177543759346008,125119,,,0.5394862036156042,1.3269503116607666,0.6322489976882935
272,,125149,0.587968647480011,1.0251076221466064,,,
272,,125199,0.8393728137016296,0.823083758354187,,,
272,,125249,0.6187266111373901,1.296851396560669,,,
272,,125299,0.8263648748397827,1.2675776481628418,,,
272,,125349,0.7868673801422119,1.2586426734924316,,,
272,,125399,0.678199052810669,1.1001715660095215,,,
272,,125449,0.9439078569412231,1.3067131042480469,,,
272,,125499,0.9100207090377808,0.7836579084396362,,,
272,,125549,0.5684336423873901,1.7256255149841309,,,
272,0.5189571380615234,125579,,,0.5584477368492592,1.3100296258926392,0.6235269904136658
273,,125599,0.5940000414848328,1.187744140625,,,
273,,125649,0.6984266042709351,1.084442138671875,,,
273,,125699,0.9292410612106323,1.0523650646209717,,,
273,,125749,0.874198317527771,0.9977484941482544,,,
273,,125799,0.7613043785095215,1.2870962619781494,,,
273,,125849,0.6096212863922119,1.31093168258667,,,
273,,125899,1.4196085929870605,1.020553708076477,,,
273,,125949,0.6819956302642822,0.9376009702682495,,,
273,,125999,0.6964541077613831,1.0840140581130981,,,
273,0.5102681517601013,126039,,,0.6127497621313035,1.258804202079773,0.6641659736633301
274,,126049,0.7456852197647095,0.9244263172149658,,,
274,,126099,0.6832389831542969,0.9747009873390198,,,
274,,126149,0.7417746782302856,1.2494932413101196,,,
274,,126199,0.47821182012557983,1.3722599744796753,,,
274,,126249,0.9352604150772095,0.7716166973114014,,,
274,,126299,0.5758628845214844,0.804837703704834,,,
274,,126349,0.8882545828819275,1.3426191806793213,,,
274,,126399,0.751919150352478,1.4888536930084229,,,
274,,126449,0.7016526460647583,1.1960885524749756,,,
274,,126499,0.4320852756500244,1.4094229936599731,,,
274,0.5133931636810303,126499,,,0.6243033845317385,1.265289068222046,0.677914023399353
275,,126549,0.6440362930297852,0.9990624189376831,,,
275,,126599,0.5418159365653992,1.5595968961715698,,,
275,,126649,0.8062398433685303,1.0184552669525146,,,
275,,126699,0.9719488024711609,0.9102398157119751,,,
275,,126749,0.6427782773971558,1.2942734956741333,,,
275,,126799,0.5532318353652954,1.4471909999847412,,,
275,,126849,0.7254678010940552,1.136152744293213,,,
275,,126899,0.623353123664856,1.0788099765777588,,,
275,,126949,0.9167922735214233,0.8270487785339355,,,
275,0.5195006132125854,126959,,,0.5532825880114177,1.3604665994644165,0.702425479888916
276,,126999,0.9296345710754395,1.2510852813720703,,,
276,,127049,0.4824250638484955,1.0768647193908691,,,
276,,127099,0.6331347227096558,1.337606430053711,,,
276,,127149,0.5498296618461609,1.8197352886199951,,,
276,,127199,1.0040812492370605,0.8674792647361755,,,
276,,127249,0.9308351874351501,1.195299506187439,,,
276,,127299,0.4896705746650696,1.2817332744598389,,,
276,,127349,0.6835600733757019,1.4589245319366455,,,
276,,127399,0.43138521909713745,1.5821290016174316,,,
276,0.5094462633132935,127419,,,0.4845725159711839,1.3926669359207153,0.5003201961517334
277,,127449,0.7380908727645874,2.1158742904663086,,,
277,,127499,0.8538552522659302,1.1922993659973145,,,
277,,127549,0.6086488962173462,1.2809991836547852,,,
277,,127599,0.7490419149398804,1.0844779014587402,,,
277,,127649,0.7478221654891968,1.055497407913208,,,
277,,127699,0.8740114569664001,1.4049912691116333,,,
277,,127749,0.6100955009460449,1.0459046363830566,,,
277,,127799,0.7611446380615234,0.9873268604278564,,,
277,,127849,0.9406899809837341,1.1739269495010376,,,
277,0.5129789113998413,127879,,,0.4988446377599565,1.366797685623169,0.5290753245353699
278,,127899,0.6081840991973877,1.1454541683197021,,,
278,,127949,0.8611640334129333,1.0089519023895264,,,
278,,127999,0.9368221759796143,1.2971086502075195,,,
278,,128049,1.063818335533142,0.8735975027084351,,,
278,,128099,1.0164456367492676,1.2174932956695557,,,
278,,128149,0.793959379196167,1.212249517440796,,,
278,,128199,0.8657206296920776,1.5416642427444458,,,
278,,128249,0.9670712947845459,0.9516205787658691,,,
278,,128299,0.8087303638458252,0.823278546333313,,,
278,0.5156962871551514,128339,,,0.5812151692265869,1.3209304809570312,0.7601125240325928
279,,128349,0.679276704788208,1.206783413887024,,,
279,,128399,0.9038718938827515,0.8064332008361816,,,
279,,128449,0.9916003942489624,1.2577351331710815,,,
279,,128499,0.7431504726409912,1.2363263368606567,,,
279,,128549,0.5375649929046631,1.824587345123291,,,
279,,128599,0.952265739440918,0.8042095899581909,,,
279,,128649,0.9095215201377869,1.4815853834152222,,,
279,,128699,0.5754103660583496,1.1290602684020996,,,
279,,128749,0.7304778099060059,1.1693148612976074,,,
279,,128799,0.47455504536628723,1.7154066562652588,,,
279,0.5184270143508911,128799,,,0.5031262742965883,1.4015361070632935,0.4931916296482086
280,,128849,0.5851720571517944,1.3133682012557983,,,
280,,128899,0.6472340822219849,1.2066307067871094,,,
280,,128949,0.9249970316886902,1.5383188724517822,,,
280,,128999,0.8998755812644958,1.667393445968628,,,
280,,129049,0.7027866244316101,0.9465576410293579,,,
280,,129099,0.44957035779953003,1.143954873085022,,,
280,,129149,0.4439925253391266,1.4809852838516235,,,
280,,129199,0.6007020473480225,1.2187422513961792,,,
280,,129249,0.9483520984649658,1.254601240158081,,,
280,0.5083726644515991,129259,,,0.5290199809705043,1.3381651639938354,0.5685271620750427
281,,129299,0.8250681161880493,1.0315945148468018,,,
281,,129349,0.8081521987915039,1.2371103763580322,,,
281,,129399,0.7094680070877075,1.5745716094970703,,,
281,,129449,1.047288179397583,1.2324179410934448,,,
281,,129499,0.9685301780700684,0.8642740249633789,,,
281,,129549,0.8401725888252258,0.7655190229415894,,,
281,,129599,0.9440792798995972,0.9327744245529175,,,
281,,129649,0.8654651641845703,1.0984456539154053,,,
281,,129699,0.6899735927581787,0.9822534322738647,,,
281,0.5089027881622314,129719,,,0.5178061709936115,1.3510080575942993,0.5015997290611267
282,,129749,0.8680356740951538,1.925797700881958,,,
282,,129799,0.8379206657409668,0.9424057006835938,,,
282,,129849,0.6923570036888123,1.521240472793579,,,
282,,129899,0.7920172214508057,0.960458517074585,,,
282,,129949,0.8263152837753296,0.7830127477645874,,,
282,,129999,0.4222680926322937,1.0055310726165771,,,
282,,130049,0.8673179149627686,1.4488558769226074,,,
282,,130099,0.6714481115341187,0.9118003845214844,,,
282,,130149,0.8724483251571655,0.7530354261398315,,,
282,0.5257506370544434,130179,,,0.55056408862308,1.3252980709075928,0.581044614315033
283,,130199,0.8293879628181458,1.0446302890777588,,,
283,,130249,0.6107303500175476,2.0375707149505615,,,
283,,130299,0.5765551924705505,1.0167465209960938,,,
283,,130349,0.9243923425674438,1.0654736757278442,,,
283,,130399,0.7024712562561035,1.3230259418487549,,,
283,,130449,0.6872928142547607,1.4235522747039795,,,
283,,130499,1.345712661743164,0.972170889377594,,,
283,,130549,1.1159039735794067,1.1159942150115967,,,
283,,130599,0.5493939518928528,1.750617504119873,,,
283,0.524405300617218,130639,,,0.5404376784015223,1.3303420543670654,0.5485782027244568
284,,130649,0.6673848628997803,0.9705232381820679,,,
284,,130699,0.9003539085388184,1.3788270950317383,,,
284,,130749,0.7500501871109009,1.4231491088867188,,,
284,,130799,0.6784383058547974,1.1570236682891846,,,
284,,130849,0.8711018562316895,0.9610479474067688,,,
284,,130899,0.462121844291687,1.4629749059677124,,,
284,,130949,0.6814723014831543,1.7502690553665161,,,
284,,130999,0.8251326084136963,0.8386991024017334,,,
284,,131049,1.1514910459518433,0.6574852466583252,,,
284,,131099,0.6684767007827759,1.3343305587768555,,,
284,0.5173267126083374,131099,,,0.5224955824384939,1.3768901824951172,0.4921283423900604
285,,131149,0.6138796806335449,1.2919009923934937,,,
285,,131199,0.6849610209465027,1.3582649230957031,,,
285,,131249,0.7750271558761597,0.903422474861145,,,
285,,131299,0.7457122802734375,1.4279015064239502,,,
285,,131349,0.6217488646507263,1.461050033569336,,,
285,,131399,0.6881198883056641,0.9322052597999573,,,
285,,131449,0.6978575587272644,1.3660619258880615,,,
285,,131499,0.6215198636054993,1.13126540184021,,,
285,,131549,0.6796602606773376,0.8568317890167236,,,
285,0.5181352496147156,131559,,,0.6310316705178741,1.226419448852539,0.6068235039710999
286,,131599,0.6590925455093384,0.9589707851409912,,,
286,,131649,0.6089708209037781,2.038883686065674,,,
286,,131699,0.58771812915802,1.5959668159484863,,,
286,,131749,0.6897057294845581,1.715888500213623,,,
286,,131799,0.677858829498291,1.154732584953308,,,
286,,131849,0.5314550995826721,1.2984118461608887,,,
286,,131899,0.47987306118011475,1.0093662738800049,,,
286,,131949,0.5639678239822388,1.6892144680023193,,,
286,,131999,0.5412794947624207,1.2754926681518555,,,
286,0.5159613490104675,132019,,,0.4794073671333424,1.3983206748962402,0.5613020658493042
287,,132049,0.9939584732055664,1.0579701662063599,,,
287,,132099,0.8268262147903442,1.5088218450546265,,,
287,,132149,0.7293382287025452,1.0769946575164795,,,
287,,132199,0.5785003304481506,1.0204803943634033,,,
287,,132249,0.7667441368103027,1.3627283573150635,,,
287,,132299,1.0941596031188965,1.0278944969177246,,,
287,,132349,0.578137218952179,1.451416015625,,,
287,,132399,0.8320224285125732,1.115627646446228,,,
287,,132449,0.7506130337715149,1.062366247177124,,,
287,0.5101189613342285,132479,,,0.5394182411308958,1.2976237535476685,0.570084273815155
288,,132499,0.883418619632721,1.9475932121276855,,,
288,,132549,0.7632178068161011,1.2241969108581543,,,
288,,132599,0.9537793397903442,1.0731843709945679,,,
288,,132649,1.0569628477096558,0.9654867053031921,,,
288,,132699,1.3228721618652344,1.3030121326446533,,,
288,,132749,0.7253499031066895,1.22944176197052,,,
288,,132799,0.7579115033149719,1.1093964576721191,,,
288,,132849,0.7898694276809692,0.9181182980537415,,,
288,,132899,0.6728515625,0.767754077911377,,,
288,0.511090099811554,132939,,,0.48912600244664944,1.3461556434631348,0.611717939376831
289,,132949,1.046879768371582,0.9963446855545044,,,
289,,132999,0.7725253701210022,0.9384168386459351,,,
289,,133049,0.7090654373168945,1.2023776769638062,,,
289,,133099,0.6914469599723816,1.5199832916259766,,,
289,,133149,0.878537654876709,1.3554048538208008,,,
289,,133199,0.7587570548057556,1.3347808122634888,,,
289,,133249,0.9145345687866211,1.1825296878814697,,,
289,,133299,0.72569739818573,1.2052788734436035,,,
289,,133349,0.4174128770828247,0.9749537706375122,,,
289,,133399,0.5954264402389526,1.067795753479004,,,
289,0.5087602734565735,133399,,,0.5625934484164741,1.2987005710601807,0.628938615322113
290,,133449,0.9691793918609619,0.8683332800865173,,,
290,,133499,0.8138285279273987,1.0160878896713257,,,
290,,133549,0.9340807795524597,1.0059800148010254,,,
290,,133599,0.7707692980766296,1.0724389553070068,,,
290,,133649,0.8163586258888245,0.9040203094482422,,,
290,,133699,1.0389103889465332,0.8455092310905457,,,
290,,133749,0.5836275815963745,1.4790431261062622,,,
290,,133799,0.7213239669799805,1.3775389194488525,,,
290,,133849,0.507386326789856,0.7858188152313232,,,
290,0.5213894248008728,133859,,,0.626546146527117,1.2350635528564453,0.6693867444992065
291,,133899,0.7704359292984009,1.192015290260315,,,
291,,133949,0.8546026349067688,1.2535500526428223,,,
291,,133999,0.7497808933258057,1.2050236463546753,,,
291,,134049,0.9238505363464355,1.0382111072540283,,,
291,,134099,0.7518957853317261,1.0831356048583984,,,
291,,134149,0.47311991453170776,1.6376690864562988,,,
291,,134199,0.7602444291114807,1.5922656059265137,,,
291,,134249,0.7096524238586426,1.5406715869903564,,,
291,,134299,0.5501664876937866,1.0204252004623413,,,
291,0.5121569633483887,134319,,,0.5837297811607992,1.2837460041046143,0.6026560068130493
292,,134349,0.5424886345863342,0.751983106136322,,,
292,,134399,0.7233313322067261,1.0082229375839233,,,
292,,134449,0.45069777965545654,1.2269847393035889,,,
292,,134499,0.6939163208007812,2.027341365814209,,,
292,,134549,0.9765454530715942,1.2103227376937866,,,
292,,134599,0.6904857158660889,1.2896097898483276,,,
292,,134649,0.619759738445282,1.1577876806259155,,,
292,,134699,0.8180104494094849,0.8573715090751648,,,
292,,134749,0.9810376167297363,1.2554445266723633,,,
292,0.5105265378952026,134779,,,0.5551855375832541,1.301020860671997,0.6541256308555603
293,,134799,0.9129182696342468,0.9417827129364014,,,
293,,134849,0.7991254329681396,0.7156437635421753,,,
293,,134899,0.7695056200027466,1.3162319660186768,,,
293,,134949,0.7201533913612366,1.3308908939361572,,,
293,,134999,0.6794226169586182,1.5095405578613281,,,
293,,135049,0.7759751081466675,0.9185184240341187,,,
293,,135099,0.5454464554786682,1.090116262435913,,,
293,,135149,1.0197449922561646,1.2088762521743774,,,
293,,135199,1.0687451362609863,1.0809555053710938,,,
293,0.5132439136505127,135239,,,0.5485931765665353,1.3816756010055542,0.5398945212364197
294,,135249,0.7143142223358154,1.3802801370620728,,,
294,,135299,0.5747039318084717,1.548285722732544,,,
294,,135349,0.8629356026649475,1.003720998764038,,,
294,,135399,0.7729899287223816,1.1314395666122437,,,
294,,135449,0.5663836002349854,1.7613635063171387,,,
294,,135499,0.4165841341018677,1.1209638118743896,,,
294,,135549,1.056051254272461,1.1312382221221924,,,
294,,135599,0.6272873878479004,1.0027015209197998,,,
294,,135649,0.876380205154419,1.0642518997192383,,,
294,,135699,0.7731308937072754,1.061597228050232,,,
294,0.5025102496147156,135699,,,0.5212042952290336,1.512915015220642,0.41158950328826904
295,,135749,0.7163400650024414,1.1303613185882568,,,
295,,135799,0.7474648356437683,1.0445020198822021,,,
295,,135849,1.1683369874954224,1.7138359546661377,,,
295,,135899,0.7702583074569702,0.7294955253601074,,,
295,,135949,0.9220507740974426,1.3959681987762451,,,
295,,135999,0.5821356177330017,1.2906893491744995,,,
295,,136049,0.9159342050552368,0.8195319175720215,,,
295,,136099,0.6963133811950684,1.3038959503173828,,,
295,,136149,0.8836089968681335,1.1331980228424072,,,
295,0.5189571380615234,136159,,,0.5492728014136197,1.3125792741775513,0.5819876194000244
296,,136199,0.741689920425415,1.0435702800750732,,,
296,,136249,0.5260635018348694,1.477229118347168,,,
296,,136299,0.9197447896003723,1.6949347257614136,,,
296,,136349,1.0603593587875366,1.7382712364196777,,,
296,,136399,0.7518718242645264,1.9214205741882324,,,
296,,136449,0.5920889377593994,1.5429911613464355,,,
296,,136499,1.0179067850112915,1.0855200290679932,,,
296,,136549,0.8226024508476257,0.9142332077026367,,,
296,,136599,0.7620592713356018,1.265717625617981,,,
296,0.5155871510505676,136619,,,0.45997009650672827,1.3913198709487915,0.53719162940979
297,,136649,0.8080211877822876,1.0274150371551514,,,
297,,136699,0.8457428216934204,0.8780588507652283,,,
297,,136749,0.7000318765640259,1.4607013463974,,,
297,,136799,0.7423574328422546,1.0883638858795166,,,
297,,136849,0.8690065145492554,1.2273046970367432,,,
297,,136899,0.7607564926147461,1.0301228761672974,,,
297,,136949,0.5739431381225586,1.2145335674285889,,,
297,,136999,0.7702300548553467,1.502486228942871,,,
297,,137049,0.42280644178390503,1.5532498359680176,,,
297,0.5075374245643616,137079,,,0.5013592496941688,1.3843196630477905,0.46667176485061646
298,,137099,0.7932794094085693,0.9411383867263794,,,
298,,137149,0.5461078882217407,1.364336609840393,,,
298,,137199,0.6551017761230469,1.127054214477539,,,
298,,137249,1.155278205871582,1.0708410739898682,,,
298,,137299,0.6418183445930481,1.479325294494629,,,
298,,137349,0.8141790628433228,0.9350098967552185,,,
298,,137399,0.7953670620918274,1.0254757404327393,,,
298,,137449,1.124571442604065,0.9725925922393799,,,
298,,137499,0.91704261302948,1.4612095355987549,,,
298,0.5099964141845703,137539,,,0.5984096778578225,1.2745126485824585,0.6632368564605713
299,,137549,0.6607915163040161,1.7759621143341064,,,
299,,137599,0.5216294527053833,1.474900722503662,,,
299,,137649,0.41782692074775696,1.329967737197876,,,
299,,137699,0.6184600591659546,1.3221004009246826,,,
299,,137749,0.5609604716300964,1.2700793743133545,,,
299,,137799,0.6979289650917053,1.0819785594940186,,,
299,,137849,0.6839364171028137,0.9692567586898804,,,
299,,137899,0.5793509483337402,1.4921600818634033,,,
299,,137949,0.6222513914108276,1.4705255031585693,,,
299,,137999,0.6832479238510132,1.3659228086471558,,,
299,0.5106691122055054,137999,,,0.5655158352589371,1.2766814231872559,0.6548095345497131
