epoch,step,train_discriminator_loss,train_generator_loss,validation_discriminator_loss,validation_generator_loss
0,49,0.08587252348661423,1.4072346687316895,,
0,99,0.05980931594967842,0.7404993772506714,,
0,149,0.19697779417037964,0.9127369523048401,,
0,199,0.04150842875242233,1.037092924118042,,
0,249,0.01606283150613308,1.2222981452941895,,
0,299,0.5867999792098999,2.783158540725708,,
0,349,0.12260711193084717,1.8304166793823242,,
0,399,0.06552202999591827,0.9464882612228394,,
0,449,0.04356924071907997,1.3649685382843018,,
0,459,,,0.2656957805156708,0.7082363367080688
1,499,0.03031112253665924,1.1091687679290771,,
1,549,0.06415565311908722,0.8399868607521057,,
1,599,0.017731716856360435,1.0395145416259766,,
1,649,0.02468201518058777,0.926534116268158,,
1,699,0.05123594030737877,1.4772472381591797,,
1,749,0.026543935760855675,0.9399985074996948,,
1,799,0.028072908520698547,1.1765551567077637,,
1,849,0.027745094150304794,1.0665642023086548,,
1,899,0.03467757999897003,1.434955358505249,,
1,919,,,0.4292025566101074,0.22338461875915527
2,949,0.02452610805630684,1.3412376642227173,,
2,999,0.025250041857361794,1.4173930883407593,,
2,1049,0.024400882422924042,1.192251443862915,,
2,1099,0.06814500689506531,0.8552083969116211,,
2,1149,0.17664699256420135,0.5398909449577332,,
2,1199,0.03815767914056778,1.1214765310287476,,
2,1249,0.07332755625247955,1.0302619934082031,,
2,1299,0.1743192970752716,0.9416441917419434,,
2,1349,0.1444074511528015,1.854149580001831,,
2,1379,,,0.32190626859664917,0.605415940284729
3,1399,0.12384539842605591,0.7452822923660278,,
3,1449,0.04526938870549202,1.5758163928985596,,
3,1499,0.05994753539562225,1.251895546913147,,
3,1549,0.03768004849553108,1.0342934131622314,,
3,1599,0.12194862216711044,2.1790852546691895,,
3,1649,0.11350077390670776,0.6801919937133789,,
3,1699,0.050466082990169525,1.066821813583374,,
3,1749,0.08243996649980545,1.154728889465332,,
3,1799,0.12074745446443558,0.9051814079284668,,
3,1839,,,0.252890020608902,0.6137933135032654
4,1849,0.08257220685482025,1.9441192150115967,,
4,1899,0.06319236755371094,0.9358170032501221,,
4,1949,0.168748140335083,0.7722950577735901,,
4,1999,0.05662771314382553,1.1094496250152588,,
4,2049,0.15581583976745605,1.010534644126892,,
4,2099,0.09205178916454315,0.9487885236740112,,
4,2149,0.0853605642914772,0.8121979236602783,,
4,2199,0.09051571041345596,1.2828922271728516,,
4,2249,0.18445801734924316,0.7591617107391357,,
4,2299,0.09387963265180588,0.8770368695259094,,
4,2299,,,0.33371400833129883,0.638616681098938
5,2349,0.11891011893749237,1.3692200183868408,,
5,2399,0.18281342089176178,1.497148036956787,,
5,2449,0.1253928244113922,1.2040417194366455,,
5,2499,0.10925979912281036,1.1893631219863892,,
5,2549,0.07847384363412857,1.3194665908813477,,
5,2599,0.11524360626935959,1.6761982440948486,,
5,2649,0.060702428221702576,1.5050053596496582,,
5,2699,0.07715313881635666,0.9292751550674438,,
5,2749,0.16789701581001282,0.8391206860542297,,
5,2759,,,0.33757641911506653,0.6227754950523376
6,2799,0.16436712443828583,0.8694214224815369,,
6,2849,0.12101087719202042,0.8633437752723694,,
6,2899,0.2665190100669861,0.712916374206543,,
6,2949,0.14570358395576477,1.0743697881698608,,
6,2999,0.1081293374300003,1.2601370811462402,,
6,3049,0.08131740242242813,1.575809121131897,,
6,3099,0.0685107558965683,1.1635562181472778,,
6,3149,0.3602057695388794,0.6634329557418823,,
6,3199,0.2768603265285492,1.2248128652572632,,
6,3219,,,0.3760737180709839,0.7162981033325195
7,3249,0.20200875401496887,1.3875985145568848,,
7,3299,0.08957448601722717,1.0412592887878418,,
7,3349,0.1434471756219864,0.7839870452880859,,
7,3399,0.10048370063304901,1.0165598392486572,,
7,3449,0.138990119099617,0.5972400903701782,,
7,3499,0.08441659808158875,0.9222097396850586,,
7,3549,0.04369613528251648,1.1808855533599854,,
7,3599,0.14899452030658722,0.9327945709228516,,
7,3649,0.38004475831985474,0.6898249387741089,,
7,3679,,,0.37340760231018066,0.4186113178730011
8,3699,0.03411933779716492,1.1587700843811035,,
8,3749,0.07375824451446533,0.9395235180854797,,
8,3799,0.07847687602043152,1.1103929281234741,,
8,3849,0.07905735820531845,0.9239639043807983,,
8,3899,0.11040337383747101,0.569709837436676,,
8,3949,0.117810919880867,1.5061566829681396,,
8,3999,0.05140772461891174,1.0029819011688232,,
8,4049,0.04029545187950134,1.1755105257034302,,
8,4099,0.03411642834544182,1.1255502700805664,,
8,4139,,,0.33385831117630005,0.5339303612709045
9,4149,0.11199677735567093,1.8993319272994995,,
9,4199,0.058285392820835114,1.0561182498931885,,
9,4249,0.0992293506860733,1.0717653036117554,,
9,4299,0.14920471608638763,1.0564684867858887,,
9,4349,0.11419948935508728,0.560490608215332,,
9,4399,0.18331317603588104,1.0731498003005981,,
9,4449,0.06765484809875488,1.1556949615478516,,
9,4499,0.10463546216487885,0.8900907039642334,,
9,4549,0.025105737149715424,1.116257667541504,,
9,4599,0.09039510786533356,1.8688009977340698,,
9,4599,,,0.3557213842868805,0.46688875555992126
10,4649,0.03626219555735588,1.2895336151123047,,
10,4699,0.09938734024763107,1.3425908088684082,,
10,4749,0.07861411571502686,0.9219892024993896,,
10,4799,0.03934503346681595,1.461761713027954,,
10,4849,0.10480964183807373,1.4264411926269531,,
10,4899,0.031232202425599098,1.3707606792449951,,
10,4949,0.03396992385387421,1.4024572372436523,,
10,4999,0.12636877596378326,1.5467021465301514,,
10,5049,0.032209306955337524,0.9253200888633728,,
10,5059,,,0.3506945073604584,0.5854809880256653
11,5099,0.021436061710119247,1.4160457849502563,,
11,5149,0.03933560848236084,0.802213728427887,,
11,5199,0.10597045719623566,1.5854942798614502,,
11,5249,0.0450453981757164,0.9238422513008118,,
11,5299,0.12756001949310303,0.5802345275878906,,
11,5349,0.0513061061501503,1.0420169830322266,,
11,5399,0.0964328944683075,1.2248704433441162,,
11,5449,0.04628818482160568,1.7009577751159668,,
11,5499,0.13250207901000977,0.6446657180786133,,
11,5519,,,0.29475849866867065,0.5023339986801147
12,5549,0.05005510523915291,1.1673593521118164,,
12,5599,0.027028413489460945,1.4782401323318481,,
12,5649,0.09948935359716415,1.028045654296875,,
12,5699,0.23132626712322235,0.9886499643325806,,
12,5749,0.13043715059757233,0.8338870406150818,,
12,5799,0.05166510492563248,1.2274057865142822,,
12,5849,0.12230519205331802,1.6642029285430908,,
12,5899,0.07186606526374817,0.996974527835846,,
12,5949,0.026961665600538254,1.2654249668121338,,
12,5979,,,0.36464717984199524,0.4932394325733185
13,5999,0.044513873755931854,1.7245514392852783,,
13,6049,0.05221385508775711,1.2545702457427979,,
13,6099,0.1302904337644577,1.4126248359680176,,
13,6149,0.05949162691831589,0.7061115503311157,,
13,6199,0.08653859794139862,1.0270168781280518,,
13,6249,0.04599950462579727,1.062457799911499,,
13,6299,0.02694854885339737,1.4569039344787598,,
13,6349,0.024688933044672012,0.9669338464736938,,
13,6399,0.12919650971889496,0.771168053150177,,
13,6439,,,0.3291953504085541,0.4215162992477417
14,6449,0.11730943620204926,0.9990155696868896,,
14,6499,0.09119616448879242,0.8651416301727295,,
14,6549,0.11156633496284485,1.5235629081726074,,
14,6599,0.06419342011213303,0.7817440032958984,,
14,6649,0.14251255989074707,1.006116271018982,,
14,6699,0.03742463141679764,0.5913275480270386,,
14,6749,0.04657409340143204,1.0665950775146484,,
14,6799,0.023900382220745087,1.3384690284729004,,
14,6849,0.09512875229120255,1.1141108274459839,,
14,6899,0.2023947387933731,1.6346889734268188,,
14,6899,,,0.2997044324874878,0.4686354696750641
15,6949,0.045148592442274094,1.1441712379455566,,
15,6999,0.02379191666841507,1.2737274169921875,,
15,7049,0.06863602995872498,1.0771489143371582,,
15,7099,0.0815526619553566,2.0860700607299805,,
15,7149,0.023665226995944977,1.16741943359375,,
15,7199,0.0699954479932785,0.952476978302002,,
15,7249,0.05068599805235863,0.8900172710418701,,
15,7299,0.05546471104025841,1.1995322704315186,,
15,7349,0.09784241020679474,1.4904439449310303,,
15,7359,,,0.2815397083759308,0.577768862247467
16,7399,0.07176518440246582,1.2413856983184814,,
16,7449,0.11599812656641006,0.6179263591766357,,
16,7499,0.10045497119426727,0.7696198225021362,,
16,7549,0.060101643204689026,1.2956222295761108,,
16,7599,0.15240927040576935,0.9427388906478882,,
16,7649,0.02579353377223015,1.2407935857772827,,
16,7699,0.06008511036634445,1.6762477159500122,,
16,7749,0.03724835440516472,1.5538151264190674,,
16,7799,0.12646405398845673,1.408411979675293,,
16,7819,,,0.28468430042266846,0.5989985466003418
17,7849,0.06055116280913353,1.2466068267822266,,
17,7899,0.08124111592769623,1.4250209331512451,,
17,7949,0.03279364854097366,1.072344183921814,,
17,7999,0.04460591450333595,1.4484846591949463,,
17,8049,0.06947016716003418,0.8815724849700928,,
17,8099,0.09317769855260849,0.7779860496520996,,
17,8149,0.032121967524290085,1.3586256504058838,,
17,8199,0.04745640978217125,0.7097852230072021,,
17,8249,0.18385426700115204,1.007322072982788,,
17,8279,,,0.34800437092781067,0.4577786326408386
18,8299,0.09826626628637314,0.7122445106506348,,
18,8349,0.18141934275627136,1.7197816371917725,,
18,8399,0.09060294181108475,1.3302236795425415,,
18,8449,0.08712159097194672,1.221797227859497,,
18,8499,0.03410936892032623,1.4298739433288574,,
18,8549,0.06878168880939484,2.1058108806610107,,
18,8599,0.026689179241657257,1.0420565605163574,,
18,8649,0.02346707507967949,1.2753000259399414,,
18,8699,0.1140950620174408,0.9078159332275391,,
18,8739,,,0.35690781474113464,0.7065613269805908
19,8749,0.03206336498260498,0.8531506061553955,,
19,8799,0.09194384515285492,1.1220893859863281,,
19,8849,0.06538084149360657,1.1226998567581177,,
19,8899,0.11061090975999832,0.8677287697792053,,
19,8949,0.025390245020389557,1.0068939924240112,,
19,8999,0.03044819086790085,0.9101531505584717,,
19,9049,0.04202945530414581,1.5897698402404785,,
19,9099,0.030585214495658875,1.1288070678710938,,
19,9149,0.09953868389129639,1.1199510097503662,,
19,9199,0.06842660903930664,1.1295669078826904,,
19,9199,,,0.3321128189563751,0.43282151222229004
20,9249,0.05185985565185547,0.9885337352752686,,
20,9299,0.0494208037853241,0.8801733255386353,,
20,9349,0.04899761080741882,1.6076892614364624,,
20,9399,0.04563552886247635,1.113633155822754,,
20,9449,0.018751252442598343,1.1645978689193726,,
20,9499,0.021218914538621902,0.831015944480896,,
20,9549,0.03224806487560272,1.1992881298065186,,
20,9599,0.03458000347018242,1.356346845626831,,
20,9649,0.059429511427879333,1.2540992498397827,,
20,9659,,,0.3294486403465271,0.4402514100074768
21,9699,0.057101886719465256,0.7814444899559021,,
21,9749,0.0579247884452343,1.1838244199752808,,
21,9799,0.01694098673760891,1.0543835163116455,,
21,9849,0.02911560609936714,1.343313455581665,,
21,9899,0.009650520980358124,1.0714863538742065,,
21,9949,0.024301091209053993,1.0863680839538574,,
21,9999,0.01710512675344944,1.119985818862915,,
21,10049,0.033101875334978104,0.9587604999542236,,
21,10099,0.014228397980332375,0.9282329082489014,,
21,10119,,,0.3430837094783783,0.36868512630462646
22,10149,0.03247169032692909,1.0365253686904907,,
22,10199,0.03485020250082016,0.6776399612426758,,
22,10249,0.0159161314368248,0.9916552901268005,,
22,10299,0.03460317105054855,0.9466826915740967,,
22,10349,0.028816986829042435,0.8320063352584839,,
22,10399,0.10816705226898193,0.8459914922714233,,
22,10449,0.03624967113137245,1.3188104629516602,,
22,10499,0.03503010421991348,1.1258938312530518,,
22,10549,0.04059112071990967,1.0868315696716309,,
22,10579,,,0.3170902132987976,0.36955586075782776
23,10599,0.03310135006904602,0.9474858045578003,,
23,10649,0.01946938782930374,0.7981264591217041,,
23,10699,0.02123972401022911,0.9243607521057129,,
23,10749,0.0281988475471735,1.2852582931518555,,
23,10799,0.04236737638711929,1.328619122505188,,
23,10849,0.14146247506141663,0.8421849012374878,,
23,10899,0.03490887209773064,1.0206141471862793,,
23,10949,0.05706014111638069,1.2733474969863892,,
23,10999,0.05728035420179367,1.2091554403305054,,
23,11039,,,0.29252558946609497,0.49747124314308167
24,11049,0.10979795455932617,0.8791702389717102,,
24,11099,0.05764526128768921,1.510460615158081,,
24,11149,0.06516606360673904,1.0879783630371094,,
24,11199,0.02349148690700531,1.2384687662124634,,
24,11249,0.021864749491214752,0.931707501411438,,
24,11299,0.11795132607221603,1.2568132877349854,,
24,11349,0.13588616251945496,0.5970107316970825,,
24,11399,0.2190239280462265,0.49008679389953613,,
24,11449,0.07521557062864304,1.279894471168518,,
24,11499,0.13920022547245026,1.0077073574066162,,
24,11499,,,0.3142499327659607,0.3866913914680481
25,11549,0.021995874121785164,0.884521484375,,
25,11599,0.056476615369319916,1.431727409362793,,
25,11649,0.06945130228996277,0.8233152627944946,,
25,11699,0.06858322024345398,1.0882573127746582,,
25,11749,0.09016618132591248,0.8314355611801147,,
25,11799,0.02185031771659851,1.053957462310791,,
25,11849,0.08303804695606232,1.055540680885315,,
25,11899,0.11454877257347107,1.662420630455017,,
25,11949,0.050913646817207336,0.868837296962738,,
25,11959,,,0.3364720046520233,0.38204526901245117
26,11999,0.017159584909677505,1.1167948246002197,,
26,12049,0.1293967068195343,0.8770911693572998,,
26,12099,0.10268482565879822,1.1987472772598267,,
26,12149,0.09982244670391083,0.7129145860671997,,
26,12199,0.07216217368841171,1.4331015348434448,,
26,12249,0.054227523505687714,1.3844739198684692,,
26,12299,0.2387986034154892,0.37634849548339844,,
26,12349,0.050490207970142365,0.8978617191314697,,
26,12399,0.0477517805993557,1.1889095306396484,,
26,12419,,,0.3365858197212219,0.5995844006538391
27,12449,0.03603373095393181,1.1644399166107178,,
27,12499,0.017612893134355545,1.3645985126495361,,
27,12549,0.09290259331464767,1.1529827117919922,,
27,12599,0.06166021525859833,0.9122837781906128,,
27,12649,0.021682782098650932,0.7163847088813782,,
27,12699,0.052014924585819244,1.0262224674224854,,
27,12749,0.057221218943595886,0.9178451895713806,,
27,12799,0.30213090777397156,1.0419268608093262,,
27,12849,0.025910258293151855,1.3607077598571777,,
27,12879,,,0.3239901065826416,0.4992324411869049
28,12899,0.06388907134532928,0.7996431589126587,,
28,12949,0.1229821965098381,0.6920976638793945,,
28,12999,0.09795708954334259,0.9441193342208862,,
28,13049,0.09052268415689468,1.0836158990859985,,
28,13099,0.0417872816324234,1.1525132656097412,,
28,13149,0.04672928526997566,0.6234984397888184,,
28,13199,0.05748266726732254,0.8263124227523804,,
28,13249,0.052397847175598145,1.317073941230774,,
28,13299,0.03639093413949013,0.8118388652801514,,
28,13339,,,0.3235853314399719,0.42072659730911255
29,13349,0.03454152122139931,0.9363107681274414,,
29,13399,0.07751137763261795,0.48028114438056946,,
29,13449,0.05756328999996185,0.7962474822998047,,
29,13499,0.05902932211756706,0.8467815518379211,,
29,13549,0.01935572363436222,0.8669973015785217,,
29,13599,0.029165925458073616,1.1576354503631592,,
29,13649,0.03708400949835777,0.9539181590080261,,
29,13699,0.02155790850520134,1.3497986793518066,,
29,13749,0.04563771188259125,0.7551243305206299,,
29,13799,0.03939657285809517,1.5543216466903687,,
29,13799,,,0.35722580552101135,0.4500993490219116
30,13849,0.24817803502082825,1.2903032302856445,,
30,13899,0.030290475115180016,0.6877872943878174,,
30,13949,0.028241630643606186,0.5494544506072998,,
30,13999,0.06367437541484833,0.9397261142730713,,
30,14049,0.10109122842550278,1.1495789289474487,,
30,14099,0.12514816224575043,1.033017635345459,,
30,14149,0.07783524692058563,1.19720458984375,,
30,14199,0.03873234987258911,1.003509521484375,,
30,14249,0.07451945543289185,1.1706963777542114,,
30,14259,,,0.3234836757183075,0.3966503441333771
31,14299,0.02054094523191452,1.2766826152801514,,
31,14349,0.14111150801181793,0.5578181147575378,,
31,14399,0.01297113485634327,1.0427567958831787,,
31,14449,0.10877541452646255,0.9514688849449158,,
31,14499,0.03423439338803291,0.8574971556663513,,
31,14549,0.036885857582092285,1.1758486032485962,,
31,14599,0.10396640747785568,0.5203948020935059,,
31,14649,0.057700324803590775,1.3515229225158691,,
31,14699,0.026651371270418167,1.1187028884887695,,
31,14719,,,0.31954535841941833,0.39268776774406433
32,14749,0.03347571939229965,1.3697009086608887,,
32,14799,0.042843542993068695,1.2043472528457642,,
32,14849,0.03339458256959915,1.494482159614563,,
32,14899,0.012693608179688454,0.9351359605789185,,
32,14949,0.04225769639015198,0.9139276742935181,,
32,14999,0.04805748164653778,0.7400604486465454,,
32,15049,0.028679214417934418,1.9355332851409912,,
32,15099,0.04014548659324646,1.1268107891082764,,
32,15149,0.11829696595668793,1.7518041133880615,,
32,15179,,,0.33990156650543213,0.4819795787334442
33,15199,0.020745016634464264,0.903844952583313,,
33,15249,0.09121040999889374,1.3151112794876099,,
33,15299,0.1607161909341812,1.2626922130584717,,
33,15349,0.194482684135437,1.3555150032043457,,
33,15399,0.09766974300146103,0.9994224905967712,,
33,15449,0.018191859126091003,0.8692196607589722,,
33,15499,0.10099728405475616,1.3153221607208252,,
33,15549,0.02270270138978958,1.372368574142456,,
33,15599,0.035592611879110336,1.368776798248291,,
33,15639,,,0.3502297103404999,0.3801168203353882
34,15649,0.08035771548748016,0.6700224876403809,,
34,15699,0.013342059217393398,0.9513309001922607,,
34,15749,0.02228632941842079,0.9521554112434387,,
34,15799,0.1511671543121338,0.8858301639556885,,
34,15849,0.033841054886579514,0.7535223960876465,,
34,15899,0.032455410808324814,2.0288639068603516,,
34,15949,0.10208582878112793,1.8982481956481934,,
34,15999,0.06537313759326935,1.021323800086975,,
34,16049,0.07505489885807037,0.7091332674026489,,
34,16099,0.07955936342477798,1.1178867816925049,,
34,16099,,,0.3423643112182617,0.4434559643268585
35,16149,0.03255794197320938,0.9388792514801025,,
35,16199,0.08445074409246445,0.7559372186660767,,
35,16249,0.054410822689533234,1.1382976770401,,
35,16299,0.07440248876810074,0.6011342406272888,,
35,16349,0.03624008223414421,0.9893431067466736,,
35,16399,0.049799367785453796,0.8179181218147278,,
35,16449,0.03420634940266609,0.8013933897018433,,
35,16499,0.07891508936882019,0.8684984445571899,,
35,16549,0.09248713403940201,1.2239644527435303,,
35,16559,,,0.3626140058040619,0.3118487596511841
36,16599,0.12079661339521408,1.2818903923034668,,
36,16649,0.1506434679031372,1.1004517078399658,,
36,16699,0.060669802129268646,1.7016152143478394,,
36,16749,0.082599937915802,1.2525852918624878,,
36,16799,0.026745259761810303,1.2842639684677124,,
36,16849,0.03214767575263977,0.9210577011108398,,
36,16899,0.031736209988594055,1.1220953464508057,,
36,16949,0.038399744778871536,1.107500433921814,,
36,16999,0.06211496517062187,0.9437512755393982,,
36,17019,,,0.348692387342453,0.46476665139198303
37,17049,0.019151518121361732,0.8627608418464661,,
37,17099,0.05548049882054329,1.403714656829834,,
37,17149,0.03269428759813309,1.2244824171066284,,
37,17199,0.021275851875543594,0.8316972255706787,,
37,17249,0.026377029716968536,1.1507123708724976,,
37,17299,0.13973921537399292,1.3607349395751953,,
37,17349,0.022428609430789948,0.8444454669952393,,
37,17399,0.06484438478946686,1.2091412544250488,,
37,17449,0.03150612488389015,1.0394726991653442,,
37,17479,,,0.34077268838882446,0.345519095659256
38,17499,0.12017673254013062,0.7243425250053406,,
38,17549,0.07204122841358185,0.8596897721290588,,
38,17599,0.025251612067222595,1.209686040878296,,
38,17649,0.0664278119802475,0.7458337545394897,,
38,17699,0.037230975925922394,0.816105306148529,,
38,17749,0.12583141028881073,0.6778264045715332,,
38,17799,0.028228668496012688,1.0479274988174438,,
38,17849,0.0400836281478405,1.5206153392791748,,
38,17899,0.01870892196893692,0.9870460033416748,,
38,17939,,,0.3759159445762634,0.4200626015663147
39,17949,0.019808821380138397,1.5686769485473633,,
39,17999,0.01683054491877556,0.7714048624038696,,
39,18049,0.02154584415256977,1.2753934860229492,,
39,18099,0.07237809896469116,0.7840520143508911,,
39,18149,0.32361969351768494,1.2713326215744019,,
39,18199,0.12378319352865219,0.42996296286582947,,
39,18249,0.03734735772013664,1.3579862117767334,,
39,18299,0.12086177617311478,1.0762909650802612,,
39,18349,0.06330429017543793,0.835181713104248,,
39,18399,0.07674071192741394,0.9944815635681152,,
39,18399,,,0.33800065517425537,0.44730862975120544
40,18449,0.017548199743032455,1.0909007787704468,,
40,18499,0.018025822937488556,1.548554539680481,,
40,18549,0.033237822353839874,0.9404034614562988,,
40,18599,0.020834382623434067,1.2483017444610596,,
40,18649,0.11520284414291382,0.9998157620429993,,
40,18699,0.0320456326007843,1.078564167022705,,
40,18749,0.11099155992269516,1.4635056257247925,,
40,18799,0.05624677985906601,1.541111707687378,,
40,18849,0.01921185851097107,1.3652663230895996,,
40,18859,,,0.33180344104766846,0.4670426845550537
41,18899,0.027058696374297142,1.1719709634780884,,
41,18949,0.0969800129532814,0.8451638221740723,,
41,18999,0.024864643812179565,1.0866382122039795,,
41,19049,0.02300601825118065,1.6488709449768066,,
41,19099,0.033818669617176056,1.1731879711151123,,
41,19149,0.05855555087327957,0.8190263509750366,,
41,19199,0.02687939815223217,1.478297233581543,,
41,19249,0.12763945758342743,0.632491946220398,,
41,19299,0.02525733783841133,1.0826103687286377,,
41,19319,,,0.3635728061199188,0.48427391052246094
42,19349,0.06531551480293274,1.0235283374786377,,
42,19399,0.15210452675819397,0.5150505304336548,,
42,19449,0.01442788541316986,1.265110969543457,,
42,19499,0.020232316106557846,0.831282377243042,,
42,19549,0.0886763408780098,0.5472346544265747,,
42,19599,0.06645885109901428,1.234008550643921,,
42,19649,0.06248445063829422,0.7393775582313538,,
42,19699,0.017325742170214653,1.0201436281204224,,
42,19749,0.013540840707719326,1.486258625984192,,
42,19779,,,0.38038837909698486,0.4240061342716217
43,19799,0.0647231787443161,0.8593133091926575,,
43,19849,0.02708928845822811,1.2835437059402466,,
43,19899,0.08016273379325867,0.795242428779602,,
43,19949,0.06294206529855728,1.2331260442733765,,
43,19999,0.0834350511431694,1.4354052543640137,,
43,20049,0.016961682587862015,0.9152224063873291,,
43,20099,0.025721943005919456,1.350095272064209,,
43,20149,0.018248822540044785,1.5673449039459229,,
43,20199,0.033832862973213196,1.290067434310913,,
43,20239,,,0.32519444823265076,0.43290480971336365
44,20249,0.04163525253534317,1.4425265789031982,,
44,20299,0.015900714322924614,1.2361063957214355,,
44,20349,0.09936021268367767,0.5472205877304077,,
44,20399,0.02862718515098095,1.02640962600708,,
44,20449,0.06749317795038223,0.8712322115898132,,
44,20499,0.050563566386699677,0.8783777952194214,,
44,20549,0.04706116020679474,1.1574300527572632,,
44,20599,0.10856744647026062,0.37930727005004883,,
44,20649,0.032754141837358475,1.7309235334396362,,
44,20699,0.036343589425086975,1.0610026121139526,,
44,20699,,,0.3344576358795166,0.3629315197467804
45,20749,0.09152474254369736,0.8942137360572815,,
45,20799,0.10897815227508545,0.7362250685691833,,
45,20849,0.029589109122753143,1.2102041244506836,,
45,20899,0.0873914361000061,0.4060332179069519,,
45,20949,0.021357165649533272,1.218841791152954,,
45,20999,0.08810809999704361,0.8839333057403564,,
45,21049,0.04034167528152466,1.1219080686569214,,
45,21099,0.04678862914443016,1.0602226257324219,,
45,21149,0.051984526216983795,1.096869707107544,,
45,21159,,,0.32783079147338867,0.46425580978393555
46,21199,0.04780582711100578,0.8044251799583435,,
46,21249,0.05208343267440796,1.1935349702835083,,
46,21299,0.059795625507831573,1.0261412858963013,,
46,21349,0.0498909130692482,0.8178701400756836,,
46,21399,0.03679557517170906,0.9911848306655884,,
46,21449,0.023699870333075523,0.9908932447433472,,
46,21499,0.05433700978755951,1.2303639650344849,,
46,21549,0.050089623779058456,0.9669552445411682,,
46,21599,0.026624832302331924,1.1572487354278564,,
46,21619,,,0.3622628152370453,0.43342190980911255
47,21649,0.03176891803741455,1.1542940139770508,,
47,21699,0.05544561147689819,0.7139781713485718,,
47,21749,0.016172192990779877,1.127150297164917,,
47,21799,0.19981499016284943,0.5357877016067505,,
47,21849,0.3047993779182434,1.2306227684020996,,
47,21899,0.036953866481781006,0.842822253704071,,
47,21949,0.08784092217683792,1.1467084884643555,,
47,21999,0.015112201683223248,1.326554775238037,,
47,22049,0.02369867078959942,1.2014590501785278,,
47,22079,,,0.34772172570228577,0.41245710849761963
48,22099,0.03613939508795738,1.062610149383545,,
48,22149,0.05263460427522659,0.7022771835327148,,
48,22199,0.026663053780794144,0.834009051322937,,
48,22249,0.07323509454727173,1.1897404193878174,,
48,22299,0.021140526980161667,0.9546522498130798,,
48,22349,0.014156151562929153,0.883836030960083,,
48,22399,0.070921391248703,0.5026125907897949,,
48,22449,0.05595013126730919,0.7277858853340149,,
48,22499,0.04723837599158287,0.901518702507019,,
48,22539,,,0.36694666743278503,0.4068545401096344
49,22549,0.04247448593378067,0.6712065935134888,,
49,22599,0.034173231571912766,1.0148617029190063,,
49,22649,0.02426212653517723,0.7510985136032104,,
49,22699,0.04344819486141205,1.5891108512878418,,
49,22749,0.07651218771934509,0.8654107451438904,,
49,22799,0.0815514326095581,0.8542953133583069,,
49,22849,0.0630955845117569,0.646024227142334,,
49,22899,0.02629910223186016,0.6720267534255981,,
49,22949,0.09410873055458069,0.7184007167816162,,
49,22999,0.06809340417385101,1.2262709140777588,,
49,22999,,,0.35527175664901733,0.44741812348365784
50,23049,0.014736829325556755,1.2156901359558105,,
50,23099,0.04646427184343338,0.8892395496368408,,
50,23149,0.0679163932800293,1.2388854026794434,,
50,23199,0.03000137209892273,1.2614693641662598,,
50,23249,0.02574749104678631,0.8297594785690308,,
50,23299,0.021396223455667496,1.4247846603393555,,
50,23349,0.07543730735778809,0.7337200045585632,,
50,23399,0.026544243097305298,1.0581316947937012,,
50,23449,0.07454628497362137,1.153519868850708,,
50,23459,,,0.402282178401947,0.41438961029052734
51,23499,0.021389298141002655,1.013651967048645,,
51,23549,0.26569730043411255,1.3070875406265259,,
51,23599,0.024614276364445686,1.250004768371582,,
51,23649,0.06699201464653015,0.6607716083526611,,
51,23699,0.14566126465797424,0.7349878549575806,,
51,23749,0.15816214680671692,0.6010925769805908,,
51,23799,0.02813355065882206,1.0818506479263306,,
51,23849,0.10430505871772766,0.8542805910110474,,
51,23899,0.04079187661409378,0.5792844295501709,,
51,23919,,,0.3284953236579895,0.5124815106391907
52,23949,0.12646083533763885,1.429943561553955,,
52,23999,0.029711071401834488,0.7398897409439087,,
52,24049,0.10404185950756073,1.7844517230987549,,
52,24099,0.01984313689172268,1.0135245323181152,,
52,24149,0.41735321283340454,1.0461008548736572,,
52,24199,0.02336478792130947,0.880524754524231,,
52,24249,0.0717824250459671,0.9976395964622498,,
52,24299,0.07120338082313538,0.5628243088722229,,
52,24349,0.016760434955358505,1.1529622077941895,,
52,24379,,,0.3551994264125824,0.3935474157333374
53,24399,0.05764344334602356,0.9559423327445984,,
53,24449,0.02102389931678772,1.6952247619628906,,
53,24499,0.09413310885429382,0.7355623245239258,,
53,24549,0.13100320100784302,1.2197328805923462,,
53,24599,0.027650581672787666,1.0677297115325928,,
53,24649,0.027810482308268547,0.6482598781585693,,
53,24699,0.050522513687610626,0.7999293208122253,,
53,24749,0.053656429052352905,1.5630831718444824,,
53,24799,0.02976229600608349,1.2962563037872314,,
53,24839,,,0.348306804895401,0.3866997957229614
54,24849,0.058989014476537704,0.8864896893501282,,
54,24899,0.033835772424936295,0.770177960395813,,
54,24949,0.03462979942560196,1.1054550409317017,,
54,24999,0.02141856774687767,0.8910411596298218,,
54,25049,0.03229454532265663,0.6775826811790466,,
54,25099,0.029627662152051926,0.9263842105865479,,
54,25149,0.21387025713920593,0.5624366402626038,,
54,25199,0.07002958655357361,0.7054249048233032,,
54,25249,0.013904498890042305,0.9529401659965515,,
54,25299,0.03856547921895981,1.449731707572937,,
54,25299,,,0.34224462509155273,0.42115816473960876
55,25349,0.08088964968919754,0.7315216660499573,,
55,25399,0.03740983083844185,1.1585476398468018,,
55,25449,0.026395604014396667,0.8753429055213928,,
55,25499,0.12512116134166718,0.9928943514823914,,
55,25549,0.11889233440160751,1.1019949913024902,,
55,25599,0.01736488938331604,1.0721410512924194,,
55,25649,0.04723464697599411,1.2650854587554932,,
55,25699,0.06679720431566238,1.1485505104064941,,
55,25749,0.051720038056373596,0.8793036937713623,,
55,25759,,,0.3580109179019928,0.40423670411109924
56,25799,0.05395140126347542,0.7822681069374084,,
56,25849,0.01600460335612297,0.7159929871559143,,
56,25899,0.01785188913345337,0.8498769998550415,,
56,25949,0.11177325993776321,0.8009887933731079,,
56,25999,0.021683819591999054,1.0103081464767456,,
56,26049,0.014016663655638695,0.9202055335044861,,
56,26099,0.06225327029824257,0.9144771099090576,,
56,26149,0.019225968047976494,1.057530403137207,,
56,26199,0.015018492937088013,0.9530959129333496,,
56,26219,,,0.3305797576904297,0.4220274090766907
57,26249,0.4332525134086609,0.3800739049911499,,
57,26299,0.05512923002243042,1.134250283241272,,
57,26349,0.04815848916769028,1.2312175035476685,,
57,26399,0.07156297564506531,0.5624566674232483,,
57,26449,0.017365016043186188,0.8768077492713928,,
57,26499,0.06653572618961334,0.7919440269470215,,
57,26549,0.02927323430776596,1.161426305770874,,
57,26599,0.08757998049259186,0.6049067974090576,,
57,26649,0.02742091938853264,1.0678571462631226,,
57,26679,,,0.34818047285079956,0.4303781986236572
58,26699,0.010754129849374294,0.752930223941803,,
58,26749,0.01898537576198578,1.2473769187927246,,
58,26799,0.08637091517448425,0.8502702713012695,,
58,26849,0.07741738110780716,1.2264564037322998,,
58,26899,0.06075413525104523,0.8601118326187134,,
58,26949,0.09297645837068558,1.5852724313735962,,
58,26999,0.054345984011888504,0.7889411449432373,,
58,27049,0.0392560176551342,0.9010293483734131,,
58,27099,0.21039779484272003,1.36332368850708,,
58,27139,,,0.30822473764419556,0.4994240999221802
59,27149,0.052062466740608215,1.5196900367736816,,
59,27199,0.09502547979354858,0.538632869720459,,
59,27249,0.07185851037502289,0.8033684492111206,,
59,27299,0.07275465130805969,1.1873635053634644,,
59,27349,0.04587828367948532,1.2300323247909546,,
59,27399,0.14736449718475342,0.5990402102470398,,
59,27449,0.02008448913693428,1.2649695873260498,,
59,27499,0.017231490463018417,1.3366758823394775,,
59,27549,0.038787394762039185,1.0142717361450195,,
59,27599,0.0181631650775671,1.5621381998062134,,
59,27599,,,0.35111215710639954,0.387511283159256
60,27649,0.11966993659734726,0.9529432654380798,,
60,27699,0.05207148566842079,1.039884328842163,,
60,27749,0.012227671220898628,1.127837896347046,,
60,27799,0.07037270814180374,1.0059642791748047,,
60,27849,0.018570220097899437,0.9809406399726868,,
60,27899,0.22060048580169678,0.2421019971370697,,
60,27949,0.022793760523200035,1.1595929861068726,,
60,27999,0.04877159744501114,0.9889891147613525,,
60,28049,0.014218108728528023,1.2170748710632324,,
60,28059,,,0.34746745228767395,0.39068803191185
61,28099,0.035032328218221664,1.2084068059921265,,
61,28149,0.021503165364265442,1.0653319358825684,,
61,28199,0.04974072799086571,0.9451634883880615,,
61,28249,0.021089760586619377,0.8207000494003296,,
61,28299,0.028100842610001564,0.9023568034172058,,
61,28349,0.03471499681472778,0.9728335738182068,,
61,28399,0.11079332232475281,0.4983042776584625,,
61,28449,0.04889703541994095,1.5032850503921509,,
61,28499,0.06361661106348038,0.740398108959198,,
61,28519,,,0.3577255606651306,0.28564295172691345
62,28549,0.03879982605576515,0.9441758990287781,,
62,28599,0.050422605127096176,1.6428987979888916,,
62,28649,0.02583334967494011,1.0444656610488892,,
62,28699,0.014269250445067883,1.188857078552246,,
62,28749,0.05181748420000076,1.0855615139007568,,
62,28799,0.010617555119097233,1.2578179836273193,,
62,28849,0.06721723079681396,0.8483407497406006,,
62,28899,0.04716899245977402,1.2086204290390015,,
62,28949,0.04454014450311661,1.276992917060852,,
62,28979,,,0.37569597363471985,0.320637047290802
63,28999,0.030356954783201218,0.8211109042167664,,
63,29049,0.022202711552381516,0.9160782098770142,,
63,29099,0.05439120531082153,0.7559924125671387,,
63,29149,0.13616611063480377,0.5488103032112122,,
63,29199,0.018864775076508522,1.063734769821167,,
63,29249,0.04512900114059448,1.0616607666015625,,
63,29299,0.039202671498060226,0.7723368406295776,,
63,29349,0.2436743527650833,0.4379519820213318,,
63,29399,0.017855297774076462,1.0949385166168213,,
63,29439,,,0.36023348569869995,0.31885308027267456
64,29449,0.012833617627620697,1.3014706373214722,,
64,29499,0.05381157249212265,0.8347057104110718,,
64,29549,0.3491125702857971,0.42967844009399414,,
64,29599,0.2333194762468338,0.7150239944458008,,
64,29649,0.17269708216190338,1.107283353805542,,
64,29699,0.106108658015728,0.6831400990486145,,
64,29749,0.06974951922893524,0.8492652177810669,,
64,29799,0.04056958854198456,0.8294726014137268,,
64,29849,0.04225316643714905,0.6673712730407715,,
64,29899,0.02463766559958458,0.7412703633308411,,
64,29899,,,0.3417207896709442,0.3666859567165375
65,29949,0.08600050210952759,0.5323516130447388,,
65,29999,0.08109317719936371,1.2051911354064941,,
65,30049,0.019933927804231644,0.9508517384529114,,
65,30099,0.030528295785188675,1.4169856309890747,,
65,30149,0.1044226810336113,0.6948534250259399,,
65,30199,0.021766411140561104,0.917883574962616,,
65,30249,0.1313813030719757,1.045847773551941,,
65,30299,0.03288859874010086,1.3450547456741333,,
65,30349,0.032207999378442764,1.661872386932373,,
65,30359,,,0.33209696412086487,0.3754986822605133
66,30399,0.06233885884284973,1.1421246528625488,,
66,30449,0.04158999025821686,1.1985933780670166,,
66,30499,0.031095359474420547,0.928442120552063,,
66,30549,0.15754267573356628,1.2450743913650513,,
66,30599,0.036778584122657776,1.073354721069336,,
66,30649,0.016917452216148376,0.8234987258911133,,
66,30699,0.01176760345697403,0.9691663384437561,,
66,30749,0.060016095638275146,0.8806578516960144,,
66,30799,0.08230243623256683,0.901686429977417,,
66,30819,,,0.40654563903808594,0.26255002617836
67,30849,0.029195791110396385,1.0316758155822754,,
67,30899,0.034362852573394775,1.0451958179473877,,
67,30949,0.025979483500123024,0.8010306358337402,,
67,30999,0.11694858968257904,0.5248025059700012,,
67,31049,0.026016840711236,0.767052948474884,,
67,31099,0.06380858272314072,1.0081634521484375,,
67,31149,0.021153409034013748,1.0065432786941528,,
67,31199,0.03169785067439079,1.169203519821167,,
67,31249,0.028022004291415215,1.5169464349746704,,
67,31279,,,0.3592526614665985,0.37746644020080566
68,31299,0.032410863786935806,0.7098015546798706,,
68,31349,0.05872667208313942,0.9422048330307007,,
68,31399,0.054374776780605316,0.8990914225578308,,
68,31449,0.018548745661973953,1.1738743782043457,,
68,31499,0.011503856629133224,0.6278491020202637,,
68,31549,0.07379622757434845,0.5271191596984863,,
68,31599,0.09999146312475204,1.0234479904174805,,
68,31649,0.021930765360593796,1.1410318613052368,,
68,31699,0.024946723133325577,1.3953872919082642,,
68,31739,,,0.3620692491531372,0.3508116602897644
69,31749,0.0367177315056324,1.5476295948028564,,
69,31799,0.026210995391011238,0.8860839605331421,,
69,31849,0.029018376022577286,1.2934693098068237,,
69,31899,0.055144619196653366,1.0369757413864136,,
69,31949,0.09221716225147247,0.6517150402069092,,
69,31999,0.06313852965831757,0.719919741153717,,
69,32049,0.06687094271183014,0.875425398349762,,
69,32099,0.05230163782835007,0.5715112090110779,,
69,32149,0.028562920168042183,1.008877158164978,,
69,32199,0.013090432621538639,1.3236687183380127,,
69,32199,,,0.31990188360214233,0.3915451467037201
70,32249,0.09562862664461136,1.1786702871322632,,
70,32299,0.34981974959373474,0.6382427215576172,,
70,32349,0.017915351316332817,1.1271628141403198,,
70,32399,0.08468732982873917,1.2572133541107178,,
70,32449,0.023231040686368942,0.8220090270042419,,
70,32499,0.028147030621767044,1.240200161933899,,
70,32549,0.01700488105416298,1.3560943603515625,,
70,32599,0.023094363510608673,0.7340452075004578,,
70,32649,0.042646218091249466,0.8468977808952332,,
70,32659,,,0.3655552864074707,0.4022694230079651
71,32699,0.035933833569288254,1.162348747253418,,
71,32749,0.016781216487288475,1.0876561403274536,,
71,32799,0.013663367368280888,1.0631413459777832,,
71,32849,0.03159713000059128,1.2033038139343262,,
71,32899,0.010207556188106537,0.9912344217300415,,
71,32949,0.02617882378399372,0.9524017572402954,,
71,32999,0.05852484703063965,0.974645733833313,,
71,33049,0.02764337696135044,1.4024085998535156,,
71,33099,0.036094099283218384,0.7298718094825745,,
71,33119,,,0.39585378766059875,0.41785597801208496
72,33149,0.02704465761780739,2.069345712661743,,
72,33199,0.05248415842652321,1.4527897834777832,,
72,33249,0.01724761351943016,1.218989372253418,,
72,33299,0.02718549780547619,0.7815461158752441,,
72,33349,0.02080760896205902,1.3838855028152466,,
72,33399,0.028400834649801254,0.8829509019851685,,
72,33449,0.011682625859975815,1.3283734321594238,,
72,33499,0.015925709158182144,1.347947120666504,,
72,33549,0.024970898404717445,1.165489673614502,,
72,33579,,,0.36932289600372314,0.325655460357666
73,33599,0.08581773936748505,1.114380121231079,,
73,33649,0.041414663195610046,0.8966809511184692,,
73,33699,0.05143021047115326,1.212568759918213,,
73,33749,0.026794422417879105,0.8480675220489502,,
73,33799,0.059234753251075745,0.9332307577133179,,
73,33849,0.07735917717218399,1.7025480270385742,,
73,33899,0.03608106076717377,0.9327758550643921,,
73,33949,0.023509424179792404,1.2778387069702148,,
73,33999,0.06866461783647537,1.1751151084899902,,
73,34039,,,0.352064311504364,0.33939045667648315
74,34049,0.05636487528681755,0.7710084319114685,,
74,34099,0.0697738528251648,0.9721236228942871,,
74,34149,0.05053698271512985,1.1543662548065186,,
74,34199,0.23253710567951202,1.6085047721862793,,
74,34249,0.012113966047763824,1.1720073223114014,,
74,34299,0.2895021438598633,0.8468385338783264,,
74,34349,0.12675324082374573,0.9415061473846436,,
74,34399,0.022536519914865494,1.3410857915878296,,
74,34449,0.043009202927351,0.9739600419998169,,
74,34499,0.34784722328186035,0.7842807769775391,,
74,34499,,,0.37870946526527405,0.3092096149921417
75,34549,0.01478630118072033,1.0197548866271973,,
75,34599,0.08896203339099884,1.0665550231933594,,
75,34649,0.03644951432943344,0.5999500751495361,,
75,34699,0.04120321944355965,0.9803597927093506,,
75,34749,0.019055109471082687,0.8762558698654175,,
75,34799,0.011698300018906593,1.3144667148590088,,
75,34849,0.023219704627990723,0.6787358522415161,,
75,34899,0.026686087250709534,0.9412749409675598,,
75,34949,0.03641582280397415,0.884114146232605,,
75,34959,,,0.3834528923034668,0.31550437211990356
76,34999,0.14773450791835785,1.43526029586792,,
76,35049,0.015315433964133263,0.7501626014709473,,
76,35099,0.09232596307992935,1.5938130617141724,,
76,35149,0.08519884198904037,0.9961414933204651,,
76,35199,0.0582696795463562,0.8750624656677246,,
76,35249,0.04627876728773117,0.6905405521392822,,
76,35299,0.03597157821059227,0.8543967604637146,,
76,35349,0.030722275376319885,1.5159791707992554,,
76,35399,0.04864057898521423,1.0197186470031738,,
76,35419,,,0.3443639874458313,0.3813556134700775
77,35449,0.143471822142601,1.1743229627609253,,
77,35499,0.03368036076426506,0.8673202991485596,,
77,35549,0.07012844830751419,0.854623556137085,,
77,35599,0.0623016394674778,0.7182656526565552,,
77,35649,0.029819276183843613,0.9238311052322388,,
77,35699,0.019839424639940262,1.329869270324707,,
77,35749,0.05379150062799454,0.9856610298156738,,
77,35799,0.2052849531173706,0.48567983508110046,,
77,35849,0.029344946146011353,1.065253496170044,,
77,35879,,,0.354872465133667,0.3702341616153717
78,35899,0.05255332216620445,0.8670884966850281,,
78,35949,0.1049552708864212,0.7529046535491943,,
78,35999,0.15051992237567902,0.5101379752159119,,
78,36049,0.04535588622093201,0.8258081674575806,,
78,36099,0.02405213937163353,1.1236181259155273,,
78,36149,0.12401611357927322,2.002744674682617,,
78,36199,0.01589902676641941,1.3207299709320068,,
78,36249,0.036051150411367416,0.9268062114715576,,
78,36299,0.16922065615653992,0.4936369061470032,,
78,36339,,,0.38177967071533203,0.312081515789032
79,36349,0.01700148731470108,1.0439982414245605,,
79,36399,0.05520538240671158,0.8275874257087708,,
79,36449,0.03319036215543747,1.3208132982254028,,
79,36499,0.2229866087436676,1.3237290382385254,,
79,36549,0.0454670712351799,0.9155919551849365,,
79,36599,0.03471146896481514,0.9238497018814087,,
79,36649,0.01163660641759634,1.019801378250122,,
79,36699,0.024119891226291656,0.9193551540374756,,
79,36749,0.046095725148916245,1.3286904096603394,,
79,36799,0.07751426845788956,0.7969920039176941,,
79,36799,,,0.3590908646583557,0.4036708176136017
80,36849,0.011184437200427055,1.23210871219635,,
80,36899,0.08184689283370972,1.0294183492660522,,
80,36949,0.0384707897901535,0.7039699554443359,,
80,36999,0.034816302359104156,1.18536376953125,,
80,37049,0.08735155314207077,1.399938941001892,,
80,37099,0.023381486535072327,0.7156581282615662,,
80,37149,0.05541428551077843,1.0645601749420166,,
80,37199,0.012549453414976597,1.1333132982254028,,
80,37249,0.05785251036286354,0.7679884433746338,,
80,37259,,,0.35230717062950134,0.36921682953834534
81,37299,0.05445992946624756,1.2332831621170044,,
81,37349,0.05231582373380661,1.3415064811706543,,
81,37399,0.04797636345028877,0.5637037754058838,,
81,37449,0.0528145432472229,0.9822472929954529,,
81,37499,0.3420082628726959,1.4209518432617188,,
81,37549,0.046547453850507736,0.7620621919631958,,
81,37599,0.08308422565460205,0.9195800423622131,,
81,37649,0.02356693521142006,0.9866104125976562,,
81,37699,0.03873896598815918,1.0272340774536133,,
81,37719,,,0.3531695604324341,0.3632502257823944
82,37749,0.011523779481649399,1.009133219718933,,
82,37799,0.05959579721093178,1.3526135683059692,,
82,37849,0.033117081969976425,0.5278739929199219,,
82,37899,0.08556268364191055,0.9533788561820984,,
82,37949,0.061385318636894226,0.5921130776405334,,
82,37999,0.19693833589553833,0.6079082489013672,,
82,38049,0.013377517461776733,0.8368867039680481,,
82,38099,0.02211448922753334,1.0578868389129639,,
82,38149,0.02569500543177128,1.0786124467849731,,
82,38179,,,0.33861419558525085,0.4262315332889557
83,38199,0.16269361972808838,1.7099721431732178,,
83,38249,0.04123751074075699,0.7998226881027222,,
83,38299,0.015826493501663208,1.1913540363311768,,
83,38349,0.011257002130150795,0.896612286567688,,
83,38399,0.03981640562415123,1.2647098302841187,,
83,38449,0.13195861876010895,1.0921714305877686,,
83,38499,0.03083193674683571,0.517871081829071,,
83,38549,0.035007983446121216,0.8261674642562866,,
83,38599,0.0325782485306263,0.8476861715316772,,
83,38639,,,0.36897096037864685,0.31735536456108093
84,38649,0.042779166251420975,0.9830145835876465,,
84,38699,0.04970990866422653,1.349519968032837,,
84,38749,0.11097380518913269,0.71483314037323,,
84,38799,0.039936430752277374,0.7930214405059814,,
84,38849,0.02552739530801773,0.8298795223236084,,
84,38899,0.055121466517448425,1.433739423751831,,
84,38949,0.030252117663621902,1.436755895614624,,
84,38999,0.0444587804377079,1.0033705234527588,,
84,39049,0.028242744505405426,0.7518970966339111,,
84,39099,0.02410847134888172,0.7470543384552002,,
84,39099,,,0.37014397978782654,0.30343300104141235
85,39149,0.023072194308042526,0.7610820531845093,,
85,39199,0.019805386662483215,1.229848861694336,,
85,39249,0.015341795049607754,0.6563128232955933,,
85,39299,0.17290601134300232,0.5056145191192627,,
85,39349,0.07466427981853485,1.32033371925354,,
85,39399,0.031788911670446396,1.1689245700836182,,
85,39449,0.046837951987981796,0.6281684637069702,,
85,39499,0.10256774723529816,0.8747856020927429,,
85,39549,0.1326620727777481,0.5758073329925537,,
85,39559,,,0.33475595712661743,0.36047008633613586
86,39599,0.014315906912088394,0.7269435524940491,,
86,39649,0.01829279586672783,1.0686633586883545,,
86,39699,0.2805325984954834,1.5491935014724731,,
86,39749,0.07794230431318283,0.5919415950775146,,
86,39799,0.019286874681711197,1.106208324432373,,
86,39849,0.07464371621608734,0.6694945096969604,,
86,39899,0.021573390811681747,0.8660358190536499,,
86,39949,0.05387153476476669,0.6642059087753296,,
86,39999,0.017869099974632263,1.0348825454711914,,
86,40019,,,0.3300149738788605,0.41330981254577637
87,40049,0.035387735813856125,0.9446568489074707,,
87,40099,0.011799439787864685,0.7238752841949463,,
87,40149,0.01576119102537632,1.1021654605865479,,
87,40199,0.13929006457328796,1.0318936109542847,,
87,40249,0.019996201619505882,0.7764886617660522,,
87,40299,0.06009929999709129,1.3904674053192139,,
87,40349,0.06199701875448227,0.9651235938072205,,
87,40399,0.020955495536327362,1.0458735227584839,,
87,40449,0.19184166193008423,0.417377233505249,,
87,40479,,,0.3756507337093353,0.3513900637626648
88,40499,0.06032481789588928,1.2217365503311157,,
88,40549,0.007431016769260168,0.4609764814376831,,
88,40599,0.032749518752098083,0.8254214525222778,,
88,40649,0.03845388442277908,0.5833433866500854,,
88,40699,0.05089087039232254,1.1813156604766846,,
88,40749,0.08285306394100189,1.098603367805481,,
88,40799,0.07013802975416183,1.0550647974014282,,
88,40849,0.027024682611227036,0.9557452201843262,,
88,40899,0.01941080018877983,1.1155105829238892,,
88,40939,,,0.3475147485733032,0.4042375385761261
89,40949,0.06343109905719757,1.1548724174499512,,
89,40999,0.026076536625623703,0.6243599057197571,,
89,41049,0.009901498444378376,0.7074085474014282,,
89,41099,0.03153769671916962,0.8740614652633667,,
89,41149,0.018709037452936172,0.9060277938842773,,
89,41199,0.05948520451784134,1.0251829624176025,,
89,41249,0.03554351255297661,0.9784759283065796,,
89,41299,0.026107830926775932,1.155773639678955,,
89,41349,0.015308430418372154,1.2881814241409302,,
89,41399,0.15219424664974213,1.5280247926712036,,
89,41399,,,0.3519977927207947,0.3393065929412842
90,41449,0.014574379660189152,1.2019566297531128,,
90,41499,0.015449251979589462,0.9887109994888306,,
90,41549,0.014264014549553394,1.0874888896942139,,
90,41599,0.043817222118377686,0.8353049159049988,,
90,41649,0.19453316926956177,0.6985777616500854,,
90,41699,0.02979353256523609,0.9875842332839966,,
90,41749,0.09126011282205582,1.0995460748672485,,
90,41799,0.05178684741258621,1.2294318675994873,,
90,41849,0.06755852699279785,1.016973853111267,,
90,41859,,,0.3804666996002197,0.29822948575019836
91,41899,0.029476750642061234,0.9393150806427002,,
91,41949,0.014171946793794632,1.082934856414795,,
91,41999,0.09210862964391708,0.9244005084037781,,
91,42049,0.04317828267812729,0.8652253150939941,,
91,42099,0.04343627393245697,0.783034086227417,,
91,42149,0.009924161247909069,1.0425899028778076,,
91,42199,0.13859893381595612,0.28449082374572754,,
91,42249,0.05505189299583435,0.7034406661987305,,
91,42299,0.15586541593074799,0.8163429498672485,,
91,42319,,,0.36328381299972534,0.3399316370487213
92,42349,0.04194096475839615,0.8915547132492065,,
92,42399,0.013044088147580624,0.7395560145378113,,
92,42449,0.04179098457098007,0.8742187023162842,,
92,42499,0.08454711735248566,0.9128576517105103,,
92,42549,0.12073427438735962,0.9112929701805115,,
92,42599,0.04406715929508209,1.00711989402771,,
92,42649,0.023293081670999527,0.8222342133522034,,
92,42699,0.054909154772758484,1.5461955070495605,,
92,42749,0.04130421578884125,0.8432102799415588,,
92,42779,,,0.3551888167858124,0.3824126124382019
93,42799,0.06354482471942902,1.19956636428833,,
93,42849,0.012362394481897354,1.0723886489868164,,
93,42899,0.03057360090315342,0.547415554523468,,
93,42949,0.03773745894432068,0.8059245347976685,,
93,42999,0.02109495922923088,1.3179014921188354,,
93,43049,0.017843540757894516,0.7679424285888672,,
93,43099,0.13137495517730713,0.47400736808776855,,
93,43149,0.14279019832611084,0.4286888837814331,,
93,43199,0.02066151425242424,1.172977328300476,,
93,43239,,,0.3570404350757599,0.37009555101394653
94,43249,0.03888940438628197,1.463151216506958,,
94,43299,0.023136263713240623,0.6965829133987427,,
94,43349,0.05766366794705391,0.9810830354690552,,
94,43399,0.04025512933731079,0.8676104545593262,,
94,43449,0.035297248512506485,0.8742609024047852,,
94,43499,0.020165108144283295,1.3798269033432007,,
94,43549,0.0214538536965847,0.9146002531051636,,
94,43599,0.03114207461476326,0.9997068643569946,,
94,43649,0.016741957515478134,1.0518311262130737,,
94,43699,0.04423987865447998,1.137980341911316,,
94,43699,,,0.3586924970149994,0.30112046003341675
95,43749,0.03358059376478195,0.7075684070587158,,
95,43799,0.0520627535879612,1.2416388988494873,,
95,43849,0.07539071142673492,1.078385591506958,,
95,43899,0.01930813305079937,0.8760481476783752,,
95,43949,0.024194326251745224,1.4254847764968872,,
95,43999,0.015469723381102085,1.3632218837738037,,
95,44049,0.022243311628699303,0.8274551630020142,,
95,44099,0.09860219061374664,0.561519205570221,,
95,44149,0.1082482859492302,1.4492946863174438,,
95,44159,,,0.3591574430465698,0.34608274698257446
96,44199,0.0541435107588768,0.7649592757225037,,
96,44249,0.025905096903443336,0.9967144727706909,,
96,44299,0.07356330752372742,1.0586047172546387,,
96,44349,0.06376871466636658,1.3344392776489258,,
96,44399,0.01667173206806183,1.2178659439086914,,
96,44449,0.03764075040817261,1.0833115577697754,,
96,44499,0.006153136026114225,0.9445313811302185,,
96,44549,0.04559008777141571,0.6817871928215027,,
96,44599,0.05983402952551842,0.8476867079734802,,
96,44619,,,0.3853906989097595,0.3030562698841095
97,44649,0.10099858790636063,0.6358219385147095,,
97,44699,0.03819736838340759,1.0294857025146484,,
97,44749,0.047987885773181915,0.8166196942329407,,
97,44799,0.058579739183187485,1.1415704488754272,,
97,44849,0.05184753239154816,0.8831214904785156,,
97,44899,0.025230195373296738,1.218331217765808,,
97,44949,0.04049113392829895,0.37937095761299133,,
97,44999,0.00921107642352581,0.838432788848877,,
97,45049,0.027362961322069168,0.8900218605995178,,
97,45079,,,0.3516479432582855,0.31982916593551636
98,45099,0.038722097873687744,1.238379716873169,,
98,45149,0.028954092413187027,1.019688606262207,,
98,45199,0.014703158289194107,1.4651892185211182,,
98,45249,0.04055294767022133,0.8488423824310303,,
98,45299,0.011724376119673252,0.9377775192260742,,
98,45349,0.012609538622200489,1.023874282836914,,
98,45399,0.010193584486842155,0.9491943120956421,,
98,45449,0.061027318239212036,1.7835636138916016,,
98,45499,0.05333954468369484,0.6591479182243347,,
98,45539,,,0.357028603553772,0.3416691720485687
99,45549,0.019928107038140297,0.9811859130859375,,
99,45599,0.0209895558655262,1.156165361404419,,
99,45649,0.04263284057378769,0.9711620807647705,,
99,45699,0.00993054173886776,1.1398530006408691,,
99,45749,0.041748542338609695,0.8626201152801514,,
99,45799,0.03795343264937401,0.8481991291046143,,
99,45849,0.017181748524308205,0.7896764278411865,,
99,45899,0.10751339793205261,0.8668785691261292,,
99,45949,0.009318064898252487,1.0796624422073364,,
99,45999,0.024886533617973328,0.8929132223129272,,
99,45999,,,0.3617686927318573,0.3373313844203949
100,46049,0.016852883622050285,0.749489426612854,,
100,46099,0.013401493430137634,0.969847559928894,,
100,46149,0.013310270383954048,0.9036546945571899,,
100,46199,0.017320072278380394,0.8376608490943909,,
100,46249,0.0431295782327652,0.9879146218299866,,
100,46299,0.016995392739772797,1.193263053894043,,
100,46349,0.03108377940952778,0.8100236058235168,,
100,46399,0.05594579130411148,0.43711966276168823,,
100,46449,0.030963106080889702,0.9584287405014038,,
100,46459,,,0.35161325335502625,0.3368186354637146
101,46499,0.0414874441921711,1.8660093545913696,,
101,46549,0.09960293769836426,0.7469841241836548,,
101,46599,0.07197320461273193,0.7814127206802368,,
101,46649,0.06835940480232239,0.7924770712852478,,
101,46699,0.1018388420343399,1.8277084827423096,,
101,46749,0.10478228330612183,0.8401881456375122,,
101,46799,0.06176983192563057,0.8121775388717651,,
101,46849,0.09980054944753647,0.8455414772033691,,
101,46899,0.04234999418258667,1.0566176176071167,,
101,46919,,,0.36574190855026245,0.35185250639915466
102,46949,0.018472418189048767,1.0484495162963867,,
102,46999,0.045697133988142014,0.7824709415435791,,
102,47049,0.011298596858978271,0.7577762603759766,,
102,47099,0.04574841633439064,1.0374319553375244,,
102,47149,0.019730769097805023,1.4766333103179932,,
102,47199,0.07004456222057343,0.8295878767967224,,
102,47249,0.030376801267266273,0.7715796232223511,,
102,47299,0.028248904272913933,2.084601402282715,,
102,47349,0.09657791256904602,0.9583624601364136,,
102,47379,,,0.3558705151081085,0.34782204031944275
103,47399,0.09570612758398056,0.9686871767044067,,
103,47449,0.06119115650653839,1.2644816637039185,,
103,47499,0.02091313526034355,0.8619000315666199,,
103,47549,0.056222863495349884,0.7326536178588867,,
103,47599,0.011148467659950256,1.1011868715286255,,
103,47649,0.010542851872742176,0.9579432010650635,,
103,47699,0.04441884160041809,0.8028994798660278,,
103,47749,0.011606968007981777,1.013325572013855,,
103,47799,0.09322123974561691,0.7414828538894653,,
103,47839,,,0.3643140196800232,0.30448779463768005
104,47849,0.059261783957481384,1.1185096502304077,,
104,47899,0.01679224520921707,1.6598646640777588,,
104,47949,0.015964170917868614,0.9858345985412598,,
104,47999,0.019586028531193733,1.0330348014831543,,
104,48049,0.024206161499023438,1.4017276763916016,,
104,48099,0.0355999581515789,1.168138861656189,,
104,48149,0.05571749433875084,0.7290872931480408,,
104,48199,0.12655043601989746,1.245687484741211,,
104,48249,0.02530587837100029,0.7894580364227295,,
104,48299,0.09320645779371262,1.0323586463928223,,
104,48299,,,0.35551711916923523,0.36526474356651306
105,48349,0.00656796433031559,1.5220301151275635,,
105,48399,0.08427092432975769,0.8405061364173889,,
105,48449,0.014685593545436859,1.1546688079833984,,
105,48499,0.03535689413547516,1.1952624320983887,,
105,48549,0.06947217136621475,1.4237374067306519,,
105,48599,0.15116967260837555,0.69350266456604,,
105,48649,0.036299657076597214,1.2533456087112427,,
105,48699,0.012736576609313488,0.9722738862037659,,
105,48749,0.03621869534254074,0.9748777151107788,,
105,48759,,,0.33411118388175964,0.3680194318294525
106,48799,0.010591126047074795,1.0884239673614502,,
106,48849,0.03262057155370712,0.8304166793823242,,
106,48899,0.023607982322573662,1.2494858503341675,,
106,48949,0.01774478331208229,1.192991018295288,,
106,48999,0.03565307706594467,0.8186538219451904,,
106,49049,0.04103487730026245,1.2935569286346436,,
106,49099,0.11633975803852081,0.4522019624710083,,
106,49149,0.08045849204063416,1.1394600868225098,,
106,49199,0.05467335879802704,1.0682260990142822,,
106,49219,,,0.36733463406562805,0.38268354535102844
107,49249,0.013838899321854115,1.1355104446411133,,
107,49299,0.03546915203332901,1.134711503982544,,
107,49349,0.03548114374279976,0.8019347190856934,,
107,49399,0.01995929889380932,0.7347172498703003,,
107,49449,0.06093987450003624,0.7652749419212341,,
107,49499,0.02258472517132759,1.188438892364502,,
107,49549,0.02627105452120304,0.9797303080558777,,
107,49599,0.1160578653216362,0.7289226055145264,,
107,49649,0.06727461516857147,1.2135511636734009,,
107,49679,,,0.38768085837364197,0.285321444272995
108,49699,0.022728173062205315,1.4232721328735352,,
108,49749,0.06896647810935974,1.8464093208312988,,
108,49799,0.4317920506000519,0.33722957968711853,,
108,49849,0.10159812122583389,1.457798957824707,,
108,49899,0.12750791013240814,1.1517815589904785,,
108,49949,0.0293937586247921,0.9993900060653687,,
108,49999,0.013138476759195328,1.1079148054122925,,
108,50049,0.06546401232481003,1.3239195346832275,,
108,50099,0.048234570771455765,0.8629365563392639,,
108,50139,,,0.3987119197845459,0.2394491732120514
109,50149,0.03349665179848671,0.8081923127174377,,
109,50199,0.00955589022487402,1.1216412782669067,,
109,50249,0.015850696712732315,1.3152154684066772,,
109,50299,0.20970961451530457,0.8794430494308472,,
109,50349,0.037772681564092636,0.8652721643447876,,
109,50399,0.11263085901737213,0.8571974635124207,,
109,50449,0.04999583214521408,1.6482486724853516,,
109,50499,0.06715759634971619,1.9666147232055664,,
109,50549,0.06796944886445999,1.5480797290802002,,
109,50599,0.02588212862610817,0.943429172039032,,
109,50599,,,0.3470922112464905,0.3026394546031952
110,50649,0.014918705448508263,1.1660927534103394,,
110,50699,0.046495553106069565,1.0711652040481567,,
110,50749,0.02894684672355652,1.0153083801269531,,
110,50799,0.07293036580085754,0.7142267227172852,,
110,50849,0.05502607300877571,0.7762448787689209,,
110,50899,0.030649393796920776,0.6702055931091309,,
110,50949,0.07830637693405151,0.6998948454856873,,
110,50999,0.03888897970318794,1.179646611213684,,
110,51049,0.045061975717544556,0.9639765024185181,,
110,51059,,,0.3894977867603302,0.3342101275920868
111,51099,0.009912066161632538,1.0129128694534302,,
111,51149,0.06745494902133942,0.7521436214447021,,
111,51199,0.027890199795365334,0.7415034770965576,,
111,51249,0.023419734090566635,1.383188009262085,,
111,51299,0.25859588384628296,0.2399888038635254,,
111,51349,0.03009726107120514,0.8871822357177734,,
111,51399,0.013255840167403221,1.268503189086914,,
111,51449,0.04982701689004898,0.9569921493530273,,
111,51499,0.05067608132958412,0.9008005857467651,,
111,51519,,,0.3786165118217468,0.27927717566490173
112,51549,0.027976587414741516,0.9001984000205994,,
112,51599,0.0071498798206448555,1.0070888996124268,,
112,51649,0.03524233400821686,1.1533279418945312,,
112,51699,0.07733175158500671,0.785315752029419,,
112,51749,0.022582724690437317,1.3052995204925537,,
112,51799,0.024329692125320435,1.1512295007705688,,
112,51849,0.012567274272441864,0.8891810178756714,,
112,51899,0.05782201141119003,0.8538018465042114,,
112,51949,0.0422980934381485,0.9727765917778015,,
112,51979,,,0.3435797095298767,0.40976208448410034
113,51999,0.055285170674324036,1.0147244930267334,,
113,52049,0.01199536956846714,0.985346794128418,,
113,52099,0.03739788010716438,1.0866210460662842,,
113,52149,0.017404457554221153,1.2118862867355347,,
113,52199,0.02350606769323349,1.1923402547836304,,
113,52249,0.0443146750330925,0.9559218883514404,,
113,52299,0.02595565840601921,1.1426154375076294,,
113,52349,0.026993952691555023,1.1150014400482178,,
113,52399,0.022534232586622238,0.8547216653823853,,
113,52439,,,0.3581744432449341,0.3604893684387207
114,52449,0.04886605963110924,0.9487729668617249,,
114,52499,0.03548012673854828,1.0093377828598022,,
114,52549,0.026481784880161285,0.8337205648422241,,
114,52599,0.011341407895088196,0.9357665777206421,,
114,52649,0.0719008669257164,1.3860368728637695,,
114,52699,0.031507156789302826,1.4281895160675049,,
114,52749,0.016133207827806473,1.144256591796875,,
114,52799,0.013567283749580383,1.1381582021713257,,
114,52849,0.03143046796321869,0.8047045469284058,,
114,52899,0.015107689425349236,1.036676287651062,,
114,52899,,,0.3497721254825592,0.29799115657806396
115,52949,0.07919970154762268,0.9381154775619507,,
115,52999,0.008989239111542702,0.9361898899078369,,
115,53049,0.01960212178528309,1.0987472534179688,,
115,53099,0.13249485194683075,1.3896756172180176,,
115,53149,0.03468797728419304,0.8666187524795532,,
115,53199,0.013577242381870747,1.0690810680389404,,
115,53249,0.053215332329273224,0.7925119400024414,,
115,53299,0.018464231863617897,1.218483328819275,,
115,53349,0.01600666530430317,0.969514012336731,,
115,53359,,,0.39739686250686646,0.2715914249420166
116,53399,0.026710834354162216,1.090159296989441,,
116,53449,0.019066520035266876,0.9807734489440918,,
116,53499,0.01108902134001255,1.0318970680236816,,
116,53549,0.007663101423531771,0.9666243195533752,,
116,53599,0.014456681907176971,1.0176947116851807,,
116,53649,0.01940964162349701,0.8283507227897644,,
116,53699,0.012429652735590935,0.669895350933075,,
116,53749,0.011190388351678848,0.9627735614776611,,
116,53799,0.1012410894036293,0.44364452362060547,,
116,53819,,,0.37092331051826477,0.30167102813720703
117,53849,0.012183782644569874,1.4822709560394287,,
117,53899,0.02137187123298645,1.254514217376709,,
117,53949,0.0070298514328897,0.9444429278373718,,
117,53999,0.0689336508512497,0.8082638382911682,,
117,54049,0.011301759630441666,1.0860509872436523,,
117,54099,0.036312419921159744,1.3179075717926025,,
117,54149,0.05045346915721893,0.8679566383361816,,
117,54199,0.12387772649526596,0.6127521991729736,,
117,54249,0.016152046620845795,0.8888036012649536,,
117,54279,,,0.3649207055568695,0.31000620126724243
118,54299,0.20880956947803497,0.41984546184539795,,
118,54349,0.04358008876442909,1.3110008239746094,,
118,54399,0.028588570654392242,0.8212388753890991,,
118,54449,0.042467910796403885,1.151132583618164,,
118,54499,0.00780893862247467,1.383633017539978,,
118,54549,0.0788910910487175,1.0374544858932495,,
118,54599,0.011241022497415543,0.8725135326385498,,
118,54649,0.040662217885255814,0.70765221118927,,
118,54699,0.03421740233898163,1.3456350564956665,,
118,54739,,,0.36766302585601807,0.3422260880470276
119,54749,0.007133944425731897,1.0882132053375244,,
119,54799,0.05600127577781677,1.0668896436691284,,
119,54849,0.026059608906507492,0.8578652143478394,,
119,54899,0.043789975345134735,1.1689631938934326,,
119,54949,0.047734200954437256,1.0567187070846558,,
119,54999,0.027655860409140587,0.8250936269760132,,
119,55049,0.0964832678437233,0.9931060075759888,,
119,55099,0.02074255980551243,1.4895795583724976,,
119,55149,0.012952366843819618,0.9790709018707275,,
119,55199,0.04964550957083702,0.6563794612884521,,
119,55199,,,0.39002522826194763,0.3124050199985504
120,55249,0.05197976157069206,1.0623688697814941,,
120,55299,0.07769973576068878,0.8498442769050598,,
120,55349,0.03216501697897911,0.8731379508972168,,
120,55399,0.027038956061005592,1.0616024732589722,,
120,55449,0.03399539738893509,0.8907343149185181,,
120,55499,0.020790517330169678,0.9896312355995178,,
120,55549,0.0118307676166296,0.9284068942070007,,
120,55599,0.009930621832609177,1.1097453832626343,,
120,55649,0.05897674709558487,0.6922627687454224,,
120,55659,,,0.39045462012290955,0.3100951910018921
121,55699,0.028098516166210175,0.7636024951934814,,
121,55749,0.007606866303831339,1.0343704223632812,,
121,55799,0.23972183465957642,0.541425883769989,,
121,55849,0.06598186492919922,1.305624008178711,,
121,55899,0.015290787443518639,0.9926020503044128,,
121,55949,0.02065073698759079,0.875298023223877,,
121,55999,0.0065392921678721905,1.0753079652786255,,
121,56049,0.04715527594089508,0.682063102722168,,
121,56099,0.01812988892197609,1.1330182552337646,,
121,56119,,,0.40372055768966675,0.28178590536117554
122,56149,0.01192327681928873,1.0062122344970703,,
122,56199,0.009763743728399277,1.1863999366760254,,
122,56249,0.011783575639128685,1.2239010334014893,,
122,56299,0.09313063323497772,0.4826241731643677,,
122,56349,0.019617358222603798,0.7676987648010254,,
122,56399,0.047511085867881775,0.8416590690612793,,
122,56449,0.04707604646682739,0.8711602687835693,,
122,56499,0.45337408781051636,0.13245707750320435,,
122,56549,0.04866409674286842,1.2526295185089111,,
122,56579,,,0.40176111459732056,0.25936079025268555
123,56599,0.008336660452187061,0.718001663684845,,
123,56649,0.09754753112792969,0.5460763573646545,,
123,56699,0.019584761932492256,1.3259952068328857,,
123,56749,0.09353814274072647,0.687806248664856,,
123,56799,0.009379296563565731,1.4243571758270264,,
123,56849,0.017137978225946426,1.0727001428604126,,
123,56899,0.02452404983341694,1.0525962114334106,,
123,56949,0.035191942006349564,0.9250315427780151,,
123,56999,0.03404974192380905,1.6207404136657715,,
123,57039,,,0.38263577222824097,0.30899906158447266
124,57049,0.026044681668281555,0.9628971815109253,,
124,57099,0.17043790221214294,0.8135263919830322,,
124,57149,0.07728780061006546,0.713451623916626,,
124,57199,0.021103471517562866,1.0446343421936035,,
124,57249,0.02629707381129265,0.8608850240707397,,
124,57299,0.058838505297899246,1.2719520330429077,,
124,57349,0.08408300578594208,0.9976791143417358,,
124,57399,0.3182551860809326,1.5552927255630493,,
124,57449,0.05145936459302902,0.9209488034248352,,
124,57499,0.05660545825958252,1.24124014377594,,
124,57499,,,0.35509952902793884,0.4083225131034851
125,57549,0.0735410824418068,0.8214495778083801,,
125,57599,0.08966764807701111,1.4696680307388306,,
125,57649,0.017651667818427086,1.4175688028335571,,
125,57699,0.027283014729619026,0.6423255801200867,,
125,57749,0.03108595684170723,0.8210855722427368,,
125,57799,0.041155822575092316,0.827887773513794,,
125,57849,0.054450951516628265,1.0903904438018799,,
125,57899,0.028814250603318214,1.157792329788208,,
125,57949,0.07418551295995712,0.6022282242774963,,
125,57959,,,0.38771024346351624,0.30869555473327637
126,57999,0.02697650156915188,1.1236233711242676,,
126,58049,0.012760115787386894,1.0553948879241943,,
126,58099,0.009489230811595917,0.6250603199005127,,
126,58149,0.07783325761556625,0.8494371175765991,,
126,58199,0.02835514023900032,1.0986555814743042,,
126,58249,0.05487251281738281,0.9751170873641968,,
126,58299,0.0954548567533493,1.4745076894760132,,
126,58349,0.09546981006860733,1.0562398433685303,,
126,58399,0.06692960858345032,0.965034008026123,,
126,58419,,,0.36273354291915894,0.3208211660385132
127,58449,0.011359198950231075,0.6912415027618408,,
127,58499,0.0928645133972168,0.7988354563713074,,
127,58549,0.08704394847154617,0.817952036857605,,
127,58599,0.01507779024541378,0.6954079270362854,,
127,58649,0.07741385698318481,0.556191086769104,,
127,58699,0.02107769437134266,0.9872981309890747,,
127,58749,0.015283722430467606,1.1270177364349365,,
127,58799,0.05866159498691559,0.7194115519523621,,
127,58849,0.023882579058408737,1.2428107261657715,,
127,58879,,,0.37972569465637207,0.339581161737442
128,58899,0.056776802986860275,1.1077243089675903,,
128,58949,0.027036238461732864,1.0590877532958984,,
128,58999,0.0060585299506783485,0.911024808883667,,
128,59049,0.015979044139385223,1.0939958095550537,,
128,59099,0.1256393939256668,0.7388584613800049,,
128,59149,0.04077322036027908,0.9484397172927856,,
128,59199,0.047543108463287354,1.3920292854309082,,
128,59249,0.01093490794301033,0.6236715316772461,,
128,59299,0.016886956989765167,0.8601831197738647,,
128,59339,,,0.3838525116443634,0.29070010781288147
129,59349,0.043479785323143005,0.9314751625061035,,
129,59399,0.01712021417915821,1.0732426643371582,,
129,59449,0.24439772963523865,1.482513189315796,,
129,59499,0.11873447895050049,1.2257790565490723,,
129,59549,0.027019832283258438,0.8874422311782837,,
129,59599,0.02233472466468811,0.7896320819854736,,
129,59649,0.19035188853740692,0.9997991323471069,,
129,59699,0.08781926333904266,1.4261744022369385,,
129,59749,0.015692168846726418,0.9339864253997803,,
129,59799,0.01932990550994873,0.91734379529953,,
129,59799,,,0.3669148087501526,0.320966511964798
130,59849,0.010378527455031872,1.0901309251785278,,
130,59899,0.019315723329782486,1.0756831169128418,,
130,59949,0.020993564277887344,0.8477461338043213,,
130,59999,0.016369469463825226,1.0396642684936523,,
130,60049,0.01653890125453472,1.0834919214248657,,
130,60099,0.011260053142905235,0.8686490058898926,,
130,60149,0.01071189809590578,0.8795838952064514,,
130,60199,0.029112864285707474,1.51212477684021,,
130,60249,0.03515905886888504,0.9278721213340759,,
130,60259,,,0.36097705364227295,0.3563798666000366
131,60299,0.03747671842575073,0.9761933088302612,,
131,60349,0.016026990488171577,0.8691480159759521,,
131,60399,0.04882469028234482,1.020332932472229,,
131,60449,0.034746747463941574,1.4286718368530273,,
131,60499,0.012577039189636707,1.0957329273223877,,
131,60549,0.010862812399864197,1.3718156814575195,,
131,60599,0.05067700892686844,1.0406864881515503,,
131,60649,0.019393067806959152,0.918763279914856,,
131,60699,0.029285136610269547,0.9245724678039551,,
131,60719,,,0.38691017031669617,0.2926211953163147
132,60749,0.07381809502840042,1.2167553901672363,,
132,60799,0.013375511392951012,0.9750989675521851,,
132,60849,0.007373926695436239,1.0498886108398438,,
132,60899,0.05419653281569481,1.4107630252838135,,
132,60949,0.1473485380411148,0.4569646120071411,,
132,60999,0.007915136404335499,1.1258785724639893,,
132,61049,0.04278087988495827,1.32040536403656,,
132,61099,0.005729392170906067,0.8056344985961914,,
132,61149,0.1101093739271164,0.8654245734214783,,
132,61179,,,0.36684879660606384,0.33308184146881104
133,61199,0.06397658586502075,0.7288240194320679,,
133,61249,0.08218463510274887,0.665276288986206,,
133,61299,0.124710813164711,0.5491455793380737,,
133,61349,0.011447938159108162,1.0429162979125977,,
133,61399,0.019884884357452393,1.1676708459854126,,
133,61449,0.014730192720890045,1.236352801322937,,
133,61499,0.03194171190261841,1.0674701929092407,,
133,61549,0.023660577833652496,0.9671846032142639,,
133,61599,0.09001335501670837,1.2368680238723755,,
133,61639,,,0.3532387614250183,0.3716326951980591
134,61649,0.02207368053495884,1.0791953802108765,,
134,61699,0.012227693572640419,1.187258005142212,,
134,61749,0.02762451581656933,0.9794592261314392,,
134,61799,0.04020963981747627,1.5012094974517822,,
134,61849,0.058421291410923004,0.8235613703727722,,
134,61899,0.04641709849238396,1.498037576675415,,
134,61949,0.017654716968536377,0.9307196140289307,,
134,61999,0.015497060492634773,0.7431567907333374,,
134,62049,0.04204579070210457,1.3248751163482666,,
134,62099,0.0287393219769001,0.7981561422348022,,
134,62099,,,0.37075918912887573,0.3429378271102905
135,62149,0.0391572043299675,0.7514095306396484,,
135,62199,0.022226622328162193,0.9335944652557373,,
135,62249,0.02649584226310253,0.85423743724823,,
135,62299,0.0811019092798233,0.6452233791351318,,
135,62349,0.03267949819564819,1.244997262954712,,
135,62399,0.02965942583978176,1.0504963397979736,,
135,62449,0.017498068511486053,0.8669295310974121,,
135,62499,0.027137119323015213,1.4013510942459106,,
135,62549,0.014960585162043571,0.8438801169395447,,
135,62559,,,0.4161747395992279,0.21540366113185883
136,62599,0.05727573111653328,0.7451540231704712,,
136,62649,0.09166167676448822,0.7910563945770264,,
136,62699,0.03175821900367737,1.0619473457336426,,
136,62749,0.017887283116579056,1.044184923171997,,
136,62799,0.04873532056808472,0.7530919909477234,,
136,62849,0.023858871310949326,1.0543303489685059,,
136,62899,0.07795602083206177,1.1943403482437134,,
136,62949,0.01696891337633133,1.0446364879608154,,
136,62999,0.04968519136309624,0.8785910606384277,,
136,63019,,,0.3853708803653717,0.2979324460029602
137,63049,0.020452328026294708,0.8220399022102356,,
137,63099,0.026431426405906677,1.4587610960006714,,
137,63149,0.023443758487701416,0.8105633854866028,,
137,63199,0.020838597789406776,0.8936604857444763,,
137,63249,0.05063874274492264,1.026432752609253,,
137,63299,0.03737245872616768,1.0127754211425781,,
137,63349,0.0440032035112381,1.3455984592437744,,
137,63399,0.028118954971432686,0.8486506938934326,,
137,63449,0.08049317449331284,1.4786937236785889,,
137,63479,,,0.38399702310562134,0.28616756200790405
138,63499,0.056169845163822174,0.7339069843292236,,
138,63549,0.01905849203467369,0.8085071444511414,,
138,63599,0.028590038418769836,0.7610331177711487,,
138,63649,0.012854624539613724,1.101482629776001,,
138,63699,0.017391882836818695,0.8004589080810547,,
138,63749,0.020785219967365265,0.625612735748291,,
138,63799,0.008146700449287891,1.134911060333252,,
138,63849,0.01403061207383871,1.0294370651245117,,
138,63899,0.03416949883103371,0.737388014793396,,
138,63939,,,0.39994215965270996,0.29845499992370605
139,63949,0.052790913730859756,1.377387523651123,,
139,63999,0.018630804494023323,1.0762841701507568,,
139,64049,0.021523522213101387,0.9796628952026367,,
139,64099,0.08237805962562561,1.0735119581222534,,
139,64149,0.014761088415980339,1.2552642822265625,,
139,64199,0.01949796825647354,0.9593608379364014,,
139,64249,0.02588840015232563,1.1240288019180298,,
139,64299,0.03630587458610535,1.1291320323944092,,
139,64349,0.027141254395246506,1.3614000082015991,,
139,64399,0.009322276338934898,0.9883775115013123,,
139,64399,,,0.31502556800842285,0.35197317600250244
140,64449,0.06380227208137512,1.3009097576141357,,
140,64499,0.03739079087972641,1.3295836448669434,,
140,64549,0.022310808300971985,0.7538011074066162,,
140,64599,0.009192370809614658,1.5775965452194214,,
140,64649,0.015112076885998249,0.845950722694397,,
140,64699,0.050680920481681824,1.0186282396316528,,
140,64749,0.027183033525943756,0.8316404223442078,,
140,64799,0.02256273478269577,1.0179988145828247,,
140,64849,0.025911467149853706,0.7763488292694092,,
140,64859,,,0.36811721324920654,0.31627312302589417
141,64899,0.01813206449151039,0.861363410949707,,
141,64949,0.0200565904378891,0.8930462598800659,,
141,64999,0.012819729745388031,0.9987556338310242,,
141,65049,0.08378221839666367,1.1784398555755615,,
141,65099,0.0728224664926529,0.6355810165405273,,
141,65149,0.017544399946928024,0.6256774663925171,,
141,65199,0.012714440003037453,1.2788426876068115,,
141,65249,0.04727744311094284,0.7844980955123901,,
141,65299,0.02400350570678711,1.1450233459472656,,
141,65319,,,0.3735857307910919,0.3739296793937683
142,65349,0.08650527894496918,1.2337164878845215,,
142,65399,0.018832890316843987,0.9354559183120728,,
142,65449,0.053635116666555405,1.0810414552688599,,
142,65499,0.08658229559659958,0.7908065319061279,,
142,65549,0.14615163207054138,0.413567453622818,,
142,65599,0.0355609655380249,1.0610263347625732,,
142,65649,0.06865726411342621,0.868075966835022,,
142,65699,0.08727875351905823,1.3148260116577148,,
142,65749,0.019327644258737564,0.9463635683059692,,
142,65779,,,0.3667907416820526,0.3154936134815216
143,65799,0.02787047065794468,0.9091364741325378,,
143,65849,0.010712966322898865,0.7738550901412964,,
143,65899,0.027852291241288185,0.9734670519828796,,
143,65949,0.012600373476743698,0.8575487732887268,,
143,65999,0.07441075891256332,1.2213085889816284,,
143,66049,0.31986668705940247,1.9325965642929077,,
143,66099,0.028880316764116287,1.2037065029144287,,
143,66149,0.032691728323698044,1.2253241539001465,,
143,66199,0.02048427239060402,0.9402961730957031,,
143,66239,,,0.3482091724872589,0.32904666662216187
144,66249,0.022136976942420006,1.2329435348510742,,
144,66299,0.03166908770799637,1.1641027927398682,,
144,66349,0.00773300975561142,1.103643774986267,,
144,66399,0.13073211908340454,1.336646556854248,,
144,66449,0.027589228004217148,0.9196209907531738,,
144,66499,0.011335136368870735,1.602576732635498,,
144,66549,0.03785774111747742,0.48239779472351074,,
144,66599,0.1469743251800537,0.9816302061080933,,
144,66649,0.09751986712217331,1.548815131187439,,
144,66699,0.026682138442993164,0.7990767955780029,,
144,66699,,,0.3834432065486908,0.26999813318252563
145,66749,0.028510604053735733,1.2768166065216064,,
145,66799,0.035238951444625854,0.7422566413879395,,
145,66849,0.0118755167350173,0.7242677211761475,,
145,66899,0.023129502311348915,0.7728145122528076,,
145,66949,0.023608515039086342,0.5075075030326843,,
145,66999,0.038110412657260895,0.9380713105201721,,
145,67049,0.03112565167248249,0.852863073348999,,
145,67099,0.03562445193529129,1.1414973735809326,,
145,67149,0.01511614490300417,0.8428788185119629,,
145,67159,,,0.3671564757823944,0.31359410285949707
146,67199,0.11460568755865097,0.9730105996131897,,
146,67249,0.044350363314151764,0.7668582201004028,,
146,67299,0.020790448412299156,0.9803754091262817,,
146,67349,0.020797990262508392,0.997134804725647,,
146,67399,0.0764775276184082,0.42453649640083313,,
146,67449,0.06360301375389099,0.8167240023612976,,
146,67499,0.023708287626504898,0.82654869556427,,
146,67549,0.025399159640073776,0.7567410469055176,,
146,67599,0.02004133351147175,1.323948860168457,,
146,67619,,,0.3616860508918762,0.36072248220443726
147,67649,0.030057499185204506,0.6872258186340332,,
147,67699,0.0645422637462616,0.7192253470420837,,
147,67749,0.058573219925165176,0.7923036813735962,,
147,67799,0.024896986782550812,1.1078758239746094,,
147,67849,0.06122512370347977,0.7083382606506348,,
147,67899,0.015527046285569668,0.7592893838882446,,
147,67949,0.01761409267783165,0.7602274417877197,,
147,67999,0.011040854267776012,1.0290416479110718,,
147,68049,0.020736057311296463,0.9735263586044312,,
147,68079,,,0.3924010097980499,0.24373134970664978
148,68099,0.010290630161762238,1.7238867282867432,,
148,68149,0.0110763069242239,1.1598312854766846,,
148,68199,0.059106238186359406,0.6885834336280823,,
148,68249,0.009239459410309792,1.2918306589126587,,
148,68299,0.021903280168771744,1.1151494979858398,,
148,68349,0.059366293251514435,1.0535101890563965,,
148,68399,0.07146217674016953,0.8171584606170654,,
148,68449,0.03500876948237419,1.0568532943725586,,
148,68499,0.01392601802945137,0.9873633980751038,,
148,68539,,,0.386593222618103,0.2581465542316437
149,68549,0.028803657740354538,1.0661885738372803,,
149,68599,0.04325638711452484,0.9633023738861084,,
149,68649,0.05292470008134842,0.6893841624259949,,
149,68699,0.022307096049189568,1.0961894989013672,,
149,68749,0.01059640571475029,1.1238906383514404,,
149,68799,0.008243708871304989,0.8272813558578491,,
149,68849,0.0419122651219368,0.9896557927131653,,
149,68899,0.008404022082686424,0.8780713081359863,,
149,68949,0.05542350932955742,1.036486268043518,,
149,68999,0.026485154405236244,0.995874285697937,,
149,68999,,,0.36397144198417664,0.31563958525657654
150,69049,0.006562372669577599,1.0265040397644043,,
150,69099,0.011588633060455322,0.8700537085533142,,
150,69149,0.013242902234196663,0.9863283634185791,,
150,69199,0.048955053091049194,0.8253207802772522,,
150,69249,0.10742078721523285,0.8041168451309204,,
150,69299,0.023913580924272537,1.155180811882019,,
150,69349,0.05769979581236839,1.1096545457839966,,
150,69399,0.06141407787799835,0.7581562995910645,,
150,69449,0.028536925092339516,1.1845014095306396,,
150,69459,,,0.3530810475349426,0.365911066532135
151,69499,0.02864522486925125,1.404083490371704,,
151,69549,0.00970712024718523,0.8599413633346558,,
151,69599,0.031999725848436356,1.2590696811676025,,
151,69649,0.012002527713775635,0.8449286222457886,,
151,69699,0.057737745344638824,1.3526049852371216,,
151,69749,0.025858821347355843,0.7814615964889526,,
151,69799,0.023131346330046654,0.7644661664962769,,
151,69849,0.014807467348873615,0.5454389452934265,,
151,69899,0.026702718809247017,0.9345285296440125,,
151,69919,,,0.34123969078063965,0.35248836874961853
152,69949,0.05575401708483696,0.5377716422080994,,
152,69999,0.03677045553922653,1.1471487283706665,,
152,70049,0.011141914874315262,1.384997844696045,,
152,70099,0.10715430974960327,1.1142759323120117,,
152,70149,0.038626767694950104,0.79783034324646,,
152,70199,0.020941924303770065,0.9163030385971069,,
152,70249,0.1637231856584549,0.6848441362380981,,
152,70299,0.013097334653139114,0.9931910037994385,,
152,70349,0.03639807552099228,0.7673945426940918,,
152,70379,,,0.40276217460632324,0.25150009989738464
153,70399,0.023584961891174316,0.600672721862793,,
153,70449,0.06028236076235771,0.9136701822280884,,
153,70499,0.017250407487154007,1.3173669576644897,,
153,70549,0.007952675223350525,1.0294140577316284,,
153,70599,0.020003322511911392,1.1332530975341797,,
153,70649,0.020603198558092117,1.3719896078109741,,
153,70699,0.04134112223982811,0.9324070811271667,,
153,70749,0.006226444151252508,0.8552877902984619,,
153,70799,0.04079652950167656,0.8533912897109985,,
153,70839,,,0.3660726845264435,0.32565149664878845
154,70849,0.03829466924071312,0.7412797808647156,,
154,70899,0.02480507642030716,1.1399500370025635,,
154,70949,0.0817570686340332,1.6555029153823853,,
154,70999,0.010976642370223999,1.026268482208252,,
154,71049,0.029463406652212143,0.8760415315628052,,
154,71099,0.023982055485248566,1.751184105873108,,
154,71149,0.009471026249229908,1.0189298391342163,,
154,71199,0.012544311583042145,1.2183222770690918,,
154,71249,0.023358795791864395,1.065185546875,,
154,71299,0.01559230126440525,0.9124226570129395,,
154,71299,,,0.372437447309494,0.3016638457775116
155,71349,0.049788087606430054,1.0674227476119995,,
155,71399,0.04643923044204712,1.4796414375305176,,
155,71449,0.06111863628029823,0.8101304769515991,,
155,71499,0.007279017008841038,0.9325595498085022,,
155,71549,0.02556382678449154,0.953683614730835,,
155,71599,0.014388419687747955,1.0425968170166016,,
155,71649,0.02239772118628025,0.9137015342712402,,
155,71699,0.023345980793237686,0.6575609445571899,,
155,71749,0.06454896926879883,1.3402910232543945,,
155,71759,,,0.36454060673713684,0.2989703416824341
156,71799,0.046508390456438065,0.7699821591377258,,
156,71849,0.021665949374437332,1.070823073387146,,
156,71899,0.016007089987397194,0.9086460471153259,,
156,71949,0.02006777748465538,0.8978939056396484,,
156,71999,0.023847822099924088,0.9048113226890564,,
156,72049,0.017412371933460236,0.6940014362335205,,
156,72099,0.05606640875339508,1.139415979385376,,
156,72149,0.023556113243103027,0.991837739944458,,
156,72199,0.059409722685813904,1.3386101722717285,,
156,72219,,,0.34417712688446045,0.32927629351615906
157,72249,0.027234181761741638,0.8686545491218567,,
157,72299,0.01834571361541748,1.0116850137710571,,
157,72349,0.024097159504890442,0.9106996059417725,,
157,72399,0.062113940715789795,0.6027129292488098,,
157,72449,0.021364154294133186,0.7082194089889526,,
157,72499,0.015987202525138855,0.9357167482376099,,
157,72549,0.02922840043902397,0.8411927819252014,,
157,72599,0.02951439656317234,0.950069785118103,,
157,72649,0.1511860340833664,0.7162051200866699,,
157,72679,,,0.3677677512168884,0.3502654433250427
158,72699,0.07576367259025574,1.0777301788330078,,
158,72749,0.18114061653614044,1.1135987043380737,,
158,72799,0.014237551018595695,1.1338059902191162,,
158,72849,0.028361249715089798,1.3594049215316772,,
158,72899,0.013142213225364685,1.028789758682251,,
158,72949,0.04217500239610672,1.0573556423187256,,
158,72999,0.030866025015711784,1.0389482975006104,,
158,73049,0.013443903997540474,1.1222550868988037,,
158,73099,0.02790994942188263,0.8111070990562439,,
158,73139,,,0.3892253637313843,0.3141283094882965
159,73149,0.048512496054172516,0.8611311912536621,,
159,73199,0.010903190821409225,1.1042307615280151,,
159,73249,0.008621430024504662,0.973792552947998,,
159,73299,0.017993316054344177,1.38546621799469,,
159,73349,0.024051062762737274,1.0572412014007568,,
159,73399,0.11126342415809631,0.6822389364242554,,
159,73449,0.09739892184734344,1.332780361175537,,
159,73499,0.01568024419248104,1.2243902683258057,,
159,73549,0.008730287663638592,0.9504491686820984,,
159,73599,0.024496717378497124,1.1355655193328857,,
159,73599,,,0.356918066740036,0.2756677269935608
160,73649,0.123588427901268,0.5442053079605103,,
160,73699,0.03680846095085144,1.0761680603027344,,
160,73749,0.056127000600099564,0.7643400430679321,,
160,73799,0.0043533239513635635,1.1497890949249268,,
160,73849,0.01278592273592949,1.240229845046997,,
160,73899,0.008008992299437523,0.9850295782089233,,
160,73949,0.016955142840743065,1.1854023933410645,,
160,73999,0.06809796392917633,0.7597455382347107,,
160,74049,0.011265099048614502,1.7665257453918457,,
160,74059,,,0.3821965754032135,0.26547425985336304
161,74099,0.015038218349218369,0.9051304459571838,,
161,74149,0.04449978098273277,0.773942232131958,,
161,74199,0.1046183779835701,0.7783118486404419,,
161,74249,0.009185794740915298,1.132643699645996,,
161,74299,0.009488907642662525,1.0547118186950684,,
161,74349,0.02898033708333969,0.708441972732544,,
161,74399,0.023272719234228134,0.8614116907119751,,
161,74449,0.02411925420165062,1.00802743434906,,
161,74499,0.009204065427184105,0.975024938583374,,
161,74519,,,0.3590325713157654,0.32109731435775757
162,74549,0.021525496616959572,0.7685160636901855,,
162,74599,0.058154601603746414,0.9719476699829102,,
162,74649,0.015360374934971333,0.7982824444770813,,
162,74699,0.015461551025509834,1.1475260257720947,,
162,74749,0.007298257667571306,0.7424312829971313,,
162,74799,0.04101300984621048,0.8250579833984375,,
162,74849,0.044823914766311646,1.332282304763794,,
162,74899,0.05247291550040245,1.1152561902999878,,
162,74949,0.025947872549295425,0.9532040953636169,,
162,74979,,,0.37234023213386536,0.2979070544242859
163,74999,0.025631386786699295,1.0093886852264404,,
163,75049,0.025615684688091278,0.9412876963615417,,
163,75099,0.013460556976497173,1.0463099479675293,,
163,75149,0.025552449747920036,1.0543675422668457,,
163,75199,0.015116672962903976,0.9562922716140747,,
163,75249,0.12696143984794617,0.7900775671005249,,
163,75299,0.03606107831001282,0.7522947788238525,,
163,75349,0.024948973208665848,1.1047669649124146,,
163,75399,0.020171718671917915,0.737922728061676,,
163,75439,,,0.3590450882911682,0.33609065413475037
164,75449,0.009574856609106064,0.8424842953681946,,
164,75499,0.005413433536887169,1.103550910949707,,
164,75549,0.008294317871332169,1.2467132806777954,,
164,75599,0.011603236198425293,0.9889957904815674,,
164,75649,0.013827869668602943,1.0786998271942139,,
164,75699,0.017997464165091515,0.8643176555633545,,
164,75749,0.05647126957774162,0.8922432661056519,,
164,75799,0.032171737402677536,0.8007358908653259,,
164,75849,0.04906294867396355,0.7775329947471619,,
164,75899,0.017719293013215065,1.0268148183822632,,
164,75899,,,0.37132880091667175,0.2618604302406311
165,75949,0.025621410459280014,0.8754758834838867,,
165,75999,0.09981583058834076,0.5312352180480957,,
165,76049,0.04679243266582489,1.1824698448181152,,
165,76099,0.060292765498161316,0.8499483466148376,,
165,76149,0.03386620059609413,1.48012113571167,,
165,76199,0.019133638590574265,1.1713685989379883,,
165,76249,0.05245077237486839,0.9332516193389893,,
165,76299,0.01268044114112854,1.2388503551483154,,
165,76349,0.0059909275732934475,1.0705214738845825,,
165,76359,,,0.38777318596839905,0.30138686299324036
166,76399,0.013200854882597923,0.9293627738952637,,
166,76449,0.010699193924665451,1.303844690322876,,
166,76499,0.0850822776556015,0.5769591927528381,,
166,76549,0.00831642933189869,0.9087337851524353,,
166,76599,0.06266755610704422,0.7627167701721191,,
166,76649,0.015655502676963806,0.8913317918777466,,
166,76699,0.07548583298921585,0.927585244178772,,
166,76749,0.019823545590043068,0.6945602297782898,,
166,76799,0.059934794902801514,0.6434850692749023,,
166,76819,,,0.3842363953590393,0.2736014723777771
167,76849,0.025532446801662445,0.9015686511993408,,
167,76899,0.011128004640340805,1.042717695236206,,
167,76949,0.006673299707472324,1.2989351749420166,,
167,76999,0.02772163599729538,0.8428692817687988,,
167,77049,0.02864089235663414,1.1912662982940674,,
167,77099,0.019772792235016823,0.8507468700408936,,
167,77149,0.013699248433113098,1.0782935619354248,,
167,77199,0.035952769219875336,1.0680861473083496,,
167,77249,0.07700107991695404,0.9771298170089722,,
167,77279,,,0.38126614689826965,0.252993106842041
168,77299,0.03456704691052437,0.8437445163726807,,
168,77349,0.015378044918179512,0.8296026587486267,,
168,77399,0.022541649639606476,0.9853851795196533,,
168,77449,0.043444596230983734,0.693034291267395,,
168,77499,0.009569313377141953,0.9982814788818359,,
168,77549,0.007169581018388271,0.9968927502632141,,
168,77599,0.021172260865569115,0.9959688186645508,,
168,77649,0.021152105182409286,0.8544967174530029,,
168,77699,0.017506320029497147,0.8670468330383301,,
168,77739,,,0.3932424783706665,0.27895763516426086
169,77749,0.021696409210562706,0.8472387790679932,,
169,77799,0.020825518295168877,0.8385221362113953,,
169,77849,0.033234648406505585,0.6077066659927368,,
169,77899,0.014500327408313751,1.1055939197540283,,
169,77949,0.016677096486091614,1.084266185760498,,
169,77999,0.029007485136389732,1.250712275505066,,
169,78049,0.10893256962299347,1.419585943222046,,
169,78099,0.03328591212630272,1.2489309310913086,,
169,78149,0.04092443361878395,0.8026226758956909,,
169,78199,0.005386482458561659,1.3063651323318481,,
169,78199,,,0.3703722059726715,0.3087467551231384
170,78249,0.05459754914045334,0.8492982387542725,,
170,78299,0.009002231992781162,1.0145835876464844,,
170,78349,0.02427862025797367,0.939399242401123,,
170,78399,0.011447311379015446,0.9389482736587524,,
170,78449,0.019565999507904053,0.8663712739944458,,
170,78499,0.021013503894209862,1.2061069011688232,,
170,78549,0.10328323394060135,1.037492275238037,,
170,78599,0.005538740195333958,1.187406301498413,,
170,78649,0.013641808182001114,0.9236396551132202,,
170,78659,,,0.4360222816467285,0.23552978038787842
171,78699,0.016885405406355858,0.8531302213668823,,
171,78749,0.02327880449593067,1.2962297201156616,,
171,78799,0.05171704664826393,0.7263733148574829,,
171,78849,0.03567243367433548,0.8343308568000793,,
171,78899,0.06594218313694,0.7147092819213867,,
171,78949,0.0964750424027443,1.1410572528839111,,
171,78999,0.030467208474874496,1.037031650543213,,
171,79049,0.01677439734339714,1.2146228551864624,,
171,79099,0.027691785246133804,0.7729555368423462,,
171,79119,,,0.3889235556125641,0.2552337646484375
172,79149,0.007417154498398304,1.0997023582458496,,
172,79199,0.05182613432407379,1.0895602703094482,,
172,79249,0.016773181036114693,0.7583463191986084,,
172,79299,0.03529950976371765,0.7455816864967346,,
172,79349,0.09029661118984222,0.8158196210861206,,
172,79399,0.005395803600549698,1.1888213157653809,,
172,79449,0.010654638521373272,0.9092599749565125,,
172,79499,0.021275416016578674,0.8044944405555725,,
172,79549,0.0718810185790062,1.400249719619751,,
172,79579,,,0.38128557801246643,0.4007359445095062
173,79599,0.031512320041656494,0.9839910268783569,,
173,79649,0.03144307807087898,1.1764676570892334,,
173,79699,0.06299522519111633,0.8811164498329163,,
173,79749,0.09154617786407471,1.1305747032165527,,
173,79799,0.028777804225683212,1.0329716205596924,,
173,79849,0.0693843811750412,1.593517780303955,,
173,79899,0.029431767761707306,1.165880799293518,,
173,79949,0.02420925348997116,1.220666527748108,,
173,79999,0.009907834231853485,1.1132696866989136,,
173,80039,,,0.36820441484451294,0.34395456314086914
174,80049,0.022377481684088707,0.6497681140899658,,
174,80099,0.049816492944955826,1.1039483547210693,,
174,80149,0.01740836352109909,1.251159429550171,,
174,80199,0.06809154152870178,0.9204477071762085,,
174,80249,0.006424569524824619,1.021142840385437,,
174,80299,0.0672106072306633,0.9082378149032593,,
174,80349,0.013097401708364487,0.8133783340454102,,
174,80399,0.02766459807753563,0.8264177441596985,,
174,80449,0.011884226463735104,1.422936201095581,,
174,80499,0.014025633223354816,1.0819181203842163,,
174,80499,,,0.369301438331604,0.30883508920669556
175,80549,0.035214632749557495,0.8622715473175049,,
175,80599,0.011797118932008743,0.8380106687545776,,
175,80649,0.05455830693244934,1.4215984344482422,,
175,80699,0.023753006011247635,0.8047392964363098,,
175,80749,0.011328909546136856,0.7671273946762085,,
175,80799,0.01205402985215187,1.2352136373519897,,
175,80849,0.021855510771274567,0.7461990714073181,,
175,80899,0.01140919141471386,1.0353522300720215,,
175,80949,0.021698234602808952,1.3128128051757812,,
175,80959,,,0.3829183578491211,0.26129233837127686
176,80999,0.018785525113344193,1.0742532014846802,,
176,81049,0.05528024211525917,1.0001391172409058,,
176,81099,0.036107949912548065,1.1759657859802246,,
176,81149,0.3344208002090454,0.7717669606208801,,
176,81199,0.10117150843143463,1.1332602500915527,,
176,81249,0.0551069937646389,0.7467535734176636,,
176,81299,0.0693383440375328,0.682245671749115,,
176,81349,0.01765672117471695,1.1754834651947021,,
176,81399,0.026115376502275467,0.891281247138977,,
176,81419,,,0.37260183691978455,0.3254079222679138
177,81449,0.016854900866746902,0.8255212306976318,,
177,81499,0.03305767476558685,0.8328878879547119,,
177,81549,0.07094740867614746,1.112491488456726,,
177,81599,0.024332256987690926,1.011368751525879,,
177,81649,0.04563353955745697,1.0615582466125488,,
177,81699,0.03290865570306778,0.7935110926628113,,
177,81749,0.024551644921302795,0.8792504668235779,,
177,81799,0.018142152577638626,1.3404508829116821,,
177,81849,0.03870013356208801,0.9043561816215515,,
177,81879,,,0.38804522156715393,0.29728853702545166
178,81899,0.019189363345503807,1.4876079559326172,,
178,81949,0.0314054861664772,0.9739949107170105,,
178,81999,0.018269626423716545,1.0406608581542969,,
178,82049,0.01398240402340889,1.0735163688659668,,
178,82099,0.02247857302427292,1.1894304752349854,,
178,82149,0.015335663221776485,0.9473572373390198,,
178,82199,0.01257123239338398,1.360856056213379,,
178,82249,0.02297179400920868,0.8851519227027893,,
178,82299,0.010027492418885231,0.9204947352409363,,
178,82339,,,0.35623252391815186,0.34865808486938477
179,82349,0.022038808092474937,1.006481647491455,,
179,82399,0.06603339314460754,0.6355665922164917,,
179,82449,0.011062795296311378,0.6178683042526245,,
179,82499,0.030960530042648315,1.271071434020996,,
179,82549,0.0228482224047184,1.135606288909912,,
179,82599,0.012947702780365944,0.7804306149482727,,
179,82649,0.029906686395406723,1.058836579322815,,
179,82699,0.09046871960163116,0.8262676000595093,,
179,82749,0.015344723127782345,0.5293797254562378,,
179,82799,0.029928933829069138,1.0465540885925293,,
179,82799,,,0.37812569737434387,0.31863537430763245
180,82849,0.04744311422109604,1.1684434413909912,,
180,82899,0.01937347650527954,1.0100393295288086,,
180,82949,0.05107944458723068,0.7721973657608032,,
180,82999,0.0145675428211689,0.9709201455116272,,
180,83049,0.054274722933769226,0.6966805458068848,,
180,83099,0.01848168484866619,0.7116454839706421,,
180,83149,0.04652268439531326,0.930705189704895,,
180,83199,0.015054631046950817,0.683266282081604,,
180,83249,0.029265649616718292,1.2430624961853027,,
180,83259,,,0.36105573177337646,0.3072895407676697
181,83299,0.00676958542317152,0.6789644956588745,,
181,83349,0.028636284172534943,1.140123963356018,,
181,83399,0.005745333153754473,1.136246681213379,,
181,83449,0.010667974129319191,0.8889876008033752,,
181,83499,0.00860650185495615,1.071589469909668,,
181,83549,0.004231580998748541,1.166380524635315,,
181,83599,0.012293398380279541,0.8490480780601501,,
181,83649,0.06055060774087906,0.808722972869873,,
181,83699,0.013407974503934383,1.2241495847702026,,
181,83719,,,0.37105900049209595,0.36562907695770264
182,83749,0.028229594230651855,0.6388664245605469,,
182,83799,0.05571884289383888,0.7305362224578857,,
182,83849,0.02367323264479637,0.9511618614196777,,
182,83899,0.04925207048654556,0.8849557638168335,,
182,83949,0.0130015779286623,0.9227738380432129,,
182,83999,0.010198243893682957,1.0759456157684326,,
182,84049,0.028406046330928802,1.4941799640655518,,
182,84099,0.031366873532533646,0.8267489075660706,,
182,84149,0.0194183811545372,1.1787395477294922,,
182,84179,,,0.36551982164382935,0.30608999729156494
183,84199,0.01101919636130333,1.3035383224487305,,
183,84249,0.0053168656304478645,1.1201326847076416,,
183,84299,0.007331167347729206,0.9802217483520508,,
183,84349,0.014987211674451828,0.8263148665428162,,
183,84399,0.05448128655552864,1.1784887313842773,,
183,84449,0.00821580458432436,0.9257926344871521,,
183,84499,0.032745424658060074,1.0299712419509888,,
183,84549,0.03970178961753845,0.7208108305931091,,
183,84599,0.0930214375257492,0.5749202966690063,,
183,84639,,,0.3888973295688629,0.3064166009426117
184,84649,0.012556444853544235,1.082495927810669,,
184,84699,0.007905147969722748,1.17366361618042,,
184,84749,0.014023911207914352,1.3256357908248901,,
184,84799,0.047053735703229904,0.7248618602752686,,
184,84849,0.010667560622096062,0.9261394143104553,,
184,84899,0.006836621090769768,0.8691656589508057,,
184,84949,0.017408641055226326,1.1698243618011475,,
184,84999,0.017571542412042618,0.8793329000473022,,
184,85049,0.03747192770242691,1.0219101905822754,,
184,85099,0.02928796410560608,1.4122486114501953,,
184,85099,,,0.3623772859573364,0.38038933277130127
185,85149,0.01891881786286831,0.5953264832496643,,
185,85199,0.04349379986524582,0.840763509273529,,
185,85249,0.028241870924830437,1.0977643728256226,,
185,85299,0.013545319437980652,1.0701357126235962,,
185,85349,0.00691098440438509,1.3567485809326172,,
185,85399,0.01111534796655178,0.9105163812637329,,
185,85449,0.09971462935209274,1.0069735050201416,,
185,85499,0.028586892411112785,1.0076477527618408,,
185,85549,0.06822618097066879,1.3317023515701294,,
185,85559,,,0.36599352955818176,0.3700922727584839
186,85599,0.008942129090428352,0.9533053636550903,,
186,85649,0.011261293664574623,0.9196571707725525,,
186,85699,0.019166287034749985,0.9777909517288208,,
186,85749,0.005830472335219383,0.8682374358177185,,
186,85799,0.015839433297514915,0.9059581756591797,,
186,85849,0.10315288603305817,0.8207592368125916,,
186,85899,0.02251521497964859,1.1924837827682495,,
186,85949,0.10655854642391205,0.719862699508667,,
186,85999,0.025959141552448273,0.9710899591445923,,
186,86019,,,0.4055282771587372,0.23594874143600464
187,86049,0.11088476330041885,0.5295665264129639,,
187,86099,0.01883847266435623,0.6424891948699951,,
187,86149,0.015481958165764809,1.0455931425094604,,
187,86199,0.029599420726299286,1.6488733291625977,,
187,86249,0.007716327905654907,0.9024022817611694,,
187,86299,0.007615951355546713,1.4529657363891602,,
187,86349,0.047315564006567,0.8736684322357178,,
187,86399,0.012956724502146244,0.7428529262542725,,
187,86449,0.08766580373048782,1.3320105075836182,,
187,86479,,,0.38382893800735474,0.2930149435997009
188,86499,0.014466776512563229,1.413613200187683,,
188,86549,0.02345261350274086,0.8029665946960449,,
188,86599,0.008699014782905579,1.4665305614471436,,
188,86649,0.006019953638315201,0.9547044634819031,,
188,86699,0.017010968178510666,1.1037178039550781,,
188,86749,0.03430931270122528,1.1247165203094482,,
188,86799,0.015742279589176178,0.9834741353988647,,
188,86849,0.03204590082168579,1.3538179397583008,,
188,86899,0.02706734836101532,1.0845928192138672,,
188,86939,,,0.3853200674057007,0.2950665056705475
189,86949,0.017750561237335205,0.7556724548339844,,
189,86999,0.02458065003156662,0.8979547023773193,,
189,87049,0.07739369571208954,0.7130293250083923,,
189,87099,0.10305596888065338,0.41916343569755554,,
189,87149,0.033113256096839905,1.1599246263504028,,
189,87199,0.01334947720170021,1.0727988481521606,,
189,87249,0.013421365059912205,0.6386489272117615,,
189,87299,0.00487099401652813,1.241235375404358,,
189,87349,0.014580847695469856,1.470576286315918,,
189,87399,0.05455243960022926,1.1606345176696777,,
189,87399,,,0.33953946828842163,0.3501147925853729
190,87449,0.005104082636535168,0.8344789743423462,,
190,87499,0.015037436038255692,0.9672863483428955,,
190,87549,0.004862521309405565,0.9335302114486694,,
190,87599,0.057630397379398346,0.6851820945739746,,
190,87649,0.026356037706136703,1.0435035228729248,,
190,87699,0.04960625618696213,1.0475388765335083,,
190,87749,0.00618520425632596,1.4567440748214722,,
190,87799,0.03234679624438286,1.0283162593841553,,
190,87849,0.015437043271958828,0.9497580528259277,,
190,87859,,,0.3557806611061096,0.31964200735092163
191,87899,0.011735972948372364,0.8503960371017456,,
191,87949,0.008603224530816078,0.7700849771499634,,
191,87999,0.02720504254102707,1.507301688194275,,
191,88049,0.03878979757428169,0.8562474846839905,,
191,88099,0.013856938108801842,1.0789768695831299,,
191,88149,0.08683094382286072,1.0604418516159058,,
191,88199,0.018101729452610016,0.7629843950271606,,
191,88249,0.03289258852601051,1.1162686347961426,,
191,88299,0.007527492009103298,0.9380154609680176,,
191,88319,,,0.3737671971321106,0.3495539128780365
192,88349,0.04211221635341644,1.1596770286560059,,
192,88399,0.01139046624302864,0.9938589334487915,,
192,88449,0.014635741710662842,0.9409117698669434,,
192,88499,0.020908622071146965,0.8966234922409058,,
192,88549,0.06290323287248611,0.6646183133125305,,
192,88599,0.01676301844418049,1.1171411275863647,,
192,88649,0.022305496037006378,1.076293706893921,,
192,88699,0.03190251812338829,1.1255302429199219,,
192,88749,0.0061254603788256645,0.9599370956420898,,
192,88779,,,0.3626071810722351,0.3599831461906433
193,88799,0.03855050355195999,0.7516251802444458,,
193,88849,0.04742608219385147,0.7737733721733093,,
193,88899,0.04225495830178261,1.121764898300171,,
193,88949,0.028401415795087814,1.3313343524932861,,
193,88999,0.00931466743350029,1.0435466766357422,,
193,89049,0.040915749967098236,0.9770876169204712,,
193,89099,0.02271106466650963,0.9108364582061768,,
193,89149,0.02517586573958397,1.1597535610198975,,
193,89199,0.005830792244523764,0.8550142049789429,,
193,89239,,,0.38554880023002625,0.33495408296585083
194,89249,0.008814742788672447,0.9967418909072876,,
194,89299,0.09742588549852371,0.9300448894500732,,
194,89349,0.01321656908839941,0.8806686401367188,,
194,89399,0.03715628758072853,1.2412928342819214,,
194,89449,0.021659424528479576,1.0772762298583984,,
194,89499,0.046139612793922424,0.9494448900222778,,
194,89549,0.04838842898607254,0.8109274506568909,,
194,89599,0.00739525118842721,1.3706212043762207,,
194,89649,0.08783748745918274,1.081130862236023,,
194,89699,0.029496265575289726,1.2569044828414917,,
194,89699,,,0.3798944056034088,0.3318929672241211
195,89749,0.04832686111330986,1.0776350498199463,,
195,89799,0.011476057581603527,1.1693397760391235,,
195,89849,0.01745695434510708,0.9594083428382874,,
195,89899,0.039217304438352585,1.0191665887832642,,
195,89949,0.005763052962720394,1.0565211772918701,,
195,89999,0.08325133472681046,1.2625585794448853,,
195,90049,0.007980456575751305,0.9830445051193237,,
195,90099,0.04426974803209305,1.1388176679611206,,
195,90149,0.04221660643815994,0.7020484209060669,,
195,90159,,,0.36841627955436707,0.31377336382865906
196,90199,0.0882563441991806,1.0387728214263916,,
196,90249,0.011959780007600784,1.068249225616455,,
196,90299,0.02568521350622177,1.203504204750061,,
196,90349,0.008519214577972889,1.33721125125885,,
196,90399,0.037659719586372375,0.6016957759857178,,
196,90449,0.007121674716472626,0.9849184155464172,,
196,90499,0.006071183830499649,0.7230218648910522,,
196,90549,0.0041652582585811615,0.8878416419029236,,
196,90599,0.006564564537256956,0.952811598777771,,
196,90619,,,0.36379116773605347,0.33006736636161804
197,90649,0.010603833943605423,0.7169235944747925,,
197,90699,0.011807325296103954,1.019864559173584,,
197,90749,0.042913731187582016,1.0926058292388916,,
197,90799,0.03712286055088043,1.2101378440856934,,
197,90849,0.09790416806936264,0.9562397003173828,,
197,90899,0.01899799518287182,0.9562145471572876,,
197,90949,0.07585051655769348,0.7138782739639282,,
197,90999,0.02618272975087166,0.8315832018852234,,
197,91049,0.01991783268749714,1.1519191265106201,,
197,91079,,,0.3941557705402374,0.2359006255865097
198,91099,0.023224612697958946,0.9135891795158386,,
198,91149,0.02269063889980316,0.6947059035301208,,
198,91199,0.04046592116355896,1.1516804695129395,,
198,91249,0.006108824163675308,1.2367007732391357,,
198,91299,0.03687916323542595,1.26932692527771,,
198,91349,0.009748316369950771,1.394105076789856,,
198,91399,0.0185018889605999,1.0175139904022217,,
198,91449,0.0066242520697414875,0.9763875007629395,,
198,91499,0.10608366131782532,1.5075881481170654,,
198,91539,,,0.37501251697540283,0.29012128710746765
199,91549,0.03070603497326374,0.6961517333984375,,
199,91599,0.04026900231838226,1.0527095794677734,,
199,91649,0.02190621942281723,1.1784075498580933,,
199,91699,0.08344995975494385,0.6157236695289612,,
199,91749,0.04193536192178726,0.9987308979034424,,
199,91799,0.04853712394833565,1.4122310876846313,,
199,91849,0.018294941633939743,0.7930414080619812,,
199,91899,0.03015681356191635,0.7172309160232544,,
199,91949,0.03069392964243889,0.7475689649581909,,
199,91999,0.03935302793979645,1.2823913097381592,,
199,91999,,,0.39183300733566284,0.2858848571777344
200,92049,0.04349435120820999,0.9450588226318359,,
200,92099,0.06196562200784683,1.1951096057891846,,
200,92149,0.036630235612392426,1.0945825576782227,,
200,92199,0.009675764478743076,0.9873555898666382,,
200,92249,0.010915195569396019,1.2533237934112549,,
200,92299,0.03364977613091469,0.7234159708023071,,
200,92349,0.04295417666435242,1.0708928108215332,,
200,92399,0.05660092830657959,0.9169567823410034,,
200,92449,0.045794691890478134,1.2990577220916748,,
200,92459,,,0.39711350202560425,0.24196431040763855
201,92499,0.01321697048842907,0.9739077091217041,,
201,92549,0.010010121390223503,0.8342479467391968,,
201,92599,0.05759148672223091,1.3181707859039307,,
201,92649,0.07216402143239975,1.0458588600158691,,
201,92699,0.011477133259177208,1.5049445629119873,,
201,92749,0.012342741712927818,0.7823683023452759,,
201,92799,0.033609528094530106,1.1086533069610596,,
201,92849,0.04223189130425453,1.2358589172363281,,
201,92899,0.012372920289635658,0.68975830078125,,
201,92919,,,0.4091699719429016,0.26713651418685913
202,92949,0.32923009991645813,0.8218690752983093,,
202,92999,0.018755771219730377,1.2405707836151123,,
202,93049,0.006587488576769829,0.764519453048706,,
202,93099,0.018532447516918182,1.0764796733856201,,
202,93149,0.00993175245821476,0.9886919856071472,,
202,93199,0.007585689891129732,0.878850519657135,,
202,93249,0.00729002058506012,0.9443719983100891,,
202,93299,0.024566885083913803,1.0175771713256836,,
202,93349,0.038398757576942444,1.6003611087799072,,
202,93379,,,0.3796934187412262,0.30295270681381226
203,93399,0.014128541573882103,1.237444281578064,,
203,93449,0.014952023513615131,1.2159423828125,,
203,93499,0.042602092027664185,0.5325070023536682,,
203,93549,0.011593323200941086,1.2361252307891846,,
203,93599,0.008837572298943996,0.9486944079399109,,
203,93649,0.05281801521778107,0.7608702182769775,,
203,93699,0.028578216210007668,0.9307286739349365,,
203,93749,0.02186184749007225,0.8145328760147095,,
203,93799,0.024520445615053177,0.8464170098304749,,
203,93839,,,0.4086002707481384,0.24318763613700867
204,93849,0.014132872223854065,1.3780648708343506,,
204,93899,0.011164617724716663,1.2997493743896484,,
204,93949,0.013254289515316486,1.153416633605957,,
204,93999,0.007265402469784021,0.8651767373085022,,
204,94049,0.03557222709059715,0.7147400379180908,,
204,94099,0.016810931265354156,0.6122621893882751,,
204,94149,0.012944310903549194,0.986560583114624,,
204,94199,0.006979969795793295,1.0215682983398438,,
204,94249,0.040601667016744614,0.908139705657959,,
204,94299,0.15197080373764038,1.4589837789535522,,
204,94299,,,0.38178277015686035,0.32733163237571716
205,94349,0.026117565110325813,0.6441617608070374,,
205,94399,0.040597885847091675,0.819180965423584,,
205,94449,0.05235907435417175,0.7084591388702393,,
205,94499,0.08715452253818512,0.5529791116714478,,
205,94549,0.01157928816974163,0.9113565683364868,,
205,94599,0.01214623637497425,0.7367100119590759,,
205,94649,0.09916047751903534,0.7024414539337158,,
205,94699,0.0062941620126366615,1.2406744956970215,,
205,94749,0.022564798593521118,1.07185697555542,,
205,94759,,,0.38649365305900574,0.37671858072280884
206,94799,0.033561915159225464,0.8937858939170837,,
206,94849,0.014177737757563591,1.3825781345367432,,
206,94899,0.03229302167892456,0.5960252285003662,,
206,94949,0.057295214384794235,0.7640972137451172,,
206,94999,0.04453055560588837,1.2115099430084229,,
206,95049,0.011181587353348732,0.8533979058265686,,
206,95099,0.01810644194483757,0.8002675771713257,,
206,95149,0.008711706846952438,1.1482937335968018,,
206,95199,0.028985608369112015,1.1130907535552979,,
206,95219,,,0.38410282135009766,0.38079407811164856
207,95249,0.05618508905172348,1.03562331199646,,
207,95299,0.023264078423380852,0.7089611887931824,,
207,95349,0.019402364268898964,1.2603729963302612,,
207,95399,0.032728999853134155,1.0311665534973145,,
207,95449,0.012939924374222755,1.019167184829712,,
207,95499,0.013999126851558685,0.7386407256126404,,
207,95549,0.0313258022069931,1.3591480255126953,,
207,95599,0.036165278404951096,0.6964071989059448,,
207,95649,0.008136354386806488,0.9550479650497437,,
207,95679,,,0.3967881202697754,0.26680827140808105
208,95699,0.038095418363809586,0.7923001646995544,,
208,95749,0.06921432912349701,1.020351529121399,,
208,95799,0.010150831192731857,0.9403520822525024,,
208,95849,0.03917691484093666,0.7924633622169495,,
208,95899,0.027728844434022903,1.0148776769638062,,
208,95949,0.00830000825226307,0.9523279070854187,,
208,95999,0.029974104836583138,1.049579381942749,,
208,96049,0.011121750809252262,0.9759787321090698,,
208,96099,0.023957230150699615,0.928769588470459,,
208,96139,,,0.40192779898643494,0.2797373831272125
209,96149,0.01026681624352932,0.8238729238510132,,
209,96199,0.07336940616369247,1.272003412246704,,
209,96249,0.020742539316415787,0.9735841751098633,,
209,96299,0.06128062307834625,0.8039110898971558,,
209,96349,0.004824635572731495,1.0448952913284302,,
209,96399,0.025359198451042175,0.8950309753417969,,
209,96449,0.0298831257969141,0.8580310344696045,,
209,96499,0.011278238147497177,0.8297635316848755,,
209,96549,0.026459883898496628,1.234365463256836,,
209,96599,0.03130248188972473,0.9595152139663696,,
209,96599,,,0.3771216571331024,0.2625665068626404
210,96649,0.03867873176932335,0.6732212901115417,,
210,96699,0.010503976605832577,1.2568678855895996,,
210,96749,0.021617790684103966,1.3236172199249268,,
210,96799,0.06393635272979736,1.1617313623428345,,
210,96849,0.01622791774570942,1.2386811971664429,,
210,96899,0.00723342364653945,0.7708228826522827,,
210,96949,0.016657186672091484,1.1238396167755127,,
210,96999,0.01846649870276451,0.9376171827316284,,
210,97049,0.014661508612334728,0.9502967596054077,,
210,97059,,,0.3892016112804413,0.3125489354133606
211,97099,0.02365110069513321,1.3393867015838623,,
211,97149,0.023733554407954216,0.9392595291137695,,
211,97199,0.013789011165499687,1.559641718864441,,
211,97249,0.006275783758610487,1.2516908645629883,,
211,97299,0.02303021028637886,0.7989567518234253,,
211,97349,0.033090170472860336,0.5957866907119751,,
211,97399,0.046470336616039276,1.0878524780273438,,
211,97449,0.11655183136463165,0.5908786058425903,,
211,97499,0.030327705666422844,0.9099477529525757,,
211,97519,,,0.39437252283096313,0.3084562122821808
212,97549,0.048986393958330154,1.0955321788787842,,
212,97599,0.009409056976437569,0.7859776020050049,,
212,97649,0.04936256259679794,0.8136985301971436,,
212,97699,0.019308295100927353,0.800288200378418,,
212,97749,0.032276902347803116,0.8347784876823425,,
212,97799,0.03211322799324989,0.6626359224319458,,
212,97849,0.03296193480491638,1.094440221786499,,
212,97899,0.017052505165338516,1.378986120223999,,
212,97949,0.02216270938515663,1.0944113731384277,,
212,97979,,,0.3706858456134796,0.3765888214111328
213,97999,0.03989925980567932,0.8235688209533691,,
213,98049,0.009848317131400108,0.8930039405822754,,
213,98099,0.0060071200132369995,0.9467272758483887,,
213,98149,0.014175212942063808,0.6801115274429321,,
213,98199,0.017895137891173363,1.0239231586456299,,
213,98249,0.028512336313724518,0.8177996277809143,,
213,98299,0.005417585372924805,1.3319612741470337,,
213,98349,0.02380642294883728,1.0148862600326538,,
213,98399,0.003102909540757537,1.3037238121032715,,
213,98439,,,0.40100717544555664,0.22947447001934052
214,98449,0.009023865684866905,0.9890949130058289,,
214,98499,0.015611667186021805,1.0485343933105469,,
214,98549,0.041644223034381866,1.2094435691833496,,
214,98599,0.03290644660592079,0.830727219581604,,
214,98649,0.011944775469601154,0.8724977970123291,,
214,98699,0.017680663615465164,1.2978036403656006,,
214,98749,0.020138109102845192,0.7767560482025146,,
214,98799,0.03496989980340004,0.9786726236343384,,
214,98849,0.007145875599235296,0.9330143928527832,,
214,98899,0.009230900555849075,1.0685862302780151,,
214,98899,,,0.40769317746162415,0.22865228354930878
215,98949,0.007965724915266037,1.0761462450027466,,
215,98999,0.016921740025281906,0.9398537278175354,,
215,99049,0.022581497207283974,0.8576101064682007,,
215,99099,0.012143595144152641,0.9515707492828369,,
215,99149,0.009832680225372314,0.7209500074386597,,
215,99199,0.012529497966170311,0.892526388168335,,
215,99249,0.012574231252074242,0.8722149133682251,,
215,99299,0.005437016952782869,1.0792467594146729,,
215,99349,0.13147015869617462,1.0577521324157715,,
215,99359,,,0.37918558716773987,0.2813628017902374
216,99399,0.037190940231084824,0.8479502201080322,,
216,99449,0.025512641295790672,0.9113573431968689,,
216,99499,0.01834031194448471,1.1383140087127686,,
216,99549,0.26885786652565,0.274435818195343,,
216,99599,0.013858424499630928,1.0159289836883545,,
216,99649,0.003339550457894802,1.4016646146774292,,
216,99699,0.010629555210471153,1.158216118812561,,
216,99749,0.012962627224624157,1.1851649284362793,,
216,99799,0.028471097350120544,0.990431547164917,,
216,99819,,,0.38271957635879517,0.3178008198738098
217,99849,0.017795175313949585,1.206725001335144,,
217,99899,0.013458465225994587,1.0458769798278809,,
217,99949,0.00883401744067669,0.9230629205703735,,
217,99999,0.021219689399003983,1.2807250022888184,,
217,100049,0.012906731106340885,0.9064607620239258,,
217,100099,0.014946181327104568,1.1382489204406738,,
217,100149,0.015231981873512268,1.0906434059143066,,
217,100199,0.038716793060302734,1.1663486957550049,,
217,100249,0.050443291664123535,0.7658573389053345,,
217,100279,,,0.35777366161346436,0.3776370584964752
218,100299,0.01663377322256565,1.3398399353027344,,
218,100349,0.01596342772245407,0.8282705545425415,,
218,100399,0.005863652564585209,1.087863564491272,,
218,100449,0.06137262284755707,1.1421575546264648,,
218,100499,0.029272928833961487,1.0044689178466797,,
218,100549,0.04758754000067711,1.2536063194274902,,
218,100599,0.03154870495200157,1.032975673675537,,
218,100649,0.15472906827926636,1.165775179862976,,
218,100699,0.01771821267902851,1.0697741508483887,,
218,100739,,,0.36331433057785034,0.3332507610321045
219,100749,0.07210749387741089,0.9519753456115723,,
219,100799,0.02407870814204216,1.0932555198669434,,
219,100849,0.008542127907276154,0.7877000570297241,,
219,100899,0.012719454243779182,1.571786880493164,,
219,100949,0.009316105395555496,1.125082015991211,,
219,100999,0.007346321363002062,0.8758707046508789,,
219,101049,0.007693702355027199,0.9480831623077393,,
219,101099,0.011294018477201462,1.1379528045654297,,
219,101149,0.021152038127183914,0.9570927619934082,,
219,101199,0.0373091921210289,0.9728941321372986,,
219,101199,,,0.39028000831604004,0.28950685262680054
220,101249,0.005349373444914818,0.882137656211853,,
220,101299,0.04785418137907982,0.66925048828125,,
220,101349,0.012431181035935879,0.9865919351577759,,
220,101399,0.017869999632239342,0.7000945210456848,,
220,101449,0.05624719336628914,1.0382225513458252,,
220,101499,0.013101601041853428,0.9733773469924927,,
220,101549,0.03406946733593941,1.0431201457977295,,
220,101599,0.0619862861931324,0.6656091213226318,,
220,101649,0.04468084126710892,0.6639137864112854,,
220,101659,,,0.36997440457344055,0.3238711655139923
221,101699,0.015110387466847897,0.7073369026184082,,
221,101749,0.008595193736255169,0.8944895267486572,,
221,101799,0.010194554924964905,0.920756459236145,,
221,101849,0.021039973944425583,0.9359365701675415,,
221,101899,0.04138335585594177,1.490214228630066,,
221,101949,0.04847390204668045,1.5263954401016235,,
221,101999,0.01139046810567379,1.2419333457946777,,
221,102049,0.028611445799469948,1.1135660409927368,,
221,102099,0.08496485650539398,1.227593183517456,,
221,102119,,,0.37070295214653015,0.30044862627983093
222,102149,0.11345816403627396,0.6531822681427002,,
222,102199,0.021130003035068512,0.887967050075531,,
222,102249,0.01451991405338049,0.9202096462249756,,
222,102299,0.010476579889655113,0.8243619799613953,,
222,102349,0.018085386604070663,0.8841533660888672,,
222,102399,0.030271334573626518,0.7978568077087402,,
222,102449,0.020340949296951294,0.717629075050354,,
222,102499,0.02819034643471241,0.8752772212028503,,
222,102549,0.03098328411579132,1.163031816482544,,
222,102579,,,0.373874694108963,0.3550577759742737
223,102599,0.033302661031484604,0.7325736284255981,,
223,102649,0.010025161318480968,1.046431303024292,,
223,102699,0.15836015343666077,0.8464418649673462,,
223,102749,0.027832282707095146,1.022025465965271,,
223,102799,0.016341574490070343,1.2858515977859497,,
223,102849,0.003935640212148428,1.0310792922973633,,
223,102899,0.0076494114473462105,1.1298829317092896,,
223,102949,0.022188495844602585,1.3351719379425049,,
223,102999,0.012045166455209255,1.3745934963226318,,
223,103039,,,0.4113348126411438,0.3184794783592224
224,103049,0.012725996784865856,1.2675344944000244,,
224,103099,0.013996419496834278,0.7929531335830688,,
224,103149,0.04659396782517433,0.9005801677703857,,
224,103199,0.00762475049123168,1.2704932689666748,,
224,103249,0.005917523987591267,1.2560758590698242,,
224,103299,0.020848508924245834,0.9269824028015137,,
224,103349,0.03651479631662369,0.7764132618904114,,
224,103399,0.02167452871799469,0.6560055017471313,,
224,103449,0.04145244508981705,1.128701090812683,,
224,103499,0.016048889607191086,0.9603633284568787,,
224,103499,,,0.3687748610973358,0.37092918157577515
225,103549,0.00957706943154335,1.3134055137634277,,
225,103599,0.030848350375890732,1.0497866868972778,,
225,103649,0.01630345918238163,0.8328173756599426,,
225,103699,0.03408712521195412,0.8130163550376892,,
225,103749,0.023837925866246223,1.37153959274292,,
225,103799,0.022348925471305847,1.106249213218689,,
225,103849,0.04881863296031952,0.8885263204574585,,
225,103899,0.026363616809248924,1.3438210487365723,,
225,103949,0.06959377229213715,0.6168664693832397,,
225,103959,,,0.38780996203422546,0.3665924668312073
226,103999,0.015660682693123817,1.2189662456512451,,
226,104049,0.04529222846031189,1.1999635696411133,,
226,104099,0.054910510778427124,1.1675119400024414,,
226,104149,0.011276505887508392,0.9219471216201782,,
226,104199,0.014721048064529896,0.9611202478408813,,
226,104249,0.006770305801182985,1.1281845569610596,,
226,104299,0.02396053820848465,0.8261754512786865,,
226,104349,0.016014300286769867,1.0016810894012451,,
226,104399,0.04407838359475136,1.1164531707763672,,
226,104419,,,0.392740398645401,0.24832233786582947
227,104449,0.00774123752489686,1.068145751953125,,
227,104499,0.012526405043900013,1.0145821571350098,,
227,104549,0.010307006537914276,0.8956525921821594,,
227,104599,0.026637133210897446,1.1196331977844238,,
227,104649,0.01231272704899311,0.9598891735076904,,
227,104699,0.015583215281367302,1.606437087059021,,
227,104749,0.05851270630955696,0.6456503868103027,,
227,104799,0.10235802829265594,0.8571264147758484,,
227,104849,0.007603863254189491,1.146332025527954,,
227,104879,,,0.358163058757782,0.3319565951824188
228,104899,0.011408630758523941,0.9278423190116882,,
228,104949,0.022126585245132446,1.1299371719360352,,
228,104999,0.019889578223228455,0.9455499649047852,,
228,105049,0.005269980989396572,0.9496065378189087,,
228,105099,0.02360384911298752,0.9707860946655273,,
228,105149,0.022139962762594223,1.045323371887207,,
228,105199,0.010352620854973793,1.22161066532135,,
228,105249,0.011560878716409206,0.7577342987060547,,
228,105299,0.010253692045807838,1.2393062114715576,,
228,105339,,,0.3861866593360901,0.33460286259651184
229,105349,0.012707622721791267,0.8908188343048096,,
229,105399,0.060288287699222565,0.7844304442405701,,
229,105449,0.0318337045609951,0.8298246264457703,,
229,105499,0.007169938646256924,1.229773759841919,,
229,105549,0.017806630581617355,1.0684964656829834,,
229,105599,0.13160309195518494,0.5675699710845947,,
229,105649,0.009791642427444458,0.9741854667663574,,
229,105699,0.05604241043329239,0.8725866079330444,,
229,105749,0.01941809616982937,0.9502646923065186,,
229,105799,0.011081152595579624,0.9236494302749634,,
229,105799,,,0.3617992103099823,0.3242757022380829
230,105849,0.034321028739213943,0.9341073036193848,,
230,105899,0.012187049724161625,0.8336302638053894,,
230,105949,0.06292766332626343,1.144843339920044,,
230,105999,0.03441332280635834,1.1209678649902344,,
230,106049,0.008651988580822945,1.077784776687622,,
230,106099,0.007255069445818663,1.147252082824707,,
230,106149,0.017037399113178253,0.9275051355361938,,
230,106199,0.012082809582352638,0.954422116279602,,
230,106249,0.057008177042007446,0.7761827707290649,,
230,106259,,,0.3960556089878082,0.2561951279640198
231,106299,0.018093718215823174,1.1043846607208252,,
231,106349,0.012777249328792095,1.1040832996368408,,
231,106399,0.026035957038402557,0.9108185768127441,,
231,106449,0.01505843922495842,0.9117928743362427,,
231,106499,0.07525452971458435,1.387296438217163,,
231,106549,0.1534011960029602,0.5995606184005737,,
231,106599,0.014605779200792313,1.3643922805786133,,
231,106649,0.020644892007112503,1.1059894561767578,,
231,106699,0.03819539397954941,0.7207238674163818,,
231,106719,,,0.4048309624195099,0.2265307605266571
232,106749,0.022029101848602295,1.3173000812530518,,
232,106799,0.0707804262638092,1.209477186203003,,
232,106849,0.0068763489834964275,0.9741868376731873,,
232,106899,0.006709882989525795,1.1464786529541016,,
232,106949,0.006703568622469902,1.1112678050994873,,
232,106999,0.06592569500207901,1.0114487409591675,,
232,107049,0.02209518849849701,0.9569031000137329,,
232,107099,0.06900861859321594,0.8211354613304138,,
232,107149,0.00938746239989996,1.4578883647918701,,
232,107179,,,0.3880350887775421,0.324962854385376
233,107199,0.017990268766880035,0.782989501953125,,
233,107249,0.06580355018377304,1.345937967300415,,
233,107299,0.01002713106572628,1.1298682689666748,,
233,107349,0.004300540778785944,0.9005861282348633,,
233,107399,0.016635093837976456,0.8298113942146301,,
233,107449,0.03734365105628967,0.9260684847831726,,
233,107499,0.029513897374272346,0.8667692542076111,,
233,107549,0.010237010195851326,1.4619672298431396,,
233,107599,0.010168030858039856,1.0956003665924072,,
233,107639,,,0.37462395429611206,0.2981263995170593
234,107649,0.007828772999346256,0.8645269274711609,,
234,107699,0.06656759977340698,0.7866677641868591,,
234,107749,0.1850951910018921,0.29418492317199707,,
234,107799,0.028298573568463326,1.1903088092803955,,
234,107849,0.008231974206864834,0.6744683384895325,,
234,107899,0.10403405129909515,0.99772047996521,,
234,107949,0.01375681534409523,1.0519940853118896,,
234,107999,0.018529824912548065,1.270829439163208,,
234,108049,0.012435715645551682,1.1961359977722168,,
234,108099,0.009537256322801113,0.8722563982009888,,
234,108099,,,0.38155797123908997,0.3150642514228821
235,108149,0.00721788452938199,1.0604993104934692,,
235,108199,0.005136709660291672,1.1802186965942383,,
235,108249,0.022795606404542923,0.5719738006591797,,
235,108299,0.009662136435508728,0.9489718675613403,,
235,108349,0.019714226946234703,1.171829342842102,,
235,108399,0.02948739565908909,1.2079973220825195,,
235,108449,0.05253157764673233,0.5763475894927979,,
235,108499,0.01382478792220354,1.0462768077850342,,
235,108549,0.020876288414001465,0.9587140083312988,,
235,108559,,,0.37545061111450195,0.32926538586616516
236,108599,0.053591012954711914,0.8855926990509033,,
236,108649,0.04895339161157608,1.411200761795044,,
236,108699,0.05392780527472496,0.8786376714706421,,
236,108749,0.007141024339944124,0.7505124807357788,,
236,108799,0.015042554587125778,1.0479639768600464,,
236,108849,0.012393517419695854,1.0807210206985474,,
236,108899,0.015113893896341324,0.7693132162094116,,
236,108949,0.0781131237745285,0.9222151041030884,,
236,108999,0.007681841496378183,0.9417510628700256,,
236,109019,,,0.37550121545791626,0.31179797649383545
237,109049,0.017593402415513992,1.453366756439209,,
237,109099,0.018666839227080345,0.978441596031189,,
237,109149,0.0718860849738121,0.6451066732406616,,
237,109199,0.02725260704755783,0.952252209186554,,
237,109249,0.008728903718292713,0.7293738722801208,,
237,109299,0.025889314711093903,1.088618516921997,,
237,109349,0.013503646478056908,1.0236079692840576,,
237,109399,0.07184074074029922,1.9523756504058838,,
237,109449,0.06286042928695679,0.9280192255973816,,
237,109479,,,0.38266721367836,0.2650711238384247
238,109499,0.0805344507098198,0.8044456243515015,,
238,109549,0.014433704316616058,0.8864701986312866,,
238,109599,0.005950444843620062,0.9097471237182617,,
238,109649,0.10937249660491943,0.720060408115387,,
238,109699,0.009892727248370647,0.7721419930458069,,
238,109749,0.009628737345337868,0.9562814235687256,,
238,109799,0.02270806021988392,1.0608410835266113,,
238,109849,0.13357511162757874,1.1058932542800903,,
238,109899,0.00838862918317318,1.0779056549072266,,
238,109939,,,0.3763570189476013,0.3719915747642517
239,109949,0.016199158504605293,1.192314624786377,,
239,109999,0.03732266277074814,0.597001314163208,,
239,110049,0.03484141826629639,0.784683346748352,,
239,110099,0.02376580983400345,0.9033876061439514,,
239,110149,0.0038523811381310225,0.7371561527252197,,
239,110199,0.019313160330057144,1.2558574676513672,,
239,110249,0.007782506290823221,1.0405027866363525,,
239,110299,0.020528052002191544,1.0820081233978271,,
239,110349,0.006190174259245396,0.7987858653068542,,
239,110399,0.10741236805915833,1.2909032106399536,,
239,110399,,,0.3676777482032776,0.3454556465148926
240,110449,0.0062752095982432365,0.9900158643722534,,
240,110499,0.014009127393364906,1.2339669466018677,,
240,110549,0.005731244571506977,0.9944787621498108,,
240,110599,0.0181952565908432,1.156167984008789,,
240,110649,0.0074388510547578335,1.1304961442947388,,
240,110699,0.012830846011638641,1.229355812072754,,
240,110749,0.0126421507447958,0.9008092880249023,,
240,110799,0.05145593360066414,1.0306063890457153,,
240,110849,0.025701265782117844,1.0273996591567993,,
240,110859,,,0.37152737379074097,0.3651583790779114
241,110899,0.012164153158664703,1.2461636066436768,,
241,110949,0.017675263807177544,0.9681452512741089,,
241,110999,0.0548613965511322,0.6455526351928711,,
241,111049,0.01215711422264576,0.9825361967086792,,
241,111099,0.013220489025115967,1.0680665969848633,,
241,111149,0.008572744205594063,0.9790021181106567,,
241,111199,0.008414413779973984,1.0308375358581543,,
241,111249,0.034374210983514786,0.6491520404815674,,
241,111299,0.034291595220565796,1.2800302505493164,,
241,111319,,,0.3967609703540802,0.2608151435852051
242,111349,0.020230351015925407,0.7858215570449829,,
242,111399,0.04711636155843735,0.5883796811103821,,
242,111449,0.06612778455018997,0.9704114198684692,,
242,111499,0.059516388922929764,0.8171746730804443,,
242,111549,0.010203715413808823,0.8361309766769409,,
242,111599,0.009462008252739906,0.888696551322937,,
242,111649,0.024870723485946655,1.042968511581421,,
242,111699,0.007688445039093494,1.2309861183166504,,
242,111749,0.01244214829057455,0.8533329963684082,,
242,111779,,,0.3899286687374115,0.25984838604927063
243,111799,0.023485802114009857,1.1719939708709717,,
243,111849,0.011478820815682411,0.7842094898223877,,
243,111899,0.05119013413786888,1.0214482545852661,,
243,111949,0.008863159455358982,1.1245726346969604,,
243,111999,0.07981046289205551,1.0881083011627197,,
243,112049,0.008496691472828388,1.0904626846313477,,
243,112099,0.026169707998633385,0.6868085861206055,,
243,112149,0.007621477358043194,0.8906161189079285,,
243,112199,0.009361779317259789,0.8952710628509521,,
243,112239,,,0.3939649164676666,0.262564092874527
244,112249,0.0646526962518692,0.7604398131370544,,
244,112299,0.1435907483100891,0.8482108116149902,,
244,112349,0.010101137682795525,1.0008879899978638,,
244,112399,0.08763450384140015,0.687812864780426,,
244,112449,0.023418046534061432,1.0715937614440918,,
244,112499,0.031084420159459114,0.8661655187606812,,
244,112549,0.011056910268962383,0.9807190895080566,,
244,112599,0.03349153697490692,0.7908667922019958,,
244,112649,0.026160527020692825,0.9368410706520081,,
244,112699,0.03052884340286255,0.9444898962974548,,
244,112699,,,0.3793308436870575,0.3101661205291748
245,112749,0.015914520248770714,1.0833518505096436,,
245,112799,0.012651745229959488,1.0237975120544434,,
245,112849,0.053328681737184525,1.357992172241211,,
245,112899,0.02278207242488861,1.06111478805542,,
245,112949,0.05777360126376152,0.8495277166366577,,
245,112999,0.06105664372444153,1.0017380714416504,,
245,113049,0.01310728583484888,1.0932973623275757,,
245,113099,0.03161973878741264,0.7040321826934814,,
245,113149,0.012925070710480213,0.9030740261077881,,
245,113159,,,0.3846694827079773,0.29398342967033386
246,113199,0.009406611323356628,0.8261715173721313,,
246,113249,0.053589530289173126,0.8345946073532104,,
246,113299,0.03084518201649189,0.8178207874298096,,
246,113349,0.04559154063463211,1.0885190963745117,,
246,113399,0.02534295618534088,1.3066385984420776,,
246,113449,0.011744454503059387,0.9382417798042297,,
246,113499,0.012779035605490208,1.000527262687683,,
246,113549,0.024116652086377144,0.9026771783828735,,
246,113599,0.016883142292499542,1.034440279006958,,
246,113619,,,0.3803230822086334,0.3293890058994293
247,113649,0.029355254024267197,1.1044632196426392,,
247,113699,0.08847226202487946,1.1390514373779297,,
247,113749,0.03731135278940201,0.6763554811477661,,
247,113799,0.012784605845808983,0.8946580290794373,,
247,113849,0.007255605421960354,1.0432233810424805,,
247,113899,0.06930305063724518,1.3290071487426758,,
247,113949,0.0029436605982482433,1.134260892868042,,
247,113999,0.01023202296346426,0.9746718406677246,,
247,114049,0.03938814997673035,0.9581342935562134,,
247,114079,,,0.37506788969039917,0.31771910190582275
248,114099,0.010415380820631981,0.7752975821495056,,
248,114149,0.04146070033311844,1.1724741458892822,,
248,114199,0.03688095510005951,0.8048027753829956,,
248,114249,0.01685122773051262,0.8577610850334167,,
248,114299,0.03022243082523346,0.9262831807136536,,
248,114349,0.1739698201417923,0.4666707217693329,,
248,114399,0.0922737866640091,1.2417142391204834,,
248,114449,0.0932246595621109,1.1959763765335083,,
248,114499,0.014532094821333885,1.1669814586639404,,
248,114539,,,0.3865748941898346,0.2643570303916931
249,114549,0.007786985952407122,0.8960240483283997,,
249,114599,0.014011722058057785,1.1040112972259521,,
249,114649,0.031036486849188805,0.7244827747344971,,
249,114699,0.05455318093299866,1.4631357192993164,,
249,114749,0.01689830608665943,1.043870210647583,,
249,114799,0.015905484557151794,1.1353960037231445,,
249,114849,0.03468967601656914,1.7127301692962646,,
249,114899,0.02297493815422058,0.8565451502799988,,
249,114949,0.03388633206486702,0.9179592132568359,,
249,114999,0.0374712273478508,0.9158702492713928,,
249,114999,,,0.38529172539711,0.3151240646839142
250,115049,0.044176146388053894,0.6760374307632446,,
250,115099,0.02253764308989048,0.9382119178771973,,
250,115149,0.041917987167835236,0.8896653056144714,,
250,115199,0.007898030802607536,1.1617250442504883,,
250,115249,0.03210829198360443,0.9182299971580505,,
250,115299,0.025486256927251816,0.7147337198257446,,
250,115349,0.036734066903591156,1.0211272239685059,,
250,115399,0.05512566864490509,1.091691493988037,,
250,115449,0.029114864766597748,1.1126689910888672,,
250,115459,,,0.386817067861557,0.2821093499660492
251,115499,0.05047020688652992,1.2855374813079834,,
251,115549,0.016457874327898026,1.1939518451690674,,
251,115599,0.11487280577421188,0.940108597278595,,
251,115649,0.061967454850673676,1.1413661241531372,,
251,115699,0.015063704922795296,0.8857479095458984,,
251,115749,0.006084025837481022,1.062492847442627,,
251,115799,0.005951814353466034,1.0139217376708984,,
251,115849,0.009497417137026787,0.8415035605430603,,
251,115899,0.006875203922390938,1.126942753791809,,
251,115919,,,0.38886314630508423,0.3563646078109741
252,115949,0.07515501976013184,1.3922398090362549,,
252,115999,0.01117303129285574,1.094848871231079,,
252,116049,0.017046157270669937,0.7068799734115601,,
252,116099,0.011558093130588531,1.1391810178756714,,
252,116149,0.0207059308886528,0.6607214212417603,,
252,116199,0.009432269260287285,0.8619552850723267,,
252,116249,0.023450255393981934,1.0242359638214111,,
252,116299,0.004839006345719099,0.9280657172203064,,
252,116349,0.007387710269540548,0.8335064649581909,,
252,116379,,,0.39412128925323486,0.2646147906780243
253,116399,0.015701955184340477,0.803732693195343,,
253,116449,0.017989519983530045,1.0953214168548584,,
253,116499,0.02333560585975647,1.0566633939743042,,
253,116549,0.007773122284561396,0.7894198894500732,,
253,116599,0.02587905526161194,0.9799321889877319,,
253,116649,0.0043864017352461815,1.0638866424560547,,
253,116699,0.04559206962585449,1.0605889558792114,,
253,116749,0.02345944382250309,1.0288722515106201,,
253,116799,0.027253957465291023,0.9557864665985107,,
253,116839,,,0.39291077852249146,0.32322874665260315
254,116849,0.0519309900701046,1.062857747077942,,
254,116899,0.012170626781880856,1.0112839937210083,,
254,116949,0.010139081627130508,0.8551167249679565,,
254,116999,0.024863015860319138,1.0677200555801392,,
254,117049,0.0059616039507091045,0.9303774833679199,,
254,117099,0.07484458386898041,1.247241497039795,,
254,117149,0.025483740493655205,1.011552333831787,,
254,117199,0.03460315614938736,1.0675078630447388,,
254,117249,0.013160367496311665,1.1152950525283813,,
254,117299,0.009975354187190533,1.0578163862228394,,
254,117299,,,0.3765789866447449,0.3304777443408966
255,117349,0.009927959181368351,1.2206059694290161,,
255,117399,0.029347499832510948,0.794044017791748,,
255,117449,0.018422437831759453,1.1474671363830566,,
255,117499,0.02509141154587269,1.0766961574554443,,
255,117549,0.013238090090453625,1.4080270528793335,,
255,117599,0.009862775914371014,1.2068638801574707,,
255,117649,0.0405362993478775,1.3972039222717285,,
255,117699,0.004002782050520182,1.0267629623413086,,
255,117749,0.027809884399175644,0.9711490869522095,,
255,117759,,,0.4041142463684082,0.268580824136734
256,117799,0.044579826295375824,0.7401531934738159,,
256,117849,0.0043527656234800816,1.0054826736450195,,
256,117899,0.04077727347612381,1.0537116527557373,,
256,117949,0.011634544469416142,1.0022718906402588,,
256,117999,0.02257382683455944,0.9570364356040955,,
256,118049,0.05196060612797737,1.4097890853881836,,
256,118099,0.017080193385481834,0.869912326335907,,
256,118149,0.019495990127325058,0.9675233364105225,,
256,118199,0.06937934458255768,1.267755389213562,,
256,118219,,,0.40865787863731384,0.2145310938358307
257,118249,0.008106037974357605,0.9396724700927734,,
257,118299,0.003878993447870016,0.9508715867996216,,
257,118349,0.01907331310212612,0.9493873119354248,,
257,118399,0.056757792830467224,1.1134357452392578,,
257,118449,0.016108646988868713,0.7324140667915344,,
257,118499,0.011318591423332691,0.7768678069114685,,
257,118549,0.009089375846087933,0.8200106024742126,,
257,118599,0.01184141542762518,1.1453863382339478,,
257,118649,0.025272950530052185,0.8763337731361389,,
257,118679,,,0.3663654029369354,0.3124714493751526
258,118699,0.007042835466563702,1.2675732374191284,,
258,118749,0.007444306742399931,0.9828306436538696,,
258,118799,0.01283765584230423,0.8750457763671875,,
258,118849,0.0037661741953343153,1.1328351497650146,,
258,118899,0.01606486178934574,0.8108336925506592,,
258,118949,0.045707859098911285,0.8522807359695435,,
258,118999,0.02521090768277645,0.8377589583396912,,
258,119049,0.13777630031108856,0.6125766634941101,,
258,119099,0.10656145960092545,0.7076334953308105,,
258,119139,,,0.3932977020740509,0.2748936414718628
259,119149,0.015618465840816498,1.0048205852508545,,
259,119199,0.00685027614235878,0.9903218150138855,,
259,119249,0.07855915278196335,0.9468308687210083,,
259,119299,0.03547897934913635,1.2787202596664429,,
259,119349,0.05112867429852486,1.3457777500152588,,
259,119399,0.03455800563097,0.9028134346008301,,
259,119449,0.058931730687618256,0.6415282487869263,,
259,119499,0.01580989547073841,0.7748064994812012,,
259,119549,0.018743470311164856,1.3209327459335327,,
259,119599,0.029044046998023987,0.9097021818161011,,
259,119599,,,0.3731766641139984,0.2900388538837433
260,119649,0.03438159450888634,1.2984384298324585,,
260,119699,0.008762013167142868,1.0764954090118408,,
260,119749,0.0047641536220908165,0.8576561808586121,,
260,119799,0.0690494030714035,0.8177179098129272,,
260,119849,0.011444375850260258,0.9504073858261108,,
260,119899,0.027049824595451355,1.0840121507644653,,
260,119949,0.005521539598703384,0.8398488163948059,,
260,119999,0.006915245205163956,0.7007968425750732,,
260,120049,0.006541191600263119,1.1994088888168335,,
260,120059,,,0.3923456072807312,0.34263503551483154
261,120099,0.05507413297891617,1.0572644472122192,,
261,120149,0.02446264587342739,0.9342533349990845,,
261,120199,0.02259877696633339,1.1382859945297241,,
261,120249,0.032591577619314194,1.055342674255371,,
261,120299,0.07353122532367706,1.2184216976165771,,
261,120349,0.006127834320068359,1.0537834167480469,,
261,120399,0.008056514896452427,1.0339510440826416,,
261,120449,0.013673227280378342,0.8996347188949585,,
261,120499,0.005206139758229256,0.9229027628898621,,
261,120519,,,0.3949991464614868,0.27064305543899536
262,120549,0.04093485698103905,0.7252020835876465,,
262,120599,0.007032191846519709,0.8787519931793213,,
262,120649,0.046571772545576096,1.6420743465423584,,
262,120699,0.017726797610521317,1.232595443725586,,
262,120749,0.026442209258675575,0.8144687414169312,,
262,120799,0.07038816064596176,1.4264471530914307,,
262,120849,0.16079916059970856,0.8942840695381165,,
262,120899,0.06285610795021057,0.6171014308929443,,
262,120949,0.023763777688145638,1.0766372680664062,,
262,120979,,,0.3905338644981384,0.3055792450904846
263,120999,0.009649268351495266,1.0488190650939941,,
263,121049,0.012772684916853905,0.8489603400230408,,
263,121099,0.009802019223570824,0.8663144111633301,,
263,121149,0.056566666811704636,0.7182984352111816,,
263,121199,0.008261396549642086,0.8121378421783447,,
263,121249,0.010998048819601536,0.9980242252349854,,
263,121299,0.016696322709321976,1.215662956237793,,
263,121349,0.034470085054636,0.6995091438293457,,
263,121399,0.029350046068429947,0.9413291811943054,,
263,121439,,,0.3785359859466553,0.312690407037735
264,121449,0.011768786236643791,0.9873007535934448,,
264,121499,0.010907257907092571,0.7651079893112183,,
264,121549,0.046545252203941345,1.4915651082992554,,
264,121599,0.02427651733160019,1.1700431108474731,,
264,121649,0.01112703513354063,0.9385209679603577,,
264,121699,0.018417149782180786,1.030085563659668,,
264,121749,0.036611735820770264,1.078698992729187,,
264,121799,0.051503293216228485,0.8778902888298035,,
264,121849,0.00788120273500681,0.8947136402130127,,
264,121899,0.011296931654214859,1.1959552764892578,,
264,121899,,,0.39001691341400146,0.3204253017902374
265,121949,0.015469332225620747,0.8059033155441284,,
265,121999,0.005510540679097176,1.099402666091919,,
265,122049,0.010489968582987785,1.0125412940979004,,
265,122099,0.016072407364845276,0.9786430597305298,,
265,122149,0.017929932102560997,1.2521588802337646,,
265,122199,0.13623881340026855,1.1711878776550293,,
265,122249,0.016967162489891052,0.8617621660232544,,
265,122299,0.025097263976931572,0.961945652961731,,
265,122349,0.016060616821050644,1.3896161317825317,,
265,122359,,,0.3750341832637787,0.2783866226673126
266,122399,0.009929896332323551,0.8485305309295654,,
266,122449,0.046905361115932465,0.7199338674545288,,
266,122499,0.08499961346387863,0.5670486092567444,,
266,122549,0.010844321921467781,0.8045916557312012,,
266,122599,0.011821026913821697,0.8751202821731567,,
266,122649,0.04849777743220329,0.9785314202308655,,
266,122699,0.005440324079245329,0.9487112760543823,,
266,122749,0.01720898039638996,0.8819522261619568,,
266,122799,0.01171601191163063,1.2625627517700195,,
266,122819,,,0.39769572019577026,0.3596034049987793
267,122849,0.037263933569192886,0.8245609402656555,,
267,122899,0.037479862570762634,1.2064787149429321,,
267,122949,0.007577330805361271,1.1721441745758057,,
267,122999,0.011802497319877148,1.1072688102722168,,
267,123049,0.014212374575436115,1.3398030996322632,,
267,123099,0.01102607324719429,0.9157917499542236,,
267,123149,0.006641232408583164,0.9771022796630859,,
267,123199,0.05020400881767273,0.7753987908363342,,
267,123249,0.02301429957151413,0.7357136011123657,,
267,123279,,,0.39298349618911743,0.2930465340614319
268,123299,0.042697399854660034,0.9013216495513916,,
268,123349,0.007514954544603825,0.9504531621932983,,
268,123399,0.020326778292655945,0.9606450796127319,,
268,123449,0.006892092991620302,0.9235701560974121,,
268,123499,0.061754610389471054,1.1332767009735107,,
268,123549,0.007619789801537991,1.025799036026001,,
268,123599,0.005579118616878986,1.2944042682647705,,
268,123649,0.04955301806330681,0.8120522499084473,,
268,123699,0.11947726458311081,0.993562638759613,,
268,123739,,,0.4252402186393738,0.20354905724525452
269,123749,0.014526556245982647,1.0950567722320557,,
269,123799,0.048127081245183945,0.7158647179603577,,
269,123849,0.007698665373027325,1.1895966529846191,,
269,123899,0.00916634313762188,0.9064993262290955,,
269,123949,0.013584908097982407,1.0471148490905762,,
269,123999,0.07317927479743958,0.6205334663391113,,
269,124049,0.015343824401497841,0.9202511310577393,,
269,124099,0.04352040961384773,0.7196834087371826,,
269,124149,0.006626036949455738,1.1589406728744507,,
269,124199,0.026090091094374657,0.9595877528190613,,
269,124199,,,0.377621054649353,0.29227662086486816
270,124249,0.005731061566621065,1.0319076776504517,,
270,124299,0.04690796881914139,1.058774471282959,,
270,124349,0.09409358352422714,1.2655365467071533,,
270,124399,0.00875787902623415,0.9784418344497681,,
270,124449,0.023893024772405624,1.4615306854248047,,
270,124499,0.018978936597704887,0.9551231861114502,,
270,124549,0.10024399310350418,1.3370839357376099,,
270,124599,0.0077824764885008335,0.8229873776435852,,
270,124649,0.009972387924790382,0.8594200611114502,,
270,124659,,,0.39831361174583435,0.24660059809684753
271,124699,0.012397914193570614,1.2347978353500366,,
271,124749,0.00967568438500166,1.250027060508728,,
271,124799,0.012468717992305756,1.0196841955184937,,
271,124849,0.004195261746644974,1.2963218688964844,,
271,124899,0.019044868648052216,0.9833601713180542,,
271,124949,0.055624958127737045,0.6518213748931885,,
271,124999,0.024347085505723953,1.529403567314148,,
271,125049,0.03293522819876671,0.7928091287612915,,
271,125099,0.00632657203823328,1.3004823923110962,,
271,125119,,,0.4094160199165344,0.21301698684692383
272,125149,0.005216510035097599,0.9618454575538635,,
272,125199,0.013314436189830303,1.0374095439910889,,
272,125249,0.014591578394174576,1.0082292556762695,,
272,125299,0.057570766657590866,1.184337854385376,,
272,125349,0.026013627648353577,1.1614768505096436,,
272,125399,0.13448591530323029,1.1046574115753174,,
272,125449,0.01927013136446476,0.9731749296188354,,
272,125499,0.008841670118272305,1.0011028051376343,,
272,125549,0.023951655253767967,0.8854507803916931,,
272,125579,,,0.36659249663352966,0.28973641991615295
273,125599,0.018078908324241638,1.3514063358306885,,
273,125649,0.022296901792287827,0.9268224239349365,,
273,125699,0.009243661537766457,0.8766872882843018,,
273,125749,0.10646142065525055,1.1348477602005005,,
273,125799,0.0043054246343672276,0.9910385012626648,,
273,125849,0.04064518213272095,0.8588482737541199,,
273,125899,0.014079783111810684,0.7160444259643555,,
273,125949,0.03488603234291077,1.184913158416748,,
273,125999,0.005720290821045637,0.8156112432479858,,
273,126039,,,0.37372294068336487,0.3737759590148926
274,126049,0.03958719223737717,1.1801824569702148,,
274,126099,0.025960195809602737,0.8915570378303528,,
274,126149,0.040022384375333786,1.1161470413208008,,
274,126199,0.061138130724430084,1.2178035974502563,,
274,126249,0.013515093363821507,1.4046800136566162,,
274,126299,0.010477781295776367,1.0075818300247192,,
274,126349,0.0062086088582873344,1.077735424041748,,
274,126399,0.06297256052494049,0.9065433740615845,,
274,126449,0.042980924248695374,0.7315100431442261,,
274,126499,0.03850771486759186,1.3241479396820068,,
274,126499,,,0.38189101219177246,0.29705050587654114
275,126549,0.03623884543776512,0.55672287940979,,
275,126599,0.016107667237520218,0.8281910419464111,,
275,126649,0.013898439705371857,1.0757317543029785,,
275,126699,0.012929027900099754,1.1337202787399292,,
275,126749,0.00525159016251564,0.9378003478050232,,
275,126799,0.023191463202238083,1.29078209400177,,
275,126849,0.012157369405031204,1.0883111953735352,,
275,126899,0.014167843386530876,0.8743352890014648,,
275,126949,0.01469484344124794,0.8180294036865234,,
275,126959,,,0.3755946457386017,0.31682288646698
276,126999,0.028545312583446503,0.9234720468521118,,
276,127049,0.005043631419539452,1.1408970355987549,,
276,127099,0.04644027352333069,1.2220028638839722,,
276,127149,0.008825145661830902,1.1830780506134033,,
276,127199,0.012791568413376808,1.0492408275604248,,
276,127249,0.04931129515171051,1.1794718503952026,,
276,127299,0.00765755120664835,1.0965490341186523,,
276,127349,0.044306665658950806,1.2916948795318604,,
276,127399,0.006421303376555443,0.7371332049369812,,
276,127419,,,0.3466402292251587,0.3377242386341095
277,127449,0.011647172272205353,0.8125549554824829,,
277,127499,0.003323032520711422,1.008376121520996,,
277,127549,0.020887959748506546,1.0733890533447266,,
277,127599,0.04776240512728691,1.005117416381836,,
277,127649,0.01828274503350258,0.9037020802497864,,
277,127699,0.033091988414525986,0.764818012714386,,
277,127749,0.02547004073858261,1.0639411211013794,,
277,127799,0.03652424365282059,0.6948994398117065,,
277,127849,0.01967296376824379,1.0564234256744385,,
277,127879,,,0.38110461831092834,0.2738521695137024
278,127899,0.02367931604385376,0.9533857107162476,,
278,127949,0.009061839431524277,1.001889705657959,,
278,127999,0.021372472867369652,0.8033144474029541,,
278,128049,0.005205496214330196,0.9130643606185913,,
278,128099,0.015619580633938313,0.934990644454956,,
278,128149,0.09230902045965195,1.2389631271362305,,
278,128199,0.023669496178627014,1.1358903646469116,,
278,128249,0.03588668256998062,1.333620309829712,,
278,128299,0.05944652482867241,1.0990386009216309,,
278,128339,,,0.3741053640842438,0.2968551516532898
279,128349,0.015120105817914009,0.8181554079055786,,
279,128399,0.04715733975172043,1.288081169128418,,
279,128449,0.0046673985198140144,1.2544249296188354,,
279,128499,0.055539485067129135,1.2859909534454346,,
279,128549,0.01085781678557396,0.9773030281066895,,
279,128599,0.04380418732762337,0.6439765691757202,,
279,128649,0.01359943300485611,1.0925419330596924,,
279,128699,0.007147219497710466,1.2512288093566895,,
279,128749,0.013495678082108498,0.7701597213745117,,
279,128799,0.004793376661837101,0.8937921524047852,,
279,128799,,,0.3865567743778229,0.253264844417572
280,128849,0.01600637659430504,0.9897019267082214,,
280,128899,0.026028234511613846,0.7123664617538452,,
280,128949,0.013951573520898819,1.0294585227966309,,
280,128999,0.02407071366906166,0.7537283897399902,,
280,129049,0.023690257221460342,0.6167774796485901,,
280,129099,0.03718140721321106,0.8820964694023132,,
280,129149,0.010012013837695122,0.8547316789627075,,
280,129199,0.011716795153915882,0.9137539863586426,,
280,129249,0.0685042142868042,1.3547452688217163,,
280,129259,,,0.36222490668296814,0.36731359362602234
281,129299,0.011382958851754665,0.9483851194381714,,
281,129349,0.01133826281875372,0.8217228651046753,,
281,129399,0.0053344834595918655,1.0739130973815918,,
281,129449,0.037245385348796844,0.744873046875,,
281,129499,0.006432282272726297,0.85316002368927,,
281,129549,0.018606387078762054,0.8186788558959961,,
281,129599,0.03492707014083862,0.78704434633255,,
281,129649,0.00951676070690155,0.9986170530319214,,
281,129699,0.0449405163526535,0.9362369179725647,,
281,129719,,,0.3898974359035492,0.34210634231567383
282,129749,0.01106075756251812,1.0804237127304077,,
282,129799,0.02145121805369854,0.9929293394088745,,
282,129849,0.010700056329369545,0.8153964281082153,,
282,129899,0.024358008056879044,0.654074490070343,,
282,129949,0.019170232117176056,0.9892174005508423,,
282,129999,0.017253456637263298,1.0285133123397827,,
282,130049,0.01931573823094368,0.9460636973381042,,
282,130099,0.031234925612807274,0.7318185567855835,,
282,130149,0.014904615469276905,0.9317866563796997,,
282,130179,,,0.3854106664657593,0.30978864431381226
283,130199,0.005002722609788179,0.957372784614563,,
283,130249,0.007861180230975151,0.7562843561172485,,
283,130299,0.0676390528678894,0.8071876168251038,,
283,130349,0.004785351455211639,1.0472984313964844,,
283,130399,0.013133175671100616,0.8068854808807373,,
283,130449,0.009351929649710655,1.3260911703109741,,
283,130499,0.027062293142080307,0.8184310793876648,,
283,130549,0.016434788703918457,0.8061450123786926,,
283,130599,0.016291329637169838,0.8297462463378906,,
283,130639,,,0.3999437987804413,0.2697330713272095
284,130649,0.00815450120717287,1.0883785486221313,,
284,130699,0.009530480019748211,1.1323440074920654,,
284,130749,0.014206996187567711,0.8823509216308594,,
284,130799,0.025255689397454262,0.9261143207550049,,
284,130849,0.08347560465335846,1.1697231531143188,,
284,130899,0.02640882506966591,0.9886010885238647,,
284,130949,0.013502378948032856,1.0026952028274536,,
284,130999,0.06391551345586777,1.5877702236175537,,
284,131049,0.028143305331468582,0.862275242805481,,
284,131099,0.04531694948673248,1.0034602880477905,,
284,131099,,,0.39951950311660767,0.26013877987861633
285,131149,0.024411210790276527,0.9466678500175476,,
285,131199,0.04677724465727806,1.2849061489105225,,
285,131249,0.00967992004007101,0.9768165349960327,,
285,131299,0.034277211874723434,0.8333173990249634,,
285,131349,0.009551502764225006,1.082363486289978,,
285,131399,0.010263250209391117,1.5362207889556885,,
285,131449,0.05439794436097145,1.221740961074829,,
285,131499,0.022857384756207466,0.8770833015441895,,
285,131549,0.059091225266456604,0.8182636499404907,,
285,131559,,,0.355853796005249,0.3237560987472534
286,131599,0.017925167456269264,0.9203357696533203,,
286,131649,0.012573081068694592,0.947485089302063,,
286,131699,0.03184415400028229,1.6178014278411865,,
286,131749,0.0185549333691597,1.0565714836120605,,
286,131799,0.015487199649214745,1.363560438156128,,
286,131849,0.03287927061319351,1.1038705110549927,,
286,131899,0.015529549680650234,0.7044349908828735,,
286,131949,0.06181640923023224,1.16408371925354,,
286,131999,0.010385069996118546,0.9672495126724243,,
286,132019,,,0.40281403064727783,0.23640087246894836
287,132049,0.007617228664457798,0.9902212619781494,,
287,132099,0.004198009148240089,1.110978126525879,,
287,132149,0.013450419530272484,1.1285392045974731,,
287,132199,0.06412114948034286,0.6058121919631958,,
287,132249,0.03377398103475571,0.9677011966705322,,
287,132299,0.005631544161587954,0.9672943353652954,,
287,132349,0.007444609887897968,1.2579185962677002,,
287,132399,0.006671869195997715,0.8807740807533264,,
287,132449,0.07972254604101181,0.7880934476852417,,
287,132479,,,0.367374986410141,0.32234641909599304
288,132499,0.05296461284160614,1.1983730792999268,,
288,132549,0.06133294105529785,0.9666494131088257,,
288,132599,0.011643973179161549,0.9095005393028259,,
288,132649,0.050385113805532455,0.8620142936706543,,
288,132699,0.020570233464241028,1.0013355016708374,,
288,132749,0.013992642052471638,0.6781868934631348,,
288,132799,0.022242706269025803,1.2014200687408447,,
288,132849,0.006058741360902786,1.107087254524231,,
288,132899,0.00976440031081438,1.1478773355484009,,
288,132939,,,0.35370832681655884,0.39102402329444885
289,132949,0.014320749789476395,1.0624430179595947,,
289,132999,0.011815659701824188,1.18073570728302,,
289,133049,0.017288073897361755,0.9773416519165039,,
289,133099,0.007352203130722046,0.9481319785118103,,
289,133149,0.011513281613588333,1.2206130027770996,,
289,133199,0.009321925230324268,1.0795958042144775,,
289,133249,0.02432423084974289,1.1526482105255127,,
289,133299,0.02057149074971676,0.8114610910415649,,
289,133349,0.012131968513131142,0.9903252720832825,,
289,133399,0.004539920948445797,0.7900006175041199,,
289,133399,,,0.38649046421051025,0.24778792262077332
290,133449,0.03637760132551193,0.9046472311019897,,
290,133499,0.012205317616462708,1.0468027591705322,,
290,133549,0.0166486706584692,0.9090338945388794,,
290,133599,0.004250940401107073,1.2625874280929565,,
290,133649,0.029661821201443672,0.7700375318527222,,
290,133699,0.027120333164930344,0.9483770132064819,,
290,133749,0.012754317373037338,0.9334900379180908,,
290,133799,0.014049051329493523,1.23097825050354,,
290,133849,0.035008154809474945,0.8548895716667175,,
290,133859,,,0.3854738771915436,0.29153773188591003
291,133899,0.027583729475736618,1.019550085067749,,
291,133949,0.01669454015791416,1.025901436805725,,
291,133999,0.03280619531869888,0.9652649164199829,,
291,134049,0.015238722786307335,0.9870010614395142,,
291,134099,0.005488509777933359,0.9161460995674133,,
291,134149,0.005576633848249912,1.265329360961914,,
291,134199,0.0066750566475093365,1.1108810901641846,,
291,134249,0.007581941317766905,1.080015778541565,,
291,134299,0.015955038368701935,0.9929892420768738,,
291,134319,,,0.3801622688770294,0.2963944971561432
292,134349,0.004527067765593529,0.9824342727661133,,
292,134399,0.03902871906757355,1.0613312721252441,,
292,134449,0.007007423788309097,0.9873858690261841,,
292,134499,0.11775530129671097,0.9750759601593018,,
292,134549,0.009733765386044979,1.0391535758972168,,
292,134599,0.011100309900939465,1.1214076280593872,,
292,134649,0.051208022981882095,0.7999863028526306,,
292,134699,0.015879696235060692,1.2174615859985352,,
292,134749,0.01643722504377365,1.1320133209228516,,
292,134779,,,0.3997337520122528,0.2317037284374237
293,134799,0.01504787988960743,0.7484001517295837,,
293,134849,0.005664047785103321,0.8875381946563721,,
293,134899,0.007424965966492891,1.0215955972671509,,
293,134949,0.013230821117758751,1.0670619010925293,,
293,134999,0.023275192826986313,1.0769851207733154,,
293,135049,0.041584596037864685,0.9347360134124756,,
293,135099,0.051345545798540115,0.7245684266090393,,
293,135149,0.003275405615568161,0.9941717386245728,,
293,135199,0.01417545136064291,1.1129028797149658,,
293,135239,,,0.35678303241729736,0.32925936579704285
294,135249,0.00861233752220869,1.4020570516586304,,
294,135299,0.014016697183251381,1.139040231704712,,
294,135349,0.007839768193662167,0.9350177049636841,,
294,135399,0.008276687003672123,0.7318148612976074,,
294,135449,0.018789440393447876,0.7792916297912598,,
294,135499,0.0053894114680588245,0.9541170597076416,,
294,135549,0.02668665535748005,0.9842572212219238,,
294,135599,0.021393749862909317,1.044964075088501,,
294,135649,0.11724327504634857,0.5704221725463867,,
294,135699,0.06344658136367798,0.8721523284912109,,
294,135699,,,0.42565399408340454,0.2082146257162094
295,135749,0.016887597739696503,0.9514676928520203,,
295,135799,0.0326172336935997,0.7923194169998169,,
295,135849,0.017234550788998604,0.982932448387146,,
295,135899,0.02179824560880661,0.86507248878479,,
295,135949,0.04377935826778412,0.8125884532928467,,
295,135999,0.0666389986872673,0.7296721935272217,,
295,136049,0.010264239273965359,0.8828226327896118,,
295,136099,0.034571629017591476,0.7782402038574219,,
295,136149,0.009584791958332062,1.1369023323059082,,
295,136159,,,0.4026479125022888,0.24711401760578156
296,136199,0.012689948081970215,0.7320698499679565,,
296,136249,0.014605375938117504,1.0987036228179932,,
296,136299,0.005369503051042557,1.31174898147583,,
296,136349,0.0050315847620368,0.9730886220932007,,
296,136399,0.007456406019628048,1.205465316772461,,
296,136449,0.006863216869533062,1.3044487237930298,,
296,136499,0.020439647138118744,1.391667127609253,,
296,136549,0.006085134577006102,0.7682623267173767,,
296,136599,0.007994540967047215,0.9030884504318237,,
296,136619,,,0.38983041048049927,0.2584817111492157
297,136649,0.004592293873429298,0.92236328125,,
297,136699,0.006836642511188984,1.0383212566375732,,
297,136749,0.0224037766456604,0.8940310478210449,,
297,136799,0.01712796464562416,0.9717581272125244,,
297,136849,0.01048276573419571,0.9289065003395081,,
297,136899,0.0074483901262283325,0.9959672689437866,,
297,136949,0.059723734855651855,0.8410688042640686,,
297,136999,0.023332878947257996,0.8021620512008667,,
297,137049,0.035909488797187805,1.048369288444519,,
297,137079,,,0.4233069121837616,0.19939042627811432
298,137099,0.0050625610165297985,0.7911916375160217,,
298,137149,0.0038559415843337774,1.110192894935608,,
298,137199,0.004660945385694504,0.9658043384552002,,
298,137249,0.029432160779833794,0.8072211146354675,,
298,137299,0.015923690050840378,1.2130028009414673,,
298,137349,0.008955820463597775,1.285127878189087,,
298,137399,0.02299206703901291,0.9702126979827881,,
298,137449,0.01562335155904293,0.8386309742927551,,
298,137499,0.039756935089826584,0.8544237017631531,,
298,137539,,,0.4034741520881653,0.242963045835495
299,137549,0.002858052495867014,1.0264633893966675,,
299,137599,0.005011625587940216,1.0263655185699463,,
299,137649,0.008505869656801224,0.9834322929382324,,
299,137699,0.009976337663829327,1.0668120384216309,,
299,137749,0.039050132036209106,0.8521543741226196,,
299,137799,0.017448965460062027,0.7261962890625,,
299,137849,0.0359579436480999,0.9008938074111938,,
299,137899,0.019657347351312637,1.241981029510498,,
299,137949,0.0063416725024580956,0.946315586566925,,
299,137999,0.008459921926259995,0.9356027245521545,,
299,137999,,,0.3690439462661743,0.2940904498100281
