epoch,knn_accuracy,step,train_discriminator_loss,train_generator_loss,validation_discriminator_loss,validation_generator_loss
0,,49,0.23016847670078278,0.9948837757110596,,
0,0.5762050151824951,459,,,0.6578184962272644,0.043252117931842804
7,0.5246302485466003,3679,,,0.27796974778175354,0.5685370564460754
8,,3699,0.05781004950404167,1.4609878063201904,,
8,,3749,0.09938646107912064,1.226911187171936,,
8,,3799,0.09550221264362335,1.3832570314407349,,
8,,3849,0.25290316343307495,1.2173786163330078,,
8,,3899,0.06734424829483032,1.0969533920288086,,
8,,3949,0.0358591191470623,1.4313256740570068,,
8,,3999,0.19255205988883972,1.1884843111038208,,
8,,4049,0.06437177956104279,1.3067456483840942,,
8,,4099,0.06496339291334152,1.313762903213501,,
8,0.514622688293457,4139,,,0.31267496943473816,0.5955865979194641
9,,4149,0.09090166538953781,1.552042007446289,,
9,,4199,0.09583273530006409,1.2354594469070435,,
9,,4249,0.03277670592069626,1.0307745933532715,,
9,,4299,0.06743979454040527,1.59757399559021,,
9,,4349,0.06997840851545334,1.2889740467071533,,
9,,4399,0.14273253083229065,1.7574548721313477,,
9,,4449,0.10022636502981186,1.413019061088562,,
9,,4499,0.2656135857105255,1.1213990449905396,,
9,,4549,0.09458933770656586,1.669368028640747,,
9,,4599,0.06636743992567062,1.2679784297943115,,
9,0.5397785902023315,4599,,,0.28329265117645264,0.9748919606208801
10,,4649,0.05006738752126694,1.09521484375,,
10,,4699,0.12801161408424377,1.355317234992981,,
10,,4749,0.19042527675628662,2.0816478729248047,,
10,,4799,0.10764774680137634,1.1674814224243164,,
10,,4849,0.07014236599206924,1.2924442291259766,,
10,,4899,0.11330488324165344,1.167536735534668,,
10,,4949,0.1237793043255806,1.1600546836853027,,
10,,4999,0.237310528755188,0.761946439743042,,
10,,5049,0.13137662410736084,1.189636468887329,,
10,0.5718371272087097,5059,,,0.46331265568733215,0.7718790173530579
11,,5099,0.16976237297058105,1.7072594165802002,,
11,,5149,0.07610537111759186,1.3730682134628296,,
11,,5199,0.1509714126586914,1.1914126873016357,,
11,,5249,0.09117825329303741,1.0185997486114502,,
11,,5299,0.1653413623571396,1.3392903804779053,,
11,,5349,0.08922654390335083,1.0738085508346558,,
11,,5399,0.10472967475652695,1.0754585266113281,,
11,,5449,0.2220652997493744,1.5729888677597046,,
11,,5499,0.14594006538391113,1.0655266046524048,,
11,0.5715720653533936,5519,,,0.3774779140949249,0.5423105955123901
12,,5549,0.14866434037685394,1.200645923614502,,
12,,5599,0.1027824729681015,1.277040719985962,,
12,,5649,0.07663099467754364,1.1712404489517212,,
12,,5699,0.09902437776327133,1.3380250930786133,,
12,,5749,0.10624481737613678,1.3397014141082764,,
12,,5799,0.1847894787788391,0.7275925278663635,,
12,,5849,0.15363836288452148,0.7806513905525208,,
12,,5899,0.08254674077033997,1.24662184715271,,
12,,5949,0.12341385334730148,1.2514643669128418,,
12,0.5804169774055481,5979,,,0.3344744145870209,0.5688976049423218
13,,5999,0.1379469335079193,1.1027522087097168,,
13,,6049,0.10874612629413605,0.6269103288650513,,
13,,6099,0.17156094312667847,0.6531565189361572,,
13,,6149,0.14050546288490295,0.9154855608940125,,
13,,6199,0.07751697301864624,1.139534592628479,,
13,,6249,0.10635048896074295,1.3960556983947754,,
13,,6299,0.0671297162771225,1.1081385612487793,,
13,,6349,0.062199681997299194,1.119478464126587,,
13,,6399,0.1980447918176651,1.8783358335494995,,
13,0.5893777012825012,6439,,,0.3771537244319916,0.5729621648788452
14,,6449,0.09105020761489868,0.8573579788208008,,
14,,6499,0.15608073770999908,0.7340928316116333,,
14,,6549,0.08755341917276382,1.1845121383666992,,
14,,6599,0.12317472696304321,0.7562057375907898,,
14,,6649,0.05899938941001892,1.2315311431884766,,
14,,6699,0.18103936314582825,0.7960758805274963,,
14,,6749,0.05785403028130531,1.1688429117202759,,
14,,6799,0.3696424961090088,0.5308024287223816,,
14,,6849,0.23722700774669647,1.0465331077575684,,
14,,6899,0.11161482334136963,1.015582799911499,,
14,0.588168203830719,6899,,,0.3867509663105011,0.5487819910049438
15,,6949,0.03225598856806755,1.3681190013885498,,
15,,6999,0.05114491283893585,1.507060170173645,,
15,,7049,0.048908647149801254,0.854039192199707,,
15,,7099,0.06609366089105606,1.1378138065338135,,
15,,7149,0.6214176416397095,1.430808186531067,,
15,,7199,0.09362062066793442,0.9157679677009583,,
15,,7249,0.17722740769386292,1.2541035413742065,,
15,,7299,0.14144688844680786,1.3642675876617432,,
15,,7349,0.06387865543365479,1.6700701713562012,,
15,0.5681954026222229,7359,,,0.42242226004600525,0.403802752494812
16,,7399,0.08000632375478745,0.9889621734619141,,
16,,7449,0.11435441672801971,0.7483416199684143,,
16,,7499,0.10728445649147034,0.8926019072532654,,
16,,7549,0.06295788288116455,1.7156014442443848,,
16,,7599,0.059528760612010956,1.095263123512268,,
16,,7649,0.061112578958272934,0.9501184225082397,,
16,,7699,0.19860318303108215,0.5712960958480835,,
16,,7749,0.13754543662071228,0.9753035306930542,,
16,,7799,0.05254046246409416,1.3070852756500244,,
16,0.5900503396987915,7819,,,0.35144513845443726,0.4889013469219208
17,,7849,0.06329400837421417,0.7706133127212524,,
17,,7899,0.08273132145404816,0.987602949142456,,
17,,7949,0.1441195011138916,1.0678114891052246,,
17,,7999,0.0561223104596138,1.0817859172821045,,
17,,8049,0.04555666074156761,1.2222752571105957,,
17,,8099,0.08904753625392914,0.5602763295173645,,
17,,8149,0.049090348184108734,1.2594354152679443,,
17,,8199,0.024855807423591614,1.0721406936645508,,
17,,8249,0.0862770602107048,0.9650656580924988,,
17,0.5638141632080078,8279,,,0.3993207812309265,0.49819138646125793
18,,8299,0.02209768071770668,1.053866982460022,,
18,,8349,0.06374253332614899,1.0158045291900635,,
18,,8399,0.23707722127437592,0.9274020195007324,,
18,,8449,0.12706805765628815,1.4679962396621704,,
18,,8499,0.16898036003112793,0.2847908139228821,,
18,,8549,0.078768789768219,1.2433675527572632,,
18,,8599,0.062433838844299316,1.1895229816436768,,
18,,8649,0.030451208353042603,1.6244306564331055,,
18,,8699,0.11199044436216354,1.4055087566375732,,
18,0.5602882504463196,8739,,,0.4006054103374481,0.4127795100212097
19,,8749,0.023482171818614006,1.213841199874878,,
19,,8799,0.0800098329782486,1.113581895828247,,
19,,8849,0.08343777805566788,0.7725062370300293,,
19,,8899,0.1329137086868286,0.7688406705856323,,
19,,8949,0.05599126219749451,0.9260225296020508,,
19,,8999,0.18940937519073486,0.9560188055038452,,
19,,9049,0.08524420857429504,0.941066324710846,,
19,,9099,0.035623952746391296,0.6103337407112122,,
19,,9149,0.07317574322223663,0.6767940521240234,,
19,,9199,0.18791863322257996,0.5445390343666077,,
19,0.5670950412750244,9199,,,0.3921789526939392,0.4643450081348419
20,,9249,0.0861143171787262,0.7577868700027466,,
20,,9299,0.02394411712884903,1.0441168546676636,,
20,,9349,0.12970532476902008,0.895409107208252,,
20,,9399,0.036584578454494476,0.9590659141540527,,
20,,9449,0.32265520095825195,0.509446382522583,,
20,,9499,0.14308631420135498,0.9355436563491821,,
20,,9549,0.047017015516757965,0.9156907200813293,,
20,,9599,0.031417518854141235,1.072176218032837,,
20,,9649,0.05989743769168854,1.3981361389160156,,
20,0.564622700214386,9659,,,0.36489397287368774,0.46974068880081177
21,,9699,0.07894489914178848,1.2340781688690186,,
21,,9749,0.25060373544692993,1.0781203508377075,,
21,,9799,0.16825053095817566,0.7000333666801453,,
21,,9849,0.06534282863140106,1.3077237606048584,,
21,,9899,0.14613668620586395,0.6196272969245911,,
21,,9949,0.08869233727455139,0.9368426203727722,,
21,,9999,0.031049486249685287,1.4174017906188965,,
21,,10049,0.06553003191947937,1.4272267818450928,,
21,,10099,0.07580682635307312,0.8230849504470825,,
21,0.5485566854476929,10119,,,0.35446062684059143,0.4621906280517578
22,,10149,0.05765357241034508,1.1877777576446533,,
22,,10199,0.03421328589320183,0.9678376913070679,,
22,,10249,0.06429048627614975,1.1799111366271973,,
22,,10299,0.018360525369644165,0.9036000370979309,,
22,,10349,0.03277822956442833,1.3107857704162598,,
22,,10399,0.23234307765960693,0.6161444187164307,,
22,,10449,0.07144434750080109,0.7808140516281128,,
22,,10499,0.2591759264469147,1.3447400331497192,,
22,,10549,0.03745889663696289,0.5189574956893921,,
22,0.5618718862533569,10579,,,0.3986036479473114,0.4309674799442291
23,,10599,0.17702911794185638,0.4707961678504944,,
23,,10649,0.05632203444838524,1.141768217086792,,
23,,10699,0.07811523973941803,1.3210628032684326,,
23,,10749,0.07318738847970963,1.0792315006256104,,
23,,10799,0.19895683228969574,1.507582664489746,,
23,,10849,0.09654807299375534,0.9871523380279541,,
23,,10899,0.055964238941669464,0.8146423697471619,,
23,,10949,0.06731913238763809,1.1512861251831055,,
23,,10999,0.08049635589122772,0.9843685626983643,,
23,0.5646093487739563,11039,,,0.30184781551361084,0.530876100063324
24,,11049,0.10028214752674103,0.7160648703575134,,
24,,11099,0.059661462903022766,1.064844012260437,,
24,,11149,0.08497235924005508,1.2563852071762085,,
24,,11199,0.08496604114770889,0.6443935632705688,,
24,,11249,0.04607580602169037,0.8825805187225342,,
24,,11299,0.02211211435496807,1.1510893106460571,,
24,,11349,0.02063913457095623,1.4802229404449463,,
24,,11399,0.08582665771245956,1.0741406679153442,,
24,,11449,0.03185918927192688,1.113335132598877,,
24,,11499,0.02015460655093193,0.9130119681358337,,
24,0.5536038875579834,11499,,,0.3723066747188568,0.39971891045570374
25,,11549,0.06860129535198212,1.1824469566345215,,
25,,11599,0.0833289623260498,0.8814670443534851,,
25,,11649,0.09840226173400879,0.7176227569580078,,
25,,11699,0.06542941927909851,0.8649908900260925,,
25,,11749,0.022669093683362007,0.9156118631362915,,
25,,11799,0.17587943375110626,1.796767234802246,,
25,,11849,0.08903573453426361,0.6790567636489868,,
25,,11899,0.04021802172064781,0.8599845170974731,,
25,,11949,0.07248754799365997,1.2539479732513428,,
25,0.5553702116012573,11959,,,0.38074547052383423,0.39783239364624023
26,,11999,0.1328396499156952,0.8850356340408325,,
26,,12049,0.021876690909266472,0.9218909740447998,,
26,,12099,0.03161497786641121,1.0641939640045166,,
26,,12149,0.019519969820976257,1.0699043273925781,,
26,,12199,0.02039075270295143,0.9690449237823486,,
26,,12249,0.021450243890285492,0.98966383934021,,
26,,12299,0.22390148043632507,1.0180904865264893,,
26,,12349,0.098778136074543,0.7238117456436157,,
26,,12399,0.0719936192035675,0.9636485576629639,,
26,0.5640658140182495,12419,,,0.3905847668647766,0.5205017924308777
27,,12449,0.04747943580150604,1.4238018989562988,,
27,,12499,0.016382168978452682,0.8966938257217407,,
27,,12549,0.019885914400219917,1.5188634395599365,,
27,,12599,0.03301867097616196,1.391740322113037,,
27,,12649,0.04478621110320091,1.7096235752105713,,
27,,12699,0.03320472687482834,0.8794329166412354,,
27,,12749,0.04315517097711563,1.076951265335083,,
27,,12799,0.02053733915090561,1.3382806777954102,,
27,,12849,0.03000466898083687,0.8541605472564697,,
27,0.5525169372558594,12879,,,0.34757688641548157,0.4251026213169098
28,,12899,0.08156882226467133,1.1607632637023926,,
28,,12949,0.15456785261631012,1.1737041473388672,,
28,,12999,0.06272200495004654,1.5486347675323486,,
28,,13049,0.11176831275224686,0.5591686964035034,,
28,,13099,0.10623624175786972,1.1899994611740112,,
28,,13149,0.0244111567735672,1.154323697090149,,
28,,13199,0.01683739200234413,0.6178801655769348,,
28,,13249,0.023834558203816414,0.9956767559051514,,
28,,13299,0.03333825618028641,1.0164941549301147,,
28,0.5636448860168457,13339,,,0.36745432019233704,0.33670517802238464
29,,13349,0.023565668612718582,1.1966016292572021,,
29,,13399,0.07363046705722809,0.88001549243927,,
29,,13449,0.06639395654201508,0.7276133298873901,,
29,,13499,0.03183183819055557,1.2908371686935425,,
29,,13549,0.04800810292363167,0.9611406326293945,,
29,,13599,0.02559540420770645,0.8781064748764038,,
29,,13649,0.025352584198117256,1.6400477886199951,,
29,,13699,0.11725904792547226,1.5408118963241577,,
29,,13749,0.062221165746450424,0.9132596850395203,,
29,,13799,0.025168374180793762,0.4314426779747009,,
29,0.5363216996192932,13799,,,0.41883909702301025,0.25901129841804504
30,,13849,0.05220992863178253,1.6707615852355957,,
30,,13899,0.02658562734723091,1.3928674459457397,,
30,,13949,0.09572020173072815,0.8606184720993042,,
30,,13999,0.1470235288143158,0.86646968126297,,
30,,14049,0.03726227581501007,0.7012141942977905,,
30,,14099,0.03825337439775467,0.9980970621109009,,
30,,14149,0.0744362473487854,0.7559813261032104,,
30,,14199,0.021891813725233078,0.9784011840820312,,
30,,14249,0.014889860525727272,1.0674686431884766,,
30,0.5795549750328064,14259,,,0.38012227416038513,0.30209600925445557
31,,14299,0.03454030677676201,0.8925310373306274,,
31,,14349,0.04962184652686119,1.1784981489181519,,
31,,14399,0.021216467022895813,0.8424307703971863,,
31,,14449,0.06906621158123016,0.8801417946815491,,
31,,14499,0.02193543314933777,1.22708261013031,,
31,,14549,0.11975862830877304,0.4280087947845459,,
31,,14599,0.08407304435968399,0.5957577228546143,,
31,,14649,0.10388302803039551,1.0647592544555664,,
31,,14699,0.013376369141042233,0.9943430423736572,,
31,0.5409746766090393,14719,,,0.40336835384368896,0.512606143951416
32,,14749,0.07081890851259232,0.9660555720329285,,
32,,14799,0.05528155714273453,0.9432207345962524,,
32,,14849,0.024114955216646194,0.9932951927185059,,
32,,14899,0.03129374608397484,1.0938552618026733,,
32,,14949,0.05789146199822426,1.1137120723724365,,
32,,14999,0.1070326641201973,1.9987760782241821,,
32,,15049,0.10946975648403168,0.7187930345535278,,
32,,15099,0.04115568846464157,0.7882994413375854,,
32,,15149,0.012922221794724464,1.3375517129898071,,
32,0.5568447113037109,15179,,,0.4189760982990265,0.21568350493907928
33,,15199,0.08204003423452377,1.5547295808792114,,
33,,15249,0.048371244221925735,0.9069444537162781,,
33,,15299,0.18367497622966766,0.8275960683822632,,
33,,15349,0.04699613153934479,1.0688834190368652,,
33,,15399,0.0853022038936615,1.3553228378295898,,
33,,15449,0.0524495430290699,1.069848895072937,,
33,,15499,0.020851481705904007,1.042301893234253,,
33,,15549,0.07133813947439194,1.5727474689483643,,
33,,15599,0.042369358241558075,0.7205218076705933,,
33,0.5724630355834961,15639,,,0.3540439307689667,0.21989428997039795
34,,15649,0.010270277969539165,1.1733745336532593,,
34,,15699,0.04129333049058914,0.9060510396957397,,
34,,15749,0.022303618490695953,0.9423359632492065,,
34,,15799,0.01512938179075718,1.0118968486785889,,
34,,15849,0.051214560866355896,0.9902542233467102,,
34,,15899,0.028956977650523186,0.9687448143959045,,
34,,15949,0.010639525949954987,1.0405570268630981,,
34,,15999,0.1251194179058075,0.9186991453170776,,
34,,16049,0.02767116390168667,1.081154704093933,,
34,,16099,0.03715166449546814,0.9025428295135498,,
34,0.5380880236625671,16099,,,0.38025131821632385,0.36544743180274963
35,,16149,0.04551989585161209,0.8628033399581909,,
35,,16199,0.03235795348882675,1.4963018894195557,,
35,,16249,0.2076374888420105,1.2449052333831787,,
35,,16299,0.014813809655606747,1.1845953464508057,,
35,,16349,0.0687052384018898,1.0867997407913208,,
35,,16399,0.019223811104893684,1.7024927139282227,,
35,,16449,0.041738662868738174,0.8617132306098938,,
35,,16499,0.016794569790363312,1.3853638172149658,,
35,,16549,0.030115995556116104,1.341209888458252,,
35,0.5521227121353149,16559,,,0.394216388463974,0.3613031804561615
36,,16599,0.03580158203840256,0.7746550440788269,,
36,,16649,0.013473720289766788,1.0512633323669434,,
36,,16699,0.152248814702034,0.6240842342376709,,
36,,16749,0.07274693995714188,0.5656286478042603,,
36,,16799,0.03400415554642677,0.7692729234695435,,
36,,16849,0.039566706866025925,0.8351171016693115,,
36,,16899,0.08648379147052765,0.5664364695549011,,
36,,16949,0.01892191171646118,1.3375414609909058,,
36,,16999,0.042131029069423676,0.7912911176681519,,
36,0.5427209734916687,17019,,,0.3394169509410858,0.46419984102249146
37,,17049,0.06960242986679077,0.945097804069519,,
37,,17099,0.05555707961320877,1.505429744720459,,
37,,17149,0.011131786741316319,1.0579524040222168,,
37,,17199,0.025077827274799347,0.7177819013595581,,
37,,17249,0.022716859355568886,1.0753207206726074,,
37,,17299,0.034828417003154755,0.7028084993362427,,
37,,17349,0.10888225585222244,0.8012470006942749,,
37,,17399,0.008901280350983143,1.021579384803772,,
37,,17449,0.37532752752304077,1.1362909078598022,,
37,0.5574082136154175,17479,,,0.3725547790527344,0.3845174312591553
38,,17499,0.16938167810440063,0.9815529584884644,,
38,,17549,0.01216842234134674,1.640638828277588,,
38,,17599,0.036062754690647125,1.169661521911621,,
38,,17649,0.02413739264011383,0.9408566951751709,,
38,,17699,0.03527475520968437,0.6908811330795288,,
38,,17749,0.01559995487332344,1.0575227737426758,,
38,,17799,0.020138969644904137,0.851449728012085,,
38,,17849,0.05404568091034889,0.9331350922584534,,
38,,17899,0.01841561682522297,1.3663212060928345,,
38,0.5496436357498169,17939,,,0.3695487678050995,0.42100226879119873
39,,17949,0.05420535430312157,1.0450773239135742,,
39,,17999,0.018888132646679878,0.845142126083374,,
39,,18049,0.04060637205839157,0.8633047342300415,,
39,,18099,0.02820257470011711,1.149168610572815,,
39,,18149,0.046595778316259384,0.8247556686401367,,
39,,18199,0.326221227645874,0.8735529184341431,,
39,,18249,0.024023286998271942,0.6034472584724426,,
39,,18299,0.048644647002220154,1.087754487991333,,
39,,18349,0.03334498032927513,1.4890906810760498,,
39,,18399,0.12214021384716034,0.6596775054931641,,
39,0.5465252995491028,18399,,,0.4105672538280487,0.256229430437088
40,,18449,0.046179164201021194,1.591984748840332,,
40,,18499,0.16457191109657288,1.1575108766555786,,
40,,18549,0.012520665302872658,1.1939200162887573,,
40,,18599,0.06678944081068039,1.0644166469573975,,
40,,18649,0.11197622865438461,1.2440414428710938,,
40,,18699,0.05758654326200485,0.7749303579330444,,
40,,18749,0.0606529638171196,1.0443185567855835,,
40,,18799,0.03634464740753174,1.1424521207809448,,
40,,18849,0.09644937515258789,0.6472973823547363,,
40,0.5525236129760742,18859,,,0.3832949995994568,0.2855536639690399
41,,18899,0.08096697181463242,0.8524705767631531,,
41,,18949,0.05548673868179321,0.828649640083313,,
41,,18999,0.027066253125667572,1.106492280960083,,
41,,19049,0.02227664925158024,0.7231755256652832,,
41,,19099,0.03182007372379303,0.8977047204971313,,
41,,19149,0.008548586629331112,1.1267998218536377,,
41,,19199,0.1644653081893921,0.41846010088920593,,
41,,19249,0.07189854234457016,1.004408597946167,,
41,,19299,0.017379604279994965,1.341745138168335,,
41,0.5356624126434326,19319,,,0.35961735248565674,0.3807707130908966
42,,19349,0.05142775923013687,1.1493219137191772,,
42,,19399,0.017617348581552505,0.8174607753753662,,
42,,19449,0.011584088206291199,1.3363754749298096,,
42,,19499,0.012800175696611404,1.089699149131775,,
42,,19549,0.02552771382033825,0.9445604085922241,,
42,,19599,0.09555844217538834,0.5786136388778687,,
42,,19649,0.02821054682135582,0.8130604028701782,,
42,,19699,0.06915603578090668,0.6909518241882324,,
42,,19749,0.12071122229099274,0.7713213562965393,,
42,0.5527819991111755,19779,,,0.3731614649295807,0.3568218946456909
43,,19799,0.019745072349905968,1.1804226636886597,,
43,,19849,0.00595783069729805,1.141456127166748,,
43,,19899,0.04398726671934128,0.6076700687408447,,
43,,19949,0.3190101385116577,0.3411857485771179,,
43,,19999,0.12491217255592346,0.7130690217018127,,
43,,20049,0.016529027372598648,0.9972756505012512,,
43,,20099,0.15509779751300812,0.6849262118339539,,
43,,20149,0.056800469756126404,1.7749030590057373,,
43,,20199,0.08181284368038177,1.1727800369262695,,
43,0.5593037009239197,20239,,,0.37869781255722046,0.38340601325035095
44,,20249,0.00969841331243515,0.7663662433624268,,
44,,20299,0.009040769189596176,0.8962026834487915,,
44,,20349,0.03743203356862068,1.4686193466186523,,
44,,20399,0.01712840609252453,0.7901856303215027,,
44,,20449,0.2758437991142273,0.5276385545730591,,
44,,20499,0.19169743359088898,0.5034803152084351,,
44,,20549,0.03312895447015762,1.1045011281967163,,
44,,20599,0.03437764570116997,0.8603557348251343,,
44,,20649,0.02191401831805706,1.4778149127960205,,
44,,20699,0.25645920634269714,1.2290724515914917,,
44,0.5570073127746582,20699,,,0.3955271244049072,0.4256933629512787
45,,20749,0.03590622544288635,1.276827335357666,,
45,,20799,0.018490836024284363,1.0322909355163574,,
45,,20849,0.033086009323596954,0.9156181216239929,,
45,,20899,0.01975841447710991,1.1460264921188354,,
45,,20949,0.04188515245914459,0.7917578220367432,,
45,,20999,0.013825573958456516,1.0957157611846924,,
45,,21049,0.10222411155700684,0.81355220079422,,
45,,21099,0.016648976132273674,1.200037956237793,,
45,,21149,0.04907871410250664,1.3376009464263916,,
45,0.5681219100952148,21159,,,0.3957471549510956,0.44868871569633484
46,,21199,0.08356234431266785,1.3430802822113037,,
46,,21249,0.03755012899637222,0.8949715495109558,,
46,,21299,0.04574502632021904,1.1994125843048096,,
46,,21349,0.10532116144895554,0.5570493936538696,,
46,,21399,0.023742593824863434,1.0611754655838013,,
46,,21449,0.05447264760732651,0.9053364992141724,,
46,,21499,0.13853344321250916,0.632412314414978,,
46,,21549,0.04205191880464554,1.5003176927566528,,
46,,21599,0.018996920436620712,0.9369174242019653,,
46,0.5558668971061707,21619,,,0.41542378067970276,0.2264600545167923
47,,21649,0.05803229287266731,0.8520190119743347,,
47,,21699,0.02740686759352684,0.7698884606361389,,
47,,21749,0.153116375207901,0.8106914758682251,,
47,,21799,0.042730771005153656,0.7547203898429871,,
47,,21849,0.028246376663446426,1.5268664360046387,,
47,,21899,0.017540473490953445,1.1616510152816772,,
47,,21949,0.048243653029203415,1.0008692741394043,,
47,,21999,0.05350363999605179,0.7133357524871826,,
47,,22049,0.012731267139315605,0.9129689931869507,,
47,0.5606757998466492,22079,,,0.37625887989997864,0.44978630542755127
48,,22099,0.04609958454966545,0.8914366960525513,,
48,,22149,0.024763818830251694,1.3290753364562988,,
48,,22199,0.04173343628644943,0.9104474782943726,,
48,,22249,0.04761025682091713,0.9779844284057617,,
48,,22299,0.024450015276670456,1.1004985570907593,,
48,,22349,0.10747989267110825,0.9413338899612427,,
48,,22399,0.04033474624156952,1.2370221614837646,,
48,,22449,0.01751718297600746,1.1923232078552246,,
48,,22499,0.08047858625650406,0.844290018081665,,
48,0.548149049282074,22539,,,0.37858879566192627,0.33556103706359863
49,,22549,0.1464107781648636,1.911831021308899,,
49,,22599,0.04136569797992706,1.268399715423584,,
49,,22649,0.12612415850162506,1.2367886304855347,,
49,,22699,0.014283519238233566,1.1096407175064087,,
49,,22749,0.044411614537239075,0.7463704347610474,,
49,,22799,0.01354137808084488,1.4318325519561768,,
49,,22849,0.03270164504647255,0.9589313268661499,,
49,,22899,0.0310983806848526,1.0097506046295166,,
49,,22949,0.021433375775814056,1.1249903440475464,,
49,,22999,0.01708834432065487,1.0561659336090088,,
49,0.5382706522941589,22999,,,0.38825055956840515,0.3972494304180145
50,,23049,0.013918956741690636,1.551186203956604,,
50,,23099,0.25284436345100403,0.5097894072532654,,
50,,23149,0.00812109000980854,1.0697112083435059,,
50,,23199,0.025985218584537506,1.293889045715332,,
50,,23249,0.09203881770372391,0.9935601353645325,,
50,,23299,0.02658815309405327,0.9251313805580139,,
50,,23349,0.11194419115781784,0.8004122376441956,,
50,,23399,0.018468718975782394,1.1542843580245972,,
50,,23449,0.058446697890758514,1.1143954992294312,,
50,0.5349363088607788,23459,,,0.3987346887588501,0.24093671143054962
51,,23499,0.03754226118326187,0.7292653322219849,,
51,,23549,0.01623713970184326,1.24386727809906,,
51,,23599,0.04571691155433655,0.9169801473617554,,
51,,23649,0.03441544994711876,1.1755192279815674,,
51,,23699,0.017049917951226234,0.9920357465744019,,
51,,23749,0.02433912828564644,1.2405822277069092,,
51,,23799,0.05842854827642441,1.1370258331298828,,
51,,23849,0.04808780550956726,1.0745067596435547,,
51,,23899,0.04601665958762169,0.7270879149436951,,
51,0.5594596266746521,23919,,,0.4324621856212616,0.24118681252002716
52,,23949,0.030381208285689354,0.910008430480957,,
52,,23999,0.139783576130867,0.5148067474365234,,
52,,24049,0.03550568222999573,1.1806375980377197,,
52,,24099,0.05739717558026314,0.9462589621543884,,
52,,24149,0.023589957505464554,0.5439050197601318,,
52,,24199,0.07586979866027832,1.2766730785369873,,
52,,24249,0.04574158787727356,1.1026006937026978,,
52,,24299,0.019255969673395157,1.0253610610961914,,
52,,24349,0.12754860520362854,1.0779986381530762,,
52,0.540030300617218,24379,,,0.3688768148422241,0.34189024567604065
53,,24399,0.010395749472081661,1.212805986404419,,
53,,24449,0.07207335531711578,1.0046303272247314,,
53,,24499,0.019338401034474373,1.016674518585205,,
53,,24549,0.04649274796247482,1.0958666801452637,,
53,,24599,0.02122827246785164,0.9764679670333862,,
53,,24649,0.017818748950958252,0.9885233640670776,,
53,,24699,0.040151167660951614,1.1621445417404175,,
53,,24749,0.010198443196713924,1.2241098880767822,,
53,,24799,0.007558129262179136,1.2158238887786865,,
53,0.5518509149551392,24839,,,0.39035356044769287,0.2695435881614685
54,,24849,0.07182028889656067,0.9404260516166687,,
54,,24899,0.13530996441841125,0.49514055252075195,,
54,,24949,0.04343899339437485,1.0920777320861816,,
54,,24999,0.014452782459557056,1.0340962409973145,,
54,,25049,0.02424827590584755,0.72995525598526,,
54,,25099,0.023057982325553894,0.9777487516403198,,
54,,25149,0.013919699005782604,1.0582585334777832,,
54,,25199,0.11060471087694168,0.45199084281921387,,
54,,25249,0.23063966631889343,1.309091567993164,,
54,,25299,0.011984107084572315,0.9896796345710754,,
54,0.5503296256065369,25299,,,0.36338111758232117,0.41847220063209534
55,,25349,0.03605232015252113,1.0523626804351807,,
55,,25399,0.018481876701116562,0.978734016418457,,
55,,25449,0.04140865057706833,0.8221076130867004,,
55,,25499,0.1975993663072586,1.6014689207077026,,
55,,25549,0.036583684384822845,1.7095448970794678,,
55,,25599,0.1337246298789978,1.298020839691162,,
55,,25649,0.020736213773489,1.1206028461456299,,
55,,25699,0.03121483512222767,1.0767018795013428,,
55,,25749,0.02773967757821083,0.8492739200592041,,
55,0.541388988494873,25759,,,0.3731267750263214,0.42858320474624634
56,,25799,0.007755518425256014,1.0327703952789307,,
56,,25849,0.1667748987674713,1.0624184608459473,,
56,,25899,0.18606406450271606,0.5999296307563782,,
56,,25949,0.07329943776130676,1.1293814182281494,,
56,,25999,0.008272700011730194,1.1203409433364868,,
56,,26049,0.055768877267837524,0.8007251024246216,,
56,,26099,0.020572438836097717,1.245940923690796,,
56,,26149,0.053674858063459396,0.6305471658706665,,
56,,26199,0.04827319085597992,1.1860893964767456,,
56,0.5556486248970032,26219,,,0.3999611437320709,0.2777538597583771
57,,26249,0.041350409388542175,0.7262605428695679,,
57,,26299,0.02657373994588852,0.7265394926071167,,
57,,26349,0.019923154264688492,0.8772575855255127,,
57,,26399,0.04688650742173195,0.6789547204971313,,
57,,26449,0.01562698557972908,1.059010624885559,,
57,,26499,0.10659720748662949,0.6923507452011108,,
57,,26549,0.16193076968193054,1.2295918464660645,,
57,,26599,0.017673853784799576,0.9585498571395874,,
57,,26649,0.019021034240722656,0.6283301711082458,,
57,0.5586444139480591,26679,,,0.3796573579311371,0.3017156422138214
58,,26699,0.016728093847632408,1.1915233135223389,,
58,,26749,0.08546629548072815,1.3083856105804443,,
58,,26799,0.07279378175735474,1.841658115386963,,
58,,26849,0.014711081981658936,1.0681796073913574,,
58,,26899,0.013284169137477875,1.4204130172729492,,
58,,26949,0.19395089149475098,0.33244407176971436,,
58,,26999,0.08890636265277863,0.6642783880233765,,
58,,27049,0.02306508831679821,1.3038811683654785,,
58,,27099,0.02654843218624592,1.2828929424285889,,
58,0.5480465888977051,27139,,,0.39294588565826416,0.24995185434818268
59,,27149,0.008616192266345024,0.9691421389579773,,
59,,27199,0.058403659611940384,1.2672910690307617,,
59,,27249,0.018216874450445175,1.133443832397461,,
59,,27299,0.011783643625676632,1.4924038648605347,,
59,,27349,0.042908184230327606,1.2637007236480713,,
59,,27399,0.020479271188378334,0.9903684258460999,,
59,,27449,0.025896940380334854,1.462873101234436,,
59,,27499,0.14338409900665283,1.0980448722839355,,
59,,27549,0.05275321751832962,0.7445314526557922,,
59,,27599,0.010175265371799469,0.8387463092803955,,
59,0.5424559116363525,27599,,,0.37638309597969055,0.3230161964893341
60,,27649,0.01325558964163065,1.211012840270996,,
60,,27699,0.015669694170355797,0.8957093954086304,,
60,,27749,0.0330779030919075,1.3630352020263672,,
60,,27799,0.02670065313577652,1.0529897212982178,,
60,,27849,0.1081249862909317,0.5815473794937134,,
60,,27899,0.05911972001194954,0.6973276138305664,,
60,,27949,0.08402972668409348,0.8638978600502014,,
60,,27999,0.15009567141532898,1.022111415863037,,
60,,28049,0.02099999040365219,0.87096107006073,,
60,0.5497861504554749,28059,,,0.3464915156364441,0.36549344658851624
61,,28099,0.029325786978006363,1.3827683925628662,,
61,,28149,0.054865241050720215,0.8500664234161377,,
61,,28199,0.013168765231966972,0.9347784519195557,,
61,,28249,0.015332085080444813,1.0739915370941162,,
61,,28299,0.026939868927001953,1.1059811115264893,,
61,,28349,0.03547254949808121,0.9725540280342102,,
61,,28399,0.025865089148283005,0.9466491937637329,,
61,,28449,0.05148136988282204,0.8509501218795776,,
61,,28499,0.05278284102678299,0.8547922372817993,,
61,0.5362125635147095,28519,,,0.37384071946144104,0.2981312572956085
62,,28549,0.0033551196102052927,1.0734000205993652,,
62,,28599,0.03602413460612297,0.6617522239685059,,
62,,28649,0.026404932141304016,0.7588160037994385,,
62,,28699,0.022689783945679665,0.9470552206039429,,
62,,28749,0.052616674453020096,0.8887730240821838,,
62,,28799,0.027294348925352097,1.13316011428833,,
62,,28849,0.09463679045438766,0.9204380512237549,,
62,,28899,0.026623690500855446,0.8449370861053467,,
62,,28949,0.04188273847103119,1.3814892768859863,,
62,0.5594329237937927,28979,,,0.40402907133102417,0.30589136481285095
63,,28999,0.012611974030733109,1.4953820705413818,,
63,,29049,0.07128959894180298,0.9603344798088074,,
63,,29099,0.016323216259479523,0.7824240326881409,,
63,,29149,0.014237851835787296,1.0740063190460205,,
63,,29199,0.0279160775244236,1.1135238409042358,,
63,,29249,0.10661029070615768,1.149249792098999,,
63,,29299,0.03704759478569031,1.0521447658538818,,
63,,29349,0.025666847825050354,1.0425748825073242,,
63,,29399,0.07381817698478699,0.9849112033843994,,
63,0.5340319871902466,29439,,,0.35094839334487915,0.3709357976913452
64,,29449,0.026726938784122467,1.0964421033859253,,
64,,29499,0.02137153223156929,1.4927387237548828,,
64,,29549,0.08274560421705246,1.000603437423706,,
64,,29599,0.018386047333478928,0.8350699543952942,,
64,,29649,0.1044078916311264,0.6135495901107788,,
64,,29699,0.04227787256240845,1.0614012479782104,,
64,,29749,0.034802936017513275,0.6829800605773926,,
64,,29799,0.07537601888179779,0.8520921468734741,,
64,,29849,0.09615503996610641,0.9481449127197266,,
64,,29899,0.017891671508550644,0.6442368626594543,,
64,0.5383797883987427,29899,,,0.3695948123931885,0.2804500460624695
65,,29949,0.016767501831054688,0.7747585773468018,,
65,,29999,0.0213368721306324,1.184014081954956,,
65,,30049,0.01087181456387043,1.1633331775665283,,
65,,30099,0.07594650238752365,1.2309484481811523,,
65,,30149,0.0555386021733284,0.8408565521240234,,
65,,30199,0.03650427237153053,0.7917673587799072,,
65,,30249,0.03504260629415512,1.0495173931121826,,
65,,30299,0.13323906064033508,1.2465708255767822,,
65,,30349,0.01014678180217743,1.0176331996917725,,
65,0.55959552526474,30359,,,0.37595289945602417,0.38252562284469604
66,,30399,0.059136129915714264,1.416264533996582,,
66,,30449,0.09769217669963837,0.7713018655776978,,
66,,30499,0.029205843806266785,1.3977608680725098,,
66,,30549,0.03947502374649048,1.3546903133392334,,
66,,30599,0.01284870970994234,0.8992935419082642,,
66,,30649,0.04035395383834839,0.9197667241096497,,
66,,30699,0.02146242931485176,0.7947975397109985,,
66,,30749,0.014446733519434929,1.0727534294128418,,
66,,30799,0.05333387106657028,1.1642835140228271,,
66,0.5445006489753723,30819,,,0.3802688717842102,0.2716508209705353
67,,30849,0.018930956721305847,1.133510947227478,,
67,,30899,0.048111140727996826,1.085951328277588,,
67,,30949,0.012828939594328403,0.8507718443870544,,
67,,30999,0.03225386142730713,1.0730723142623901,,
67,,31049,0.07721369713544846,0.9685204029083252,,
67,,31099,0.008194256573915482,1.0637123584747314,,
67,,31149,0.02355761080980301,1.0099799633026123,,
67,,31199,0.01725849322974682,0.9232654571533203,,
67,,31249,0.021852077916264534,1.5252628326416016,,
67,0.5606691241264343,31279,,,0.41319093108177185,0.2556663751602173
68,,31299,0.11292708665132523,0.49852681159973145,,
68,,31349,0.11851075291633606,0.9198074340820312,,
68,,31399,0.030666351318359375,1.2594470977783203,,
68,,31449,0.00727290753275156,0.8755068778991699,,
68,,31499,0.06618350744247437,0.6635552644729614,,
68,,31549,0.011535058729350567,1.0775890350341797,,
68,,31599,0.009847002103924751,0.7460610866546631,,
68,,31649,0.03330569714307785,0.9415881633758545,,
68,,31699,0.032857850193977356,1.146350383758545,,
68,0.541660726070404,31739,,,0.3734053373336792,0.3258744776248932
69,,31749,0.02643219381570816,0.9776514768600464,,
69,,31799,0.027512328699231148,1.0451583862304688,,
69,,31849,0.1368788480758667,0.9566010236740112,,
69,,31899,0.01481727696955204,1.1703951358795166,,
69,,31949,0.007552776485681534,1.0677250623703003,,
69,,31999,0.017458977177739143,1.0562138557434082,,
69,,32049,0.017019841820001602,1.0349032878875732,,
69,,32099,0.01109596062451601,1.2744393348693848,,
69,,32149,0.06451660394668579,0.9841893911361694,,
69,,32199,0.01306102704256773,1.2221238613128662,,
69,0.5506214499473572,32199,,,0.38005971908569336,0.27539515495300293
70,,32249,0.018513862043619156,1.243855357170105,,
70,,32299,0.01085679978132248,1.1986867189407349,,
70,,32349,0.020022228360176086,0.8445186614990234,,
70,,32399,0.05117180943489075,1.2776166200637817,,
70,,32449,0.161123588681221,0.7028655409812927,,
70,,32499,0.009435737505555153,1.477469563484192,,
70,,32549,0.03566685691475868,0.9142347574234009,,
70,,32599,0.007143103983253241,1.0554065704345703,,
70,,32649,0.021937595680356026,0.9548851251602173,,
70,0.537041187286377,32659,,,0.42598971724510193,0.24447456002235413
71,,32699,0.019326750189065933,1.0817465782165527,,
71,,32749,0.02170051448047161,0.7205911874771118,,
71,,32799,0.0168644730001688,1.2899169921875,,
71,,32849,0.114717498421669,0.9566044807434082,,
71,,32899,0.015079965814948082,1.216205358505249,,
71,,32949,0.010163732804358006,0.8297320604324341,,
71,,32999,0.023640934377908707,0.8400372266769409,,
71,,33049,0.007073786109685898,1.0275726318359375,,
71,,33099,0.03364383056759834,1.1033586263656616,,
71,0.5506147742271423,33119,,,0.3851649761199951,0.2804427444934845
72,,33149,0.074567049741745,0.6360523700714111,,
72,,33199,0.03889185190200806,0.9193021059036255,,
72,,33249,0.010932878591120243,0.946386456489563,,
72,,33299,0.014251741580665112,0.8747997283935547,,
72,,33349,0.016823627054691315,0.8109395503997803,,
72,,33399,0.015699444338679314,0.941004753112793,,
72,,33449,0.014560573734343052,1.2205464839935303,,
72,,33499,0.029059849679470062,0.8406381607055664,,
72,,33549,0.08494691550731659,1.1190168857574463,,
72,0.5534880757331848,33579,,,0.38168632984161377,0.34127694368362427
73,,33599,0.02743443101644516,1.2671828269958496,,
73,,33649,0.012491567060351372,1.0151312351226807,,
73,,33699,0.018332069739699364,1.1110714673995972,,
73,,33749,0.02231208048760891,0.993905782699585,,
73,,33799,0.019579557701945305,1.0901790857315063,,
73,,33849,0.06167781352996826,0.9857966899871826,,
73,,33899,0.1399470865726471,1.1514811515808105,,
73,,33949,0.029762713238596916,1.1282745599746704,,
73,,33999,0.04506690427660942,1.3356422185897827,,
73,0.5385090112686157,34039,,,0.37558966875076294,0.37525081634521484
74,,34049,0.020369168370962143,0.8714044094085693,,
74,,34099,0.0476689375936985,1.0429222583770752,,
74,,34149,0.04276534169912338,0.8939296007156372,,
74,,34199,0.03321193903684616,1.3340039253234863,,
74,,34249,0.05018208175897598,1.2085492610931396,,
74,,34299,0.03965195268392563,1.402214527130127,,
74,,34349,0.024310771375894547,1.3583049774169922,,
74,,34399,0.0891123116016388,0.6246667504310608,,
74,,34449,0.008323119953274727,0.9421347379684448,,
74,,34499,0.04394429922103882,1.0615954399108887,,
74,0.5563279390335083,34499,,,0.3864874243736267,0.3529525697231293
75,,34549,0.05501646175980568,0.6860760450363159,,
75,,34599,0.012810572050511837,1.3143467903137207,,
75,,34649,0.013492481783032417,1.2426122426986694,,
75,,34699,0.4634104371070862,0.4443485140800476,,
75,,34749,0.016075197607278824,1.01853609085083,,
75,,34799,0.16628697514533997,1.9623560905456543,,
75,,34849,0.047130681574344635,0.8009273409843445,,
75,,34899,0.06343915313482285,1.2106398344039917,,
75,,34949,0.04945546016097069,0.8540747761726379,,
75,0.5540181994438171,34959,,,0.3674221634864807,0.42112165689468384
76,,34999,0.009785675443708897,1.3088901042938232,,
76,,35049,0.024372205138206482,1.143766164779663,,
76,,35099,0.023030227050185204,0.8858494758605957,,
76,,35149,0.00896592065691948,1.0399789810180664,,
76,,35199,0.005212748423218727,1.1471043825149536,,
76,,35249,0.031748730689287186,0.6764578819274902,,
76,,35299,0.04250819981098175,0.46659547090530396,,
76,,35349,0.008979415521025658,1.0779016017913818,,
76,,35399,0.009394090622663498,1.6450960636138916,,
76,0.5676251649856567,35419,,,0.37751734256744385,0.31322768330574036
77,,35449,0.020058784633874893,0.8617712259292603,,
77,,35499,0.0435793399810791,1.0230281352996826,,
77,,35549,0.03736597299575806,1.0158480405807495,,
77,,35599,0.005626071244478226,0.8366323709487915,,
77,,35649,0.07380624115467072,1.019403338432312,,
77,,35699,0.03001432493329048,0.9166668653488159,,
77,,35749,0.13758307695388794,1.3152518272399902,,
77,,35799,0.019891221076250076,0.7614212036132812,,
77,,35849,0.03901531174778938,0.7509852647781372,,
77,0.5607916116714478,35879,,,0.3597533106803894,0.3515060842037201
78,,35899,0.05735333263874054,0.952241837978363,,
78,,35949,0.0075691817328333855,1.1723263263702393,,
78,,35999,0.1009550541639328,0.989984393119812,,
78,,36049,0.027607202529907227,0.9367454051971436,,
78,,36099,0.01771322265267372,0.9685792326927185,,
78,,36149,0.031692445278167725,0.6973921656608582,,
78,,36199,0.030309002846479416,1.3189027309417725,,
78,,36249,0.01693873666226864,1.0516908168792725,,
78,,36299,0.00789759773761034,0.774706244468689,,
78,0.5701866745948792,36339,,,0.38051581382751465,0.2864967882633209
79,,36349,0.026109222322702408,0.836864709854126,,
79,,36399,0.008575676009058952,1.020165205001831,,
79,,36449,0.05913469195365906,0.7434191703796387,,
79,,36499,0.035748861730098724,1.150376319885254,,
79,,36549,0.011421816423535347,0.9938976168632507,,
79,,36599,0.015487831085920334,1.1107289791107178,,
79,,36649,0.16894316673278809,1.2270656824111938,,
79,,36699,0.15799517929553986,1.0579519271850586,,
79,,36749,0.012025097385048866,1.024714469909668,,
79,,36799,0.17170430719852448,1.2001667022705078,,
79,0.5794591903686523,36799,,,0.4389134645462036,0.2045855075120926
80,,36849,0.01948818750679493,1.2308752536773682,,
80,,36899,0.03444131836295128,1.0313632488250732,,
80,,36949,0.04760951176285744,1.128998875617981,,
80,,36999,0.024684768170118332,1.1980948448181152,,
80,,37049,0.009899402037262917,1.0543510913848877,,
80,,37099,0.017589081078767776,0.9289630651473999,,
80,,37149,0.19409266114234924,0.3023647367954254,,
80,,37199,0.06432364881038666,1.2320070266723633,,
80,,37249,0.006756093818694353,0.7780801057815552,,
80,0.5333660244941711,37259,,,0.39905059337615967,0.42377620935440063
81,,37299,0.0355854295194149,0.9218592047691345,,
81,,37349,0.006611396558582783,1.2432193756103516,,
81,,37399,0.10477402806282043,1.279732584953308,,
81,,37449,0.031841591000556946,0.6977182626724243,,
81,,37499,0.015225924551486969,0.8557427525520325,,
81,,37549,0.038387078791856766,1.01967191696167,,
81,,37599,0.01031450554728508,1.1505576372146606,,
81,,37649,0.010199341922998428,1.5497488975524902,,
81,,37699,0.026895662769675255,1.1118345260620117,,
81,0.5497861504554749,37719,,,0.3880864977836609,0.2540595829486847
82,,37749,0.005642000585794449,0.9931252002716064,,
82,,37799,0.10830578953027725,0.5517443418502808,,
82,,37849,0.006071906071156263,0.9515401124954224,,
82,,37899,0.015755649656057358,1.2262192964553833,,
82,,37949,0.0308225154876709,1.0950851440429688,,
82,,37999,0.024159882217645645,0.842412531375885,,
82,,38049,0.05055376887321472,1.088810920715332,,
82,,38099,0.013760925270617008,1.4058315753936768,,
82,,38149,0.012918354943394661,1.0059466361999512,,
82,0.5347247123718262,38179,,,0.3521336019039154,0.4177459180355072
83,,38199,0.07137927412986755,0.9363487362861633,,
83,,38249,0.0190226249396801,1.3854994773864746,,
83,,38299,0.026415884494781494,0.6007977724075317,,
83,,38349,0.01744004711508751,0.8456597328186035,,
83,,38399,0.11202671378850937,1.1966646909713745,,
83,,38449,0.021522333845496178,0.9510971903800964,,
83,,38499,0.03982438147068024,0.959250271320343,,
83,,38549,0.10516534745693207,1.2336074113845825,,
83,,38599,0.00973573885858059,1.0671510696411133,,
83,0.5479307770729065,38639,,,0.3440794050693512,0.33377325534820557
84,,38649,0.03755795955657959,0.754471480846405,,
84,,38699,0.05629698187112808,1.3945057392120361,,
84,,38749,0.01298534870147705,0.9611098766326904,,
84,,38799,0.021252568811178207,1.070422649383545,,
84,,38849,0.010793372988700867,0.8815464973449707,,
84,,38899,0.038965269923210144,0.6183881759643555,,
84,,38949,0.006886207032948732,1.0172933340072632,,
84,,38999,0.007763538509607315,1.0277090072631836,,
84,,39049,0.03074079379439354,1.0352250337600708,,
84,,39099,0.0821780413389206,0.73317551612854,,
84,0.5722313523292542,39099,,,0.38637250661849976,0.27546659111976624
85,,39149,0.044894859194755554,1.0965628623962402,,
85,,39199,0.030749216675758362,0.6311016082763672,,
85,,39249,0.05886496603488922,1.300564169883728,,
85,,39299,0.020824966952204704,1.1281013488769531,,
85,,39349,0.017626628279685974,1.1607387065887451,,
85,,39399,0.009545831009745598,0.8655833005905151,,
85,,39449,0.010954350233078003,1.1528749465942383,,
85,,39499,0.006496049929410219,0.9377381801605225,,
85,,39549,0.011296522803604603,0.8999514579772949,,
85,0.5564571619033813,39559,,,0.42097800970077515,0.23275642096996307
86,,39599,0.007954254746437073,1.3090662956237793,,
86,,39649,0.04928853362798691,1.0051088333129883,,
86,,39699,0.04572617635130882,1.1224544048309326,,
86,,39749,0.007910254411399364,0.9477378129959106,,
86,,39799,0.05047259107232094,0.8490004539489746,,
86,,39849,0.030579935759305954,0.783871054649353,,
86,,39899,0.011342634446918964,1.009016752243042,,
86,,39949,0.009765882045030594,1.1432392597198486,,
86,,39999,0.02297968789935112,1.3028645515441895,,
86,0.5473471879959106,40019,,,0.3740538954734802,0.3437855541706085
87,,40049,0.00896538607776165,1.1632704734802246,,
87,,40099,0.04035224765539169,0.7092596888542175,,
87,,40149,0.010591134428977966,1.052578091621399,,
87,,40199,0.016588207334280014,0.7808841466903687,,
87,,40249,0.010936207138001919,1.1839972734451294,,
87,,40299,0.057906314730644226,0.9940321445465088,,
87,,40349,0.05924998223781586,1.4159045219421387,,
87,,40399,0.04084187373518944,1.0435810089111328,,
87,,40449,0.031166357919573784,0.9397798180580139,,
87,0.569649875164032,40479,,,0.4042852520942688,0.19788524508476257
88,,40499,0.010241769254207611,0.8917831182479858,,
88,,40549,0.01323371659964323,1.3263828754425049,,
88,,40599,0.05678803473711014,0.7723590135574341,,
88,,40649,0.07680293917655945,0.8621238470077515,,
88,,40699,0.013537460938096046,0.9920854568481445,,
88,,40749,0.019603952765464783,0.9765414595603943,,
88,,40799,0.03013702854514122,1.3620648384094238,,
88,,40849,0.08969950675964355,0.8016195297241211,,
88,,40899,0.07862647622823715,0.8458460569381714,,
88,0.5675984621047974,40939,,,0.37231940031051636,0.2546531856060028
89,,40949,0.020338159054517746,0.829891562461853,,
89,,40999,0.010089151561260223,1.039320468902588,,
89,,41049,0.025921758264303207,0.8787676095962524,,
89,,41099,0.03497185930609703,0.821357786655426,,
89,,41149,0.009045894257724285,0.9763723015785217,,
89,,41199,0.008690550923347473,0.9321161508560181,,
89,,41249,0.012928098440170288,1.0334711074829102,,
89,,41299,0.044389523565769196,1.1026246547698975,,
89,,41349,0.015375987626612186,0.7140253782272339,,
89,,41399,0.01793673262000084,1.3762470483779907,,
89,0.564622700214386,41399,,,0.4529871642589569,0.16287922859191895
90,,41449,0.01534586027264595,1.1326544284820557,,
90,,41499,0.016329657286405563,0.7909811735153198,,
90,,41549,0.009113959968090057,1.0027177333831787,,
90,,41599,0.006532152649015188,1.1266913414001465,,
90,,41649,0.023147491738200188,0.784102201461792,,
90,,41699,0.09481117129325867,1.313063144683838,,
90,,41749,0.013297013007104397,1.1127910614013672,,
90,,41799,0.02207331731915474,0.9752322435379028,,
90,,41849,0.03229527547955513,0.7187138795852661,,
90,0.5610633492469788,41859,,,0.39949196577072144,0.4389601945877075
91,,41899,0.0397724024951458,1.0034105777740479,,
91,,41949,0.019690006971359253,1.326434850692749,,
91,,41999,0.006034821271896362,1.0264923572540283,,
91,,42049,0.042820222675800323,1.1141254901885986,,
91,,42099,0.048615772277116776,1.0461640357971191,,
91,,42149,0.022100089117884636,0.8331186771392822,,
91,,42199,0.023242227733135223,1.0050244331359863,,
91,,42249,0.010790733620524406,0.8697511553764343,,
91,,42299,0.1063588336110115,0.7490327954292297,,
91,0.5731624364852905,42319,,,0.43520689010620117,0.2003490924835205
92,,42349,0.007562261540442705,0.873834490776062,,
92,,42399,0.025132417678833008,0.8267905712127686,,
92,,42449,0.030839737504720688,0.862130880355835,,
92,,42499,0.02997616119682789,1.06242835521698,,
92,,42549,0.12328316271305084,1.0050634145736694,,
92,,42599,0.04936496168375015,0.8172127604484558,,
92,,42649,0.01784101501107216,1.1048431396484375,,
92,,42699,0.009167227894067764,1.149378776550293,,
92,,42749,0.0065850927494466305,1.1892966032028198,,
92,0.5608116388320923,42779,,,0.44217270612716675,0.19249655306339264
93,,42799,0.019928034394979477,0.9141598343849182,,
93,,42849,0.061281248927116394,0.990395188331604,,
93,,42899,0.05319013446569443,0.7261040210723877,,
93,,42949,0.01717785745859146,1.1347578763961792,,
93,,42999,0.015980852767825127,1.1692034006118774,,
93,,43049,0.006117998622357845,0.8041608929634094,,
93,,43099,0.030497431755065918,0.6062935590744019,,
93,,43149,0.07622425258159637,0.8815397024154663,,
93,,43199,0.012535788118839264,1.2926909923553467,,
93,0.5487192869186401,43239,,,0.4233260750770569,0.38992175459861755
94,,43249,0.03795356675982475,0.9461162090301514,,
94,,43299,0.007869782857596874,1.0350875854492188,,
94,,43349,0.014947446994483471,0.9806652665138245,,
94,,43399,0.09395989775657654,1.146530032157898,,
94,,43449,0.08838632702827454,0.8967482447624207,,
94,,43499,0.013773209415376186,0.9556694030761719,,
94,,43549,0.008574487641453743,0.9480559825897217,,
94,,43599,0.04060685262084007,1.5033206939697266,,
94,,43649,0.019268589094281197,0.5857985019683838,,
94,,43699,0.041543107479810715,0.9441660046577454,,
94,0.5721222162246704,43699,,,0.4042450785636902,0.2770465612411499
95,,43749,0.059693556278944016,1.3215246200561523,,
95,,43799,0.01701444387435913,0.7894970178604126,,
95,,43849,0.010144837200641632,0.8861488103866577,,
95,,43899,0.004877875559031963,0.9955611228942871,,
95,,43949,0.01757841370999813,1.0884795188903809,,
95,,43999,0.019731562584638596,1.0306437015533447,,
95,,44049,0.009633244015276432,0.9337794780731201,,
95,,44099,0.007034193724393845,1.0950130224227905,,
95,,44149,0.38056835532188416,1.113439679145813,,
95,0.5533321499824524,44159,,,0.439169317483902,0.4611205756664276
96,,44199,0.012347066774964333,0.9780622720718384,,
96,,44249,0.04029879719018936,1.305293321609497,,
96,,44299,0.11936898529529572,0.9573928117752075,,
96,,44349,0.01192589569836855,0.8852320313453674,,
96,,44399,0.018800245597958565,0.9739493727684021,,
96,,44449,0.007484647445380688,1.0213637351989746,,
96,,44499,0.014648331329226494,0.9780352115631104,,
96,,44549,0.031186997890472412,0.9173300266265869,,
96,,44599,0.03862118348479271,0.8256206512451172,,
96,0.5510089993476868,44619,,,0.3572329580783844,0.3958336412906647
97,,44649,0.026323694735765457,0.8575261235237122,,
97,,44699,0.007081152405589819,0.9372422695159912,,
97,,44749,0.025893421843647957,0.9063670635223389,,
97,,44799,0.11859216541051865,0.8244296312332153,,
97,,44849,0.01357366144657135,1.0819064378738403,,
97,,44899,0.010984214022755623,0.9267038106918335,,
97,,44949,0.012915131635963917,1.0175080299377441,,
97,,44999,0.017410075291991234,1.5014317035675049,,
97,,45049,0.009818794205784798,1.1612699031829834,,
97,0.5593171119689941,45079,,,0.4124445617198944,0.21557709574699402
98,,45099,0.00750566553324461,1.0702295303344727,,
98,,45149,0.006379800848662853,1.2181568145751953,,
98,,45199,0.031350892037153244,1.3440495729446411,,
98,,45249,0.05165226012468338,1.389387845993042,,
98,,45299,0.1656530648469925,1.5692476034164429,,
98,,45349,0.025012480095028877,0.7183866500854492,,
98,,45399,0.024306148290634155,0.9425420165061951,,
98,,45449,0.05830705538392067,1.4230095148086548,,
98,,45499,0.1807364821434021,0.8086774349212646,,
98,0.5448057651519775,45539,,,0.400538831949234,0.26037341356277466
99,,45549,0.015059655532240868,0.840218186378479,,
99,,45599,0.014505092054605484,1.0810184478759766,,
99,,45649,0.02660413458943367,0.9204338788986206,,
99,,45699,0.00361812487244606,1.131990671157837,,
99,,45749,0.02751264162361622,0.7909666299819946,,
99,,45799,0.007000272162258625,1.0761538743972778,,
99,,45849,0.011653635650873184,0.9741603136062622,,
99,,45899,0.06242265924811363,1.1989988088607788,,
99,,45949,0.016002826392650604,1.0979855060577393,,
99,,45999,0.01358772162348032,1.0057278871536255,,
99,0.5570006370544434,45999,,,0.4028390347957611,0.23367859423160553
100,,46049,0.09250134229660034,1.0523736476898193,,
100,,46099,0.02316734939813614,1.1276702880859375,,
100,,46149,0.007869645021855831,1.0941746234893799,,
100,,46199,0.03989849239587784,0.8053081035614014,,
100,,46249,0.023332782089710236,0.7440652847290039,,
100,,46299,0.0652092695236206,0.764860987663269,,
100,,46349,0.008187904953956604,0.988650918006897,,
100,,46399,0.028516748920083046,0.8396415114402771,,
100,,46449,0.007102730683982372,1.053941249847412,,
100,0.5511314868927002,46459,,,0.38129785656929016,0.3118251860141754
101,,46499,0.007491846103221178,1.034096598625183,,
101,,46549,0.03378777951002121,1.4112720489501953,,
101,,46599,0.015276581048965454,0.9857741594314575,,
101,,46649,0.013994365930557251,0.8090676069259644,,
101,,46699,0.01602230593562126,0.9866631627082825,,
101,,46749,0.01592434011399746,0.6913430094718933,,
101,,46799,0.011085151694715023,1.0079587697982788,,
101,,46849,0.02409222722053528,1.17265784740448,,
101,,46899,0.02170829102396965,0.8577011823654175,,
101,0.5483116507530212,46919,,,0.36984342336654663,0.3567121624946594
102,,46949,0.011445363983511925,0.9935906529426575,,
102,,46999,0.011954830028116703,0.9291256666183472,,
102,,47049,0.04343147575855255,0.6624558568000793,,
102,,47099,0.010782524943351746,1.185941457748413,,
102,,47149,0.008294979110360146,1.220984697341919,,
102,,47199,0.01814572699368,0.6939327716827393,,
102,,47249,0.045960910618305206,0.8979688882827759,,
102,,47299,0.02871527336537838,1.4889212846755981,,
102,,47349,0.22491870820522308,0.6510026454925537,,
102,0.5770002007484436,47379,,,0.4490761160850525,0.19977635145187378
103,,47399,0.004961550235748291,1.1838538646697998,,
103,,47449,0.0942341610789299,0.5569827556610107,,
103,,47499,0.03975835070014,1.260007381439209,,
103,,47549,0.021884869784116745,0.9985309839248657,,
103,,47599,0.027316242456436157,0.9941601753234863,,
103,,47649,0.012800064869225025,1.2998675107955933,,
103,,47699,0.011072520166635513,1.1072502136230469,,
103,,47749,0.006053933873772621,1.141278624534607,,
103,,47799,0.06925755739212036,1.106270432472229,,
103,0.5672041773796082,47839,,,0.5441043376922607,0.11094710230827332
104,,47849,0.030779873952269554,0.9074223041534424,,
104,,47899,0.008405322209000587,0.8836820125579834,,
104,,47949,0.03038024716079235,0.9350611567497253,,
104,,47999,0.009866880252957344,0.976767361164093,,
104,,48049,0.019447777420282364,0.703406572341919,,
104,,48099,0.033691659569740295,1.1170079708099365,,
104,,48149,0.004911868833005428,0.882346510887146,,
104,,48199,0.04438401013612747,0.9955470561981201,,
104,,48249,0.008849438279867172,1.2406166791915894,,
104,,48299,0.005867322441190481,0.9323455095291138,,
104,0.5772852897644043,48299,,,0.4794503450393677,0.14677220582962036
105,,48349,0.1284954696893692,1.0941860675811768,,
105,,48399,0.007181993220001459,0.9836898446083069,,
105,,48449,0.10567760467529297,1.3032944202423096,,
105,,48499,0.009700172580778599,1.06770920753479,,
105,,48549,0.01352730579674244,1.0042169094085693,,
105,,48599,0.04293225705623627,0.9419055581092834,,
105,,48649,0.019941166043281555,1.1958848237991333,,
105,,48699,0.010034619830548763,1.2340364456176758,,
105,,48749,0.0045057618990540504,1.0736050605773926,,
105,0.5579784512519836,48759,,,0.4363393187522888,0.201279878616333
106,,48799,0.012922937050461769,0.9812321662902832,,
106,,48849,0.03758222609758377,0.866530179977417,,
106,,48899,0.003917028196156025,1.117311954498291,,
106,,48949,0.012871949933469296,0.7438632845878601,,
106,,48999,0.02170928753912449,0.9989854097366333,,
106,,49049,0.006660781800746918,0.7533851861953735,,
106,,49099,0.016973208636045456,1.061532974243164,,
106,,49149,0.01379451248794794,0.8263354897499084,,
106,,49199,0.016075430437922478,0.9964317679405212,,
106,0.5764366388320923,49219,,,0.3877103924751282,0.4303658902645111
107,,49249,0.0045913709327578545,0.8903740644454956,,
107,,49299,0.010118559002876282,1.4727015495300293,,
107,,49349,0.0992303192615509,0.6050460934638977,,
107,,49399,0.007184993010014296,1.0423798561096191,,
107,,49449,0.0082573676481843,1.28082275390625,,
107,,49499,0.010706651955842972,0.8749454617500305,,
107,,49549,0.009029142558574677,1.0502649545669556,,
107,,49599,0.022094346582889557,1.2371139526367188,,
107,,49649,0.028705425560474396,0.799591064453125,,
107,0.5527753233909607,49679,,,0.4127503037452698,0.22662892937660217
108,,49699,0.02679937332868576,1.2676407098770142,,
108,,49749,0.018928274512290955,1.8395050764083862,,
108,,49799,0.017742425203323364,0.9432781934738159,,
108,,49849,0.04229059815406799,1.0106070041656494,,
108,,49899,0.006239446811378002,1.4119024276733398,,
108,,49949,0.00700773112475872,0.9478144645690918,,
108,,49999,0.1257558912038803,0.506434440612793,,
108,,50049,0.026062652468681335,0.7403662204742432,,
108,,50099,0.011566473171114922,0.806886613368988,,
108,0.5711444020271301,50139,,,0.38053786754608154,0.2902613878250122
109,,50149,0.01987263932824135,0.935655951499939,,
109,,50199,0.011770922690629959,0.9541517496109009,,
109,,50249,0.012532617896795273,1.0939630270004272,,
109,,50299,0.012776750139892101,0.9287020564079285,,
109,,50349,0.027479326352477074,0.9662783145904541,,
109,,50399,0.03149906173348427,0.9505232572555542,,
109,,50449,0.014465311542153358,0.7237374782562256,,
109,,50499,0.03129848092794418,0.8421075940132141,,
109,,50549,0.0063475677743554115,1.0361164808273315,,
109,,50599,0.008807100355625153,1.0363342761993408,,
109,0.5496770143508911,50599,,,0.39051806926727295,0.29485172033309937
110,,50649,0.03233185037970543,1.0075829029083252,,
110,,50699,0.010721815750002861,1.2145050764083862,,
110,,50749,0.06832586228847504,1.1768009662628174,,
110,,50799,0.005334010347723961,0.7304713726043701,,
110,,50849,0.1770240068435669,0.43399548530578613,,
110,,50899,0.004695660900324583,1.138592004776001,,
110,,50949,0.00881781242787838,0.8986235857009888,,
110,,50999,0.028481675311923027,0.7051355838775635,,
110,,51049,0.0727744996547699,0.5180649757385254,,
110,0.5616268515586853,51059,,,0.3838063180446625,0.28014427423477173
111,,51099,0.005660762544721365,1.0431663990020752,,
111,,51149,0.022098537534475327,0.5810742378234863,,
111,,51199,0.02781255543231964,0.9053070545196533,,
111,,51249,0.008507141843438148,1.219804286956787,,
111,,51299,0.0548839271068573,0.8939316272735596,,
111,,51349,0.017563752830028534,0.8591278791427612,,
111,,51399,0.08505389839410782,1.2308207750320435,,
111,,51449,0.024349138140678406,0.7353434562683105,,
111,,51499,0.0380903035402298,1.0995235443115234,,
111,0.574405312538147,51519,,,0.42170631885528564,0.2587219774723053
112,,51549,0.006778036244213581,0.9411121010780334,,
112,,51599,0.01376086100935936,1.0046675205230713,,
112,,51649,0.02151884324848652,1.2373814582824707,,
112,,51699,0.005486964713782072,0.9197455048561096,,
112,,51749,0.008465437218546867,1.019718885421753,,
112,,51799,0.017470231279730797,1.0925365686416626,,
112,,51849,0.004714431706815958,1.132859230041504,,
112,,51899,0.02249758690595627,0.9893650412559509,,
112,,51949,0.016368983313441277,1.173687219619751,,
112,0.5585018992424011,51979,,,0.37880924344062805,0.3368222713470459
113,,51999,0.006254720501601696,0.9829479455947876,,
113,,52049,0.008372984826564789,0.973670482635498,,
113,,52099,0.00679527223110199,1.0345289707183838,,
113,,52149,0.019265955314040184,0.7316820621490479,,
113,,52199,0.013514081947505474,0.9518606662750244,,
113,,52249,0.004564593080431223,1.1151129007339478,,
113,,52299,0.01885649561882019,0.6886979341506958,,
113,,52349,0.016778966411948204,0.9941624402999878,,
113,,52399,0.01711348257958889,1.2436845302581787,,
113,0.5606557130813599,52439,,,0.4012303352355957,0.3025401532649994
114,,52449,0.006624204106628895,0.9303362369537354,,
114,,52499,0.02722160890698433,1.3096089363098145,,
114,,52549,0.020994463935494423,0.9848138689994812,,
114,,52599,0.02382550947368145,1.1390156745910645,,
114,,52649,0.015579406172037125,0.8674876689910889,,
114,,52699,0.017810463905334473,0.9829906225204468,,
114,,52749,0.02772066928446293,0.9592891931533813,,
114,,52799,0.016118908300995827,0.8692485690116882,,
114,,52849,0.02046915702521801,0.8258123397827148,,
114,,52899,0.05133872851729393,0.9437155723571777,,
114,0.5697790384292603,52899,,,0.4670805335044861,0.15498970448970795
115,,52949,0.008643249981105328,1.2731435298919678,,
115,,52999,0.011646543629467487,1.104727029800415,,
115,,53049,0.06796538829803467,0.8687681555747986,,
115,,53099,0.008763941004872322,1.0463255643844604,,
115,,53149,0.029159924015402794,1.5694036483764648,,
115,,53199,0.00610707513988018,0.970970094203949,,
115,,53249,0.00917836930602789,1.1491436958312988,,
115,,53299,0.04202713817358017,1.2319391965866089,,
115,,53349,0.01341131329536438,0.9473628997802734,,
115,0.5657029747962952,53359,,,0.3695438802242279,0.3187931776046753
116,,53399,0.016261303797364235,1.0844374895095825,,
116,,53449,0.00410918053239584,1.1130571365356445,,
116,,53499,0.06664717197418213,1.061033844947815,,
116,,53549,0.011121094226837158,0.9508427381515503,,
116,,53599,0.07753697782754898,0.41955795884132385,,
116,,53649,0.037689317017793655,1.2300891876220703,,
116,,53699,0.10568245500326157,1.2839655876159668,,
116,,53749,0.005805780179798603,0.9018440246582031,,
116,,53799,0.012350330129265785,0.6978743076324463,,
116,0.559052050113678,53819,,,0.43446969985961914,0.21501126885414124
117,,53849,0.04742324352264404,0.8135082721710205,,
117,,53899,0.021334132179617882,1.088221788406372,,
117,,53949,0.03010239079594612,0.8546481728553772,,
117,,53999,0.015209995210170746,1.2034534215927124,,
117,,54049,0.018723690882325172,0.9986104369163513,,
117,,54099,0.09909262508153915,0.5476651191711426,,
117,,54149,0.0046934569254517555,1.3258525133132935,,
117,,54199,0.03163738176226616,1.016562819480896,,
117,,54249,0.00844765268266201,0.9880599975585938,,
117,0.5631347894668579,54279,,,0.4136621356010437,0.2119288444519043
118,,54299,0.005855275318026543,0.9194777011871338,,
118,,54349,0.06191626563668251,0.604110836982727,,
118,,54399,0.022754359990358353,1.1389895677566528,,
118,,54449,0.008650824427604675,1.2057697772979736,,
118,,54499,0.04494402930140495,1.0696661472320557,,
118,,54549,0.005384603515267372,1.2336270809173584,,
118,,54599,0.018691185861825943,1.0735844373703003,,
118,,54649,0.01651037111878395,1.1315340995788574,,
118,,54699,0.018178017809987068,1.0043418407440186,,
118,0.5685361623764038,54739,,,0.4263729453086853,0.22306959331035614
119,,54749,0.004955170676112175,0.8433988094329834,,
119,,54799,0.0028482836205512285,0.8814866542816162,,
119,,54849,0.0048416126519441605,1.1018719673156738,,
119,,54899,0.01405247300863266,1.4152789115905762,,
119,,54949,0.003864089259877801,1.1575374603271484,,
119,,54999,0.0021801500115543604,1.0845048427581787,,
119,,55049,0.006012449972331524,1.0702850818634033,,
119,,55099,0.026721229776740074,1.0992910861968994,,
119,,55149,0.016690736636519432,1.3273491859436035,,
119,,55199,0.009566264227032661,0.8078722357749939,,
119,0.5673534274101257,55199,,,0.3604956567287445,0.36594533920288086
120,,55249,0.06755397468805313,0.6481531858444214,,
120,,55299,0.015173949301242828,0.9260692596435547,,
120,,55349,0.03148757666349411,0.9134474992752075,,
120,,55399,0.006807019934058189,1.3163807392120361,,
120,,55449,0.022672511637210846,0.8677809238433838,,
120,,55499,0.010726277716457844,0.8998152613639832,,
120,,55549,0.05240393057465553,0.7143298387527466,,
120,,55599,0.009495900943875313,1.0844825506210327,,
120,,55649,0.06101194769144058,0.858084499835968,,
120,0.5645959377288818,55659,,,0.36567819118499756,0.39548805356025696
121,,55699,0.009136689826846123,0.9980842471122742,,
121,,55749,0.0035435680765658617,1.1915392875671387,,
121,,55799,0.011029867455363274,1.0362358093261719,,
121,,55849,0.014342903159558773,0.9138988852500916,,
121,,55899,0.03099757432937622,1.560819149017334,,
121,,55949,0.013688807375729084,0.766817569732666,,
121,,55999,0.03428182750940323,1.2160667181015015,,
121,,56049,0.013388633728027344,0.9843759536743164,,
121,,56099,0.026048937812447548,0.9382238984107971,,
121,0.5587669014930725,56119,,,0.39699625968933105,0.33593395352363586
122,,56149,0.008448014035820961,0.8546669483184814,,
122,,56199,0.010250677354633808,1.0598042011260986,,
122,,56249,0.016037242487072945,0.8911886811256409,,
122,,56299,0.012807046994566917,0.943504810333252,,
122,,56349,0.01263471320271492,0.9748266935348511,,
122,,56399,0.03380797058343887,1.0196096897125244,,
122,,56449,0.0460330992937088,1.1716084480285645,,
122,,56499,0.09310746192932129,0.6524375677108765,,
122,,56549,0.016149839386343956,0.764236330986023,,
122,0.5711444020271301,56579,,,0.4671211540699005,0.14844566583633423
123,,56599,0.005850188434123993,1.1117991209030151,,
123,,56649,0.005908619612455368,1.146103858947754,,
123,,56699,0.047273896634578705,0.7620227336883545,,
123,,56749,0.003720221109688282,1.0017211437225342,,
123,,56799,0.009764166548848152,0.9196685552597046,,
123,,56849,0.01725064218044281,1.05476713180542,,
123,,56899,0.01289011538028717,1.0663682222366333,,
123,,56949,0.003248334163799882,1.249756097793579,,
123,,56999,0.009211861528456211,0.7657321691513062,,
123,0.5713003277778625,57039,,,0.3861673176288605,0.31090638041496277
124,,57049,0.025968529284000397,0.8626977801322937,,
124,,57099,0.12232743948698044,0.613277792930603,,
124,,57149,0.00976655725389719,0.8919239044189453,,
124,,57199,0.025031348690390587,1.196270227432251,,
124,,57249,0.00922671053558588,0.8348596096038818,,
124,,57299,0.008400246500968933,0.9584870934486389,,
124,,57349,0.00894706230610609,0.9836210012435913,,
124,,57399,0.16962219774723053,0.8373956680297852,,
124,,57449,0.004295904189348221,1.1452291011810303,,
124,,57499,0.0063644517213106155,0.8406121134757996,,
124,0.5781962871551514,57499,,,0.46430593729019165,0.1767870932817459
125,,57549,0.028214816004037857,0.8844355344772339,,
125,,57599,0.014556985348463058,0.9786800146102905,,
125,,57649,0.006362420041114092,1.1191158294677734,,
125,,57699,0.03050711378455162,0.784420907497406,,
125,,57749,0.02230595424771309,0.7449482679367065,,
125,,57799,0.03769101947546005,0.844455897808075,,
125,,57849,0.009176984429359436,1.1165122985839844,,
125,,57899,0.009928131476044655,0.994371235370636,,
125,,57949,0.0056098876520991325,0.9660508632659912,,
125,0.5836711525917053,57959,,,0.4478064775466919,0.19823485612869263
126,,57999,0.018328087404370308,0.9833710789680481,,
126,,58049,0.02900020219385624,0.660155713558197,,
126,,58099,0.020237300544977188,0.7070528268814087,,
126,,58149,0.03486621007323265,1.005831003189087,,
126,,58199,0.010548791848123074,1.0258052349090576,,
126,,58249,0.01900031603872776,0.8668603301048279,,
126,,58299,0.00621698796749115,1.0846266746520996,,
126,,58349,0.004949359223246574,1.0517001152038574,,
126,,58399,0.009737854823470116,0.9577370882034302,,
126,0.5648877620697021,58419,,,0.4467650353908539,0.1779792606830597
127,,58449,0.017665259540081024,0.8495242595672607,,
127,,58499,0.0076235271990299225,1.046623945236206,,
127,,58549,0.006045380607247353,0.9701253175735474,,
127,,58599,0.01139642670750618,0.747606098651886,,
127,,58649,0.004882974084466696,0.9932163953781128,,
127,,58699,0.023582933470606804,1.0229451656341553,,
127,,58749,0.00626027537509799,0.86139976978302,,
127,,58799,0.013352381065487862,0.7646703720092773,,
127,,58849,0.017597945407032967,0.8037546873092651,,
127,0.5328158140182495,58879,,,0.3833625018596649,0.3623049557209015
128,,58899,0.06128246337175369,0.7864206433296204,,
128,,58949,0.011029829271137714,1.0541033744812012,,
128,,58999,0.00462225079536438,1.05893874168396,,
128,,59049,0.013706346973776817,1.144757866859436,,
128,,59099,0.008677015081048012,0.9543924927711487,,
128,,59149,0.07004411518573761,0.7732988595962524,,
128,,59199,0.03001081384718418,0.9705035090446472,,
128,,59249,0.011874925345182419,0.9481997489929199,,
128,,59299,0.019506243988871574,1.2455757856369019,,
128,0.5718438029289246,59339,,,0.4069748520851135,0.23667679727077484
129,,59349,0.06173575669527054,0.9665824174880981,,
129,,59399,0.006466344930231571,0.8370532989501953,,
129,,59449,0.005472800228744745,1.170456051826477,,
129,,59499,0.07348309457302094,1.4407272338867188,,
129,,59549,0.011449752375483513,1.0822532176971436,,
129,,59599,0.020409177988767624,0.9303284883499146,,
129,,59649,0.009354609996080399,1.206212043762207,,
129,,59699,0.008756846189498901,1.2071266174316406,,
129,,59749,0.006028702016919851,1.0440385341644287,,
129,,59799,0.007533286698162556,0.7884666919708252,,
129,0.5579717755317688,59799,,,0.40911903977394104,0.3260958790779114
130,,59849,0.08147772401571274,1.627627968788147,,
130,,59899,0.011030923575162888,1.0122371912002563,,
130,,59949,0.08605875074863434,1.160207986831665,,
130,,59999,0.012129288166761398,0.9900614619255066,,
130,,60049,0.003018543589860201,1.0984162092208862,,
130,,60099,0.005126125644892454,0.5695699453353882,,
130,,60149,0.0027285893447697163,0.9526046514511108,,
130,,60199,0.030291905626654625,0.9358848333358765,,
130,,60249,0.026281943544745445,0.8025691509246826,,
130,0.5715587139129639,60259,,,0.43140706419944763,0.23424455523490906
131,,60299,0.039198700338602066,0.897604763507843,,
131,,60349,0.008422205224633217,0.9704616069793701,,
131,,60399,0.007253889925777912,1.0458402633666992,,
131,,60449,0.006753538269549608,1.094848394393921,,
131,,60499,0.004842993803322315,0.5660837888717651,,
131,,60549,0.0052312444895505905,1.1073222160339355,,
131,,60599,0.00881937239319086,1.0370612144470215,,
131,,60649,0.008071500808000565,0.9598687887191772,,
131,,60699,0.014448690228164196,0.8035110235214233,,
131,0.5629855394363403,60719,,,0.4243505001068115,0.28792300820350647
132,,60749,0.04100753366947174,1.411774754524231,,
132,,60799,0.03666061908006668,1.258832573890686,,
132,,60849,0.017467375844717026,0.9381158351898193,,
132,,60899,0.018679587170481682,0.6585096120834351,,
132,,60949,0.00442825723439455,0.929481565952301,,
132,,60999,0.006748505402356386,0.9447823762893677,,
132,,61049,0.028559813275933266,0.9144971966743469,,
132,,61099,0.005772208794951439,0.9270267486572266,,
132,,61149,0.021093666553497314,0.7056880593299866,,
132,0.5480465888977051,61179,,,0.40222540497779846,0.3044881224632263
133,,61199,0.015617985278367996,0.9048371315002441,,
133,,61249,0.032942034304142,0.7563531398773193,,
133,,61299,0.018194977194070816,0.9401715993881226,,
133,,61349,0.03179614990949631,1.2498741149902344,,
133,,61399,0.005976966582238674,1.0971227884292603,,
133,,61449,0.053486935794353485,1.0518007278442383,,
133,,61499,0.07904122024774551,1.33076810836792,,
133,,61549,0.014738506637513638,1.2545361518859863,,
133,,61599,0.07373223453760147,1.1217429637908936,,
133,0.5890858769416809,61639,,,0.34468209743499756,0.3510061800479889
134,,61649,0.025770679116249084,0.8019712567329407,,
134,,61699,0.01103387214243412,1.2644481658935547,,
134,,61749,0.009015428833663464,1.0976996421813965,,
134,,61799,0.06809365004301071,0.9313805103302002,,
134,,61849,0.035246748477220535,0.8845388293266296,,
134,,61899,0.014186042360961437,1.0346641540527344,,
134,,61949,0.003440932370722294,1.374585747718811,,
134,,61999,0.05809549614787102,0.9405010342597961,,
134,,62049,0.010710127651691437,1.735809087753296,,
134,,62099,0.003805198473855853,1.045597791671753,,
134,0.5717079639434814,62099,,,0.43673160672187805,0.2417614758014679
135,,62149,0.005632780957967043,1.006293535232544,,
135,,62199,0.008827642537653446,1.1815505027770996,,
135,,62249,0.0025211696047335863,1.3360379934310913,,
135,,62299,0.021158061921596527,0.9311694502830505,,
135,,62349,0.009113769046962261,1.1703412532806396,,
135,,62399,0.014803487807512283,0.981476902961731,,
135,,62449,0.012183230370283127,1.0424132347106934,,
135,,62499,0.007110503502190113,1.1047086715698242,,
135,,62549,0.030473140999674797,0.8387172222137451,,
135,0.548149049282074,62559,,,0.4304872155189514,0.2546345889568329
136,,62599,0.03136295825242996,1.0268402099609375,,
136,,62649,0.0033651625271886587,0.9079989194869995,,
136,,62699,0.004228115081787109,1.001366138458252,,
136,,62749,0.012504043988883495,0.921230673789978,,
136,,62799,0.004596420098096132,1.0141229629516602,,
136,,62849,0.024910826236009598,1.2163927555084229,,
136,,62899,0.01905372552573681,1.0806477069854736,,
136,,62949,0.038207314908504486,0.7670996189117432,,
136,,62999,0.011818947270512581,1.147244930267334,,
136,0.5537063479423523,63019,,,0.4472167491912842,0.4109666645526886
137,,63049,0.004704254679381847,1.1403872966766357,,
137,,63099,0.006562848575413227,1.2314927577972412,,
137,,63149,0.004501319490373135,0.9188873171806335,,
137,,63199,0.04903947561979294,1.0632354021072388,,
137,,63249,0.007090744562447071,1.0508933067321777,,
137,,63299,0.00681990385055542,0.9893825054168701,,
137,,63349,0.010945882648229599,1.1010971069335938,,
137,,63399,0.012719590216875076,0.9405887722969055,,
137,,63449,0.020232362672686577,1.186389684677124,,
137,0.5487125515937805,63479,,,0.48069795966148376,0.15309280157089233
138,,63499,0.0024413331411778927,1.0110888481140137,,
138,,63549,0.003241734579205513,0.9613721370697021,,
138,,63599,0.009341063909232616,0.8566620349884033,,
138,,63649,0.008933072909712791,0.9366016387939453,,
138,,63699,0.03545115888118744,0.6971608400344849,,
138,,63749,0.010295921936631203,1.2633684873580933,,
138,,63799,0.013329140841960907,0.6602965593338013,,
138,,63849,0.007028934080153704,1.0645067691802979,,
138,,63899,0.019427409395575523,1.0450242757797241,,
138,0.5721021890640259,63939,,,0.45152711868286133,0.18826380372047424
139,,63949,0.011934803798794746,0.9372895956039429,,
139,,63999,0.030930571258068085,1.129206657409668,,
139,,64049,0.01674066111445427,0.9291311502456665,,
139,,64099,0.004281265661120415,1.1979612112045288,,
139,,64149,0.02928594872355461,0.993392825126648,,
139,,64199,0.0682680532336235,0.9152615070343018,,
139,,64249,0.009538525715470314,0.983249843120575,,
139,,64299,0.15136440098285675,0.53898686170578,,
139,,64349,0.12166232615709305,0.7299414277076721,,
139,,64399,0.006626042537391186,1.1112898588180542,,
139,0.5481223464012146,64399,,,0.3795117735862732,0.28266140818595886
140,,64449,0.011699995957314968,0.9418622851371765,,
140,,64499,0.007143772207200527,1.050081491470337,,
140,,64549,0.06071086972951889,0.6196759939193726,,
140,,64599,0.016353609040379524,1.2833216190338135,,
140,,64649,0.022132031619548798,0.9011262059211731,,
140,,64699,0.024681031703948975,0.8662118911743164,,
140,,64749,0.04166910797357559,0.7701523303985596,,
140,,64799,0.007000635843724012,0.9928596019744873,,
140,,64849,0.005456689745187759,1.1557291746139526,,
140,0.5654245615005493,64859,,,0.3775885999202728,0.2932575047016144
141,,64899,0.009130565449595451,1.040923833847046,,
141,,64949,0.027862638235092163,1.0011179447174072,,
141,,64999,0.013619137927889824,0.9218007326126099,,
141,,65049,0.03654222935438156,0.9630133509635925,,
141,,65099,0.005426309537142515,0.9086786508560181,,
141,,65149,0.005156068131327629,0.9222437143325806,,
141,,65199,0.017281457781791687,1.1837270259857178,,
141,,65249,0.004540801048278809,0.953140914440155,,
141,,65299,0.020016875118017197,1.464189052581787,,
141,0.5446632504463196,65319,,,0.41211941838264465,0.2581886053085327
142,,65349,0.011329729110002518,1.1212217807769775,,
142,,65399,0.0024265218526124954,0.9087963104248047,,
142,,65449,0.4820880889892578,0.5530005097389221,,
142,,65499,0.014283302240073681,1.20719575881958,,
142,,65549,0.02786419540643692,1.1390206813812256,,
142,,65599,0.009738866239786148,1.1372910737991333,,
142,,65649,0.015074294060468674,1.1115115880966187,,
142,,65699,0.012397011741995811,0.9343578219413757,,
142,,65749,0.005658258683979511,0.8975476026535034,,
142,0.5670549869537354,65779,,,0.5216014981269836,0.11735115945339203
143,,65799,0.004139169119298458,1.3436074256896973,,
143,,65849,0.00664148386567831,0.932620108127594,,
143,,65899,0.005693488288670778,0.8980326652526855,,
143,,65949,0.04306860268115997,0.7210777997970581,,
143,,65999,0.006198917515575886,0.8173762559890747,,
143,,66049,0.006921656429767609,0.9894008636474609,,
143,,66099,0.02677350863814354,0.8990456461906433,,
143,,66149,0.014681309461593628,0.9067546129226685,,
143,,66199,0.020927254110574722,0.9935773611068726,,
143,0.5421574115753174,66239,,,0.4033776819705963,0.2977597415447235
144,,66249,0.0051947180181741714,0.9271647930145264,,
144,,66299,0.039397090673446655,0.822674036026001,,
144,,66349,0.05424702912569046,0.7904577255249023,,
144,,66399,0.01547220442444086,0.8361945152282715,,
144,,66449,0.011889301240444183,1.0908571481704712,,
144,,66499,0.10878799110651016,1.1888506412506104,,
144,,66549,0.009658136405050755,1.0966339111328125,,
144,,66599,0.0023211475927382708,1.1023759841918945,,
144,,66649,0.00275890133343637,0.8622647523880005,,
144,,66699,0.17130881547927856,1.018679141998291,,
144,0.5644868016242981,66699,,,0.4443478286266327,0.23365230858325958
145,,66749,0.008130988106131554,1.0068031549453735,,
145,,66799,0.006933633238077164,1.274613618850708,,
145,,66849,0.0031106453388929367,1.0592563152313232,,
145,,66899,0.005881133023649454,0.9720361232757568,,
145,,66949,0.006725338287651539,1.2403943538665771,,
145,,66999,0.011740501970052719,0.9801526069641113,,
145,,67049,0.006213389802724123,1.0929349660873413,,
145,,67099,0.004062964580953121,1.0105658769607544,,
145,,67149,0.010841229930520058,1.0150175094604492,,
145,0.5544257760047913,67159,,,0.34916990995407104,0.3832564353942871
146,,67199,0.028033923357725143,1.008795976638794,,
146,,67249,0.038130782544612885,1.006204605102539,,
146,,67299,0.010226095095276833,0.8826918601989746,,
146,,67349,0.006686328910291195,1.15755033493042,,
146,,67399,0.012693865224719048,1.110539197921753,,
146,,67449,0.042519211769104004,0.62955641746521,,
146,,67499,0.03893282264471054,0.7651162147521973,,
146,,67549,0.009222009219229221,1.087388515472412,,
146,,67599,0.005034665577113628,1.0039596557617188,,
146,0.5455474853515625,67619,,,0.46537622809410095,0.1750515103340149
147,,67649,0.03379035368561745,0.9594460129737854,,
147,,67699,0.003594248555600643,1.0474114418029785,,
147,,67749,0.06013884022831917,0.8779757022857666,,
147,,67799,0.006997480522841215,0.9932593703269958,,
147,,67849,0.007142024114727974,0.9385662078857422,,
147,,67899,0.0158393457531929,0.8814684152603149,,
147,,67949,0.01782086491584778,0.8231952786445618,,
147,,67999,0.022317348048090935,0.8102501630783081,,
147,,68049,0.005095051135867834,0.947643518447876,,
147,0.5571765899658203,68079,,,0.38666194677352905,0.2552646994590759
148,,68099,0.007807622663676739,1.078906774520874,,
148,,68149,0.012665575370192528,0.9312306642532349,,
148,,68199,0.016472624614834785,1.2041903734207153,,
148,,68249,0.0111104566603899,1.0789414644241333,,
148,,68299,0.006187958177179098,1.1898562908172607,,
148,,68349,0.04075951129198074,0.6463967561721802,,
148,,68399,0.04497050493955612,0.7687351703643799,,
148,,68449,0.02443745732307434,0.8778930902481079,,
148,,68499,0.004433589056134224,0.9261947274208069,,
148,0.5636715888977051,68539,,,0.4095231592655182,0.3047941327095032
149,,68549,0.05831832066178322,1.0657639503479004,,
149,,68599,0.006470950320363045,1.1225650310516357,,
149,,68649,0.009073374792933464,1.0591185092926025,,
149,,68699,0.011285113170742989,0.8837703466415405,,
149,,68749,0.0034657062496989965,1.0625877380371094,,
149,,68799,0.0108422189950943,1.2013437747955322,,
149,,68849,0.013026301749050617,0.6625389456748962,,
149,,68899,0.014701154083013535,1.044696569442749,,
149,,68949,0.003778281155973673,0.9282163381576538,,
149,,68999,0.006343994289636612,1.1768878698349,,
149,0.5506481528282166,68999,,,0.4371313154697418,0.20137818157672882
150,,69049,0.006682734936475754,1.0303665399551392,,
150,,69099,0.005336605478078127,1.161165714263916,,
150,,69149,0.007054372690618038,1.2689220905303955,,
150,,69199,0.007691997103393078,1.2065420150756836,,
150,,69249,0.004529382102191448,1.0853955745697021,,
150,,69299,0.019126661121845245,1.0500017404556274,,
150,,69349,0.011710775084793568,1.0986416339874268,,
150,,69399,0.011316981166601181,0.8229591846466064,,
150,,69449,0.008145849220454693,0.9745641946792603,,
150,0.5657163262367249,69459,,,0.41441985964775085,0.25109487771987915
151,,69499,0.007796240970492363,0.9136401414871216,,
151,,69549,0.0037998505868017673,1.0712368488311768,,
151,,69599,0.003892730688676238,1.073007583618164,,
151,,69649,0.006086715497076511,0.894721508026123,,
151,,69699,0.007517616264522076,0.7120751142501831,,
151,,69749,0.010367376729846,0.9912726879119873,,
151,,69799,0.00802280381321907,1.1689832210540771,,
151,,69849,0.014205986633896828,0.9525858163833618,,
151,,69899,0.018203668296337128,1.1073100566864014,,
151,0.5719395875930786,69919,,,0.5139532685279846,0.1115773618221283
152,,69949,0.03620566427707672,0.6503374576568604,,
152,,69999,0.005910973530262709,1.0309947729110718,,
152,,70049,0.014002574607729912,1.1325982809066772,,
152,,70099,0.013125352561473846,0.8051156997680664,,
152,,70149,0.015150998719036579,1.2626967430114746,,
152,,70199,0.004251607693731785,0.9641897082328796,,
152,,70249,0.0033525326289236546,1.1255401372909546,,
152,,70299,0.006224576383829117,0.98991459608078,,
152,,70349,0.002928811125457287,1.0421059131622314,,
152,0.5640725493431091,70379,,,0.4754301905632019,0.15912386775016785
153,,70399,0.0031146639958024025,0.8113032579421997,,
153,,70449,0.005295174196362495,0.9581594467163086,,
153,,70499,0.004087287932634354,0.8984023332595825,,
153,,70549,0.00811106339097023,1.0130534172058105,,
153,,70599,0.0759183019399643,0.8206653594970703,,
153,,70649,0.0015291663585230708,1.0123145580291748,,
153,,70699,0.021056149154901505,1.1504228115081787,,
153,,70749,0.005456326529383659,0.9224847555160522,,
153,,70799,0.005080851260572672,0.9562568068504333,,
153,0.5378831028938293,70839,,,0.4714476466178894,0.4402107298374176
154,,70849,0.006535116583108902,1.0403454303741455,,
154,,70899,0.004141039680689573,0.9444640874862671,,
154,,70949,0.018333986401557922,1.1272867918014526,,
154,,70999,0.02279999479651451,0.9172406792640686,,
154,,71049,0.004517901688814163,1.1357158422470093,,
154,,71099,0.14148974418640137,1.0058376789093018,,
154,,71149,0.022478722035884857,0.6892892122268677,,
154,,71199,0.008506128564476967,1.0084550380706787,,
154,,71249,0.003854307346045971,1.0184545516967773,,
154,,71299,0.004111705347895622,1.1481255292892456,,
154,0.5654178261756897,71299,,,0.4655713140964508,0.1525210589170456
155,,71349,0.009272618219256401,1.0784852504730225,,
155,,71399,0.018059391528367996,0.6563286781311035,,
155,,71449,0.00330194178968668,1.0074079036712646,,
155,,71499,0.056070614606142044,1.3115477561950684,,
155,,71549,0.038342785090208054,1.2224873304367065,,
155,,71599,0.020999928936362267,1.145758867263794,,
155,,71649,0.0051998356357216835,1.1170642375946045,,
155,,71699,0.006214647553861141,0.9291012287139893,,
155,,71749,0.014773428440093994,0.98028963804245,,
155,0.5954717397689819,71759,,,0.4743996560573578,0.16577892005443573
156,,71799,0.06131351739168167,1.3152995109558105,,
156,,71849,0.020486723631620407,0.8518248796463013,,
156,,71899,0.03318145126104355,1.1956840753555298,,
156,,71949,0.0036419215612113476,1.071967363357544,,
156,,71999,0.006938386242836714,1.229673147201538,,
156,,72049,0.01261359453201294,0.9125195741653442,,
156,,72099,0.008503353223204613,0.8874062895774841,,
156,,72149,0.048163533210754395,1.1782244443893433,,
156,,72199,0.027736160904169083,0.9961960911750793,,
156,0.5761715769767761,72219,,,0.4432353973388672,0.20287752151489258
157,,72249,0.019470088183879852,0.9927334189414978,,
157,,72299,0.013351356610655785,1.241681456565857,,
157,,72349,0.006241767667233944,1.4496018886566162,,
157,,72399,0.011230223812162876,1.0076003074645996,,
157,,72449,0.04312221333384514,1.0206406116485596,,
157,,72499,0.00709048006683588,1.0288852453231812,,
157,,72549,0.026994524523615837,0.9831176400184631,,
157,,72599,0.00628445902839303,1.0644218921661377,,
157,,72649,0.08528883755207062,1.1387903690338135,,
157,0.5579516887664795,72679,,,0.44360587000846863,0.1973867118358612
158,,72699,0.008395962417125702,0.9087554216384888,,
158,,72749,0.02122756652534008,0.9084176421165466,,
158,,72799,0.02791482023894787,0.6719927191734314,,
158,,72849,0.008513074368238449,0.8540767431259155,,
158,,72899,0.02294456958770752,0.9266654849052429,,
158,,72949,0.006078219506889582,1.204118013381958,,
158,,72999,0.019436869770288467,0.846697986125946,,
158,,73049,0.007490483112633228,1.0632896423339844,,
158,,73099,0.036550622433423996,0.8866233825683594,,
158,0.5418099761009216,73139,,,0.4019162356853485,0.33986544609069824
159,,73149,0.004862500820308924,0.9622633457183838,,
159,,73199,0.007840101607143879,1.0425165891647339,,
159,,73249,0.01610923372209072,0.9504842758178711,,
159,,73299,0.012239092029631138,1.1959022283554077,,
159,,73349,0.007053886540234089,1.0459632873535156,,
159,,73399,0.02434402145445347,0.8002256155014038,,
159,,73449,0.00839638989418745,1.0732334852218628,,
159,,73499,0.014698660001158714,0.8239232301712036,,
159,,73549,0.004408909473568201,1.058563470840454,,
159,,73599,0.01589459553360939,1.182307481765747,,
159,0.5564771890640259,73599,,,0.41178327798843384,0.3252442181110382
160,,73649,0.004971592221409082,1.0874416828155518,,
160,,73699,0.0037001443561166525,1.0614571571350098,,
160,,73749,0.003240615129470825,1.1511244773864746,,
160,,73799,0.028994005173444748,1.1231858730316162,,
160,,73849,0.007788205519318581,1.0493946075439453,,
160,,73899,0.017278116196393967,0.856177031993866,,
160,,73949,0.02945641800761223,0.931045413017273,,
160,,73999,0.014747027307748795,0.9469737410545349,,
160,,74049,0.03009372018277645,0.7791574597358704,,
160,0.5519934892654419,74059,,,0.41811051964759827,0.32548120617866516
161,,74099,0.0033944568131119013,1.0706452131271362,,
161,,74149,0.035170018672943115,0.8362839221954346,,
161,,74199,0.0032797870226204395,0.9575964212417603,,
161,,74249,0.005973663181066513,1.51187002658844,,
161,,74299,0.00930880382657051,1.1301171779632568,,
161,,74349,0.019696537405252457,1.1219229698181152,,
161,,74399,0.0595567524433136,1.496532678604126,,
161,,74449,0.03440461680293083,0.8740465044975281,,
161,,74499,0.009412240236997604,0.9453338384628296,,
161,0.5468438267707825,74519,,,0.39286044239997864,0.41555485129356384
162,,74549,0.007833432406187057,1.0654760599136353,,
162,,74599,0.08461353927850723,1.128834843635559,,
162,,74649,0.006605865433812141,0.9452300667762756,,
162,,74699,0.006617444101721048,1.0471274852752686,,
162,,74749,0.032297030091285706,0.9249179363250732,,
162,,74799,0.264199435710907,1.1153783798217773,,
162,,74849,0.004860947374254465,1.153367519378662,,
162,,74899,0.016646120697259903,0.8705639839172363,,
162,,74949,0.008911864832043648,1.0201297998428345,,
162,0.5599964261054993,74979,,,0.40489843487739563,0.39283493161201477
163,,74999,0.02784476801753044,0.7756756544113159,,
163,,75049,0.01618494652211666,1.0535759925842285,,
163,,75099,0.008361139334738255,1.0691807270050049,,
163,,75149,0.010717494413256645,0.8655210733413696,,
163,,75199,0.0034924200735986233,0.8372207283973694,,
163,,75249,0.036227770149707794,1.1095819473266602,,
163,,75299,0.0054524666629731655,0.9906738996505737,,
163,,75349,0.008866693824529648,1.2269515991210938,,
163,,75399,0.0027956150006502867,0.9432607293128967,,
163,0.5427410006523132,75439,,,0.4446270763874054,0.20628394186496735
164,,75449,0.0033945608884096146,0.9042364954948425,,
164,,75499,0.00356021779589355,0.9097388386726379,,
164,,75549,0.025615504011511803,1.3590121269226074,,
164,,75599,0.0032608264591544867,0.9195632934570312,,
164,,75649,0.04540429264307022,0.4826211631298065,,
164,,75699,0.020145028829574585,0.9600927829742432,,
164,,75749,0.03713570907711983,1.2366880178451538,,
164,,75799,0.009051362983882427,0.9122656583786011,,
164,,75849,0.016287297010421753,0.7957905530929565,,
164,,75899,0.008654783479869366,1.0240057706832886,,
164,0.5515859127044678,75899,,,0.41228702664375305,0.22523611783981323
165,,75949,0.023897524923086166,0.8834366798400879,,
165,,75999,0.0065879966132342815,1.2364510297775269,,
165,,76049,0.12547916173934937,0.8443988561630249,,
165,,76099,0.005174488760530949,0.949978232383728,,
165,,76149,0.010399083606898785,1.1748119592666626,,
165,,76199,0.010592255741357803,1.000126838684082,,
165,,76249,0.0046299174427986145,1.018295407295227,,
165,,76299,0.004419321194291115,0.952390193939209,,
165,,76349,0.005602649878710508,0.6282071471214294,,
165,0.5436787009239197,76359,,,0.4105426073074341,0.44257816672325134
166,,76399,0.0076623400673270226,1.1498944759368896,,
166,,76449,0.004977510776370764,0.9623199701309204,,
166,,76499,0.020214714109897614,0.6307716965675354,,
166,,76549,0.046885907649993896,1.285343885421753,,
166,,76599,0.0036802836693823338,1.0551354885101318,,
166,,76649,0.014162400737404823,1.0145107507705688,,
166,,76699,0.001786616863682866,1.0424860715866089,,
166,,76749,0.022421646863222122,1.172294020652771,,
166,,76799,0.011341013945639133,0.9935978055000305,,
166,0.5548334121704102,76819,,,0.4488540291786194,0.2985019385814667
167,,76849,0.006556685548275709,1.0714857578277588,,
167,,76899,0.019003473222255707,0.8243685364723206,,
167,,76949,0.0033752478193491697,1.1386306285858154,,
167,,76999,0.008829114027321339,1.132691740989685,,
167,,77049,0.008103802800178528,1.1462368965148926,,
167,,77099,0.002971000038087368,0.9851658344268799,,
167,,77149,0.005791953299194574,1.0483869314193726,,
167,,77199,0.010206867940723896,0.8974732160568237,,
167,,77249,0.012292539700865746,0.8669102191925049,,
167,0.5311520099639893,77279,,,0.3819470703601837,0.4353092312812805
168,,77299,0.02075948379933834,0.807037353515625,,
168,,77349,0.007910221815109253,1.0806797742843628,,
168,,77399,0.006599511951208115,0.9955259561538696,,
168,,77449,0.008884030394256115,0.9121091365814209,,
168,,77499,0.011107752099633217,1.2940475940704346,,
168,,77549,0.006160207558423281,1.0094491243362427,,
168,,77599,0.009058313444256783,0.904853343963623,,
168,,77649,0.0068425764329731464,0.922539234161377,,
168,,77699,0.008672716096043587,1.2603280544281006,,
168,0.5408053994178772,77739,,,0.48025599122047424,0.14348646998405457
169,,77749,0.03367850184440613,0.9095096588134766,,
169,,77799,0.025394005700945854,0.8616357445716858,,
169,,77849,0.006070705130696297,1.0429376363754272,,
169,,77899,0.004594461992383003,0.9334027767181396,,
169,,77949,0.01126226969063282,1.282166600227356,,
169,,77999,0.007998576387763023,1.0847947597503662,,
169,,78049,0.028812512755393982,0.9195923805236816,,
169,,78099,0.010605303570628166,1.165560007095337,,
169,,78149,0.019507119432091713,0.9553730487823486,,
169,,78199,0.020568929612636566,0.8968758583068848,,
169,0.5606891512870789,78199,,,0.41750895977020264,0.3519243896007538
170,,78249,0.006483066827058792,1.034491777420044,,
170,,78299,0.017534058541059494,0.9772871732711792,,
170,,78349,0.011909712105989456,1.116358757019043,,
170,,78399,0.0040506599470973015,0.9844191670417786,,
170,,78449,0.013874305412173271,0.9586116671562195,,
170,,78499,0.01668771356344223,1.0377016067504883,,
170,,78549,0.01306005846709013,0.9237456917762756,,
170,,78599,0.006198125891387463,0.9768426418304443,,
170,,78649,0.005442834459245205,0.9192112684249878,,
170,0.5283254384994507,78659,,,0.44094717502593994,0.2207971215248108
171,,78699,0.003357712645083666,1.0073765516281128,,
171,,78749,0.0018042746232822537,1.013329267501831,,
171,,78799,0.003995293751358986,0.9943468570709229,,
171,,78849,0.0028123364318162203,1.0434134006500244,,
171,,78899,0.0049589513801038265,0.9208062887191772,,
171,,78949,0.0033889878541231155,1.015742540359497,,
171,,78999,0.0067614419385790825,1.0038260221481323,,
171,,79049,0.006560196168720722,0.7834213972091675,,
171,,79099,0.019488204270601273,0.6691272258758545,,
171,0.5378630757331848,79119,,,0.41988474130630493,0.2940196096897125
172,,79149,0.009740745648741722,1.259732723236084,,
172,,79199,0.005121661350131035,0.8582677245140076,,
172,,79249,0.015953470021486282,0.8928239345550537,,
172,,79299,0.007884022779762745,1.0811426639556885,,
172,,79349,0.02862970530986786,1.2391465902328491,,
172,,79399,0.010881727561354637,1.0123193264007568,,
172,,79449,0.041283611208200455,0.8645025491714478,,
172,,79499,0.005516245029866695,1.2672804594039917,,
172,,79549,0.006342839449644089,1.2166534662246704,,
172,0.5250913500785828,79579,,,0.40973690152168274,0.25204914808273315
173,,79599,0.007269019261002541,0.9700623750686646,,
173,,79649,0.016267957165837288,0.9695745706558228,,
173,,79699,0.00912639033049345,1.140927791595459,,
173,,79749,0.043377917259931564,1.419142246246338,,
173,,79799,0.10873299092054367,0.5406979322433472,,
173,,79849,0.005873282440006733,1.0593928098678589,,
173,,79899,0.032620884478092194,0.7753585577011108,,
173,,79949,0.11734771728515625,0.832756757736206,,
173,,79999,0.006464442703872919,0.9330324530601501,,
173,0.5433045029640198,80039,,,0.4080032408237457,0.3138658404350281
174,,80049,0.00939805805683136,0.965901255607605,,
174,,80099,0.006772113032639027,0.9977500438690186,,
174,,80149,0.013330332934856415,1.0380234718322754,,
174,,80199,0.015115047805011272,0.908008337020874,,
174,,80249,0.00217227078974247,1.1808100938796997,,
174,,80299,0.004608982242643833,0.9909093379974365,,
174,,80349,0.010475583374500275,1.1144760847091675,,
174,,80399,0.034092292189598083,1.30044424533844,,
174,,80449,0.021379657089710236,1.2495713233947754,,
174,,80499,0.012706128880381584,0.9077075123786926,,
174,0.5543099641799927,80499,,,0.40662771463394165,0.3411509096622467
175,,80549,0.04070896655321121,1.6446713209152222,,
175,,80599,0.030167581513524055,0.8880692720413208,,
175,,80649,0.006883345544338226,0.9466512799263,,
175,,80699,0.003315911628305912,1.0297985076904297,,
175,,80749,0.00722844060510397,0.9356210231781006,,
175,,80799,0.02097081020474434,1.267379879951477,,
175,,80849,0.010885297320783138,0.8830925226211548,,
175,,80899,0.0033425819128751755,1.0289326906204224,,
175,,80949,0.0069369301199913025,0.9866516590118408,,
175,0.5461177229881287,80959,,,0.4621579945087433,0.1822625696659088
176,,80999,0.006002122536301613,1.0297911167144775,,
176,,81049,0.010638847015798092,1.0904629230499268,,
176,,81099,0.0180955920368433,0.8188455104827881,,
176,,81149,0.011254650540649891,0.8289530277252197,,
176,,81199,0.01993047259747982,1.116473913192749,,
176,,81249,0.008135147392749786,1.0810315608978271,,
176,,81299,0.025998901575803757,0.9932043552398682,,
176,,81349,0.006392399314790964,0.9791726469993591,,
176,,81399,0.007506594993174076,0.9249367117881775,,
176,0.5522652268409729,81419,,,0.44832584261894226,0.1964208334684372
177,,81449,0.005736169405281544,1.0154929161071777,,
177,,81499,0.12401745468378067,1.2617496252059937,,
177,,81549,0.010202516801655293,1.1201972961425781,,
177,,81599,0.009557468816637993,1.0672847032546997,,
177,,81649,0.006803913041949272,0.9102796912193298,,
177,,81699,0.007048790343105793,0.9224486351013184,,
177,,81749,0.005152505356818438,1.1456551551818848,,
177,,81799,0.014384020119905472,1.0839420557022095,,
177,,81849,0.022257879376411438,1.0767920017242432,,
177,0.5521227121353149,81879,,,0.42841988801956177,0.335527628660202
178,,81899,0.006899954751133919,1.0330848693847656,,
178,,81949,0.02423972263932228,0.859849214553833,,
178,,81999,0.00286808586679399,1.019514799118042,,
178,,82049,0.0020418078638613224,0.9912595748901367,,
178,,82099,0.010387517511844635,0.9478353261947632,,
178,,82149,0.00502874655649066,1.087538242340088,,
178,,82199,0.013915334828197956,1.141671895980835,,
178,,82249,0.006403098814189434,1.074575424194336,,
178,,82299,0.008834613487124443,0.7624996900558472,,
178,0.533882737159729,82339,,,0.4262580871582031,0.3404124677181244
179,,82349,0.01622547209262848,1.0278445482254028,,
179,,82399,0.011667385697364807,0.9586710929870605,,
179,,82449,0.1734907329082489,1.1241728067398071,,
179,,82499,0.03499653562903404,0.7799525260925293,,
179,,82549,0.004780024755746126,1.0027856826782227,,
179,,82599,0.013036899268627167,0.941642701625824,,
179,,82649,0.007660014554858208,1.1665394306182861,,
179,,82699,0.011644730344414711,0.8991487622261047,,
179,,82749,0.012452353723347187,1.1380610466003418,,
179,,82799,0.005456297658383846,1.107194185256958,,
179,0.5465520024299622,82799,,,0.4233580231666565,0.30398431420326233
180,,82849,0.02119973860681057,0.8715931177139282,,
180,,82899,0.006832033861428499,0.9061824083328247,,
180,,82949,0.005340473726391792,1.1986870765686035,,
180,,82999,0.00594858406111598,1.0413364171981812,,
180,,83049,0.004059276543557644,0.8533482551574707,,
180,,83099,0.0026578097604215145,1.1273075342178345,,
180,,83149,0.0889095813035965,1.1338920593261719,,
180,,83199,0.0017761499620974064,1.0470585823059082,,
180,,83249,0.024963829666376114,0.9673259854316711,,
180,0.529127299785614,83259,,,0.4672812819480896,0.4707832932472229
181,,83299,0.21074940264225006,1.137183427810669,,
181,,83349,0.002282592700794339,1.1232755184173584,,
181,,83399,0.09496985375881195,0.5525854825973511,,
181,,83449,0.006952992640435696,1.0628584623336792,,
181,,83499,0.003729164367541671,1.1011326313018799,,
181,,83549,0.0036234541330486536,1.070199728012085,,
181,,83599,0.011989258229732513,1.078734040260315,,
181,,83649,0.14915615320205688,1.732654333114624,,
181,,83699,0.006063234992325306,0.8787021636962891,,
181,0.5296908617019653,83719,,,0.44947564601898193,0.25461748242378235
182,,83749,0.001443934510461986,1.1477530002593994,,
182,,83799,0.002412327565252781,0.981757640838623,,
182,,83849,0.001339899841696024,1.1747819185256958,,
182,,83899,0.04615945369005203,0.8527695536613464,,
182,,83949,0.024518415331840515,0.9105801582336426,,
182,,83999,0.028601372614502907,1.0657564401626587,,
182,,84049,0.002486764919012785,1.017730712890625,,
182,,84099,0.054611243307590485,1.1784741878509521,,
182,,84149,0.0068342071026563644,1.0496864318847656,,
182,0.528441309928894,84179,,,0.42219871282577515,0.28589552640914917
183,,84199,0.004200909752398729,1.1541985273361206,,
183,,84249,0.0075348480604588985,1.0140564441680908,,
183,,84299,0.007057285867631435,0.995181679725647,,
183,,84349,0.00584659818559885,0.9335668087005615,,
183,,84399,0.11079613864421844,1.0769834518432617,,
183,,84449,0.008820964023470879,0.9929380416870117,,
183,,84499,0.003602235810831189,0.9259997606277466,,
183,,84549,0.005090433172881603,0.8954054713249207,,
183,,84599,0.005686471238732338,0.9613021016120911,,
183,0.5328024625778198,84639,,,0.4082546532154083,0.2497583031654358
184,,84649,0.006544456817209721,0.9489110112190247,,
184,,84699,0.005028100684285164,1.226787805557251,,
184,,84749,0.006025342270731926,0.9728029370307922,,
184,,84799,0.013367983512580395,0.9860146045684814,,
184,,84849,0.011807710863649845,0.9774032831192017,,
184,,84899,0.01301457267254591,1.2563989162445068,,
184,,84949,0.007645685225725174,0.9469834566116333,,
184,,84999,0.0059212432242929935,0.9226352572441101,,
184,,85049,0.014018617570400238,1.0552465915679932,,
184,,85099,0.026794154196977615,0.7777150869369507,,
184,0.5363484621047974,85099,,,0.4472346901893616,0.19431230425834656
185,,85149,0.012245298363268375,1.1680259704589844,,
185,,85199,0.006150048691779375,0.8868610858917236,,
185,,85249,0.009058207273483276,1.0647516250610352,,
185,,85299,0.01862119324505329,1.0559741258621216,,
185,,85349,0.0056779030710458755,0.9678709506988525,,
185,,85399,0.0029507610015571117,0.9818539619445801,,
185,,85449,0.003657905850559473,1.0765166282653809,,
185,,85499,0.0064153107814490795,0.9700713157653809,,
185,,85549,0.003066620323807001,0.9696753025054932,,
185,0.550628125667572,85559,,,0.4954639673233032,0.12855617702007294
186,,85599,0.003371588420122862,1.0055301189422607,,
186,,85649,0.0263964906334877,1.1043367385864258,,
186,,85699,0.028517547994852066,0.9659574031829834,,
186,,85749,0.008580625988543034,0.9729064702987671,,
186,,85799,0.0075048888102173805,0.5789815783500671,,
186,,85849,0.007877038791775703,1.1445226669311523,,
186,,85899,0.012094788253307343,1.1904958486557007,,
186,,85949,0.004780419636517763,1.1685230731964111,,
186,,85999,0.016132479533553123,1.0645568370819092,,
186,0.551443338394165,86019,,,0.43317294120788574,0.20015060901641846
187,,86049,0.007731910794973373,0.8061096668243408,,
187,,86099,0.004433936905115843,1.0782097578048706,,
187,,86149,0.0084479209035635,1.2540422677993774,,
187,,86199,0.0042371926829218864,0.9548643231391907,,
187,,86249,0.028833456337451935,0.7391992211341858,,
187,,86299,0.007811409886926413,1.1384031772613525,,
187,,86349,0.004609797615557909,1.169772744178772,,
187,,86399,0.03286535665392876,1.2789937257766724,,
187,,86449,0.013223197311162949,0.9139645099639893,,
187,0.5267083644866943,86479,,,0.41356608271598816,0.2651730477809906
188,,86499,0.01054416224360466,0.9378220438957214,,
188,,86549,0.010958915576338768,1.106114387512207,,
188,,86599,0.014963705092668533,1.116964340209961,,
188,,86649,0.018954675644636154,1.1292197704315186,,
188,,86699,0.005928718484938145,0.94940185546875,,
188,,86749,0.004301366396248341,1.109229326248169,,
188,,86799,0.006752564571797848,1.07065749168396,,
188,,86849,0.01159705501049757,0.9215863347053528,,
188,,86899,0.012823378667235374,0.9325476884841919,,
188,0.5759199261665344,86939,,,0.35964247584342957,0.41438528895378113
189,,86949,0.005423327907919884,1.0004892349243164,,
189,,86999,0.010101515799760818,1.1457152366638184,,
189,,87049,0.006851719692349434,0.9144943356513977,,
189,,87099,0.009592682123184204,0.9594686031341553,,
189,,87149,0.004628217313438654,0.9685386419296265,,
189,,87199,0.005014258436858654,1.031259536743164,,
189,,87249,0.004056069068610668,0.9282606244087219,,
189,,87299,0.006664738059043884,1.108760118484497,,
189,,87349,0.006638022139668465,0.9850060939788818,,
189,,87399,0.007954331114888191,0.9292734265327454,,
189,0.5581009387969971,87399,,,0.42809659242630005,0.23402774333953857
190,,87449,0.01595372147858143,1.536790370941162,,
190,,87499,0.005727778654545546,0.8967885375022888,,
190,,87549,0.005728461779654026,1.0438225269317627,,
190,,87599,0.007239405997097492,0.9456116557121277,,
190,,87649,0.006361839361488819,0.9334611892700195,,
190,,87699,0.012972230091691017,0.9735988974571228,,
190,,87749,0.09172219038009644,0.7139905691146851,,
190,,87799,0.011665675789117813,0.9823777675628662,,
190,,87849,0.008973563089966774,0.985194206237793,,
190,0.548964262008667,87859,,,0.3947957754135132,0.38700348138809204
191,,87899,0.02446727640926838,0.9274818897247314,,
191,,87949,0.04767581820487976,0.7721222639083862,,
191,,87999,0.0222421046346426,0.8026801347732544,,
191,,88049,0.006271751131862402,0.9787804484367371,,
191,,88099,0.017146576195955276,1.0507577657699585,,
191,,88149,0.012154887430369854,1.086409568786621,,
191,,88199,0.002489136066287756,0.9766260981559753,,
191,,88249,0.004397891461849213,1.13398015499115,,
191,,88299,0.002442600904032588,1.0175050497055054,,
191,0.5393175482749939,88319,,,0.42545202374458313,0.30251166224479675
192,,88349,0.003232254646718502,0.977743923664093,,
192,,88399,0.08969680964946747,1.0560988187789917,,
192,,88449,0.005874511785805225,1.073300838470459,,
192,,88499,0.008390238508582115,1.1142572164535522,,
192,,88549,0.029589664191007614,1.2665293216705322,,
192,,88599,0.006551206577569246,1.0823736190795898,,
192,,88649,0.0044397395104169846,0.893460750579834,,
192,,88699,0.0059727770276367664,1.1187763214111328,,
192,,88749,0.02174311876296997,0.9045366644859314,,
192,0.531980574131012,88779,,,0.4421651065349579,0.2986128628253937
193,,88799,0.0032945352140814066,1.0903747081756592,,
193,,88849,0.16438008844852448,0.9327129125595093,,
193,,88899,0.01598082110285759,1.012129783630371,,
193,,88949,0.04150044173002243,1.1937801837921143,,
193,,88999,0.03780261427164078,1.1303343772888184,,
193,,89049,0.002447318285703659,0.9221426844596863,,
193,,89099,0.00425364077091217,1.1992701292037964,,
193,,89149,0.004935327917337418,0.9744800329208374,,
193,,89199,0.00812290608882904,1.337989091873169,,
193,0.5592012405395508,89239,,,0.48706310987472534,0.14974357187747955
194,,89249,0.00700038205832243,1.0192465782165527,,
194,,89299,0.0019269643817096949,0.9090228080749512,,
194,,89349,0.0017868152353912592,1.0440908670425415,,
194,,89399,0.004995276685804129,0.9772911667823792,,
194,,89449,0.003095691092312336,0.9390714168548584,,
194,,89499,0.004793001338839531,0.9973661303520203,,
194,,89549,0.015170457772910595,0.892936110496521,,
194,,89599,0.0019359305733814836,0.9769866466522217,,
194,,89649,0.0022506096865981817,1.0538792610168457,,
194,,89699,0.0012260442599654198,1.0016796588897705,,
194,0.554024875164032,89699,,,0.4629795551300049,0.2807093858718872
195,,89749,0.0027230880223214626,0.9657275080680847,,
195,,89799,0.007978755049407482,1.1069477796554565,,
195,,89849,0.0038364771753549576,1.0710643529891968,,
195,,89899,0.014672319404780865,0.8580329418182373,,
195,,89949,0.0016797090647742152,1.1433320045471191,,
195,,89999,0.0021587072405964136,0.9820696115493774,,
195,,90049,0.004225597716867924,1.033306360244751,,
195,,90099,0.003384353592991829,1.136176586151123,,
195,,90149,0.011244894936680794,1.0400433540344238,,
195,0.5577067136764526,90159,,,0.4699362814426422,0.19998987019062042
196,,90199,0.003494010306894779,1.290676236152649,,
196,,90249,0.02409740537405014,1.2147564888000488,,
196,,90299,0.005320381373167038,1.1239826679229736,,
196,,90349,0.002815126907080412,1.04440438747406,,
196,,90399,0.0026417896151542664,1.020622968673706,,
196,,90449,0.0008744152146391571,1.0312880277633667,,
196,,90499,0.011555512435734272,1.1983264684677124,,
196,,90549,0.01029855664819479,0.8442308902740479,,
196,,90599,0.014102699235081673,1.0926395654678345,,
196,0.5506214499473572,90619,,,0.39858919382095337,0.2985149025917053
197,,90649,0.0033292127773165703,1.0933512449264526,,
197,,90699,0.0056804269552230835,1.037916898727417,,
197,,90749,0.01745651848614216,0.9294883012771606,,
197,,90799,0.002553207566961646,1.0720276832580566,,
197,,90849,0.013399841263890266,1.1831947565078735,,
197,,90899,0.11373214423656464,1.1436930894851685,,
197,,90949,0.013557272963225842,0.9379774332046509,,
197,,90999,0.010694289579987526,0.9236040115356445,,
197,,91049,0.006737885996699333,1.0846790075302124,,
197,0.5396159887313843,91079,,,0.43652456998825073,0.2231237143278122
198,,91099,0.0025176380295306444,0.9911432266235352,,
198,,91149,0.0029915517661720514,1.0007078647613525,,
198,,91199,0.0038056853227317333,1.080933690071106,,
198,,91249,0.005484155844897032,1.004083275794983,,
198,,91299,0.013059206306934357,1.0420434474945068,,
198,,91349,0.003407179843634367,1.0000900030136108,,
198,,91399,0.046809062361717224,1.0034070014953613,,
198,,91449,0.004490193910896778,1.013132095336914,,
198,,91499,0.08218306303024292,0.9215469360351562,,
198,0.551443338394165,91539,,,0.44354328513145447,0.25500398874282837
199,,91549,0.0041792625561356544,1.0173118114471436,,
199,,91599,0.008038453757762909,0.886284589767456,,
199,,91649,0.020139191299676895,0.9027296900749207,,
199,,91699,0.012116163037717342,0.8459349870681763,,
199,,91749,0.002556792926043272,1.0055009126663208,,
199,,91799,0.002107580890879035,0.9542639255523682,,
199,,91849,0.00168754649348557,0.965060293674469,,
199,,91899,0.0016425768844783306,1.066535234451294,,
199,,91949,0.00449147867038846,0.9227303266525269,,
199,,91999,0.00373120722360909,1.066007375717163,,
199,0.5529178380966187,91999,,,0.47961124777793884,0.1697767972946167
200,,92049,0.009749631397426128,0.9248910546302795,,
200,,92099,0.01577088236808777,1.117830514907837,,
200,,92149,0.022363923490047455,0.952849805355072,,
200,,92199,0.004528369288891554,0.9776142239570618,,
200,,92249,0.4438336193561554,0.4006110429763794,,
200,,92299,0.030905168503522873,1.0315276384353638,,
200,,92349,0.007319409400224686,0.9461891055107117,,
200,,92399,0.005027801264077425,0.9901759624481201,,
200,,92449,0.0022077560424804688,1.1137830018997192,,
200,0.53143709897995,92459,,,0.4669390618801117,0.24952498078346252
201,,92499,0.010763432830572128,1.0493319034576416,,
201,,92549,0.001287766033783555,1.0448994636535645,,
201,,92599,0.004895945079624653,0.9827799201011658,,
201,,92649,0.005578614771366119,0.9237841963768005,,
201,,92699,0.0035277458373457193,0.9748479127883911,,
201,,92749,0.0010431037517264485,1.0572195053100586,,
201,,92799,0.005596306640654802,1.114720106124878,,
201,,92849,0.019275523722171783,0.895491898059845,,
201,,92899,0.0025763120502233505,0.9636702537536621,,
201,0.5402619242668152,92919,,,0.43590879440307617,0.3115289807319641
202,,92949,0.00172221171669662,0.972900927066803,,
202,,92999,0.0013479915214702487,1.0913974046707153,,
202,,93049,0.0020610690116882324,0.9312524795532227,,
202,,93099,0.004181087948381901,0.9823396801948547,,
202,,93149,0.0011364775709807873,0.9448228478431702,,
202,,93199,0.0012365344446152449,0.9975267648696899,,
202,,93249,0.004696900025010109,0.9097790718078613,,
202,,93299,0.0017098834505304694,1.0521149635314941,,
202,,93349,0.005048548802733421,1.1223448514938354,,
202,0.5111791491508484,93379,,,0.4792468845844269,0.23326872289180756
203,,93399,0.001188693568110466,0.9517992734909058,,
203,,93449,0.006699868477880955,1.0763263702392578,,
203,,93499,0.013394725508987904,1.2543498277664185,,
203,,93549,0.010177099145948887,1.0651379823684692,,
203,,93599,0.01091308519244194,0.8614853620529175,,
203,,93649,0.0053055002354085445,0.9439428448677063,,
203,,93699,0.001540516852401197,1.0739216804504395,,
203,,93749,0.012087926268577576,1.0758800506591797,,
203,,93799,0.0023353176657110453,0.9278965592384338,,
203,0.5529111623764038,93839,,,0.45169493556022644,0.4004169702529907
204,,93849,0.001426589791662991,0.9838292002677917,,
204,,93899,0.00999327190220356,1.0378824472427368,,
204,,93949,0.012254370376467705,0.9764056205749512,,
204,,93999,0.029762770980596542,0.9948936700820923,,
204,,94049,0.008117474615573883,0.9688746333122253,,
204,,94099,0.0020375761669129133,0.9436806440353394,,
204,,94149,0.001935094827786088,1.0321154594421387,,
204,,94199,0.002067690948024392,1.0662091970443726,,
204,,94249,0.0016798661090433598,1.0340405702590942,,
204,,94299,0.002683140803128481,1.0211983919143677,,
204,0.5572590231895447,94299,,,0.48214206099510193,0.19829383492469788
205,,94349,0.0011991343926638365,1.0349290370941162,,
205,,94399,0.0010427930392324924,0.8797200918197632,,
205,,94449,0.0032735157292336226,0.9500669836997986,,
205,,94499,0.0021099066361784935,0.9958103895187378,,
205,,94549,0.003636576235294342,0.9934249520301819,,
205,,94599,0.0012570454273372889,0.9904465675354004,,
205,,94649,0.001069435616955161,1.0327215194702148,,
205,,94699,0.0060908496379852295,0.963618278503418,,
205,,94749,0.0024986695498228073,1.0662930011749268,,
205,0.5653020143508911,94759,,,0.5467451810836792,0.11133477836847305
206,,94799,0.0033681413624435663,0.975525438785553,,
206,,94849,0.0012998438905924559,1.1019213199615479,,
206,,94899,0.0025642376858741045,0.9488348960876465,,
206,,94949,0.0011059246025979519,0.9850707054138184,,
206,,94999,0.0016570298466831446,0.9304507970809937,,
206,,95049,0.006069843657314777,1.0657202005386353,,
206,,95099,0.0050058141350746155,0.9713109135627747,,
206,,95149,0.00495296623557806,0.9382144808769226,,
206,,95199,0.00370833370834589,1.1645920276641846,,
206,0.5678501129150391,95219,,,0.46716052293777466,0.40671730041503906
207,,95249,0.0048296814784407616,0.9499684572219849,,
207,,95299,0.0010001097107306123,0.968863308429718,,
207,,95349,0.0022592300083488226,0.9261770844459534,,
207,,95399,0.0011761249043047428,1.0228614807128906,,
207,,95449,0.0011510606855154037,1.0060951709747314,,
207,,95499,0.0008295068400911987,0.9846857786178589,,
207,,95549,0.00048198222066275775,1.0016331672668457,,
207,,95599,0.0009762968402355909,0.9701491594314575,,
207,,95649,0.005091458559036255,1.0146886110305786,,
207,0.5561921000480652,95679,,,0.7038633823394775,0.7150664925575256
208,,95699,0.004536190070211887,1.094151258468628,,
208,,95749,0.0005571157089434564,1.0063093900680542,,
208,,95799,0.0009315760107710958,0.9990214705467224,,
208,,95849,0.0007527792477048934,0.9983872175216675,,
208,,95899,0.0006802869611419737,1.00606107711792,,
208,,95949,0.0007066194666549563,1.022987723350525,,
208,,95999,0.00041280401637777686,1.0585271120071411,,
208,,96049,0.0005552946822717786,0.998775839805603,,
208,,96099,0.1055382639169693,1.479691505432129,,
208,0.5666273236274719,96139,,,0.5490120053291321,0.46744415163993835
209,,96149,0.00040700496174395084,1.000494122505188,,
209,,96199,0.0017614149255678058,1.0056873559951782,,
209,,96249,0.0008233373519033194,0.9794415831565857,,
209,,96299,0.0016662280540913343,0.9811378121376038,,
209,,96349,0.00026215799152851105,0.991046667098999,,
209,,96399,0.0004476526228245348,0.9984474182128906,,
209,,96449,0.0001761971798259765,1.0034117698669434,,
209,,96499,0.038079533725976944,0.9545688033103943,,
209,,96549,0.11260277777910233,1.4979732036590576,,
209,,96599,0.011346560902893543,1.189982533454895,,
209,0.5417698621749878,96599,,,0.3903045654296875,0.3413563072681427
210,,96649,0.007530936039984226,0.9979901313781738,,
210,,96699,0.026469241827726364,1.2147338390350342,,
210,,96749,0.010706337168812752,0.9936419725418091,,
210,,96799,0.007621790282428265,1.0131521224975586,,
210,,96849,0.01798390969634056,0.8419978022575378,,
210,,96899,0.01025391835719347,1.0796964168548584,,
210,,96949,0.005844281520694494,1.1034411191940308,,
210,,96999,0.017878776416182518,0.9193441271781921,,
210,,97049,0.002976104151457548,1.030576229095459,,
210,0.5599964261054993,97059,,,0.42940449714660645,0.2672921419143677
211,,97099,0.007159059401601553,0.9625237584114075,,
211,,97149,0.014766665175557137,1.0574891567230225,,
211,,97199,0.0033325841650366783,1.0251548290252686,,
211,,97249,0.006130789406597614,1.0771336555480957,,
211,,97299,0.00423417566344142,1.2992584705352783,,
211,,97349,0.004766951315104961,1.1157139539718628,,
211,,97399,0.04426731914281845,1.591833472251892,,
211,,97449,0.01016278937458992,0.9067287445068359,,
211,,97499,0.005898406263440847,0.9163075089454651,,
211,0.5829717516899109,97519,,,0.5753664970397949,0.0785159096121788
212,,97549,0.01748448982834816,1.1691980361938477,,
212,,97599,0.03896345943212509,0.6850359439849854,,
212,,97649,0.0074018556624650955,1.105443000793457,,
212,,97699,0.00880901888012886,1.485213279724121,,
212,,97749,0.009916547685861588,0.8582567572593689,,
212,,97799,0.0070050605572760105,1.0842726230621338,,
212,,97849,0.008901563473045826,0.9518359303474426,,
212,,97899,0.0024215755984187126,0.989069938659668,,
212,,97949,0.0034767258912324905,1.009497880935669,,
212,0.5563279390335083,97979,,,0.44334596395492554,0.2218443900346756
213,,97999,0.00402803672477603,1.0764243602752686,,
213,,98049,0.0013245877344161272,0.9356365203857422,,
213,,98099,0.0013260551495477557,0.9711718559265137,,
213,,98149,0.0016633890336379409,0.950101912021637,,
213,,98199,0.0051143779419362545,1.0740888118743896,,
213,,98249,0.0033918987028300762,0.96852707862854,,
213,,98299,0.0023382746148854494,1.2373358011245728,,
213,,98349,0.004603775218129158,1.1576097011566162,,
213,,98399,0.0028832689858973026,1.0249323844909668,,
213,0.5510223507881165,98439,,,0.44110822677612305,0.1959351748228073
214,,98449,0.0019336184486746788,1.0316050052642822,,
214,,98499,0.0022105451207607985,1.0492396354675293,,
214,,98549,0.010049303993582726,0.9766216278076172,,
214,,98599,0.009349850006401539,0.7947397232055664,,
214,,98649,0.003104542614892125,1.0701494216918945,,
214,,98699,0.013554947450757027,0.9276278614997864,,
214,,98749,0.005831245332956314,1.0051262378692627,,
214,,98799,0.005157258827239275,1.043776512145996,,
214,,98849,0.026718873530626297,0.9365547895431519,,
214,,98899,0.00836124923080206,0.9727828502655029,,
214,0.5400236248970032,98899,,,0.4549476206302643,0.45438462495803833
215,,98949,0.005516964476555586,1.025788426399231,,
215,,98999,0.00697984779253602,0.9119378328323364,,
215,,99049,0.024051351472735405,1.0419797897338867,,
215,,99099,0.004956337623298168,0.8840948939323425,,
215,,99149,0.010533187538385391,0.9284765720367432,,
215,,99199,0.005774837918579578,1.072904109954834,,
215,,99249,0.003538250457495451,1.0129384994506836,,
215,,99299,0.025907350704073906,1.2207293510437012,,
215,,99349,0.006449870765209198,1.0193676948547363,,
215,0.5568647384643555,99359,,,0.4570889472961426,0.4156993329524994
216,,99399,0.006681416649371386,1.1224946975708008,,
216,,99449,0.02038847841322422,0.893972635269165,,
216,,99499,0.0020865988917648792,1.0495696067810059,,
216,,99549,0.004800125025212765,1.028422236442566,,
216,,99599,0.004016785882413387,0.9947168231010437,,
216,,99649,0.002529068384319544,1.0395872592926025,,
216,,99699,0.0019147911807522178,0.9401404857635498,,
216,,99749,0.004017516039311886,1.0395793914794922,,
216,,99799,0.0029705215711146593,1.0310801267623901,,
216,0.5690863132476807,99819,,,0.5041466951370239,0.1367426961660385
217,,99849,0.00417428370565176,0.8971835970878601,,
217,,99899,0.001040543895214796,1.117724895477295,,
217,,99949,0.00838189572095871,0.7165182828903198,,
217,,99999,0.004383467137813568,1.2341022491455078,,
217,,100049,0.029721062630414963,1.0835314989089966,,
217,,100099,0.004342394415289164,0.9454349279403687,,
217,,100149,0.003567863255739212,1.0102102756500244,,
217,,100199,0.004276057705283165,0.9306177496910095,,
217,,100249,0.0023912941105663776,1.0478425025939941,,
217,0.5715720653533936,100279,,,0.518939197063446,0.12410873174667358
218,,100299,0.0527702271938324,0.6384552717208862,,
218,,100349,0.006107185035943985,0.9661192893981934,,
218,,100399,0.014704113826155663,0.9393538236618042,,
218,,100449,0.005387020763009787,0.9067437648773193,,
218,,100499,0.01501338928937912,1.1089751720428467,,
218,,100549,0.022579412907361984,0.8452494144439697,,
218,,100599,0.022611835971474648,0.9279609322547913,,
218,,100649,0.007166783791035414,0.9730367660522461,,
218,,100699,0.0031441813334822655,1.0279486179351807,,
218,0.5457167625427246,100739,,,0.4217303991317749,0.2798597514629364
219,,100749,0.0036709015257656574,1.03407621383667,,
219,,100799,0.006720844190567732,1.0322356224060059,,
219,,100849,0.0008835055632516742,1.0582256317138672,,
219,,100899,0.007347797974944115,1.0963767766952515,,
219,,100949,0.003981500398367643,0.7585070133209229,,
219,,100999,0.004048321396112442,1.019383430480957,,
219,,101049,0.001930681406520307,1.0391159057617188,,
219,,101099,0.0030725253745913506,1.000919222831726,,
219,,101149,0.09260636568069458,0.7092893719673157,,
219,,101199,0.0018136000726372004,0.9459781646728516,,
219,0.5308936238288879,101199,,,0.4413756728172302,0.4233682453632355
220,,101249,0.006180342752486467,1.2419263124465942,,
220,,101299,0.011168857105076313,1.0107998847961426,,
220,,101349,0.01020719949156046,1.013003945350647,,
220,,101399,0.007185982074588537,1.063795566558838,,
220,,101449,0.005693134851753712,1.2256628274917603,,
220,,101499,0.009149434044957161,0.8862729668617249,,
220,,101549,0.008908020332455635,0.8876572847366333,,
220,,101599,0.012418930418789387,1.0134258270263672,,
220,,101649,0.010107703506946564,1.0408297777175903,,
220,0.5578225255012512,101659,,,0.40828773379325867,0.2799367904663086
221,,101699,0.020188407972455025,0.8553354740142822,,
221,,101749,0.009740244597196579,0.8895939588546753,,
221,,101799,0.007903938181698322,0.9234771728515625,,
221,,101849,0.003363550640642643,1.0639770030975342,,
221,,101899,0.012021133676171303,0.9373860359191895,,
221,,101949,0.012463008053600788,1.0021532773971558,,
221,,101999,0.012319650501012802,1.2075847387313843,,
221,,102049,0.021973978728055954,1.2332944869995117,,
221,,102099,0.011523554101586342,1.1150704622268677,,
221,0.5540181994438171,102119,,,0.4188908636569977,0.40778303146362305
222,,102149,0.006402881816029549,0.9531971216201782,,
222,,102199,0.005013291258364916,1.1839590072631836,,
222,,102249,0.010951416566967964,1.0648884773254395,,
222,,102299,0.005503243766725063,1.0380845069885254,,
222,,102349,0.00255906512029469,1.0810165405273438,,
222,,102399,0.00934595987200737,1.0593475103378296,,
222,,102449,0.030641840770840645,0.9111175537109375,,
222,,102499,0.0024528726935386658,1.0285600423812866,,
222,,102549,0.006105965934693813,0.9593503475189209,,
222,0.5367627143859863,102579,,,0.4483027160167694,0.4260132312774658
223,,102599,0.004212304018437862,1.0501840114593506,,
223,,102649,0.0019888640381395817,1.054563045501709,,
223,,102699,0.004917615558952093,1.0689831972122192,,
223,,102749,0.0047925859689712524,1.0663408041000366,,
223,,102799,0.00357875507324934,0.9963279962539673,,
223,,102849,0.003989569842815399,1.0398203134536743,,
223,,102899,0.0012172181159257889,0.975871741771698,,
223,,102949,0.0012567039811983705,1.0658787488937378,,
223,,102999,0.0012723178369924426,1.006899118423462,,
223,0.5349630117416382,103039,,,0.4800642132759094,0.40747329592704773
224,,103049,0.0006320880493149161,0.9846764802932739,,
224,,103099,0.002305375412106514,0.9959594011306763,,
224,,103149,0.0014508808963000774,1.0297932624816895,,
224,,103199,0.003607281483709812,0.8934682011604309,,
224,,103249,0.0012180069461464882,1.0294877290725708,,
224,,103299,0.0007752503734081984,1.0383896827697754,,
224,,103349,0.0013541742227971554,1.0156418085098267,,
224,,103399,0.003066285280510783,1.0831687450408936,,
224,,103449,0.03508959338068962,1.3264340162277222,,
224,,103499,0.003848191350698471,1.0492210388183594,,
224,0.5371569991111755,103499,,,0.5198296904563904,0.6126077771186829
225,,103549,0.001342404866591096,0.9328054189682007,,
225,,103599,0.003896495793014765,1.0029240846633911,,
225,,103649,0.010421221144497395,0.9478071928024292,,
225,,103699,0.005006683059036732,0.9661850333213806,,
225,,103749,0.009177225641906261,1.0327759981155396,,
225,,103799,0.008162569254636765,1.0155808925628662,,
225,,103849,0.05819239467382431,1.324563980102539,,
225,,103899,0.09615939855575562,0.9817590713500977,,
225,,103949,0.0022855571005493402,1.0463454723358154,,
225,0.5461511015892029,103959,,,0.43662169575691223,0.3300216794013977
226,,103999,0.004572403617203236,1.0722965002059937,,
226,,104049,0.008479290641844273,1.0375332832336426,,
226,,104099,0.0051999399438500404,1.1237549781799316,,
226,,104149,0.00833311676979065,0.9002854824066162,,
226,,104199,0.012134374119341373,0.8354673385620117,,
226,,104249,0.008902648463845253,1.0891467332839966,,
226,,104299,0.01144365407526493,1.1597048044204712,,
226,,104349,0.0012271397281438112,0.9133225679397583,,
226,,104399,0.001096626976504922,1.0156104564666748,,
226,0.5391950011253357,104419,,,0.4380173087120056,0.25748762488365173
227,,104449,0.023396756500005722,1.272873044013977,,
227,,104499,0.005100080743432045,1.0444984436035156,,
227,,104549,0.002883451757952571,1.0960558652877808,,
227,,104599,0.009089212864637375,1.1713368892669678,,
227,,104649,0.0032476226333528757,0.9376106262207031,,
227,,104699,0.005439423955976963,1.1429224014282227,,
227,,104749,0.032518088817596436,1.0571035146713257,,
227,,104799,0.010620811954140663,0.9896806478500366,,
227,,104849,0.0013207001611590385,0.9835577607154846,,
227,0.5523476600646973,104879,,,0.44750750064849854,0.2469751387834549
228,,104899,0.010466216132044792,1.010725975036621,,
228,,104949,0.00700264610350132,0.9765584468841553,,
228,,104999,0.0018625269876793027,0.9435914158821106,,
228,,105049,0.03794066607952118,1.1362087726593018,,
228,,105099,0.0023794053122401237,1.1869933605194092,,
228,,105149,0.0037926454097032547,1.0992286205291748,,
228,,105199,0.005392939783632755,1.053565263748169,,
228,,105249,0.0034891958348453045,1.0417778491973877,,
228,,105299,0.007208690512925386,1.0056145191192627,,
228,0.54465651512146,105339,,,0.45410996675491333,0.44811588525772095
229,,105349,0.004514945670962334,1.0284388065338135,,
229,,105399,0.006824085488915443,0.9673810005187988,,
229,,105449,0.004076873417943716,1.0396099090576172,,
229,,105499,0.0011012244503945112,0.9718749523162842,,
229,,105549,0.011957208625972271,1.01789391040802,,
229,,105599,0.004839797038584948,1.0407962799072266,,
229,,105649,0.01862224191427231,0.8691931962966919,,
229,,105699,0.009376266971230507,1.0844974517822266,,
229,,105749,0.025091519579291344,1.4068666696548462,,
229,,105799,0.0036374973133206367,0.8516948819160461,,
229,0.5461377501487732,105799,,,0.46213293075561523,0.2675600051879883
230,,105849,0.009605110622942448,0.9752026796340942,,
230,,105899,0.0023701158352196217,0.946349024772644,,
230,,105949,0.03119056299328804,0.8452974557876587,,
230,,105999,0.00675396341830492,0.7803792357444763,,
230,,106049,0.003423167858272791,0.9978892207145691,,
230,,106099,0.002465533558279276,1.0430001020431519,,
230,,106149,0.011852203868329525,0.9029303789138794,,
230,,106199,0.00947627704590559,1.0929369926452637,,
230,,106249,0.003612058935686946,0.8680952787399292,,
230,0.5111858248710632,106259,,,0.4887513220310211,0.4681311249732971
231,,106299,0.009297543205320835,1.162872314453125,,
231,,106349,0.002927064895629883,1.0351895093917847,,
231,,106399,0.0036778009962290525,0.9919805526733398,,
231,,106449,0.0077313706278800964,1.0343949794769287,,
231,,106499,0.05496634170413017,1.1929080486297607,,
231,,106549,0.04098859801888466,1.3126866817474365,,
231,,106599,0.001745944144204259,1.0766572952270508,,
231,,106649,0.008540928363800049,0.8191084265708923,,
231,,106699,0.002312344964593649,0.8885603547096252,,
231,0.5295482873916626,106719,,,0.5088753700256348,0.47924137115478516
232,,106749,0.0031247721053659916,1.0041086673736572,,
232,,106799,0.0036188417579978704,1.040235161781311,,
232,,106849,0.0031175792682915926,0.9413274526596069,,
232,,106899,0.00203773588873446,0.9864501357078552,,
232,,106949,0.0021639340557157993,0.9580280780792236,,
232,,106999,0.0005593440728262067,1.0121690034866333,,
232,,107049,0.02288176119327545,0.972901463508606,,
232,,107099,0.0008081402629613876,1.0136659145355225,,
232,,107149,0.0016846623038873076,1.0570619106292725,,
232,0.5469262003898621,107179,,,0.5256921648979187,0.43812257051467896
233,,107199,0.0009380403207615018,0.9981889724731445,,
233,,107249,0.0007283544400706887,0.9909944534301758,,
233,,107299,0.0019047092646360397,0.9321935176849365,,
233,,107349,0.0010139713995158672,1.0658059120178223,,
233,,107399,0.0012766884174197912,0.9929913282394409,,
233,,107449,0.0007946848636493087,0.9868456125259399,,
233,,107499,0.0013726473553106189,1.0637640953063965,,
233,,107549,0.000636506185401231,0.9984964728355408,,
233,,107599,0.00034941357444040477,1.0040233135223389,,
233,0.5694805979728699,107639,,,0.6621684432029724,0.5824891924858093
234,,107649,0.0013401282485574484,0.9624108076095581,,
234,,107699,0.001574680907651782,0.9654406309127808,,
234,,107749,0.0005246510845609009,1.0174838304519653,,
234,,107799,0.0006587973912246525,1.0419187545776367,,
234,,107849,0.0010346828494220972,1.0563170909881592,,
234,,107899,0.00043315283255651593,0.994861364364624,,
234,,107949,0.0005636245477944613,1.0367079973220825,,
234,,107999,0.0004233983636368066,1.0101765394210815,,
234,,108049,0.0014804793754592538,1.01859712600708,,
234,,108099,0.0007771289674565196,1.0047441720962524,,
234,0.5810428261756897,108099,,,0.787503719329834,0.8826913833618164
235,,108149,0.0005472030024975538,0.9782857894897461,,
235,,108199,0.002251656726002693,1.0285290479660034,,
235,,108249,0.00041530514135956764,0.9948670864105225,,
235,,108299,0.0014220240991562605,1.0313471555709839,,
235,,108349,0.0006979069439694285,1.023352026939392,,
235,,108399,0.0020597411785274744,1.017708420753479,,
235,,108449,0.0010211640037596226,1.0120899677276611,,
235,,108499,0.0005476696533150971,1.0027629137039185,,
235,,108549,0.00040471673128195107,1.1131024360656738,,
235,0.5968237519264221,108559,,,0.654421865940094,0.6909482479095459
236,,108599,0.0007058205083012581,1.024893879890442,,
236,,108649,0.0002799116191454232,1.0076103210449219,,
236,,108699,0.0005946812452748418,0.9955358505249023,,
236,,108749,0.0006485356134362519,1.0748546123504639,,
236,,108799,0.0003731320903170854,1.0086722373962402,,
236,,108849,0.0002999817079398781,0.9691468477249146,,
236,,108899,0.0012885185424238443,1.0371439456939697,,
236,,108949,0.0003811636124737561,0.9862657189369202,,
236,,108999,0.0003544203646015376,0.9655396938323975,,
236,0.5949082374572754,109019,,,0.5625767111778259,0.5511636137962341
237,,109049,0.00024585018400102854,1.0091382265090942,,
237,,109099,0.0004992555477656424,0.9702363014221191,,
237,,109149,0.00331390299834311,1.0948184728622437,,
237,,109199,0.0005081838462501764,1.0639976263046265,,
237,,109249,0.0043932287953794,1.0397552251815796,,
237,,109299,0.006851238664239645,1.1510908603668213,,
237,,109349,0.009236859157681465,0.9123181104660034,,
237,,109399,0.0033553701359778643,0.9272213578224182,,
237,,109449,0.00991801731288433,0.7102198004722595,,
237,0.5697857141494751,109479,,,0.5222662091255188,0.5894932746887207
238,,109499,0.0028085866943001747,1.0362664461135864,,
238,,109549,0.020100239664316177,0.7639403343200684,,
238,,109599,0.002550401259213686,0.9727878570556641,,
238,,109649,0.049777381122112274,0.9302696585655212,,
238,,109699,0.00187650416046381,1.0090454816818237,,
238,,109749,0.0024327142164111137,0.9660066962242126,,
238,,109799,0.0013164079282432795,0.9850075840950012,,
238,,109849,0.0010540562216192484,0.9885080456733704,,
238,,109899,0.000928289839066565,0.9920946359634399,,
238,0.5246570110321045,109939,,,0.771396815776825,0.8365634083747864
239,,109949,0.0046652015298604965,0.9678130745887756,,
239,,109999,0.00043381715659052134,0.9949330687522888,,
239,,110049,0.0016292616492137313,1.013026475906372,,
239,,110099,0.000629967194981873,1.0023059844970703,,
239,,110149,0.0008740180637687445,1.0006635189056396,,
239,,110199,0.007728368043899536,1.0251188278198242,,
239,,110249,0.0009776249062269926,1.0010098218917847,,
239,,110299,0.0005660171736963093,0.99240642786026,,
239,,110349,0.0007106999401003122,1.0291956663131714,,
239,,110399,0.0004391565453261137,0.9954156279563904,,
239,0.5410972237586975,110399,,,0.7822306156158447,0.8328936696052551
240,,110449,0.00042265746742486954,1.0021804571151733,,
240,,110499,0.0006617288454435766,1.0001319646835327,,
240,,110549,0.0009748353622853756,0.997050940990448,,
240,,110599,0.0002615238481666893,0.9912146925926208,,
240,,110649,0.0003168187686242163,0.9888572692871094,,
240,,110699,0.0003310484462417662,1.0341289043426514,,
240,,110749,0.0011874124174937606,1.0010980367660522,,
240,,110799,0.0004498103226069361,0.9628795981407166,,
240,,110849,0.1866317093372345,1.0731569528579712,,
240,0.5470888018608093,110859,,,0.8454145789146423,0.9007218480110168
241,,110899,0.00025627907598391175,1.002140760421753,,
241,,110949,0.00033260430791415274,1.0016188621520996,,
241,,110999,0.000401328201405704,0.998116135597229,,
241,,111049,0.0006040906882844865,0.9968597888946533,,
241,,111099,0.0007830862305127084,1.0199029445648193,,
241,,111149,0.0006728783482685685,0.9913656711578369,,
241,,111199,0.00020943998242728412,1.006654977798462,,
241,,111249,0.00035357524757273495,0.9996533393859863,,
241,,111299,0.0009934164118021727,1.0063374042510986,,
241,0.5748195648193359,111319,,,0.5928246378898621,0.5836058855056763
242,,111349,0.00027585262432694435,0.9956604242324829,,
242,,111399,0.015469898469746113,1.113426685333252,,
242,,111449,0.0031683496199548244,0.9447544813156128,,
242,,111499,0.0013141898671165109,1.0004931688308716,,
242,,111549,0.0030905611347407103,1.031064748764038,,
242,,111599,0.025664571672677994,0.7971475124359131,,
242,,111649,0.000799576926510781,1.0125361680984497,,
242,,111699,0.00253495667129755,0.963670015335083,,
242,,111749,0.01793430931866169,1.0710251331329346,,
242,0.5879855751991272,111779,,,0.6931656002998352,0.7784031629562378
243,,111799,0.003913647495210171,0.9724189043045044,,
243,,111849,0.00586332380771637,1.064853549003601,,
243,,111899,0.0038863904774188995,0.9667563438415527,,
243,,111949,0.001508691580966115,1.0092670917510986,,
243,,111999,0.002862704684957862,0.9625400304794312,,
243,,112049,0.0064475275576114655,1.0167865753173828,,
243,,112099,0.02189822308719158,1.2882072925567627,,
243,,112149,0.0008831008453853428,1.023462176322937,,
243,,112199,0.004014347214251757,0.950286865234375,,
243,0.5420415997505188,112239,,,0.407767653465271,0.310407817363739
244,,112249,0.0035605253651738167,1.1528663635253906,,
244,,112299,0.0041464753448963165,0.9537413120269775,,
244,,112349,0.005107623524963856,0.9844269752502441,,
244,,112399,0.0022434466518461704,0.9918535947799683,,
244,,112449,0.003185797017067671,1.0195674896240234,,
244,,112499,0.004385385662317276,0.8977020978927612,,
244,,112549,0.002294421661645174,0.9426988363265991,,
244,,112599,0.0015725902048870921,1.0192866325378418,,
244,,112649,0.002326936461031437,0.9733630418777466,,
244,,112699,0.0006561372429132462,1.0420433282852173,,
244,0.5979174375534058,112699,,,0.4675735533237457,0.2057640254497528
245,,112749,0.0037299359682947397,0.9651256799697876,,
245,,112799,0.0063725421205163,0.9711481332778931,,
245,,112849,0.05881737917661667,0.981808066368103,,
245,,112899,0.006953849457204342,0.9387260675430298,,
245,,112949,0.002110060304403305,0.982536792755127,,
245,,112999,0.022058570757508278,0.9066704511642456,,
245,,113049,0.010616500861942768,1.1747304201126099,,
245,,113099,0.002255659783259034,0.969539999961853,,
245,,113149,0.00692909536883235,0.9234243035316467,,
245,0.5843237638473511,113159,,,0.366111159324646,0.3831996023654938
246,,113199,0.005094981752336025,1.0992355346679688,,
246,,113249,0.2515832781791687,0.4816356599330902,,
246,,113299,0.004907669499516487,0.9994450807571411,,
246,,113349,0.0037770704366266727,1.0410120487213135,,
246,,113399,0.002671615220606327,0.8934536576271057,,
246,,113449,0.0019334332318976521,0.9797967672348022,,
246,,113499,0.00382404332049191,1.1229052543640137,,
246,,113549,0.04679711535573006,0.9226454496383667,,
246,,113599,0.007179860956966877,1.139570951461792,,
246,0.5444939136505127,113619,,,0.41536661982536316,0.23345063626766205
247,,113649,0.007598936557769775,0.9437347054481506,,
247,,113699,0.0011514861835166812,0.9656764268875122,,
247,,113749,0.005741662345826626,0.947841227054596,,
247,,113799,0.008915579877793789,1.025685429573059,,
247,,113849,0.0024206992238759995,0.9021548628807068,,
247,,113899,0.020362725481390953,0.8973762392997742,,
247,,113949,0.011322885751724243,0.9080229997634888,,
247,,113999,0.002403530292212963,0.9757030010223389,,
247,,114049,0.0033677301835268736,0.8801230192184448,,
247,0.5384065508842468,114079,,,0.5367873311042786,0.5479356050491333
248,,114099,0.005232678726315498,1.035611867904663,,
248,,114149,0.0018042599549517035,1.0061001777648926,,
248,,114199,0.0027078657876700163,1.0162941217422485,,
248,,114249,0.00225765909999609,0.9639960527420044,,
248,,114299,0.0011108930921182036,1.0610606670379639,,
248,,114349,0.001674025785177946,0.984725296497345,,
248,,114399,0.0014252790715545416,0.9998993873596191,,
248,,114449,0.0007117336499504745,0.9956107139587402,,
248,,114499,0.0006569214165210724,0.9808704853057861,,
248,0.5683379173278809,114539,,,0.48160648345947266,0.35848820209503174
249,,114549,0.0009090220555663109,0.9893831014633179,,
249,,114599,0.0006920094601809978,1.0386130809783936,,
249,,114649,0.004150965251028538,1.0588048696517944,,
249,,114699,0.001430955482646823,1.0175957679748535,,
249,,114749,0.005457397550344467,0.926673173904419,,
249,,114799,0.005642133764922619,0.8736965656280518,,
249,,114849,0.005319811403751373,0.9647657871246338,,
249,,114899,0.014974590390920639,0.9753274917602539,,
249,,114949,0.015487385913729668,1.2228565216064453,,
249,,114999,0.022878345102071762,1.1766712665557861,,
249,0.5463961362838745,114999,,,0.4452003240585327,0.35886019468307495
250,,115049,0.1090880036354065,0.7153040766716003,,
250,,115099,0.0015478279674425721,1.0424509048461914,,
250,,115149,0.00681181438267231,1.065213918685913,,
250,,115199,0.004682756960391998,0.9569559097290039,,
250,,115249,0.0009094158886000514,0.9548240900039673,,
250,,115299,0.0008265096694231033,0.9913593530654907,,
250,,115349,0.0009311115718446672,0.9603236317634583,,
250,,115399,0.0008117741090245545,1.0145468711853027,,
250,,115449,0.0017934353090822697,0.9802193641662598,,
250,0.5811987519264221,115459,,,0.4587612450122833,0.2942468523979187
251,,115499,0.0014576948015019298,0.9798547029495239,,
251,,115549,0.006151678506284952,0.9448666572570801,,
251,,115599,0.0012156362645328045,0.9880274534225464,,
251,,115649,0.0027178218588232994,0.9825525283813477,,
251,,115699,0.001459954772144556,1.1244971752166748,,
251,,115749,0.01045546680688858,1.027724027633667,,
251,,115799,0.03666974604129791,1.1122026443481445,,
251,,115849,0.0038182048592716455,0.9648312926292419,,
251,,115899,0.009854912757873535,0.9364687204360962,,
251,0.5406895875930786,115919,,,0.4033573865890503,0.46573349833488464
252,,115949,0.003415782703086734,0.9465386867523193,,
252,,115999,0.004298122599720955,1.0395193099975586,,
252,,116049,0.004713411908596754,1.003366231918335,,
252,,116099,0.0030003481078892946,1.109615683555603,,
252,,116149,0.0037034230772405863,0.925769567489624,,
252,,116199,0.005253897979855537,1.085350751876831,,
252,,116249,0.003292795503512025,0.8241355419158936,,
252,,116299,0.0021205409429967403,1.0415802001953125,,
252,,116349,0.002232652623206377,0.9946669936180115,,
252,0.5382305979728699,116379,,,0.7455212473869324,0.7740464806556702
253,,116399,0.0025444799102842808,0.9995616674423218,,
253,,116449,0.004384559579193592,0.9003585577011108,,
253,,116499,0.0026263277977705,0.9462642669677734,,
253,,116549,0.0014547534519806504,0.9645258188247681,,
253,,116599,0.008687375113368034,1.0098681449890137,,
253,,116649,0.009806152433156967,1.198760986328125,,
253,,116699,0.0007733149686828256,0.981080174446106,,
253,,116749,0.012464032508432865,0.7837902903556824,,
253,,116799,0.018822910264134407,1.2128453254699707,,
253,0.5233049988746643,116839,,,0.5747801065444946,0.6116393804550171
254,,116849,0.003375554922968149,1.0018069744110107,,
254,,116899,0.017149250954389572,1.3521558046340942,,
254,,116949,0.0029850141145288944,0.930869996547699,,
254,,116999,0.006617778446525335,1.2157402038574219,,
254,,117049,0.010776120238006115,0.8967403769493103,,
254,,117099,0.0023506861180067062,1.0835485458374023,,
254,,117149,0.002702285535633564,1.0009633302688599,,
254,,117199,0.011444982141256332,1.0869808197021484,,
254,,117249,0.0053878724575042725,0.916638195514679,,
254,,117299,0.0020250906236469746,1.0009937286376953,,
254,0.5166139602661133,117299,,,0.6146842241287231,0.6788378953933716
255,,117349,0.012407288886606693,1.0295372009277344,,
255,,117399,0.02272767573595047,1.015373706817627,,
255,,117449,0.0030069896019995213,1.021148681640625,,
255,,117499,0.011073604226112366,1.072814702987671,,
255,,117549,0.0037993313744664192,1.0084362030029297,,
255,,117599,0.02495846524834633,1.1155977249145508,,
255,,117649,0.003231003414839506,0.976140022277832,,
255,,117699,0.003996936604380608,0.9515976905822754,,
255,,117749,0.0058982642367482185,1.0561662912368774,,
255,0.5362125635147095,117759,,,0.44169196486473083,0.21516665816307068
256,,117799,0.0022279538679867983,1.023728609085083,,
256,,117849,0.006612733006477356,1.1478583812713623,,
256,,117899,0.01742626540362835,0.9022414684295654,,
256,,117949,0.002080678939819336,0.9715570211410522,,
256,,117999,0.004838547203689814,1.0272103548049927,,
256,,118049,0.002302816603332758,1.007091999053955,,
256,,118099,0.0012226435355842113,1.0328912734985352,,
256,,118149,0.003726986702531576,1.118424415588379,,
256,,118199,0.0031974820885807276,1.0107454061508179,,
256,0.5461177229881287,118219,,,0.4555816352367401,0.3877115547657013
257,,118249,0.0020689568482339382,0.9494745135307312,,
257,,118299,0.006846891716122627,0.965022087097168,,
257,,118349,0.002965024672448635,0.9529787302017212,,
257,,118399,0.016323674470186234,0.8521188497543335,,
257,,118449,0.0035955689381808043,1.0316131114959717,,
257,,118499,0.008102190680801868,0.9247838258743286,,
257,,118549,0.008240554481744766,0.9507161378860474,,
257,,118599,0.0010170015739277005,0.9819732308387756,,
257,,118649,0.0006891454104334116,1.006884217262268,,
257,0.5357916355133057,118679,,,0.584276556968689,0.6269480586051941
258,,118699,0.0018019895069301128,0.9408397674560547,,
258,,118749,0.0017541456036269665,1.016547441482544,,
258,,118799,0.0006393169169314206,0.9537941217422485,,
258,,118849,0.0006089372327551246,1.0356926918029785,,
258,,118899,0.0022218588273972273,1.0678671598434448,,
258,,118949,0.004999636206775904,1.0883510112762451,,
258,,118999,0.004441865719854832,0.8899894952774048,,
258,,119049,0.0023074420168995857,1.033278465270996,,
258,,119099,0.001297930721193552,0.9826687574386597,,
258,0.5499220490455627,119139,,,0.431183397769928,0.22437311708927155
259,,119149,0.0016692690551280975,1.2081109285354614,,
259,,119199,0.0030785324051976204,1.1419230699539185,,
259,,119249,0.0064597781747579575,1.0955116748809814,,
259,,119299,0.002573339967057109,0.9885126352310181,,
259,,119349,0.012571095488965511,1.0458807945251465,,
259,,119399,0.0066498639062047005,0.9537450671195984,,
259,,119449,0.0016877736197784543,0.9959956407546997,,
259,,119499,0.0020870566368103027,1.1140018701553345,,
259,,119549,0.004656368866562843,0.8661227226257324,,
259,,119599,0.003399675479158759,0.9638990759849548,,
259,0.525187075138092,119599,,,0.4904547333717346,0.4132579267024994
260,,119649,0.0014034229097887874,0.9662073254585266,,
260,,119699,0.0015548677183687687,1.038935899734497,,
260,,119749,0.0005687595112249255,0.9793796539306641,,
260,,119799,0.0014759695623070002,0.9644049406051636,,
260,,119849,0.005995277315378189,1.0263733863830566,,
260,,119899,0.002144221682101488,1.0683034658432007,,
260,,119949,0.001137207611463964,0.9468653202056885,,
260,,119999,0.003166068345308304,0.9998045563697815,,
260,,120049,0.0009210115531459451,0.9894713759422302,,
260,0.557965099811554,120059,,,0.6817581653594971,0.7438113689422607
261,,120099,0.001238358556292951,0.9738982319831848,,
261,,120149,0.0007047468679957092,0.9788762927055359,,
261,,120199,0.0009947384241968393,0.9526283740997314,,
261,,120249,0.004410184919834137,1.0539367198944092,,
261,,120299,0.010057242587208748,1.0471292734146118,,
261,,120349,0.002744552679359913,1.081566333770752,,
261,,120399,0.0047062416560947895,0.8635063171386719,,
261,,120449,0.005272308364510536,0.7960400581359863,,
261,,120499,0.03855770081281662,1.037165880203247,,
261,0.548182487487793,120519,,,0.46588462591171265,0.4982416033744812
262,,120549,0.0030078536365181208,1.0513525009155273,,
262,,120599,0.0027068904601037502,0.9589786529541016,,
262,,120649,0.0013400923926383257,0.9716229438781738,,
262,,120699,0.015351965092122555,0.9758846163749695,,
262,,120749,0.004098929464817047,0.9711776971817017,,
262,,120799,0.018266331404447556,0.993695855140686,,
262,,120849,0.0022859482560306787,0.9970672726631165,,
262,,120899,0.001932336832396686,0.9976301193237305,,
262,,120949,0.00221789488568902,0.9986315965652466,,
262,0.5292832255363464,120979,,,0.8814396262168884,0.9565969705581665
263,,120999,0.0031184193212538958,1.0205769538879395,,
263,,121049,0.0009059526491910219,0.9587571620941162,,
263,,121099,0.0022013275884091854,1.0303375720977783,,
263,,121149,0.0014206815976649523,1.0007236003875732,,
263,,121199,0.12357490509748459,0.9948807954788208,,
263,,121249,0.0007478711777366698,0.9924119114875793,,
263,,121299,0.0005916185909882188,1.0178172588348389,,
263,,121349,0.0013711831998080015,1.0001428127288818,,
263,,121399,0.0009177174651995301,0.9809310436248779,,
263,0.5368719100952148,121439,,,0.6635356545448303,0.6831890344619751
264,,121449,0.0002814728068187833,0.9909513592720032,,
264,,121499,0.001752847689203918,1.043539047241211,,
264,,121549,0.0008555441163480282,0.9916033744812012,,
264,,121599,0.0007425047806464136,0.9891459941864014,,
264,,121649,0.001334602595306933,1.0034054517745972,,
264,,121699,0.0006696784403175116,0.9705027341842651,,
264,,121749,0.0004888499388471246,1.0517935752868652,,
264,,121799,0.005111088976264,0.9846729636192322,,
264,,121849,0.04138872027397156,1.5691947937011719,,
264,,121899,0.0037154080346226692,0.9177083969116211,,
264,0.5295349359512329,121899,,,0.4265977144241333,0.27487653493881226
265,,121949,0.008080529980361462,1.078845739364624,,
265,,121999,0.00712407473474741,1.0553913116455078,,
265,,122049,0.008430680260062218,0.9237688183784485,,
265,,122099,0.05603543296456337,0.8551598191261292,,
265,,122149,0.00403181929141283,1.0582449436187744,,
265,,122199,0.03973018005490303,0.9840617179870605,,
265,,122249,0.022149743512272835,0.9080097675323486,,
265,,122299,0.013278383761644363,1.0593149662017822,,
265,,122349,0.00878981314599514,0.9558780789375305,,
265,0.5459951758384705,122359,,,0.48579084873199463,0.5416181087493896
266,,122399,0.002824520692229271,1.034083604812622,,
266,,122449,0.0014068877790123224,0.9858005046844482,,
266,,122499,0.0018409990007057786,1.0044267177581787,,
266,,122549,0.0008096438832581043,0.9635715484619141,,
266,,122599,0.005765680689364672,1.29024076461792,,
266,,122649,0.005762939341366291,1.0737762451171875,,
266,,122699,0.016330722719430923,1.1928759813308716,,
266,,122749,0.0019272547215223312,0.9781042337417603,,
266,,122799,0.006859009154140949,0.8590756058692932,,
266,0.5302276611328125,122819,,,0.4324028193950653,0.2993740737438202
267,,122849,0.0033917143009603024,1.1525006294250488,,
267,,122899,0.006507909391075373,1.0246363878250122,,
267,,122949,0.0020905041601508856,0.9799485802650452,,
267,,122999,0.002256306353956461,0.9628145098686218,,
267,,123049,0.033576883375644684,1.320421576499939,,
267,,123099,0.0011692122789099813,0.9941853880882263,,
267,,123149,0.004105865955352783,1.019997000694275,,
267,,123199,0.0019435436697676778,1.072784423828125,,
267,,123249,0.10998355597257614,1.0784192085266113,,
267,0.5338693857192993,123279,,,0.624018669128418,0.6645402312278748
268,,123299,0.0008030442986637354,1.0489073991775513,,
268,,123349,0.000613135052844882,1.0365571975708008,,
268,,123399,0.0010848517995327711,1.032604455947876,,
268,,123449,0.002029603812843561,0.9680469632148743,,
268,,123499,0.001448897528462112,0.9995876550674438,,
268,,123549,0.0007571056485176086,1.0017505884170532,,
268,,123599,0.07558322697877884,0.862116277217865,,
268,,123649,0.048004619777202606,1.0690617561340332,,
268,,123699,0.0034925350919365883,1.1733574867248535,,
268,0.552904486656189,123739,,,0.4230637848377228,0.21130415797233582
269,,123749,0.01726645790040493,1.0247523784637451,,
269,,123799,0.003442068351432681,0.9558876156806946,,
269,,123849,0.02460215985774994,1.1123042106628418,,
269,,123899,0.02216058410704136,0.8951518535614014,,
269,,123949,0.1378491222858429,0.5839948654174805,,
269,,123999,0.010553807951509953,1.2028123140335083,,
269,,124049,0.002142536686733365,1.0630742311477661,,
269,,124099,0.0066721695475280285,1.1217482089996338,,
269,,124149,0.002784863580018282,0.9735122919082642,,
269,,124199,0.007069230079650879,0.9375962615013123,,
269,0.538638174533844,124199,,,0.39828264713287354,0.32546383142471313
270,,124249,0.011263766326010227,0.9694104194641113,,
270,,124299,0.005152469500899315,1.0806032419204712,,
270,,124349,0.016284123063087463,0.9822083711624146,,
270,,124399,0.009269170463085175,1.1443426609039307,,
270,,124449,0.003941922448575497,1.1221072673797607,,
270,,124499,0.005433349870145321,0.9577536582946777,,
270,,124549,0.0276387520134449,1.0653308629989624,,
270,,124599,0.005903027951717377,0.9604209661483765,,
270,,124649,0.0066184913739562035,0.9022293090820312,,
270,0.5462669134140015,124659,,,0.4461075961589813,0.46593132615089417
271,,124699,0.00852878112345934,1.0715500116348267,,
271,,124749,0.006932361051440239,1.0303630828857422,,
271,,124799,0.00466693751513958,0.9169769287109375,,
271,,124849,0.0013360293814912438,0.9842653274536133,,
271,,124899,0.00435258075594902,0.9911136031150818,,
271,,124949,0.015213560312986374,0.7542545795440674,,
271,,124999,0.0026350943371653557,0.9657206535339355,,
271,,125049,0.0023506185971200466,0.9915332198143005,,
271,,125099,0.02420857921242714,1.0082738399505615,,
271,0.570289134979248,125119,,,0.46067920327186584,0.3029465973377228
272,,125149,0.0016088047996163368,1.0968940258026123,,
272,,125199,0.0014466249849647284,0.9911039471626282,,
272,,125249,0.0006675750482827425,0.9627053737640381,,
272,,125299,0.004398005083203316,1.003474235534668,,
272,,125349,0.0015396049711853266,1.0668216943740845,,
272,,125399,0.0025717318058013916,1.0424259901046753,,
272,,125449,0.007911897264420986,1.0730509757995605,,
272,,125499,0.004734940826892853,0.9232033491134644,,
272,,125549,0.0011911473702639341,0.9850295782089233,,
272,0.5769600868225098,125579,,,0.3318367600440979,0.6426498293876648
273,,125599,0.00260038860142231,0.9685474634170532,,
273,,125649,0.0014736431185156107,1.0168275833129883,,
273,,125699,0.000801846559625119,1.0426901578903198,,
273,,125749,0.001077226479537785,1.0238741636276245,,
273,,125799,0.001006568898446858,0.9817496538162231,,
273,,125849,0.002043371554464102,1.0392112731933594,,
273,,125899,0.0006795627414248884,1.0128753185272217,,
273,,125949,0.0008588756318204105,0.9945166110992432,,
273,,125999,0.0009902920573949814,1.0167573690414429,,
273,0.5860834121704102,126039,,,0.486555814743042,0.5459801554679871
274,,126049,0.0018063539173454046,1.0188395977020264,,
274,,126099,0.0009945979109033942,0.9786192178726196,,
274,,126149,0.003421921981498599,0.9959113597869873,,
274,,126199,0.0031938659958541393,1.0762962102890015,,
274,,126249,0.0064043765887618065,0.98906010389328,,
274,,126299,0.0010457304306328297,0.9800175428390503,,
274,,126349,0.0014985745074227452,0.9906681776046753,,
274,,126399,0.0006918912986293435,1.0201952457427979,,
274,,126449,0.0007175018545240164,0.9826440215110779,,
274,,126499,0.0016361677553504705,1.022973895072937,,
274,0.5939905643463135,126499,,,0.44545778632164,0.32124924659729004
275,,126549,0.001137491432018578,0.9805180430412292,,
275,,126599,0.0008055216167122126,0.9973882436752319,,
275,,126649,0.0023611164651811123,1.0268391370773315,,
275,,126699,0.0006509994273073971,1.0211293697357178,,
275,,126749,0.0010179849341511726,0.9753457903862,,
275,,126799,0.000661160156596452,0.9992648363113403,,
275,,126849,0.0007339465082623065,0.9679390788078308,,
275,,126899,0.0011833033058792353,0.9990435838699341,,
275,,126949,0.000453494256362319,0.9877132177352905,,
275,0.5973538756370544,126959,,,0.7372138500213623,0.7712613344192505
276,,126999,0.0004801649192813784,0.9907939434051514,,
276,,127049,0.00038241135189309716,0.9920806884765625,,
276,,127099,0.0003286729915998876,1.0081857442855835,,
276,,127149,0.00047494942555204034,1.0042530298233032,,
276,,127199,0.0002808075223583728,0.9979627728462219,,
276,,127249,0.0003393996739760041,0.9961867928504944,,
276,,127299,0.00033901596907526255,0.9846606254577637,,
276,,127349,0.00029891388840042055,0.9814598560333252,,
276,,127399,0.0005581817240454257,0.9980548620223999,,
276,0.6044257879257202,127419,,,0.5258256793022156,0.488393634557724
277,,127449,0.0004301752196624875,0.9411917924880981,,
277,,127499,0.0005632055108435452,1.0567857027053833,,
277,,127549,0.0005727812531404197,1.0599950551986694,,
277,,127599,0.00040943914791569114,1.0204359292984009,,
277,,127649,0.0006042215973138809,1.004493236541748,,
277,,127699,0.0011074960930272937,0.9725274443626404,,
277,,127749,0.0007746709743514657,0.9938571453094482,,
277,,127799,0.001131289405748248,1.003748893737793,,
277,,127849,0.0006367986788973212,1.0261452198028564,,
277,0.5946431756019592,127879,,,0.5205779075622559,0.7055545449256897
278,,127899,0.0005368597921915352,1.0328123569488525,,
278,,127949,0.0011658599833026528,0.985063910484314,,
278,,127999,0.0005930723273195326,1.0034503936767578,,
278,,128049,0.00021736984490416944,1.0238745212554932,,
278,,128099,0.0006117926095612347,1.0071909427642822,,
278,,128149,0.0010306471958756447,0.9938773512840271,,
278,,128199,0.00033959175925701857,1.0064584016799927,,
278,,128249,0.000760207767598331,1.011547565460205,,
278,,128299,0.0004362081235740334,0.9972350001335144,,
278,0.5965453386306763,128339,,,0.944252073764801,1.0554540157318115
279,,128349,0.0003394889354240149,1.0038864612579346,,
279,,128399,0.0002508039469830692,0.9915608167648315,,
279,,128449,0.0007150458404794335,0.9848536849021912,,
279,,128499,0.00039350747829303145,1.00277841091156,,
279,,128549,0.0002184496115660295,1.0102076530456543,,
279,,128599,0.0006435852264985442,0.9955480694770813,,
279,,128649,0.0001343259064015001,1.0050969123840332,,
279,,128699,0.00017134129302576184,1.000945806503296,,
279,,128749,0.00027872069040313363,1.0107007026672363,,
279,,128799,0.000547664356417954,0.9949738383293152,,
279,0.6014366745948792,128799,,,0.8632788062095642,1.0059449672698975
280,,128849,0.00034101883647963405,1.0112309455871582,,
280,,128899,0.0007290047942660749,0.9981483221054077,,
280,,128949,0.00016787167987786233,0.9962568283081055,,
280,,128999,0.00021059413847979158,0.990207850933075,,
280,,129049,0.0003505120112095028,0.9837366938591003,,
280,,129099,0.000361608195817098,1.009712815284729,,
280,,129149,0.0007756906561553478,1.013765573501587,,
280,,129199,0.00024697527987882495,1.0080854892730713,,
280,,129249,0.0001627830060897395,1.0109734535217285,,
280,0.6056619882583618,129259,,,0.7367481589317322,0.8584285974502563
281,,129299,0.00011171151709277183,1.0009562969207764,,
281,,129349,0.0004400425241328776,1.0098685026168823,,
281,,129399,0.0004659659171011299,1.0052661895751953,,
281,,129449,0.00011843751417472959,1.0076210498809814,,
281,,129499,0.0008187429048120975,0.9645006656646729,,
281,,129549,0.0004187632875982672,1.0026071071624756,,
281,,129599,0.00024415814550593495,1.0110831260681152,,
281,,129649,0.00035934289917349815,1.0296238660812378,,
281,,129699,0.0005572671652771533,0.9971326589584351,,
281,0.6091945767402649,129719,,,0.7367386817932129,0.8930191397666931
282,,129749,0.00023594249796587974,1.036259651184082,,
282,,129799,0.0002751135907601565,0.98695969581604,,
282,,129849,0.00025653003831394017,1.0039960145950317,,
282,,129899,0.0003967080847360194,1.0144364833831787,,
282,,129949,0.000884240260347724,1.0242629051208496,,
282,,129999,0.00029237644048407674,1.002751350402832,,
282,,130049,0.00022053488646633923,1.0000450611114502,,
282,,130099,0.00031024619238451123,0.9798915386199951,,
282,,130149,0.0003625810786616057,0.9900403022766113,,
282,0.6113484501838684,130179,,,0.886746346950531,0.9512215256690979
283,,130199,0.00013158460205886513,0.9962326288223267,,
283,,130249,0.00013570956070907414,1.0051950216293335,,
283,,130299,0.0002479630056768656,0.9845879673957825,,
283,,130349,0.00023669179063290358,1.0166716575622559,,
283,,130399,0.00015199674817267805,0.9861658215522766,,
283,,130449,0.0001705830218270421,1.0028767585754395,,
283,,130499,0.00022905484365765005,1.0314204692840576,,
283,,130549,0.00013679433322977275,1.0160737037658691,,
283,,130599,0.0001323033939115703,1.005029559135437,,
283,0.6143509149551392,130639,,,0.4711150825023651,0.4207068681716919
284,,130649,0.00019057566532865167,1.0219264030456543,,
284,,130699,0.0002720855991356075,0.9904769659042358,,
284,,130749,0.0014012099709361792,0.966630220413208,,
284,,130799,0.00016969910939224064,0.9930890202522278,,
284,,130849,0.00039484305307269096,0.9975312948226929,,
284,,130899,0.00031869648955762386,0.9925658106803894,,
284,,130949,0.00023275769490282983,0.9984632134437561,,
284,,130999,0.00023299534223042428,1.0258541107177734,,
284,,131049,0.0002723926736507565,0.9797277450561523,,
284,,131099,0.0002193118998548016,0.987027645111084,,
284,0.61869877576828,131099,,,0.4630756974220276,0.37305277585983276
285,,131149,0.000339524878654629,1.0239523649215698,,
285,,131199,0.0004223595606163144,0.973544716835022,,
285,,131249,0.0001339836890110746,0.9938852190971375,,
285,,131299,0.00017996085807681084,0.981202244758606,,
285,,131349,0.0004445248341653496,0.9942697286605835,,
285,,131399,0.00017750113329384476,0.9970039129257202,,
285,,131449,0.00027083547320216894,0.9845706224441528,,
285,,131499,0.0006563905044458807,0.9980610609054565,,
285,,131549,0.00022266599989961833,1.016202688217163,,
285,0.620193362236023,131559,,,0.568636953830719,0.4954172372817993
286,,131599,0.0008665975765325129,0.9987255930900574,,
286,,131649,0.00021131891116965562,1.0162110328674316,,
286,,131699,0.00020366100943647325,0.986624538898468,,
286,,131749,0.0001650682679610327,1.00908362865448,,
286,,131799,0.00023247566423378885,1.012976884841919,,
286,,131849,0.00015054769755806774,0.9909745454788208,,
286,,131899,0.0003475174307823181,1.017268419265747,,
286,,131949,0.00014646968338638544,0.9948129057884216,,
286,,131999,0.0001298854040214792,1.0042387247085571,,
286,0.622367262840271,132019,,,0.5964264869689941,0.43608638644218445
287,,132049,0.00013393411063589156,0.9868193864822388,,
287,,132099,0.00014422090316656977,1.0042659044265747,,
287,,132149,7.585143612232059e-05,1.0047324895858765,,
287,,132199,0.00035767199005931616,1.001924753189087,,
287,,132249,8.59211795614101e-05,0.993049681186676,,
287,,132299,0.00014835080946795642,1.011837363243103,,
287,,132349,0.00015860321582295,1.0081591606140137,,
287,,132399,0.000181169540155679,0.9845954775810242,,
287,,132449,9.000091813504696e-05,1.000167965888977,,
287,0.622509777545929,132479,,,0.6452786922454834,0.5234440565109253
288,,132499,0.0001624517171876505,0.9795516729354858,,
288,,132549,0.00010759544966276735,1.010554552078247,,
288,,132599,0.00010096043115481734,0.9941500425338745,,
288,,132649,9.008359484141693e-05,1.011789321899414,,
288,,132699,0.0001033571024890989,0.9962058067321777,,
288,,132749,0.00020271299581509084,0.9680365324020386,,
288,,132799,0.00014880670642014593,1.0069844722747803,,
288,,132849,0.0001258552074432373,1.0104947090148926,,
288,,132899,0.00016167246212717146,0.9948228597640991,,
288,0.6205875873565674,132939,,,0.7602195143699646,0.532118558883667
289,,132949,4.4987806177232414e-05,0.9957255721092224,,
289,,132999,0.00010040799679700285,1.0176622867584229,,
289,,133049,8.340261410921812e-05,0.9982300996780396,,
289,,133099,0.00017710695101413876,1.0105018615722656,,
289,,133149,0.00014174811076372862,1.0125939846038818,,
289,,133199,7.762939640088007e-05,0.9962108135223389,,
289,,133249,0.0001449977426091209,1.018481731414795,,
289,,133299,0.00010094139724969864,1.0192359685897827,,
289,,133349,3.0313913157442585e-05,0.994941234588623,,
289,,133399,0.00010627598385326564,0.9961168169975281,,
289,0.6235900521278381,133399,,,0.6893894076347351,0.5333316922187805
290,,133449,0.00021324653062038124,0.986748456954956,,
290,,133499,9.690895967651159e-05,0.9943578243255615,,
290,,133549,0.0001063455201801844,0.9864035248756409,,
290,,133599,5.732446879846975e-05,0.9918156862258911,,
290,,133649,0.00010804176417877898,0.9959344863891602,,
290,,133699,2.3614005840499885e-05,0.9933382272720337,,
290,,133749,0.00033284773235209286,1.0284205675125122,,
290,,133799,0.0001355877611786127,1.0084214210510254,,
290,,133849,5.6143366236938164e-05,1.002267837524414,,
290,0.6238617897033691,133859,,,0.7162350416183472,0.5238566398620605
291,,133899,7.672089850530028e-05,0.9939572811126709,,
291,,133949,0.00010189475869992748,0.9968429803848267,,
291,,133999,0.00012423832959029824,0.9970989227294922,,
291,,134049,0.00013157974171917886,1.0009918212890625,,
291,,134099,8.985120803117752e-05,0.9886036515235901,,
291,,134149,6.355924415402114e-05,1.0057607889175415,,
291,,134199,8.431144669884816e-05,0.9958950281143188,,
291,,134249,0.00033420362160541117,1.0285160541534424,,
291,,134299,6.539872265420854e-05,0.9879925847053528,,
291,0.625084638595581,134319,,,0.6787480115890503,0.5346229076385498
292,,134349,0.00012978704762645066,1.0052483081817627,,
292,,134399,4.4955544581171125e-05,0.9996438026428223,,
292,,134449,0.00035426998510956764,0.9732416868209839,,
292,,134499,5.30024990439415e-05,1.0082650184631348,,
292,,134549,0.00014186720363795757,1.0027296543121338,,
292,,134599,0.00014546341844834387,0.9874111413955688,,
292,,134649,5.483722634380683e-05,0.9999198913574219,,
292,,134699,0.00010338702122680843,0.9919899106025696,,
292,,134749,4.339121369412169e-05,1.0114092826843262,,
292,0.62481290102005,134779,,,0.6608076691627502,0.5453248023986816
293,,134799,2.4341836251551285e-05,0.9953393936157227,,
293,,134849,0.0001568682782817632,1.0010548830032349,,
293,,134899,7.772674143780023e-05,1.0058777332305908,,
293,,134949,4.061801155330613e-05,0.998131513595581,,
293,,134999,6.841999129392207e-05,1.004206895828247,,
293,,135049,8.696934673935175e-05,0.9979254007339478,,
293,,135099,5.080411210656166e-05,0.9994821548461914,,
293,,135149,0.00011638175783446059,1.003212571144104,,
293,,135199,7.082120282575488e-05,0.9970121383666992,,
293,0.6274077892303467,135239,,,0.6688028573989868,0.5190492272377014
294,,135249,6.836591637693346e-05,0.9834216833114624,,
294,,135299,5.917696398682892e-05,0.9917646050453186,,
294,,135349,5.439810047391802e-05,0.9942277669906616,,
294,,135399,3.223431849619374e-05,0.9979785084724426,,
294,,135449,9.733240585774183e-05,0.9870618581771851,,
294,,135499,6.715520430589095e-05,1.0021566152572632,,
294,,135549,4.4231121137272567e-05,1.0099000930786133,,
294,,135599,5.523517029359937e-05,1.0081493854522705,,
294,,135649,0.0001723277964629233,0.9788808226585388,,
294,,135699,2.3626471374882385e-05,1.0097318887710571,,
294,0.622910737991333,135699,,,0.6537031531333923,0.47639212012290955
295,,135749,0.00011368875129846856,1.0027600526809692,,
295,,135799,2.2073869331507012e-05,1.0011439323425293,,
295,,135849,7.609231397509575e-05,0.9905822277069092,,
295,,135899,9.00362356333062e-05,0.9960886240005493,,
295,,135949,4.053313750773668e-05,0.9974634051322937,,
295,,135999,7.720580470049754e-05,0.9947481155395508,,
295,,136049,3.891349842888303e-05,1.0075349807739258,,
295,,136099,4.402537160785869e-05,1.0041687488555908,,
295,,136149,5.293147842166945e-05,0.998685359954834,,
295,0.6244186758995056,136159,,,0.6227098703384399,0.4622833728790283
296,,136199,6.64066246827133e-05,0.9902262687683105,,
296,,136249,0.00021146143262740225,1.0198149681091309,,
296,,136299,2.4748620489845052e-05,1.002781629562378,,
296,,136349,9.912200039252639e-05,0.9981650710105896,,
296,,136399,8.335606980836019e-05,1.000584363937378,,
296,,136449,0.00012046042684232816,1.0004771947860718,,
296,,136499,3.017534254468046e-05,1.0009870529174805,,
296,,136549,3.060456219827756e-05,0.9972236156463623,,
296,,136599,0.00011344616359565407,0.999000072479248,,
296,0.6219729781150818,136619,,,0.6005226373672485,0.5022751092910767
297,,136649,3.5789042158285156e-05,1.003684401512146,,
297,,136699,3.4222292015329e-05,0.9953922033309937,,
297,,136749,8.762090146774426e-05,0.9999107122421265,,
297,,136799,6.500889867311344e-05,1.0119993686676025,,
297,,136849,9.160838817479089e-05,1.010223150253296,,
297,,136899,7.396515866275877e-05,1.0087316036224365,,
297,,136949,0.00014897326764184982,0.9992014765739441,,
297,,136999,6.81696692481637e-05,1.0084388256072998,,
297,,137049,7.601096876896918e-05,0.9989092946052551,,
297,0.6147719025611877,137079,,,0.6076363325119019,0.5856528878211975
298,,137099,0.00013000928447581828,0.9965482950210571,,
298,,137149,5.2108571253484115e-05,1.00186026096344,,
298,,137199,5.1777657063212246e-05,1.0060217380523682,,
298,,137249,3.565646329661831e-05,1.004392385482788,,
298,,137299,5.4980388085823506e-05,1.0042861700057983,,
298,,137349,0.00014807903789915144,1.0131466388702393,,
298,,137399,0.0002377676428295672,1.0028082132339478,,
298,,137449,5.888931264053099e-05,0.9895602464675903,,
298,,137499,6.176131864776835e-05,1.0088242292404175,,
298,0.6187054514884949,137539,,,0.5753651261329651,0.5884192585945129
299,,137549,7.586272113258019e-05,1.0001137256622314,,
299,,137599,2.692639645829331e-05,1.0019742250442505,,
299,,137649,0.0002332024450879544,1.0053596496582031,,
299,,137699,4.565547715174034e-05,1.0098748207092285,,
299,,137749,5.0975704652955756e-05,1.0015902519226074,,
299,,137799,9.747532749315724e-05,1.013359785079956,,
299,,137849,0.00016325662727467716,0.9737914800643921,,
299,,137899,3.8490088627440855e-05,1.0039697885513306,,
299,,137949,6.021484296070412e-05,1.003075122833252,,
299,,137999,0.0001093458995455876,1.003291130065918,,
299,0.6161372661590576,137999,,,0.5709678530693054,0.5659416913986206
0,,499,0.2854945659637451,0.5827937126159668,,
0,,549,0.31918007135391235,0.6066958904266357,,
0,,599,0.27550119161605835,0.5681760907173157,,
0,,649,0.28981098532676697,0.6890907287597656,,
0,,699,0.27892303466796875,0.6910500526428223,,
0,,749,0.1444111317396164,0.7463216781616211,,
0,,799,0.16093552112579346,0.73564612865448,,
0,,849,0.2405003160238266,0.6451621651649475,,
0,,899,0.2453790158033371,0.8519834280014038,,
0,0.5645001530647278,918,,,0.11386482417583466,0.8081664443016052
1,,949,0.19116440415382385,0.7584620714187622,,
1,,999,0.352522611618042,0.6213316917419434,,
1,,1049,0.1715506762266159,0.6137713193893433,,
1,,1099,0.2909032702445984,0.7750059366226196,,
